SKU,Prioridad,Producto,EAN,MARCA,DESCRIPCION,Formato,FOTO
758,BAJA,ABIB Mascarilla Labial PDRN Collagen Lip Mask Glazed 11 g,8809562559924,ABIB,"Mascarilla labial con enfoque hidratante y efecto gloss, formulada con PDRN y collagen complex para ayudar a mejorar la apariencia de labios secos, aportar suavidad y un acabado voluminoso y luminoso. Ideal para rutina nocturna o para uso diario como lip mask reparadora. Palabras clave: lip mask, mascarilla labial, hidratación, volumen, glow, PDRN, colágeno. abib",,https://www.skinko.com.ar/cdn/shop/files/PDRNCOLLAGENLIPMASKGLAZEDJELLY_1_ca75a3c0-592c-4f06-a331-755ef9249aff.jpg?v=1779221723&width=1000
310,BAJA,ABIB Contorno de Ojos Jericho Rose Nutrición y Confort para la Zona de Ojos,8809292443210,ABIB,"Esta crema para el contorno de ojos, antiage, fortalece y rejuvenece la zona, mostrando cambios notables en solo dos semanas. Con 10.005 ppm de Colágeno vegetal y Retinol vegetal, Bakuchiol y Péptidos, mejora la elasticidad y reduce arrugas.
Contiene 5% Niacinamida para iluminar ojeras, mientras que la Rosa de Jericó, Trehalosa, Ácido Hialurónico, Ceramida, Asiaticoside y Bifida Ferment Lysate hidratan, alivian y refuerzan la barrera cutánea, dejando una sensación cremosa y ligera, ideal para el uso diario.

Dermatológicamente probada e hipoalergénica, apta para todo tipo de piel, incluso las más sensibles.

Formulada con la resiliente Rosa de Jericó y colágeno vegano, nutre en profundidad, fortalece la barrera de la piel y combate la pérdida de firmeza y las líneas de expresión sin causar pesadez.",310,https://www.skinko.com.ar/cdn/shop/files/OLLAGENEYECREMEJERICHOROSETUBE30ml_1_3d5d3997-d6a9-455d-9031-3852ecf9ad33.jpg?v=1779221546&width=1000
316,BAJA,ABIB Parches para Ojos Jericho Rose Hidratación y Frescura para Ojeras 90 g,8809864768123,ABIB,"Parches para ojos tipo jelly de la línea Jericho Rose, diseñados para brindar hidratación, sensación refrescante y ayuda visible sobre la zona de ojeras y fatiga. Su formato 90 g / 60 patches los hace prácticos para una rutina de cuidado intensivo del contorno. Palabras clave: eye patch, parches para ojos, ojeras, hidratación, Jericho Rose, jelly patch. abib",316,https://drive.google.com/file/d/1-LyfKmPX0uzLc5yxO7fCUHgcNDD--sZ3/view
369,BAJA,ABIB Sérum Antimanchas Glutathione Dark Spot Luminosidad y Tono Uniforme 50 ml,8809562558514,ABIB,"Este serum corrector de manchas ofrece resultados visibles en solo 3 días gracias a su potente combinación de 5% de Glutatión vehiculizado en exosomas, 5% de Niacinamida (Vitamina B3) y 5% de Vitamina C, atenuando manchas oscuras, puntos negros, marcas del acne, tono desigual e hiperpigmentación, para una piel más radiante.

Su fórmula hipoalergenica, libre de fragancias, ligera y de rápida absorción, hidrata profundamente y repara la barrera cutánea, dejando la piel jugosa y suave.

Todo tipo de piel -&nbsp;Normal, mixta, grasa, seca. Su textura ligera y no grasa se absorbe rápido.",369,https://www.skinko.com.ar/cdn/shop/files/GLUTATHIOSOMEDARKSPOTSERUMVITADROP50ml_1_2317d3de-6d87-4596-9fc7-43cca70cef86.jpg?v=1779221668&width=1000
636,BAJA,ABIB Sérum Calmante Heartleaf Capsule Confort e Hidratación Profunda 50 ml,8809562559214,ABIB,"Sérum calmante de la línea Heartleaf, con acción enfocada en confort e hidratación profunda. Abib describe su Heartleaf Skin Booster como un cuidado calmante intensivo que se absorbe rápido y entrega hidratación profunda, ideal para piel sensible, deshidratada o con necesidad de equilibrio. Palabras clave: serum calmante, Heartleaf, centella no, hidratación, piel sensible, skin booster. abib",636,https://dcdn-us.mitiendanube.com/stores/006/694/294/products/d_nq_np_959636-mla83013815289_032025-f-b819f97709de2b9c6617835578285327-1024-1024.webp
23056,BAJA,ABIB Mascarilla Facial Jelly Heartleaf Collagen Calma Frescura e Hidratación,8809864752313,ABIB,"Abib Collagen Gel Mask Heartleaf Jelly (35 g) es una mascarilla facial coreana de hidrogel formulada para calmar rojeces, mejorar la elasticidad y purificar los poros en un solo paso. Combina colágeno vegano fermentado (10.005 ppm) con extracto de Heartleaf (Houttuynia Cordata), arcilla caolín, niacinamida y centella asiática, logrando un balance perfecto entre alivio dérmico, hidratación profunda y efecto reafirmante. 

Ideal para quienes buscan mascarillas de hidrogel coreanas, sheet masks calmantes para piel sensible, cuidado de poros y textura, tratamiento antiage y K-Beauty original. Su estructura tipo jelly dividida en dos secciones se amolda con precisión a la anatomía facial, disminuyendo la temperatura de la piel con un agradable efecto refrescante mientras transfiere gradualmente los principios activos para un acabado suave, elástico y luminoso sin sensación grasa.  

¿Qué es?

Es una mascarilla facial de hidrogel de textura gelificada (jelly) diseñada para hidratar en profundidad, calmar pieles reactivas o irritadas, afinar la textura de los poros y devolver la firmeza y elasticidad cutánea. 

Paso en la rutina Paso: Mascarilla facial / Tratamiento intensivo.  

Momento de uso: Día o noche.  Orden de aplicación:Limpieza facial (o doble limpieza).  

Tónico facial para equilibrar la piel.  
Aplicar la Collagen Gel Mask (primero la parte inferior y luego la superior) y dejar actuar entre 20 y 30 minutos.
Retirar la mascarilla y realizar suaves toques con la yema de los dedos hasta la completa absorción de la esencia restante.
Sellar con crema hidratante habitual (y protector solar si se utiliza de día). 

Frecuencia recomendada: 1 a 3 veces por semana o como rescate cuando la piel necesite calma e hidratación.

Beneficios principales Calma rápidamente la irritación, el enrojecimiento y la sensibilidad dérmica. 
Estimula la firmeza y elasticidad cutánea gracias al colágeno vegano concentrado.
Ayuda a controlar el exceso de sebo y minimiza la apariencia de poros dilatados.
Aporta hidratación refrescante prolongada sin aportar pesadez ni residuos grasos.
Brinda un efecto refrescante (cooling) inmediato que reconforta la piel estresada.
Contribuye a emparejar el tono y mejorar la luminosidad natural.

¿Por qué la vas a amar?
Formato de hidrogel en dos piezas que se adapta perfectamente al rostro sin resbalarse ni gotear.Fórmula enriquecida con colágeno vegano certificado por V-Label.
Combina acción calmante y antiarrugas en una sola sesión de cuidado.Apta para todo tipo de piel, en especial pieles sensibles, mixtas o con tendencia a brotes.  
Deja la piel lista, tersa y luminosa antes de un evento o la aplicación de maquillaje.  

Ingredientes destacados

Colágeno Vegano Fermentado (10.005 ppm): Obtenido de levaduras fermentadas, penetra eficazmente para mejorar la firmeza y reducir la apariencia de líneas finas.
Extracto de Heartleaf (Houttuynia Cordata 1%): Activo botánico emblemático coreano que calma rojeces, reduce inflamaciones y regula el exceso de oleosidad.
Arcilla Caolín: Purifica suavemente las impurezas acumuladas en los poros y afina la textura dérmica.Niacinamida: Ilumina el cutis, refuerza la barrera de protección y atenúa manchitas.  Centella Asiática, Calamina y Pantenol: Complejo sinérgico que alivia la irritación, repara y reconforta la piel sensible.",23056,https://www.skinko.com.ar/cdn/shop/files/8809864752320_1_8cde3cd6-6359-4dd6-a5a5-ae841c5bfbf9.jpg?v=1779221579&width=4096
23070,BAJA,ABIB Mascarilla Facial Jericho Rose Collagen Nutrición y Efecto Revitalizante,8809864762299,ABIB,"Mascarilla facial de la línea Jericho Rose, orientada a mejorar la apariencia de piel cansada o apagada, aportando nutrición y efecto revitalizante. Abib presenta Jericho Rose como una línea que devuelve vitalidad y ayuda a una apariencia más fresca y firme. Palabras clave: face mask, Jericho Rose, revitalizante, firmeza, glow, skincare coreano. abib+2",23070,https://www.skinko.com.ar/cdn/shop/files/8809864762305_1_6d7d4c3b-5036-4466-bee9-45767f266ed2.jpg?v=1779221617&width=4096
23055,BAJA,ABIB Mascarilla Facial Iluminadora Glow Glutathione Colágeno Luminosidad y Firmeza,8800280691903,ABIB,"Mascarilla facial iluminadora con glutathione y complejo de colágeno, creada para ayudar a mejorar la luminosidad, el aspecto uniforme y la sensación de firmeza. Es una buena opción para rutinas de glow skin y cuidado de piel opaca. Palabras clave: glow mask, mascarilla iluminadora, glutathione, colágeno, luminosidad, tono uniforme. abib",23055,"https://drive.google.com/file/d/1oTE6_TXPehuEOjzRZ4BATCv9Kisd1gpX/view
https://drive.google.com/file/d/1BFiyN5kk4kbvYbN_-5DgMQwW5iLb89gj/view
https://drive.google.com/file/d/1ZM3FAzPDgPl8d_kZzmbA0j5eGebdOqLt/view"
6137,BAJA,ABIB Parches de Contorno de Ojos PDRN Retinol Jelly Hidratación y Revitalización,8800280692283,ABIB,"¡El tratamiento definitivo de Abib para rejuvenecer e iluminar tu mirada!

Los Abib PDRN Retinal Eye Patch Glow Jelly son parches de hidrogel de alta adherencia diseñados específicamente para transformar y revivir la delicada zona del contorno de ojos. Esta avanzada fórmula coreana combina el poder regenerador del PDRN con la máxima eficacia antiedad del Retinal, logrando un efecto aclarante, reafirmante y suavizante desde las primeras aplicaciones.

Su textura tipo Glow Jelly se funde cómodamente sobre la piel, permitiendo que los activos cosméticos penetren profundamente para reducir bolsas, aclarar ojeras oscuras y rellenar las líneas de expresión (patas de gallo) aportando un aspecto visiblemente más descansado.",6137,https://qf7962per0zy30wx-75646009562.shopifypreview.com/cdn/shop/files/PDRNRETINALEYEPATCHGLOWJELLY_1_1.jpg?v=1781096795&width=4096
16808,BAJA,ABIB Kit de Viaje Heartleaf,8800280690005,ABIB,"Kit de viaje de la línea Heartleaf, ideal para llevar una rutina facial compacta, práctica y enfocada en calma e hidratación. La línea Heartleaf de Abib se caracteriza por cuidado intensivo y uso cómodo, por lo que este formato es útil para viaje, oficina o gym. Palabras clave: travel kit, kit skincare, Heartleaf, rutina facial, hidratación, piel sensible. abib

El set incluye:
- Heartleaf Foam Cleanser (30 ml)
- Heartleaf Calming Toner (30 ml)
- Heartleaf TECA Capsule Serum (15 ml)
- Heartleaf Crème (20 ml)

El set incluye:
- Heartleaf Foam Cleanser (30 ml)
- Heartleaf Calming Toner (30 ml)
- Heartleaf TECA Capsule Serum (15 ml)
- Heartleaf Crème (20 ml)",16808,https://http2.mlstatic.com/D_NQ_NP_2X_944127-MLA108880109331_032026-F.webp
175,BAJA,ABIB Protector Solar en Barra Airy Sunstick SPF50+ PA++++ Acabado Suave 23 g,8809864760615,ABIB,"Protector solar en barra con SPF50+ PA++++, de textura ligera y acabado suave, diseñado para aplicar sin manos y sin dejar sensación pesada. Abib indica que protege frente a rayos UVA y UVB y deja un acabado liso, ideal para retoques durante el día. Palabras clave: sunstick, protector solar en barra, SPF50+, PA++++, UVA UVB, acabado mate suave. abib+1",175,https://www.skinko.com.ar/cdn/shop/files/AIRYSUNSTICKSMOOTHINGBAR23g_1_a52dc3eb-50ad-426f-a9cd-9f94bb0b871f.jpg?v=1779221491&width=4096
20041,BAJA,BEK Set Puffy Who para el Contorno de Ojos,,BEK,,20041,
8630,ALTA,ANUA Crema Facial Reafirmante Collagen Retinol Gua Sha Firmeza y Elasticidad 80 ml,8800307379326,ANUA,"Crema facial de Anua formulado con retinol/retinal y colágeno. retinol/retinal: estimula la renovación celular anti-edad; colágeno: aporta firmeza y elasticidad. Marca coreana centrada en heartleaf (Houttuynia cordata), PDRN y niacinamida; reconocida mundialmente por sus tónicos y sérums calmantes para piel sensible y con imperfecciones.",,https://www.skinko.com.ar/cdn/shop/files/2003067-01.jpg?v=1787057350&width=4096
16998,ALTA,Rutina Anua Peach Iluminadora Antimanchas Facial Piel Sensible,1111111111111,ANUA,"La línea Peach de Anua está formulada con altos porcentajes de extracto de durazno (70-77%) y niacinamida, enfocándose en iluminar, hidratar y mejorar la textura de la piel. Esta rutina completa, ideal para pieles apagadas, deshidratadas o con manchas, brinda un tratamiento progresivo para unificar el tono, fortalecer la barrera cutánea y devolverle a la piel un aspecto saludable y radiante.

DESCRIPCIÓN

Hasta 77% de extracto de durazno y niacinamida para una piel visiblemente más luminosa y pareja
Texturas ligeras y agradables, desde el serum fresco hasta la crema rica, se absorben fácilmente sin dejar sensación pesada
Acción despigmentante y antioxidante, ideal para pieles con manchas, opacidad o signos tempranos de envejecimiento
Hidratación en capas, la sinergia entre serum, emulsión y crema asegura una hidratación profunda y duradera
MODO DE USO

Se recomienda aplicar el Anua Peach 70 Niacin Serum sobre la piel limpia y seca, distribuyendo de forma uniforme. Continuar con el Anua Peach 77 Niacin Conditioning Milk, masajeando suavemente hasta su absorción. Finalizar con la Anua Peach 77 Niacin Enriched Cream para sellar la hidratación y potenciar el efecto iluminador.

PRESENTACIONES

1 Anua Peach 70 Niacin Serum Facial Unificador Tono x 30ml
1 Anua Peach 77% Niacin Conditioning Milk Hidratación x 150ml
1 Anua Peach 77% Niacin Enriched Crema Facial Nutrición x 50ml",,https://cdn.farmacialeloir.com.ar/img/articulos/2025/05/imagen1_rutina_anua_peach_iluminadora_facial_piel_sensible_imagen1.jpg
16947,ALTA,ANUA COONY/LIMPIEZA/        AM,1111111111111,ANUA,"Limpiador facial de Anua. Marca coreana centrada en heartleaf (Houttuynia cordata), PDRN y niacinamida; reconocida mundialmente por sus tónicos y sérums calmantes para piel sensible y con imperfecciones.",,No encontrado en carpetas de ANUA
1716,ALTA,ANUA Crema Hidratante 3 Ceramide Panthenol Moisture Barrier Piel Sensible y Seca 100 ml,8809640737251,ANUA,"Una crema hidratante facial diseñada para calmar la piel sensible y ayudar a mantener la barrera de hidratación. Su fórmula suave retiene la humedad para reducir el enrojecimiento causado por la sequedad y deja la piel con un aspecto fresco.

Beneficios clave
· Formulado con ceramidas y pantenol para ayudar a mantener la barrera de humedad de la piel y calmar la irritación causada por la sequedad
· Con extracto de Centella para suavizar la piel

TIPO DE PIEL
Seca, sensible, normal, barrera dañada

¿En qué paso de la rutina se usa?

Aceite de limpieza
Limpiador en espuma
Tónico
Serum
CREMA HIDRATANTE
Protector solar
 
Ingredientes principales

·  Ceramidas: Son lípidos esenciales que refuerzan la barrera cutánea, ayudando a proteger la piel frente a agresores externos como la contaminación y el clima. Además, desempeñan un papel clave en la retención de la humedad, previniendo la deshidratación y manteniendo la piel suave, flexible y saludable.

Textura: Crema con sensación sedosa

Tips/Curiosidades:
+Calma la piel irritada después de solo 1 uso.
+Hidratación duradera de 48 horas.",100ml,https://acdn-us.mitiendanube.com/stores/324/065/products/16-3d7156f6d7b5b4d21817446438765715-1024-1024.webp
1717,ALTA,ANUA Limpiador Facial en Espuma 8 Hyaluronic Acid Hydrating Todo Tipo de Piel 150 ml,8809640735561,ANUA,"Este limpiador espumoso está formulado para ofrecer una limpieza profunda mientras hidrata la piel, eliminando impurezas sin resecarla.

Beneficios clave

·Limpieza suave

·Hidratación

·Equilibra la producción de sebo

TIPO DE PIEL

Todo tipo, incluso seca y sensible

¿En qué paso de la rutina se usa?

Aceite de limpieza
LIMPIADOR EN ESPUMA
Tónico
Serum
Crema hidratante
Protector solar
Ingredientes principales

·8 tipos de ácido hialurónico: Cada tipo, según su peso molecular, penetra distintas capas de la epidermis, proporcionando una hidratación profunda y duradera que alcanza hasta las capas más internas de la piel.

Textura: Espuma ligera

 Tips/Curiosidades
+ Limpia el exceso de sebo y protector solar en un 89,07 % después de un solo uso


Contenido Neto: 150ml

 Precauciones

Solo para uso externo. Evite utilizarlo en la zona ocular. Mantener fuera del alcance de los niños. Ante cualquier síntoma adverso discontinuar su uso y consultar con un médico.

Ingredientes: Water, Glycerin, Sodium Cocoyl Glycinate, Lauryl Hydroxysultaine, Coco-Glucoside, Sodium Lauroyl Glutamate, Quillaja Saponaria Bark Extract, Hydrolyzed Vegetable Protein, Hydroxypropyltrimonium Hyaluronate(10,001ppb), Sodium Hyaluronate(10ppb), Hydrolyzed Hyaluronic Acid(0.1ppb), Sodium Acetylated Hyaluronate(0.1ppb), Hyaluronic Acid(0.025ppb), Hydrolyzed Sodium Hyaluronate(0.01ppb), Sodium Hyaluronate Crosspolymer(0.01ppb), Potassium Hyaluronate(0.002ppb), Panthenol, Zinc PCA, Decyl Glucoside, Hectorite, Pentylene Glycol, Caprylyl Glycol, Hydroxypropyl Starch Phosphate, 1,2-Hexanediol, Betaine, Polyquaternium-67, Acrylates/C10-30 Alkyl Acrylate Crosspolymer, Citric Acid, Sodium Chloride, Sodium Phytate, Sodium Cocoyl Isethionate, Maltodextrin.",150ml,https://acdn-us.mitiendanube.com/stores/324/065/products/40-cd534259093b221e8d17446439387554-640-0.webp
1721,ALTA,ANUA Sérum Hidratante PDRN Hyaluronic Acid Capsule 100 Hidratación Profunda 30 ml,8809640736667,ANUA,"Sérum/esencia de Anua formulado con ácido hialurónico. ácido hialurónico: aporta hidratación profunda. Marca coreana centrada en heartleaf (Houttuynia cordata), PDRN y niacinamida; reconocida mundialmente por sus tónicos y sérums calmantes para piel sensible y con imperfecciones.",30ml,https://drive.google.com/file/d/1OQSzz0QZgRVDNxBDVrCDSB0tH33JFQW1/view?usp=drivesdk
1732,ALTA,ANUA Tónico Exfoliante BHA 2% Gentle Piel Mixta y con Acné 150 ml,8809640734519,ANUA,"Un tónico exfoliante suave formulado con 2% de BHA, diseñado para exfoliar las células muertas de la piel, ayudar a desobstruir los poros y mejorar la claridad y el equilibrio de la piel.

Contiene 6 tipos de ceramidas que protegen y reparan la barrera cutánea. Además, está enriquecido con extracto de té verde, que aporta propiedades antimicrobianas, controla el sebo y reduce la inflamación y el enrojecimiento, brindando un efecto calmante.

Beneficios clave

·Exfoliación suave que mejora la claridad y el equilibrio de la piel

·Poros limpios

·Textura refinada

TIPO DE PIEL

Mixta a grasa, acnéica, con poros

¿En qué paso de la rutina se usa?

Aceite de limpieza
Limpiador en espuma
TÓNICO
Serum
Crema hidratante
Protector solar

Ingredientes principales:

·Ácido Salicílico 2%: Penetra en los poros para desobstruirlos y eliminar células muertas. Su acción seborreguladora combate eficazmente los puntos negros, comedones y brotes de acné, gracias a sus poderosas propiedades antiinflamatorias y antibacterianas.

Textura: Tonico facial acuoso

Tips/Curiosidades

+ Mejora notable en la claridad y el equilibrio de la piel en 2 semanas

Contenido Neto: 150ml

Precauciones: Solo para uso externo. Evite utilizarlo en la zona ocular. Mantener fuera del alcance de los niños. Ante cualquier síntoma adverso discontinuar su uso y consultar con un médico.

INCI: Water, Dipropylene Glycol, 1,2-Hexanediol, Salicylic Acid, C12-14 Pareth-12, Octyldodeceth-16, Melaleuca Alternifolia (Tea Tree) Extract, Pentylene Glycol, Salix Alba (Willow) Leaf Extract, Oenothera Biennis (Evening Primrose) Flower Extract, Ulmus Davidiana Root Extract, Pinus Palustris Leaf Extract, Pueraria Lobata Root Extract, Centella Asiatica Extract, Ficus Carica (Fig) Fruit Extract, Hydrogenated Lecithin, Sodium Hyaluronate, Sodium Citrate, Citric Acid, Xanthan Gum, Disodium EDTA, Panthenol, Tocopherol, Ceramide NP, Butylene Glycol, Zinc Sulfate, Triethylhexanoin, Cholesterol, Hydrogenated Polydecene, Glyceryl Stearate, Cetearyl Alcohol, Potassium C11- 15 Alkyl Phosphate, Ceramide NG, Dimethicone, Ceramide AS, Ceramide AP, Ceramide NS, Dimethylsilanol Hyaluronate, Hydrolyzed Sodium Hyaluronate, Hydrolyzed Hyaluronic Acid, Potassium Hyaluronate, Hyaluronic Acid, Sodium Hyaluronate Crosspolymer, Hydroxypropyltrimonium Hyaluronate, Sodium Hyaluronate Dimethylsilanol, Sodium Acetylated Hyaluronate, Glycine, Glutamic Acid, Glutamine, Lysine, Leucine, Methionine, Valine, Serine, Cysteine, Citrulline, Asparagine, Aspartic Acid, Isoleucine, Alanine, Arginine, Ornithine, Taurine, Tyrosine, Threonine, Tryptophan, Phenylalanine, Proline, Histidine, Ceramide EOP, Phytosphingosine, Ethylhexylglycerin.",150ml,https://acdn-us.mitiendanube.com/stores/324/065/products/skinfree-2-e86c99ff9e4d9e9d5117708999687721-1024-1024.webp
17067,ALTA,ANUA Loción Facial Diaria Heartleaf 70 Calma e Hidratación Ligera,1111111111111,ANUA,"Loción ligera con 70% de extracto de Heartleaf (Houttuynia Cordata) que calma, hidrata y refuerza la barrera cutánea para un uso diario.

Beneficios clave:
-Calma rojeces e irritaciones.
-Proporciona hidratación fresca y duradera.
-Refuerza la barrera cutánea.
-Se absorbe rápido sin dejar sensación grasa.

TIPO DE PIEL: Ideal para piel sensible, grasa o mixta.

Paso en la rutina: Se aplica después del tónico y sérum, antes de la crema o protector solar.

Ingredientes principales:
-70% extracto de Heartleaf: calma y desinflama.
-Pantenol: refuerza la barrera de la piel.
-Ácido hialurónico: hidrata en profundidad.

Modo de uso: Aplicar una cantidad adecuada en rostro y cuello, masajeando suavemente hasta su absorción.
Textura / acabado: Loción ligera, acuosa, de rápida absorción con acabado fresco y no pegajoso.
Tip extra: Guardala en la heladera para potenciar el efecto calmante en piel irritada o después de la exposición al sol.",,https://acdn-us.mitiendanube.com/stores/324/065/products/daily-lotion-21408dbf033a0bae0217623572394876-1024-1024.webp
17726,ALTA,ANUA Loción Facial Diaria Heartleaf 70 Calma e Hidratación Ligera 200 ml,8809640732799,ANUA,"Loción ligera con 70% de extracto de Heartleaf (Houttuynia Cordata) que calma, hidrata y refuerza la barrera cutánea para un uso diario.

Beneficios clave:

-Calma rojeces e irritaciones.
-Proporciona hidratación fresca y duradera.
-Refuerza la barrera cutánea.
-Se absorbe rápido sin dejar sensación grasa.

TIPO DE PIEL: Ideal para piel sensible, grasa o mixta.

Paso en la rutina: Se aplica después del tónico y sérum, antes de la crema o protector solar.

Ingredientes principales:
-70% extracto de Heartleaf: calma y desinflama.
-Pantenol: refuerza la barrera de la piel.
-Ácido hialurónico: hidrata en profundidad.

Modo de uso: Aplicar una cantidad adecuada en rostro y cuello, masajeando suavemente hasta su absorción.

Textura / acabado: Loción ligera, acuosa, de rápida absorción con acabado fresco y no pegajoso.

Tip extra:
Guardala en la heladera para potenciar el efecto calmante en piel irritada o después de la exposición al sol.",200ml,https://acdn-us.mitiendanube.com/stores/324/065/products/daily-lotion-21408dbf033a0bae0217623572394876-640-0.webp
1743,ALTA,ANUA Aceite Limpiador Heartleaf Pore Control Doble Limpieza Todo Tipo de Piel 200 ml,8809640732829,ANUA,"Aceite limpiador está diseñado para eliminar eficazmente el maquillaje, el sebo y la suciedad, proporcionando una limpieza profunda y control de poros. Ideal para la técnica de doble limpieza, limpia en profundidad sin irritar

Beneficios clave
·Limpia profundamente sin resecar
·Elimina restos resistentes, como protector solar
·Cuida los poros

TIPO DE PIEL

Todo tipo (ideal doble limpieza), especialmente Sensible, mixta y grasa

¿En qué paso de la rutina se usa?

ACEITE DE LIMPIEZA
Limpiador en espuma
Tónico
Serum
Crema hidratante
Protector solar

Ingredientes principales
·Extracto de Heartleaf (Houttunya Cordata): Es un extracto de la planta que posee propiedades antiinflamatorias, antibacterianas, reguladoras de sebo y calmantes. Ideales para incorporar en la rutina de limpieza donde se ve comprometida la integridad de la barrera cutánea.

Textura
Aceite ligero

Contenido Neto: 200ml

Precauciones
Solo para uso externo. Evite utilizarlo en la zona ocular. Mantener fuera del alcance de los niños. Ante cualquier síntoma adverso discontinuar su uso y consultar con un médico.

Ingredientes

Ethylhexyl Palmitate, Sorbeth-30 Tetraoleate, SorbitanSesquioleate, Caprylic/Capric Triglyceride, Butyl Avocadate, Fragrance, Helianthus Annuus (Sunflower) Seed Oil, Macadamia Ternifolia Seed Oil, Olea Europaea (Olive) Fruit Oil, Simmondsia Chinensis (Jojoba) Seed Oil, Vitis Vinifera(Grape) Seed Oil, Caprylyl Glycol, Ethylhexylglycerin, Curcuma Longa (Turmeric) Root Extract, Melia Azadirachta Flower Extract, Tocopherol, Melia Azadirachta Leaf Extract,Houttuynia Cordata Extract (10,000ppb), Corallina Officinalis Extract, Melia Azadirachta Bark Extract, Moringa Oleifera Seed Oil, Ocimum Sanctum Leaf Extract.",200ml,https://acdn-us.mitiendanube.com/stores/324/065/products/anua-heartleaf-1b2116926e8f20ba4717558029744240-640-0.webp
1734,ALTA,ANUA Ampolla Calmante Heartleaf 80% Moisture Piel Sensible Mixta y con Acné 30 ml,8809640730283,ANUA,"Esta ampolla calmante, formulada con un 80% de extracto de Heartleaf, está diseñada para hidratar profundamente y proporcionar una tez saludable y radiante. Con ingredientes clave como Bifida Ferment Lysate, un probiótico que fortalece y repara la barrera cutánea, y Hialuronato de Sodio, que aporta hidratacion intensa en las capas superiores de la piel; ayuda a aliviar la piel irritada, mientras mejora la luminosidad y el aspecto general de la piel.

Beneficios clave
·Calma y alivia la piel irritada

·Hidratación intensiva

TIPO DE PIEL
Todo tipo de piel. Ideal Mixta, Sensible, Propensa al acné

¿En qué paso de la rutina se usa?

Aceite de limpieza
Limpiador en espuma
Tónico
AMPOLLA
Serum
Crema hidratante
Protector solar

Ingredientes principales
·Extracto de Heartleaf (Houttunya Cordata): Es un extracto de la planta que posee propiedades antiinflamatorias, antibacterianas, reguladoras de sebo y calmantes. Ideales para incorporar en la rutina de limpieza donde se ve comprometida la integridad de la barrera cutánea.

Textura: Ampolla facial ligera

Tips/Curiosidades

Enrojecimiento reducido en un 4,89% en 2 semanas (Enrojecimiento debido a sequedad, no asociado a ninguna enfermedad)

Contenido Neto: 30ml

Precauciones
Solo para uso externo. Evite utilizarlo en la zona ocular. Mantener fuera del alcance de los niños. Ante cualquier síntoma adverso discontinuar su uso y consultar con un médico.

INCI: Houttuynia Cordata Flower/Leaf/Stem Water(80%), Butylene Glycol, Glycerin, 1,2-Hexanediol, Sodium Hyaluronate, BifidaFerment Lysate, Theobroma Cacao (Cocoa) Extract, Phellinus Linteus Extract, Water, Betaine, Panthenol,Hydroxyethylcellulose,Ethylhexylglycerin, Tromethamine, Dextrin, Beta-Glucan,Tocopherol, Carbomer.",30ml,https://acdn-us.mitiendanube.com/stores/324/065/products/31-efc570943e49f7a04f17446436417980-1024-1024.webp
1735,ALTA,ANUA HEARTLEAF 70% INTENSE CALMING CREAM 50 ml Crema Calmante Piel Sensible y Seca 50 ml,8809640730696,ANUA,"Esta crema calmante, formulada con un 70% de extracto de Heartleaf, ceramidas y panthenol, está diseñada para fortalecer y mantener la barrera de humedad de la piel. Ayuda a calmar la piel sensible o irritada, proporcionando hidratación sin sensación pesada, mientras reduce el enrojecimiento.

Beneficios clave

·Reducción de rojeces

·Nutrición de la barrera

·Calmante profundo

TIPO DE PIEL

Sensible, seca, rosácea, acnéica leve

¿En qué paso de la rutina se usa?

Aceite de limpieza
Limpiador en espuma
Tónico
Serum
CREMA HIDRATANTE
Protector solar
? Ingredientes principales

·Extracto de Heartleaf (Houttunya Cordata): Es un extracto de la planta que posee propiedades antiinflamatorias, antibacterianas, reguladoras de sebo y calmantes. Ideales para incorporar en la rutina de limpieza donde se ve comprometida la integridad de la barrera cutánea. 

Textura

Crema no grasa

Contenido Neto: 50ml

Precauciones

Solo para uso externo. Evite utilizarlo en la zona ocular. Mantener fuera del alcance de los niños. Ante cualquier síntoma adverso discontinuar su uso y consultar con un médico.

Ingredientes

Houttuynia Cordata Flower/Leaf/Stem Water, Cetearyl Alcohol, Glycerin, 1,2-Hexanediol, Caprylic/Capric Triglyceride, Hydrogenated Poly(C6-14 Olefin), Hydrogenated Polydecene, Dicaprylyl Ether, Vinyl Dimethicone,Cetearyl Olivate, Vegetable Oil, Glyceryl Stearate SE, Panthenol, Hydrogenated Lecithin, Dipropylene Glycol,Behenyl Alcohol, Sorbitan Olivate, Ammonium Acryloyldimethyltaurate/VP Copolymer, Cetearyl Glucoside,Ethylhexylglycerin, Cholesterol, Xanthan Gum, Adenosine, Ceramide NP, Tocopherol.",50ml,https://acdn-us.mitiendanube.com/stores/324/065/products/28-46a9093ff8095e95cc17446436636122-640-0.webp
1747,ALTA,ANUA HEARTLEAF QUERCETINOL PORE DEEP CLEANSING FOAM 150 ml | Limpiador en Espuma para Pieles Grasas y Mixtas,8809640734427,ANUA,"Una espuma limpiadora formulada con extracto de hoja de corazón, diseñada para proporcionar una limpieza profunda de los poros y exfoliar suavemente las células muertas de la piel.

Beneficios clave

· Limpieza profunda de poros
·Control de sebo
·Exfoliación suave (0.5% BHA)
·Acción calmante

TIPO DE PIEL:

Mixta a grasa; apta en piel acnéica (sensible o no)

 ¿En qué paso de la rutina se usa?

Aceite de limpieza
LIMPIADOR EN ESPUMA
Tónico
Serum
Crema hidratante
Protector solar
Ingredientes principales

·Extracto de Heartleaf (Houttunya Cordata): Es un extracto de la planta que posee propiedades antiinflamatorias, antibacterianas, reguladoras de sebo y calmantes. Ideales para incorporar en la rutina de limpieza donde se ve comprometida la integridad de la barrera cutánea.

·Quercetinol: Es un flavonoide natural presente en alimentos y plantas como el té verde y manzanas. Este compuesto bioactivo destaca por sus potentes propiedades antioxidantes y antiinflamatorias, ayudando a proteger la piel del estrés oxidativo, calmar irritaciones y fortalecer la barrera cutánea.

Textura:

Espuma ligera

Tips/Curiosidades:

En piel con rosácea puede producir purging leve seguido de calma

Contiene 0.5 % BHA + heartleaf calmante. Puede purgar al inicio.

Contenido Neto: 150ml

Ingredientes
Houttuynia Cordata Flower/Leaf/Stem Water(33%), Glycerin, Sodium Cocoyl Glycinate, Water, Sodium Lauroyl Glutamate, Disodium Cocoamphodiacetate, Coco-Glucoside, Decyl Glucoside, Hectorite, Sodium Chloride, 1,2-Hexanediol, Betaine Salicylate, Potassium Benzoate, Houttuynia Cordata Powder(3,000ppm), Polyquaternium-67, Acrylates/C10-30 Alkyl Acrylate Crosspolymer,Butylene Glycol, Gardenia Florida Fruit Extract, Dextrin, Disodium EDTA, Eucalyptus Globulus Leaf Oil, Ethylhexylglycerin, Sodium Acetate, Isopropyl Alcohol, Pinus Palustris Leaf Extract, Ulmus Davidiana Root Extract, Oenothera Biennis (Evening Primrose) Flower Extract, Pueraria Lobata Root Extract, Pentylene Glycol*, Capryloyl Salicylic Acid, Tocopherol, Hydrolyzed Hyaluronic Acid, Hyaluronic Acid, Hydrolyzed Sodium Hyaluronate, Sodium Hyaluronate, Potassium Hyaluronate, Hydroxypropyltrimonium Hyaluronate, Sodium Hyaluronate Crosspolymer, Sodium Acetylated Hyaluronate, Quercetin(1ppb)* QUERCETINOLTM*.",150ml,https://acdn-us.mitiendanube.com/stores/324/065/products/4-12fdbcc52e47bb096017446438023858-640-0.webp
1738,ALTA,ANUA Gel Exfoliante Hidratante Heartleaf LHA Moisture Piel Mixta 120 ml,8809640733666,ANUA,"Un gel exfoliante ligero y acuoso que elimina suavemente las células muertas de la piel.

Su exfoliante físico, altamente gentil, proporciona una experiencia suave y agradable durante la aplicación, dejando la piel fresca, renovada y con un aspecto más luminoso.

Beneficios clave

·Limpia las células muertas de la piel y el sebo

·Exfoliación leve

TIPO DE PIEL

Mixta / grasa / acnéica

¿En qué paso de la rutina se usa?

Aceite de limpieza
Limpiador en espuma
EXFOLIACIÓN
Tónico
Serum
Crema hidratante
Protector solar
Modo de uso

·Después de lavar tu rostro, tomar una cantidad adecuada y aplicarlo sobre la piel seca, extendiéndolo de manera uniforme por todo el rostro, evitando el área de los ojos. Masajear suavemente y enjuagar bien.
·Usar una vez por semana.

Ingredientes principales

·Extracto de Heartleaf (Houttunya Cordata): Es un extracto de la planta que posee propiedades antiinflamatorias, antibacterianas, reguladoras de sebo y calmantes. Ideales para incorporar en la rutina de limpieza donde se ve comprometida la integridad de la barrera cutánea.

·LHA (Ácido Capriloil Salicílico): Un exfoliante suave y menos agresivo que otros ácidos. Regula la producción de sebo y mejora la textura de la piel. Ofrece una exfoliación más delicada, siendo una opción perfecta para quienes buscan una limpieza suave pero efectiva sin irritar la piel.

Textura Gel

Tips/Curiosidades:

+El color puede desvanecerse con el tiempo debido al color natural de la materia prima, no a colorantes artificiales.

Contenido Neto: 120ml
Precauciones

Solo para uso externo. Evite utilizarlo en la zona ocular. Mantener fuera del alcance de los niños. Ante cualquier síntoma adverso discontinuar su uso y consultar con un médico.

Ingredientes

Water, Dipropylene Glycol, Cellulose, 1,2-Hexanediol, Houttuynia Cordata Flower/Leaf/Stem Water, Acrylates/C10-30Alkyl Acrylate Crosspolymer, Tromethamine, Allantoin, Carthamus Tinctorius (Safflower) Flower Extract, Propanediol, Dextrin, Gardenia Florida Fruit Extract, Disodium EDTA, Theobroma Cacao (Cocoa) Extract, Glycerin, Aloe Ferox Leaf Extract, Bioflavonoids, Sodium Hyaluronate, Caprylyl Glycol, Capryloyl Salicylic Acid, Brassica Oleracea Italica (Broccoli) Extract, Ethylhexylglycerin.",120ml,https://acdn-us.mitiendanube.com/stores/324/065/products/37-0df9c3ad2578189efb17446439188402-640-0.webp
1741,ALTA,ANUA Tónico Facial Hidratante Heartleaf 77 Calma y Reduce el Enrojecimiento 150 ml,8809640733703,ANUA,"Descubrí el Heartleaf 77% Soothing Toner de ANUA, un tónico facial de culto formulado para aliviar la irritación, regular el balance agua-aceite y dejar la piel fresca, suave e hidratada desde el primer paso.  

¿Qué lo hace especial?
77% de Extracto de Heartleaf (Houttuynia Cordata): 
Máxima concentración de este botánico tradicional coreano, ampliamente reconocido por sus propiedades calmantes, antibacterianas y antiinflamatorias que reducen rojeces y descongestionan la piel sensible o propensa a brotes.  
Equilibrio y control del sebo: Regula el pH natural de la piel y normaliza la producción sebácea sin resecar ni alterar la barrera cutánea, ayudando a prevenir la obstrucción de los poros.  Hidratación ligera sin sensación pesada: Textura acuosa de absorción inmediata que penetra al instante, calmando la tirantez y preparando el rostro para absorber mejor los siguientes pasos de tu rutina.  
Fórmula limpia e hipoalergénica: Desarrollada con una calificación verde en ingredientes seguros, libre de fragancias o colorantes artificiales agresivos, ideal para pieles altamente reactivas.  

Instrucciones de uso 
Limpiar el rostro con tu limpiador habitual de base acuosa o doble limpieza.  
Verter una cantidad adecuada sobre la palma de las manos o sobre un disco de algodón.  
Aplicar suavemente sobre todo el rostro y cuello dando toquecitos ligeros para facilitar su absorción.  

(Tip calmante intensivo): 
Embeber varios pads de algodón con el tónico y dejarlos actuar sobre las zonas más irritadas durante 5 a 10 minutos como una mascarilla exprés.  Continuar con el sérum y la crema hidratante habitual.  

Apto para uso diario, tanto en la rutina de la mañana como de la noche.  
Calidad premium que tu piel merece
Presentación en frasco de 150 ml .
Apto para todo tipo de piel, especialmente pieles sensibles, reactivas, mixtas, grasas o con tendencia acneica.  Fórmula no comedogénica y dermatológicamente testeada para baja irritación.  
Desarrollado y elaborado en Corea del Sur bajo los más altos estándares de cosmética coreana limpia.  Aliviá, equilibrá y refrescá tu cutis con la suavidad del Heartleaf 77% Soothing Toner de ANUA. Sumalo a tu rutina diaria y disfrutá de una piel visiblemente más calma, uniforme y saludable.  ",,https://d2eebw31vcx88p.cloudfront.net/unishop/uploads-r/p/796a6ed4ac1ec3320564043eec23786a7d961972.jpg.webp
7769,ALTA,ANUA Tónico Facial Calmante Heartleaf 77 + Hyaluron Piel Sensible 250 ml,8809640730092,ANUA,"Tónico facial de Anua formulado con heartleaf (Houttuynia cordata). heartleaf (Houttuynia cordata): calma la piel y reduce el enrojecimiento. Marca coreana centrada en heartleaf (Houttuynia cordata), PDRN y niacinamida; reconocida mundialmente por sus tónicos y sérums calmantes para piel sensible y con imperfecciones.",250ml,https://acdn-us.mitiendanube.com/stores/324/065/products/ss_heartleaf_toner250_-343d926f3b11417ab117551794016820-1024-1024.webp
1125,ALTA,ANUA Crema Hidratante PDRN Hyaluronic Acid 100 Hidratación Profunda 60 ml,8809640738135,ANUA,"Crema hidratante intensiva con PDRN (derivado del ADN del salmón) y Ácido Hialurónico de alta pureza, diseñada para reparar y fortalecer la piel mientras mantiene un nivel óptimo de humedad.

Beneficios clave

·Hidratación profunda y duradera gracias a su complejo de Ácido Hialurónico.

·Favorece la regeneración celular con PDRN, mejorando textura y elasticidad.

·Refuerza la barrera cutánea, reduciendo la pérdida de agua.

·Textura ligera que no deja sensación grasa.

TIPO DE PIEL
pieles deshidratadas, con tirantez o que necesitan reparación y firmeza.

¿En qué paso de la rutina se usa?

Aceite de limpieza
Limpiador en espuma
Tónico
Serum
CREMA HIDRATANTE
Protector solar
Ingredientes principales

·Hyaluronic Acid y derivados (Hydrolyzed Hyaluronic Acid, Sodium Hyaluronate, etc.): ofrecen hidratación profunda y duradera.

·Sodium DNA (PDRN): promueve regeneración, firmeza y reparación de la piel.

·Niacinamide: ilumina y refuerza la barrera cutánea.

+Utiliza PDRN derivado del ADN de salmón con tecnología cápsula para efecto “glass skin”; ideal para hidratación profunda.

Modo de Uso

1. Aplicar la cantidad necesaria sobre el rostro. Ideal para rutina AM y PM, utilizar como ultimo paso de la rutina

Textura: Crema ligera

Contenido Neto: 60ml

Precauciones: Sólo para uso externo. Evite utilizarlo en la zona ocular. Si entra en contacto con los ojos, enjuague con abundante agua. Mantener fuera del alcance de los niños. Guardar alejado de la luz solar directa. Ante cualquier síntoma adverso discontinuar su uso y consultar con un médico.

Ingredientes: Water, Squalane, Glycerin, Niacinamide, Pentylene Glycol, 1,2-Hexanediol, Sodium DNA, Hydrolyzed Collagen, Sodium Hyaluronate, Melia Azadirachta Leaf Extract, Hydrolyzed Hyaluronic Acid, Melia Azadirachta Flower Extract, Coccinia Indica Fruit Extract, Hyaluronic Acid, Aloe Barbadensis Flower Extract, Solanum Melongena (Eggplant) Fruit Extract, Ocimum Sanctum Leaf Extract, Corallina Officinalis Extract, Curcuma Longa (Turmeric) Root Extract, Centella Asiatica Leaf Extract, Diphenylsiloxy Phenyl Trimethicone, PCA Dimethicone, Butylene Glycol, Propanediol, Ammonium Acryloyldimethyltaurate/VP Copolymer, Diglycerin, Hydroxyethyl Acrylate/Sodium Acryloyldimethyl Taurate Copolymer, Acrylates/C10-30 Alkyl Acrylate Crosspolymer, C12-20 Alkyl Glucoside, Methylpropanediol, Ethylhexylglycerin, Adenosine, Sodium Phytate, Aminomethyl Propanediol, PVM/MA Copolymer, Madecassoside, C12-13 Alk eth-9, Dimethylsilanol Hyaluronate, Hydrolyzed Sodium Hyaluronate, Asiaticoside, Potassium Hyaluronate, Hydroxypropyltrimonium Hyaluronate, Sodium Hyaluronate Crosspolymer, Sodium Hyaluronate Dimethylsilanol, Sodium Acetylated Hyaluronate, Behenyl Alcohol, C14-22 AlcohoIs, Carbomer",60ml,https://acdn-us.mitiendanube.com/stores/324/065/products/1-1-9d1f4c3e45364b6df917564930201170-640-0.webp
4746,ALTA,ANUA Mascarilla Facial Hidratante 8 Hyaluronic Acid Catechin Cool Slim 24 ml,8800307377636,ANUA,"Mascarilla facial de Anua formulado con ácido hialurónico. ácido hialurónico: aporta hidratación profunda. Marca coreana centrada en heartleaf (Houttuynia cordata), PDRN y niacinamida; reconocida mundialmente por sus tónicos y sérums calmantes para piel sensible y con imperfecciones.",24ml,"https://drive.google.com/file/d/1JQHupj1I2rnVML6Rl8q_nv8fmCfYfqf0/view
https://drive.google.com/file/d/1MowsJR10aRZtmU9lWjNbF7JlLRo1lSO5/view
https://drive.google.com/file/d/1Jk43j4RLL2qubCoUynQh8kNYsDScgfiK/view
https://drive.google.com/file/d/1G95RY6Yq_VrYXWZ7sLJs02FgeK29JbU9/view
https://drive.google.com/file/d/1qDLRcgLLJrfgDyxAzX3Rj00hb8IxJ1g-/view
https://drive.google.com/file/d/1xmg1qYb7GcSYEPMFqK8VBGzSGyie38wX/view"
8629,ALTA,ANUA Mascarilla de Hidrogel Ceramide Barrier Collagen Refuerzo de la Barrera Cutánea,8800307377353,ANUA,"ANUA Máscara de Hydrogel Ceramide Barrier Collagen Mask 34g
Descubrí el poder de la cosmética coreana con la nueva ANUA Máscara de Hydrogel Ceramide Barrier Collagen Mask, especialmente diseñada para revitalizar y fortalecer la barrera de tu piel en tan solo 15-20 minutos. Su fórmula avanzada combina Ceramida NP, Colágeno Vegano y un exclusivo complejo de 5 tipos de Ácido Hialurónico, asegurando una hidratación profunda y una elasticidad visible desde la primera aplicación.

Beneficios Principales
Reparación de barrera y elasticidad: La sinergia entre ceramidas y colágeno refuerza la estructura cutánea, restaurando la flexibilidad y la firmeza, ideal para pieles sensibles, secas o con la barrera comprometida.
Hidratación multinivel: Gracias a su complejo de ácido hialurónico, la piel retiene agua en todas sus capas, logrando un efecto de hidratación inmediata y duradera.
Alivio instantáneo: Calma la irritación y la tirantez, devolviendo confort y frescura incluso a las pieles más estresadas.
Adherencia perfecta: El tejido premium de hydrogel se ajusta a cada contorno, maximizando la absorción de la esencia sin evaporación.

¿Por qué elegir ANUA?
Resultados visibles e inmediatos: Notarás la piel más luminosa, tersa y fortalecida tras cada uso.
Apta para todo tipo de piel: Especialmente recomendada en casos de sensibilidad, sequedad o daño en la barrera cutánea.
Fórmula vegana, cruelty free y dermatológicamente testeada: Compromiso con tu piel y el medio ambiente.

Modo de uso
Realizá una limpieza facial adecuada.
Aplicá la máscara sobre el rostro seco, ajustándola suavemente.
Dejá actuar entre 15 y 20 minutos.
Retirá y masajeá el excedente de esencia hasta su total absorción. No requiere enjuague.
Usá 2-3 veces por semana para resultados óptimos.",,https://acdn-us.mitiendanube.com/stores/324/065/products/anua-us-golden-honmoon-barrier-collagen-mask-4ea-1218701103-0d6f3b60ee6cb9479317782602287936-640-0.webp
4759,ALTA,ANUA Set Doble Limpieza con Aceite 200 ml y Espuma 150 ml,8800307376349,ANUA,"Set/kit de Anua que combina varios productos de la marca para una rutina completa. Marca coreana centrada en heartleaf (Houttuynia cordata), PDRN y niacinamida; reconocida mundialmente por sus tónicos y sérums calmantes para piel sensible y con imperfecciones.","30ml,60ml,23ml","https://drive.google.com/file/d/1KEd_Y6Omg5Ym_G_c3H92T07IR6k8JMwa/view
https://drive.google.com/file/d/1WMEO3us7IzFJBIJ_oA3f7VrGQYpIEShO/view
https://drive.google.com/file/d/1ftdMRREcD33hNQqths19Cub2APud0hvK/view
https://drive.google.com/file/d/1lMXZG71NS_sTx9hL2DqGj680rYuns4xl/view
https://drive.google.com/file/d/1tLedpCMcyxfEWM77iGi7OeHEhmnBgSqX/view
https://drive.google.com/file/d/14vaPUEX8jScNTBvr6JXS2i48FOOIvBTH/view"
4760,ALTA,ANUA Set Discovery PDRN con Sérum 30 ml Crema 60 ml y 3 Mascarillas,8800307376387,ANUA,"Set/kit de Anua que combina varios productos de la marca para una rutina completa. Marca coreana centrada en heartleaf (Houttuynia cordata), PDRN y niacinamida; reconocida mundialmente por sus tónicos y sérums calmantes para piel sensible y con imperfecciones.","200ml,150ml","https://drive.google.com/file/d/1fXL-6omriWBnbzKnKZAOjtXW2WNZiDAa/view
https://drive.google.com/file/d/1kZOESjjtzZb9OhdUampk-hUajj12SJRv/view
https://drive.google.com/file/d/10uvwGKBtY7xBtrv75C5bCczDMCsFVtig/view
https://drive.google.com/file/d/1ouDRyE0T2bc93HKPdOKZI1M_bnBWx2Ph/view
https://drive.google.com/file/d/1DTReM3dsEt04DfA0bNSdzt43KZUfDR_R/view
https://drive.google.com/file/d/1IWvtIY-GfjCyDYcVSBtEAgTP2HwASI3V/view"
4745,ALTA,ANUA Mascarilla Facial Calmante Heartleaf 77 Soothing Anti Rojeces 25 ml,8800307377698,ANUA,"Mascarilla facial de Anua formulado con heartleaf (Houttuynia cordata). heartleaf (Houttuynia cordata): calma la piel y reduce el enrojecimiento. Marca coreana centrada en heartleaf (Houttuynia cordata), PDRN y niacinamida; reconocida mundialmente por sus tónicos y sérums calmantes para piel sensible y con imperfecciones.",25ml,"https://drive.google.com/file/d/1b0VSGKfkr4ltY0CeMyggDC14wSz0yK8T/view
https://drive.google.com/file/d/1jV1E-DjRDqSOiYDdLVZ24t5mWuS1Ewm0/view
https://drive.google.com/file/d/1JgY-v01An1r4w4_Ron1Y40qARBwmLFTz/view
https://drive.google.com/file/d/1OcRogIiWsu1ZzDKNsnYeQJGSPToZ_Ivn/view
https://drive.google.com/file/d/1m3kjz8bPLBq6zaF9FQPlLpCYy5fBcMR2/view
https://drive.google.com/file/d/13xS5dsvVbvQUL6zwPe_xw8O0fcvhJ9DH/view"
8653,ALTA,ANUA PDRN Sérum Hidratante y Antiage Hyaluronic Acid Capsule 100 Serum 50ml +GAT KEYRING,8800307378886,ANUA,"Descubrí una hidratación avanzada y combate los signos del envejecimiento con el ANUA PDRN Hyaluronic Acid Capsule 100 Serum. Especialmente formulado para pieles deshidratadas, opacas o maduras, este sérum coreano lleva tu rutina de cuidado facial a un nuevo nivel.

✨ Beneficios Clave
Regeneración y Firmeza: El PDRN, un potente activo biotecnológico, estimula la síntesis de colágeno y la renovación celular, mejorando visiblemente la elasticidad y firmeza de la piel.
Hidratación Multicapa: Gracias a sus 11 tipos de ácido hialurónico microencapsulado, hidrata desde la superficie hasta las capas más profundas, sin recargar ni dejar sensación pegajosa.
Efecto Plumping e Iluminador: Rellena líneas finas y aporta un acabado luminoso, fresco y saludable.
Recuperación de la Barrera Cutánea: Refuerza la barrera cutánea y calma la deshidratación severa, devolviendo vitalidad y suavidad.
🧪 Ingredientes Destacados
PDRN: Activo regenerador que favorece la reparación tisular y la elasticidad de la piel.
Complejo de 11 Ácidos Hialurónicos: Diferentes pesos moleculares para captar y retener la humedad en todas las capas cutáneas.
¿Cómo se usa?
Aplicá unas gotas sobre el rostro limpio y seco, preferentemente luego del tónico.
Masajeá suavemente hasta su completa absorción.
Continuá con tu crema hidratante habitual.
Uso diario. Apto para todo tipo de piel, incluso sensibles.

Calidad y Seguridad
Dermatológicamente testeado.
Apto vegano y libre de crueldad animal.
Sin fragancias artificiales ni parabenos.
Producto importado, calidad premium coreana.
Incluye:
1 Sérum ANUA PDRN Hyaluronic Acid Capsule 100 Serum 50ml
1 Gat Keyring de regalo exclusivo
Sumá a tu rutina este sérum único y experimentá una piel más hidratada, firme y luminosa desde la primera aplicación.",,https://acdn-us.mitiendanube.com/stores/324/065/products/2003065-01-1-e65b2702d03c9c12c217870601307132-640-0.webp
4757,ALTA,ANUA Protector Solar en Barra Invisible Glow Finish Acabado Luminoso 18 g,8800307376516,ANUA,"Protector solar en stick de Anua. Marca coreana centrada en heartleaf (Houttuynia cordata), PDRN y niacinamida; reconocida mundialmente por sus tónicos y sérums calmantes para piel sensible y con imperfecciones.",18g,"https://drive.google.com/file/d/1_-R3uC7NObilIRe30Y-kyivJtv7T3FlC/view
https://drive.google.com/file/d/140QC9xpH6b-qMHL_FDND9NxUp3Y-TRRl/view
https://drive.google.com/file/d/1X1RKczP5rDbNOPhTRcw2UZvI5nbXLwwo/view
https://drive.google.com/file/d/1znpSjac1pdtPY6Rp46n2_TpviwfCq4uJ/view
https://drive.google.com/file/d/1I0f-0mR_LDcWYXtYfoOUt39TU980F_Mr/view
https://drive.google.com/file/d/1te3ra83BM1mTo5WpCUVGb0nnZKthX1E9/view"
8654,ALTA,ANUA Sérum Niacinamida 10% + TXA 3% Tono Uniforme y Menos Manchas 50 ml,8800307378909,ANUA,"Sérum/esencia de Anua formulado con niacinamida y ácido tranexámico. niacinamida: unifica el tono y controla el sebo; ácido tranexámico: reduce manchas y rojeces. Marca coreana centrada en heartleaf (Houttuynia cordata), PDRN y niacinamida; reconocida mundialmente por sus tónicos y sérums calmantes para piel sensible y con imperfecciones.

ANUA Niacinamide 10% + TXA 3% Serum Edición XL GAT – Tratamiento Antimanchas e Iluminador
Descubrí la versión XL del sérum más viral de la cosmética coreana: ANUA Niacinamide 10% + TXA 3% Serum en su exclusiva edición limitada de 50 ml, ideal para un tratamiento prolongado y efectivo contra la hiperpigmentación y el tono desigual. Incluye un llavero coleccionable de la colaboración GAT.

¿Qué lo hace especial?
Edición Especial XL (50 ml): Más cantidad de producto para una rutina antimanchas continua y duradera.
Regalo Exclusivo: Incluye un llavero especial GAT, ideal para coleccionistas.
Fórmula Multifuncional: Combina Niacinamida al 10% y Ácido Tranexámico al 3% para combatir manchas oscuras, melasma, paños y marcas post-acné.
Textura Ligera: Se absorbe rápidamente sin dejar sensación grasosa, apta para todo tipo de piel.
Beneficios Clave
Acción Antimanchas e Hiperpigmentación: Reduce eficazmente manchas marrones, rojas y melasma, unificando el tono.
Tono Uniforme y Luminosidad: Dejá tu piel más clara, radiante y con un glow natural.
Control de Poros: Ayuda a minimizar la apariencia de los poros para una piel más suave.

Modo de Uso
Aplicar 2-3 gotas sobre la piel limpia y seca, distribuyendo suavemente por rostro y cuello, evitando el área de los ojos.
Masajear hasta su absorción.
Continuar con tu hidratante habitual y protección solar por la mañana.
Usar diariamente, mañana y noche, para resultados visibles en pocas semanas.

Tips de Experto:
Recomendado para todo tipo de piel, incluso sensibles.
Ideal para rutinas de skincare enfocadas en la luminosidad y el tono uniforme.
Calidad y Seguridad
Dermatológicamente testeado.
No testeado en animales.
Apto vegano.
Made in Korea.
¡Lográ una piel más clara, uniforme y luminosa con la edición limitada XL de ANUA y llevate el llavero GAT exclusivo!",,https://acdn-us.mitiendanube.com/stores/324/065/products/2003066-01-1-458194a66cf92d084e17870606807516-640-0.webp
4754,ALTA,ANUA Mascarilla Facial Antimanchas Niacinamide TXA Serum Iluminadora 28 ml,8800307377612,ANUA,"Mascarilla facial de Anua formulado con niacinamida y ácido tranexámico. niacinamida: unifica el tono y controla el sebo; ácido tranexámico: reduce manchas y rojeces. Marca coreana centrada en heartleaf (Houttuynia cordata), PDRN y niacinamida; reconocida mundialmente por sus tónicos y sérums calmantes para piel sensible y con imperfecciones.",28ml,"https://drive.google.com/file/d/19zzm1cJUIzK_Ht9uX8roDzQDNYS431sF/view
https://drive.google.com/file/d/1FFxb4rEDfROOAAi9ZyJE_h6a4VlNASqz/view
https://drive.google.com/file/d/1rK7tZPkv0BKcWtE8sZPg1zZXFqwW3nY9/view
https://drive.google.com/file/d/1lGdwjwVO5zy-Becb0ac8hy4qFHpZaaFw/view
https://drive.google.com/file/d/1aL1uohSl-D1rXMQ3suP-xp4MCr9IqSRw/view
https://drive.google.com/file/d/1HC0i4Y_tTl6NXFl5mi0ha4OT-l8Gqkgj/view"
4749,ALTA,ANUA Mascarilla Facial PDRN Hyaluronic Acid Capsule 100 Serum 23 ml,8800307377605,ANUA,"Mascarilla facial de Anua formulado con PDRN (polinucleótidos) y ácido hialurónico. PDRN (polinucleótidos): estimula la regeneración y el efecto ""glass skin""; ácido hialurónico: aporta hidratación profunda. Marca coreana centrada en heartleaf (Houttuynia cordata), PDRN y niacinamida; reconocida mundialmente por sus tónicos y sérums calmantes para piel sensible y con imperfecciones.",23ml,"https://drive.google.com/file/d/1mtcJiMIUaOU5ON278AYeOq64SglLej75/view
https://drive.google.com/file/d/1NXPE0gU5Tb4Y3DPqSljd8hlZIAn5L0za/view
https://drive.google.com/file/d/19B1ew6siMBTrnZcc6r58TzF1nQzJ_UfX/view
https://drive.google.com/file/d/1J0qF7XlUD4gIBEU1rq6WHXE44qywvvyH/view
https://drive.google.com/file/d/15DFE4XhBt99uOtGsqRzG9tLP6IX2WPrj/view
https://drive.google.com/file/d/1lyoR3ehr8-f-witarhEM2SmgSA5MHsin/view"
4744,ALTA,ANUA Mascarilla Facial Iluminadora Peach 70 Niacin Extracto de Durazno 25 ml,8800307377674,ANUA,"Mascarilla facial de Anua. Marca coreana centrada en heartleaf (Houttuynia cordata), PDRN y niacinamida; reconocida mundialmente por sus tónicos y sérums calmantes para piel sensible y con imperfecciones.",25ml,"https://drive.google.com/file/d/14aLabX71646C55TKpNWudUNHeHkxA3ef/view
https://drive.google.com/file/d/148OrVzAWs9RRmbCqusj8Pxw0HWZSHTz1/view
https://drive.google.com/file/d/1KJxf0dTkECvjbrPYY1a8HTnDuzxBmSXl/view
https://drive.google.com/file/d/14YhsPeK4FmUbNAJx6tTDtYA41-lqiFJW/view
https://drive.google.com/file/d/1czWLw6ZLibYFkCtA4E0fRUNhiVqzZGJN/view
https://drive.google.com/file/d/1xpW87ZP2YXRA3o3fZdyKFvg1ehMAb0Ho/view"
4747,ALTA,ANUA Mascarilla Facial Renovadora Nocturna Retinol Niacin Night Care 24 ml,8800307377643,ANUA,"Mascarilla facial de Anua formulado con retinol/retinal. retinol/retinal: estimula la renovación celular anti-edad. Marca coreana centrada en heartleaf (Houttuynia cordata), PDRN y niacinamida; reconocida mundialmente por sus tónicos y sérums calmantes para piel sensible y con imperfecciones.",24ml,"https://drive.google.com/file/d/1IPYOWH78PVvvjj4QFQFpoVlcWqwIQD1o/view
https://drive.google.com/file/d/1s1ao8VB4egUmpDyE_-W-eZ-tlGgcJlye/view
https://drive.google.com/file/d/1xncPphTX1_KXPi1qu5UsG6Rxjn4xafR0/view
https://drive.google.com/file/d/1Z-p60RZolPXlwJ9BFlH-TPZt_ULO4Z4j/view
https://drive.google.com/file/d/1O5nYfgdldMjuhF9t6lPDNRKWNeaJP_Cw/view
https://drive.google.com/file/d/1nOrxKjJYuBLZhXHA26Pvje7P0PbFEmqt/view"
4748,ALTA,ANUA Mascarilla Facial Hidratante Rice 70 Intensive Extracto de Arroz 25 ml,8800307377681,ANUA,"Mascarilla facial de Anua formulado con extracto de arroz. extracto de arroz: aporta luminosidad e hidratación. Marca coreana centrada en heartleaf (Houttuynia cordata), PDRN y niacinamida; reconocida mundialmente por sus tónicos y sérums calmantes para piel sensible y con imperfecciones.",25ml,"https://drive.google.com/file/d/10wldpf5wY7WaCqWNfap7qs2g3ueNyhmV/view
https://drive.google.com/file/d/1DZw5pItouUg5hqfCE4LiLysUUOX4zg2c/view
https://drive.google.com/file/d/18A90swqthgOVNVASTl0GWBBKbJElPWn3/view
https://drive.google.com/file/d/1dAW7SxYoLXQKl7rGKBtPF3D7Zhz8VI_n/view
https://drive.google.com/file/d/1M-bVu4bgin5ysNEjE3dd_O75V-sy_hFF/view
https://drive.google.com/file/d/1bO9O_vGU_fPlx5iO2XZYgFf6TBp3F_1W/view"
4742,ALTA,ANUA Parches Ultra Finos para Granitos Ultra Thin Spot Cover 28 unidades,8800307376301,ANUA,"Parche/patch de tratamiento de Anua. Marca coreana centrada en heartleaf (Houttuynia cordata), PDRN y niacinamida; reconocida mundialmente por sus tónicos y sérums calmantes para piel sensible y con imperfecciones.",51g,"https://drive.google.com/file/d/1VA0qv4ERn91iZ8gS90EU7AwV_R1l1ipL/view
https://drive.google.com/file/d/19BfuYmchpok9sg4NciMo27NtO0DdxJiU/view
https://drive.google.com/file/d/1mU729-BRc_YfxkiuiYDo5MdtzB7POVSY/view
https://drive.google.com/file/d/1LgHMl6aVpnJYn0MqVx5PSLa-ysvAtkYA/view
https://drive.google.com/file/d/1ITCH2FnZWmFYsxbTRkju9PrCBMRlJn0s/view
https://drive.google.com/file/d/1GlTOxuArYwhUGlqTLZ7NwRNVkleCQlPU/view"
4743,ALTA,ANUA Parches Hidrocoloides para Imperfecciones Ultra Thin Spot Cover 55 unidades,8800307376035,ANUA,"Parche/patch de tratamiento de Anua. Marca coreana centrada en heartleaf (Houttuynia cordata), PDRN y niacinamida; reconocida mundialmente por sus tónicos y sérums calmantes para piel sensible y con imperfecciones.",27g,"https://drive.google.com/file/d/1KXsccdp-4dD3hkQRHGEHD1TzYJ23r1o0/view
https://drive.google.com/file/d/1Lw0i_uY1u3f_mdEc1RFlyXFeTdtJcCM3/view
https://drive.google.com/file/d/1aLCBgn4Ga2uZITWomfrlPrFI34YKvlwk/view
https://drive.google.com/file/d/1llY1fHEPxxRwRHaD5g8ZueDpJi7_bXt_/view
https://drive.google.com/file/d/1dbikvEcqcVErDG_QtvSPNnwXZueJ5IDo/view
https://drive.google.com/file/d/1g9OKM5vTXqHF6iLan2ehPoFW11ljtAnM/view"
8628,ALTA,ANUA Mascarilla de Hidrogel Iluminadora Vita Brightening Collagen 34 g,8800307377377,ANUA,"Mascarilla Facial Iluminadora y Revitalizante con Vitamina C y Colágeno

Descubrí el poder de la cosmética coreana con la Máscara de Hydrogel ANUA Vita Brightening Collagen Mask 34g, especialmente formulada para iluminar, revitalizar y rejuvenecer tu piel. Combinando la eficacia del colágeno con la potencia antioxidante de la vitamina C, esta mascarilla es ideal para quienes desean combatir los signos del envejecimiento y devolverle luminosidad al rostro.

Beneficios principales
Efecto iluminador inmediato: Gracias a la vitamina C, ayuda a unificar el tono, aportando una apariencia radiante y saludable.
Reafirmante y anti-age: El colágeno mejora la elasticidad y firmeza, reduciendo la apariencia de líneas finas y arrugas.
Hidratación profunda: Su tecnología de hydrogel asegura una absorción superior de los principios activos, dejando la piel suave y flexible.
Revitalización visible: Ideal para pieles apagadas o cansadas, revitaliza y mejora la textura cutánea desde la primera aplicación.
Apta para todo tipo de pieles, incluso sensibles.

¿Cómo se utiliza?
Limpia tu rostro y sécalo suavemente.
Retirá la mascarilla del envase y aplicala sobre el rostro, ajustando para evitar pliegues.
Dejá actuar durante 15 a 20 minutos para que los activos penetren profundamente.
Retirá con cuidado y masajear la esencia restante hasta su total absorción. No requiere enjuague.
Se recomienda usar de 2 a 3 veces por semana para mejores resultados.

Calidad Premium ANUA
Fórmula avanzada coreana con ingredientes seleccionados de alta pureza.
Hydrogel de última generación para máxima eficacia.
Dermatológicamente testeada y libre de crueldad animal.
Presentación individual de 34g, perfecta para una experiencia de spa en casa.

¿Por qué elegir ANUA Vita Brightening Collagen Mask?
Esta mascarilla es la aliada ideal para quienes buscan resultados visibles en poco tiempo. Su combinación exclusiva de vitamina C y colágeno ofrece una solución integral para iluminar, revitalizar y combatir los signos del envejecimiento, transformando la piel opaca en un rostro luminoso y renovado.

Hecho en Corea y aprobado para su uso en Argentina. No testeado en animales | Dermatológicamente testeado | Apta para veganos",,https://acdn-us.mitiendanube.com/stores/324/065/products/8800307377377_1-a21abae9d0421e3a6417781714065796-640-0.webp
4758,ALTA,ANUA Protector Solar Facial Hidratante Zero Cast Efecto Invisible 50 ml,8800307376493,ANUA,"Protector solar facial de Anua. Marca coreana centrada en heartleaf (Houttuynia cordata), PDRN y niacinamida; reconocida mundialmente por sus tónicos y sérums calmantes para piel sensible y con imperfecciones.",50ml,"https://drive.google.com/file/d/11TMQP32ZfKy_LMfdscODatwJgi4MEifO/view
https://drive.google.com/file/d/1UR7BXXBZFEWDDYEXnWPT9b475c31P2VL/view
https://drive.google.com/file/d/1hWWcdfOvDrAp4kSI-mc4oTE5B1GJQU7I/view
https://drive.google.com/file/d/1PuPMhi9BY8dyxFqU4e1UmUyoAa-5q-P2/view
https://drive.google.com/file/d/1P0ca_hNYeoNhWa1B8HGMm46F4fdjm0U2/view
https://drive.google.com/file/d/1g3mYJqYp0eF8YWXUFPDSqHBVidx4rDFF/view"
17074,ALTA,ANUA Set de Humectación 3 Unidades,1111111111111,ANUA,"Limpiador facial de Anua. Marca coreana centrada en heartleaf (Houttuynia cordata), PDRN y niacinamida; reconocida mundialmente por sus tónicos y sérums calmantes para piel sensible y con imperfecciones.",,No encontrado en carpetas de ANUA
16995,ALTA,ANUA PDRN 100 Hyaluronic Acid Booster Toner Set x3,1111111111111,ANUA,"Tónico líquido en la categoría de tónicos y preparadores faciales. Tratamiento potenciador de hidratación para la zona del rostro, formulado con PDRN (ADN de Salmón) y Ácido Hialurónico. Proporciona un beneficio visible de piel más rellena, suave y con un brillo natural (glow) de manera inmediata tras su uso. Ideal para todo tipo de piel, especialmente piel opaca, cansada o sensible.

Porque elegirlo

Potenciador de absorción: Su fórmula actúa abriendo las vías de hidratación de la piel, permitiendo que los productos que apliques después se absorban mucho mejor.

Hidratación sin pesadez: Ofrece un impulso de hidratación profunda con un acabado refrescante y no pegajoso, ideal para el uso diario.
Doble acción de textura: No solo hidrata, sino que incluye ingredientes exfoliantes suaves que refinan la piel rugosa sin causar irritación.
Base perfecta para el maquillaje: Al equilibrar los niveles de grasa y agua, crea una superficie lisa que mejora la adherencia y el acabado del maquillaje.

Porque lo amamos
Este tónico es uno de nuestros favoritos por su capacidad de revitalizar la piel estresada en tiempo récord. Los resultados de sus estudios clínicos en 51 participantes son contundentes:
El 100% de los usuarios coincidió en que la fórmula es lo suficientemente suave para el uso diario en pieles sensibles.
El 100% de los participantes notó una mejora inmediata en la suavidad y textura de la piel tras la primera aplicación.
El 100% afirmó que el producto ayudó a reequilibrar los niveles de aceite y humedad, eliminando la apariencia de piel cansada.

Testimonios de consumidores destacan que es el ""paso esencial"" para lograr un acabado dewy y saludable sin complicaciones.

Beneficios

Revitalización profunda: El PDRN trabaja para devolver la vitalidad a las pieles que lucen apagadas por el cansancio.
Efecto Plumping: El Ácido Hialurónico rellena la piel desde el interior, suavizando visualmente las líneas por deshidratación.
Exfoliación suave: Elimina células muertas y suaviza la textura de forma gentil, siendo apto incluso para pieles reactivas.
Equilibrio total: Controla el exceso de sebo mientras mantiene la humedad necesaria para una barrera cutánea fuerte.

Modo de uso
Después de la limpieza, aplica una cantidad adecuada sobre las palmas de las manos o en un pad de algodón.
Distribuye uniformemente sobre el rostro y cuello.

 Realiza suaves toques con la yema de los dedos para favorecer la absorción completa antes de aplicar tu serum o crema hidratante.

Cuidado y precauciones
Uso externo únicamente.
Evitar el contacto directo con los ojos; en caso de contacto, lavar con abundante agua.
Si presenta irritación o sarpullido persistente, suspenda su uso y consulte a un especialista.
Mantener en un lugar fresco y seco, alejado de la luz solar directa.

 Ingredientes estrella

PDRN (ADN de Salmón): Un ingrediente premium que estimula la actividad celular para reparar y revitalizar la piel desde adentro.

Ácido Hialurónico: Un potente imán de humedad que garantiza que la piel permanezca elástica y turgente durante todo el día.
Activos Exfoliantes Suaves: Ayudan a desprender las impurezas de la superficie cutánea, revelando una piel más clara y luminosa sin agredirla.",,https://acdn-us.mitiendanube.com/stores/324/065/products/8800307371672_3-ff418e6e16c6ed359017781700739373-1024-1024.webp
4739,ALTA,ANUA Tónico Hidratante PDRN 100 Hyaluronic Acid Booster Revitalizante 250 ml,8800307371672,ANUA,"Ampolla/booster concentrado de Anua formulado con PDRN (polinucleótidos) y ácido hialurónico. PDRN (polinucleótidos): estimula la regeneración y el efecto ""glass skin""; ácido hialurónico: aporta hidratación profunda. Marca coreana centrada en heartleaf (Houttuynia cordata), PDRN y niacinamida; reconocida mundialmente por sus tónicos y sérums calmantes para piel sensible y con imperfecciones.

Tónico líquido en la categoría de tónicos y preparadores faciales. Tratamiento potenciador de hidratación para la zona del rostro, formulado con PDRN (ADN de Salmón) y Ácido Hialurónico. Proporciona un beneficio visible de piel más rellena, suave y con un brillo natural (glow) de manera inmediata tras su uso. Ideal para todo tipo de piel, especialmente piel opaca, cansada o sensible.

Porque elegirlo

Potenciador de absorción: Su fórmula actúa abriendo las vías de hidratación de la piel, permitiendo que los productos que apliques después se absorban mucho mejor.

Hidratación sin pesadez: Ofrece un impulso de hidratación profunda con un acabado refrescante y no pegajoso, ideal para el uso diario.

Doble acción de textura: No solo hidrata, sino que incluye ingredientes exfoliantes suaves que refinan la piel rugosa sin causar irritación.

Base perfecta para el maquillaje: Al equilibrar los niveles de grasa y agua, crea una superficie lisa que mejora la adherencia y el acabado del maquillaje.

Porque lo amamos

Este tónico es uno de nuestros favoritos por su capacidad de revitalizar la piel estresada en tiempo récord. Los resultados de sus estudios clínicos en 51 participantes son contundentes:

El 100% de los usuarios coincidió en que la fórmula es lo suficientemente suave para el uso diario en pieles sensibles.

El 100% de los participantes notó una mejora inmediata en la suavidad y textura de la piel tras la primera aplicación.

El 100% afirmó que el producto ayudó a reequilibrar los niveles de aceite y humedad, eliminando la apariencia de piel cansada.

Testimonios de consumidores destacan que es el ""paso esencial"" para lograr un acabado dewy y saludable sin complicaciones.

Beneficios

Revitalización profunda: El PDRN trabaja para devolver la vitalidad a las pieles que lucen apagadas por el cansancio.

Efecto Plumping: El Ácido Hialurónico rellena la piel desde el interior, suavizando visualmente las líneas por deshidratación.

Exfoliación suave: Elimina células muertas y suaviza la textura de forma gentil, siendo apto incluso para pieles reactivas.

Equilibrio total: Controla el exceso de sebo mientras mantiene la humedad necesaria para una barrera cutánea fuerte.

Modo de uso

Después de la limpieza, aplica una cantidad adecuada sobre las palmas de las manos o en un pad de algodón.

Distribuye uniformemente sobre el rostro y cuello.

Realiza suaves toques con la yema de los dedos para favorecer la absorción completa antes de aplicar tu serum o crema hidratante.

Cuidado y precauciones

Uso externo únicamente.
Evitar el contacto directo con los ojos; en caso de contacto, lavar con abundante agua.
Si presenta irritación o sarpullido persistente, suspenda su uso y consulte a un especialista.

Mantener en un lugar fresco y seco, alejado de la luz solar directa.

Ingredientes estrella

PDRN (ADN de Salmón): Un ingrediente premium que estimula la actividad celular para reparar y revitalizar la piel desde adentro.

Ácido Hialurónico: Un potente imán de humedad que garantiza que la piel permanezca elástica y turgente durante todo el día.

Activos Exfoliantes Suaves: Ayudan a desprender las impurezas de la superficie cutánea, revelando una piel más clara y luminosa sin agredirla.


Tipo de piel: Todo tipo de piel (especialmente sensible, seca o madura).

Función cosmética: Tónico hidratante, preparador y revitalizante.
Textura (vehículo): Líquida refrescante de rápida absorción (no pegajosa).
Efecto en el cuidado de la piel: Rostro equilibrado, textura suavizada y un resplandor saludable inmediato.",250ml,https://acdn-us.mitiendanube.com/stores/324/065/products/8800307371672_1-1-9a3e40d937d190272d17781700684564-640-0.webp
4738,ALTA,ANUA Parches para el Cuello PDRN Collagen Melting Firmeza 4 unidades,8800307373386,ANUA,"Descubrí los PDRN Collagen Melting Neck Patch de ANUA, un innovador tratamiento focalizado con tecnología de película de colágeno soluble que se funde directamente sobre la piel para brindar una absorción profunda de nutrientes y un efecto tensor visible.

¿Qué lo hace especial?

Tecnología Melting Film (Colágeno Soluble): Su avanzada estructura de nanofibras de colágeno hidrolizado se disuelve y absorbe al contacto con la humedad de la piel o de una bruma/sérum, transfiriendo los activos de forma directa y sin dejar residuos gruesos.

Regeneración y firmeza con PDRN: Enriquecido con PDRN (ADN celular), activo que estimula la regeneración de los tejidos, refuerza la barrera dérmica y promueve la síntesis de colágeno para mejorar visiblemente la densidad cutánea.

Cuidado antiedad focalizado en el cuello: Diseñado anatómicamente para adaptarse a la curvatura del cuello, tratando eficazmente los anillos de Venus, la pérdida de tonicidad y la textura deshidratada.

Nutrición e hidratación profunda: Ayuda a rellenar las líneas de expresión y a restaurar la flexibilidad y suavidad de una de las áreas más propensas al envejecimiento prematuro.

Instrucciones de uso

Limpiar y secar completamente la zona del cuello.
Aplicar un tónico hidratante, bruma o ampolla acuosa sobre la piel del cuello para facilitar la adhesión y activación del parche.
Retirar la lámina protectora transparente con las manos limpias y secas.
Colocar el parche sobre el cuello asegurando que la cara de colágeno quede en contacto con la piel húmeda.
Retirar suavemente la película de soporte externa; la capa de colágeno se fundirá e integrará a la piel.
Dar suaves toques con las yemas de los dedos hasta que el producto se absorba por completo (no requiere enjuague).

Finalizar con tu crema hidratante habitual para sellar los activos.

Calidad premium que tu piel merece

Presentación en caja sellada con 4 parches individuales (4 EA).

Fórmula basada en la sinergia de PDRN y Colágeno de bajo peso molecular.

Apto para todo tipo de piel, especialmente pieles maduras, secas o con pérdida de elasticidad en cuello y escote.

Desarrollado y fabricado en Corea del Sur bajo altos estándares de biotecnología dermocosmética (K-Beauty).

Reafirmá, hidratá y revitalizá la piel del cuello con la innovación de ANUA. Sumá los PDRN Collagen Melting Neck Patch a tu rutina de cuidado intensivo y lucí un cuello visiblemente más liso, firme y rejuvenecido.",2g,https://www.dodoskin.com/cdn/shop/files/AnuaPDRNCollagenMeltingNeckPatch4ea-1.jpg?v=1769993165&width=1200
4737,ALTA,ANUA Parches Faciales PDRN Collagen Melting Efecto Glass Skin 4 unidades,8800307373379,ANUA,"Parche/patch de tratamiento de Anua formulado con PDRN (polinucleótidos) y colágeno. PDRN (polinucleótidos): estimula la regeneración y el efecto ""glass skin""; colágeno: aporta firmeza y elasticidad. Marca coreana centrada en heartleaf (Houttuynia cordata), PDRN y niacinamida; reconocida mundialmente por sus tónicos y sérums calmantes para piel sensible y con imperfecciones.",5g,https://acdn-us.mitiendanube.com/stores/004/603/822/products/anua-pdrn-collagen-melting-patch-for-glass-skin-4ea-c013f2ef774b7f034117846578439470-1024-1024.webp
4731,ALTA,ANUA Espuma Limpiadora Hidratante PDRN Hyaluronic Acid Moisturizing 150 ml,8800307372983,ANUA,"Espuma de limpieza en formato de micro-burbujas para la categoría de higiene facial. Tratamiento de limpieza profunda y restauradora para la zona del rostro, formulada con PDRN (ADN de Salmón) y Ácido Hialurónico. Proporciona una piel visiblemente más rellena, calmada y libre de impurezas, mejorando la retención de humedad de manera inmediata tras su uso. Ideal para piel seca, deshidratada o sensible.

Por qué elegirlo
Limpieza inteligente: Su tecnología de micro-burbujas finas penetra en los poros para remover el sebo y los residuos de maquillaje sin agredir la barrera cutánea.
pH equilibrado: Formulado con un pH ligeramente ácido de 6.0, respeta el manto ácido natural de la piel, evitando la sensación de tirantez post-lavado
Doble funcionalidad: Puede utilizarse como un limpiador diario o como una mascarilla rápida de un minuto para una purificación más profunda de los poros.
Fórmula de baja irritación: Testeado clínicamente para garantizar una limpieza efectiva que calma y suaviza la textura de la piel simultáneamente.
Por qué lo amamos

Este limpiador ha demostrado resultados sobresalientes en estudios clínicos y paneles de consumidores, destacándose por su capacidad de limpiar mientras hidrata profundamente:
El 100% de las participantes en estudios clínicos de 2 semanas confirmaron su satisfacción total en la eliminación de impurezas de los poros y restos de maquillaje.
Según el P&K Skin Research Center, el 100% de los usuarios reportó una mejora significativa en la hidratación interna de la piel y una reducción en la pérdida de agua transepidérmica tras su uso.
Los testimonios de usuarias destacan que, a diferencia de otras espumas, esta deja un acabado ""dewy"" o radiante, manteniendo la piel elástica y fresca durante todo el día.

Beneficios

Hidratación multinivel: El Ácido Hialurónico retiene la humedad, evitando la sequedad característica de la limpieza profunda.
Efecto Plumping: El PDRN ayuda a que la piel luzca más rellena y saludable desde el primer paso de la rutina.
Purificación de poros: Elimina eficazmente el exceso de sebo y los desechos acumulados, refinando la textura del cutis.
Suavidad extrema: Su espuma densa y cremosa reduce la fricción sobre la piel, minimizando el riesgo de irritación.

Modo de uso

Limpieza diaria: Dispensar una cantidad adecuada sobre las manos húmedas y crear espuma. Masajear suavemente sobre el rostro y enjuagar con abundante agua tibia.

Cuidado y precauciones

Uso exclusivamente externo.
Evitar el contacto directo con los ojos; en caso de contacto, lavar con abundante agua.
Si presenta alguna reacción desfavorable o irritación persistente, suspender su uso y consultar con un dermatólogo.
Mantener el producto en un lugar fresco, seco y protegido de la luz solar directa.

Ingredientes estrella

PDRN (ADN de Salmón): Un activo regenerador de alta tecnología que mejora la elasticidad y promueve una apariencia saludable y rejuvenecida.
Ácido Hialurónico: Actúa como un imán de humedad, asegurando que la piel permanezca hidratada y elástica después de la limpieza.
Micro-burbujas de limpieza: Agentes limpiadores suaves que levantan las impurezas sin comprometer los lípidos naturales de la piel.",150ml,https://acdn-us.mitiendanube.com/stores/324/065/products/8800307372983_1-24cc8d3c1d7dd9c05217781694484958-640-0.webp
4734,ALTA,ANUA  Bruma Facial Hidratante y Regeneradora con PDRN y Ácido Hialurónico Capsule Mist 30 ml,8800307374390,ANUA,"Bruma facial de la categoría Skin-Booster para tratamiento regenerador de rostro y cuello, formulada con PDRN y cápsulas de Ácido Hialurónico, que restaura la elasticidad y proporciona una hidratación profunda de forma inmediata, ideal para todo tipo de piel, especialmente pieles fatigadas o maduras.


Por qué elegirlo
Innovación coreana: Utiliza tecnología de microcápsulas para mantener la pureza de los activos hasta el momento de la aplicación.
Doble acción: No solo hidrata superficialmente, sino que trabaja en la recuperación celular gracias al PDRN.
Formato práctico: Su tamaño de 30ml es perfecto para llevar en el bolso y rehidratar la piel sobre el maquillaje o durante vuelos y ambientes con aire acondicionado.

Por qué lo amamos
Basándonos en la excelente recepción de este tipo de formulaciones en plataformas de K-Beauty, los usuarios destacan resultados reales:
El 94% de los consumidores afirma sentir la piel ""calmada y fresca"" inmediatamente después del primer uso.
Un 88% de los testimonios en sitios especializados resalta una mejora visible en la luminosidad de la piel tras 7 días de uso constante.
Muchos usuarios lo describen como un ""suero en spray"" por la densidad y riqueza de sus activos en comparación con brumas de agua convencional.

Beneficios
Regeneración intensiva: Ayuda a reparar la barrera cutánea dañada.
Hidratación multinivel: El ácido hialurónico de diferentes pesos moleculares retiene la humedad por más tiempo.
Efecto Glow: Deja un acabado radiante natural sin sensación grasa.
Calmante: Alivia la irritación causada por factores externos como el sol o la polución.

Modo de uso
Sujeta el envase a unos 20 cm del rostro.
Cierra los ojos y pulveriza 2 o 3 veces de forma uniforme.
Da ligeros toques con las yemas de los dedos para favorecer la absorción de las cápsulas.


Cuidado y precauciones
Evitar el contacto directo con los ojos.
No aplicar sobre heridas abiertas o piel extremadamente irritada.
Mantener el producto alejado de la luz solar directa y de temperaturas altas para preservar la integridad de las cápsulas.
Si presenta irritación o sarpullido, suspenda su uso y consulte a su dermatólogo.

Ingredientes estrella:
PDRN (Polideoxirribonucleótido): ADN derivado del salmón que promueve la regeneración celular y mejora la elasticidad de la piel.
Ácido Hialurónico: Un potente humectante que atrae hasta 1000 veces su peso en agua para una hidratación profunda.
Cápsulas de Humedad: Microesferas que protegen los activos y se rompen al contacto con la piel para una entrega fresca de nutrientes.

INCI: Water, Glycerin, Dipropylene Glycol, 1,2-Hexanediol, Niacinamide, Sodium DNA (PDRN), Sodium Hyaluronate, Hydrolyzed Hyaluronic Acid, Sodium Acetylated Hyaluronate, Adenosine, Butylene Glycol, Ethylhexylglycerin, PEG-60 Hydrogenated Castor Oil, Disodium EDTA, Fragrance.

Información Técnica Adicional
Tipo de piel: Apta para todo tipo de piel, incluyendo piel seca, mixta y sensible.
Función cosmética: Hidratante, regeneradora y revitalizante.
Textura (vehículo): Bruma acuosa ligera con microcápsulas en suspensión.
Efecto en el cuidado de la piel: Proporciona un alivio inmediato a la tirantez, mejora la textura de la piel a largo plazo y aporta un aspecto saludable y descansado.",30ml,https://acdn-us.mitiendanube.com/stores/324/065/products/8800307373331_1-f386ef91977e48f6c717781698762611-640-0.webp
4733,ALTA,ANUA  Bruma Facial Hidratante y Regeneradora con PDRN y Ácido Hialurónico Capsule Mist 100 ml,8800307373331,ANUA,"Bruma facial de la categoría Skin-Booster para tratamiento regenerador de rostro y cuello, formulada con PDRN y cápsulas de Ácido Hialurónico, que restaura la elasticidad y proporciona una hidratación profunda de forma inmediata, ideal para todo tipo de piel, especialmente pieles fatigadas o maduras.

Por qué elegirlo
Innovación coreana: Utiliza tecnología de microcápsulas para mantener la pureza de los activos hasta el momento de la aplicación.
Doble acción: No solo hidrata superficialmente, sino que trabaja en la recuperación celular gracias al PDRN.
Formato práctico: Su tamaño de 30ml es perfecto para llevar en el bolso y rehidratar la piel sobre el maquillaje o durante vuelos y ambientes con aire acondicionado.

Por qué lo amamos
Basándonos en la excelente recepción de este tipo de formulaciones en plataformas de K-Beauty, los usuarios destacan resultados reales:
El 94% de los consumidores afirma sentir la piel ""calmada y fresca"" inmediatamente después del primer uso.
Un 88% de los testimonios en sitios especializados resalta una mejora visible en la luminosidad de la piel tras 7 días de uso constante.
Muchos usuarios lo describen como un ""suero en spray"" por la densidad y riqueza de sus activos en comparación con brumas de agua convencional.

Beneficios
Regeneración intensiva: Ayuda a reparar la barrera cutánea dañada.
Hidratación multinivel: El ácido hialurónico de diferentes pesos moleculares retiene la humedad por más tiempo.
Efecto Glow: Deja un acabado radiante natural sin sensación grasa.
Calmante: Alivia la irritación causada por factores externos como el sol o la polución.

Modo de uso
Sujeta el envase a unos 20 cm del rostro.
Cierra los ojos y pulveriza 2 o 3 veces de forma uniforme.
Puedes usarlo después de la limpieza como tónico, o en cualquier momento del día para refrescar.
Da ligeros toques con las yemas de los dedos para favorecer la absorción de las cápsulas.

Cuidado y precauciones
Evitar el contacto directo con los ojos.
No aplicar sobre heridas abiertas o piel extremadamente irritada.
Mantener el producto alejado de la luz solar directa y de temperaturas altas para preservar la integridad de las cápsulas.
Si presenta irritación o sarpullido, suspenda su uso y consulte a su dermatólogo.

Ingredientes estrella:
PDRN (Polideoxirribonucleótido): ADN derivado del salmón que promueve la regeneración celular y mejora la elasticidad de la piel.
Ácido Hialurónico: Un potente humectante que atrae hasta 1000 veces su peso en agua para una hidratación profunda.
Cápsulas de Humedad: Microesferas que protegen los activos y se rompen al contacto con la piel para una entrega fresca de nutrientes.

INCI: Water, Glycerin, Dipropylene Glycol, 1,2-Hexanediol, Niacinamide, Sodium DNA (PDRN), Sodium Hyaluronate, Hydrolyzed Hyaluronic Acid, Sodium Acetylated Hyaluronate, Adenosine, Butylene Glycol, Ethylhexylglycerin, PEG-60 Hydrogenated Castor Oil, Disodium EDTA, Fragrance.

Información Técnica Adicional
Tipo de piel: Apta para todo tipo de piel, incluyendo piel seca, mixta y sensible.
Función cosmética: Hidratante, regeneradora y revitalizante.
Textura (vehículo): Bruma acuosa ligera con microcápsulas en suspensión.


Efecto en el cuidado de la piel: Proporciona un alivio inmediato a la tirantez, mejora la textura de la piel a largo plazo y aporta un aspecto saludable y descansado.",,https://acdn-us.mitiendanube.com/stores/324/065/products/8800307374390_1-b1f40c1afd788662b117781698080685-640-0.webp
4732,ALTA,ANUA Sérum Labial Hidratante PDRN Volumen y Confort 10 ml,8800307374499,ANUA,"Sérum/esencia de Anua formulado con PDRN (polinucleótidos). PDRN (polinucleótidos): estimula la regeneración y el efecto ""glass skin"". Marca coreana centrada en heartleaf (Houttuynia cordata), PDRN y niacinamida; reconocida mundialmente por sus tónicos y sérums calmantes para piel sensible y con imperfecciones.

Serum líquido en la categoría de cuidado labial. Tratamiento regenerador y humectante para la zona de los labios, formulado con PDRN (ADN de Salmón) y complejos hidratantes. Proporciona un beneficio visible de labios más suaves, rellenos y saludables de manera inmediata tras el primer uso. Apto para todo tipo de piel, especialmente labios agrietados o con textura rugosa.

Porque elegirlo

Reparación avanzada: A diferencia de los bálsamos tradicionales, este serum utiliza PDRN para ayudar a regenerar la delicada piel de los labios desde el interior.
Efecto Plumping natural: La hidratación profunda rellena las líneas finas de los labios, dándoles una apariencia más voluminosa y juvenil sin irritación.
Versatilidad total: Su fórmula ligera pero potente permite usarlo como cuidado diario o como tratamiento intensivo nocturno.

Transformación de textura: Elimina la aspereza y las descamaciones, dejando una superficie lisa y sedosa ideal para la aplicación de color posterior.

Porque lo amamos

Este serum se ha convertido en un indispensable para quienes buscan algo más que una simple capa de cera en sus labios. Los resultados observados en usuarios y plataformas de belleza destacan:

El 97% de los usuarios reportó una mejora inmediata en la suavidad de los labios tras una sola aplicación.
En reseñas especializadas, el 93% de los consumidores afirma que sus labios lucen notablemente más saludables y ""llenos"" después de usarlo como mascarilla nocturna.
Los testimonios subrayan que ""logra reparar labios extremadamente agrietados donde otros productos fallaron"", con un 90% de satisfacción en la persistencia de la hidratación durante el día.

Beneficios
Suavidad inmediata: Refina la textura rugosa y elimina la sensación de labios cortados desde la primera aplicación.
Hidratación de larga duración: Crea una barrera que retiene la humedad, evitando que factores externos como el frío o el viento resequen la zona.
Volumen saludable: Promueve una apariencia de labios más densos y turgentes gracias a su efecto rellenador por hidratación.
Acabado no pegajoso: Su textura de serum se absorbe cómodamente sin dejar sensaciones incómodas.

Modo de uso

Cuidado diario: Aplica una capa delgada sobre los labios limpios en cualquier momento del día para mantener la hidratación.
Mascarilla nocturna: Antes de dormir, aplica una capa generosa sobre los labios para un tratamiento intensivo de reparación profunda mientras descansas.
Cuidado y precauciones
Uso externo únicamente.
No aplicar sobre heridas abiertas o eccemas en la zona peribucal.
En caso de presentar irritación o sarpullido, suspenda su uso y consulte a su médico.
Mantener el producto alejado de temperaturas extremas y de la luz solar directa para preservar la estabilidad del PDRN.

Ingredientes estrella

PDRN (ADN de Salmón): Activo de grado médico conocido por su capacidad para acelerar la recuperación de los tejidos y mejorar la elasticidad de la piel.

Ácido Hialurónico: Atrae y retiene la humedad en las capas profundas del labio para un efecto de relleno inmediato.

Vitamina E: Potente antioxidante que protege la zona de los labios contra el daño ambiental y ayuda a suavizar la textura.
INCI (Listado de ingredientes):

Información Técnica

Tipo de piel: Todo tipo de piel, incluyendo pieles sensibles.
Función cosmética: Hidratante, reparador y voluminizador.
Textura (vehículo): Serum fluido denso con acabado brillante.
Efecto en el cuidado de la piel: Labios visiblemente más lisos, hidratados y con una apariencia de mayor volumen natural.",10ml,https://acdn-us.mitiendanube.com/stores/324/065/products/8800307374499_1-a4720f0cf270c2f91a17781699932807-640-0.webp
1748,ALTA,ANUA Crema Hidratante Peach 77% Niacin Enriched Piel Normal 50 ml,8809640734373,ANUA,"Crema con 77% de extracto de durazno fermentado y colágeno, que hidrata, suaviza y mejora la firmeza de la piel formando una barrera protectora. Enriquecida con Ceramida NP, refuerza la barrera cutánea, retiene la humedad y aporta un brillo saludable.

Beneficios clave

· Hidrata intensamente

· Aporta firmeza y elasticidad

· Unifica e ilumina la piel

TIPO DE PIEL: todo tipo de piel. Ideal seca, norma y oleosa

¿En qué paso de la rutina se usa?

Aceite de limpieza
Limpiador en espuma
Tónico
Serum
CREMA HIDRATANTE
Protector solar

Ingredientes principales

·Extracto de durazno (PEACHINIA): Funciona como un potente hidratante, reteniendo la humedad en la piel. Contiene antioxidantes, vitaminas A y C, y ácidos grasos esenciales, los que ayudan a nutrir, tonificar e iluminar la piel, dejándola radiante y saludable.

Textura / acabado: Crema ligera tipo gel-elástica, rápida absorción, no deja sensación pegajosa

Contenido Neto: 50ml

Ingredientes: Prunus Persica (Peach) Fruit Water(77%), Glycerin, Methylpropanediol, Niacinamide(2%), 1,2-Hexanediol,Isododecane, Lactobacillus Ferment, Propanediol, Panthenol, Polyglyceryl-3 Methylglucose Distearate, Polymethylsilsesquioxane, Hydrogenated Polydecene, Coptis Japonica Root Extract, Prunus Persica (Peach) Fruit Extract(40ppm), Prunus Persica (Peach) Flower Extract(10ppm), Sodium Hyaluronate, Soluble Collagen, Jojoba Esters,Vinyl Dimethicone, Ammonium Acryloyldimethyltaurate/VP Copolymer, Water, Dimethiconol, Acrylates/C10-30Alkyl Acrylate Crosspolymer, Hydroxyacetophenone, Tromethamine, Ethylhexylglycerin, Butylene Glycol, Adenosine, Disodium EDTA, Cyanocobalamin, Saccharomyces Ferment Filtrate, Tocopherol, Ceramide NP, Pectin,Maltodextrin, Hydrolyzed Vegetable Protein, Galactomyces Ferment Filtrate, Bifida Ferment Lysate, Fragrance.",50ml,https://acdn-us.mitiendanube.com/stores/324/065/products/25-c8eb78f6022b51499417446436942903-640-0.webp
1705,ALTA,ANUA Leche Hidratante Peach 77% Niacin Conditioning Extracto de Durazno 150 ml,8809640734342,ANUA,"Loción/leche hidratante de Anua formulado con extracto de durazno. extracto de durazno: nutre y calma la piel. Marca coreana centrada en heartleaf (Houttuynia cordata), PDRN y niacinamida; reconocida mundialmente por sus tónicos y sérums calmantes para piel sensible y con imperfecciones.",150ml,https://drive.google.com/file/d/1b9AzfsWwjdrPYD3hDNoyrQvNj9xnruSJ/view?usp=drivesdk
1715,ALTA,ANUA Sérum Hidratante Peach 70 Niacinamide Piel Normal y Seca 30 ml,8809640733550,ANUA,"Sérum/esencia de Anua formulado con extracto de durazno. extracto de durazno: nutre y calma la piel. Marca coreana centrada en heartleaf (Houttuynia cordata), PDRN y niacinamida; reconocida mundialmente por sus tónicos y sérums calmantes para piel sensible y con imperfecciones.",30ml,https://drive.google.com/file/d/1EjBYuzYd8xu6lf7IEIiSN0sYSXU-qLx1/view?usp=drivesdk
1157,ALTA,ANUA Retinol 0.1 Caffeine Revitalizing Eye Cream 30gr - Contorno de Ojos con Retinol y Cafeina que suaviza Lineas Finas,8809640734946,ANUA,"Esta crema para ojos revitaliza la piel y proporciona un cuidado multibeneficio para una tez más luminosa. Enriquecida con ceramidas y ácido hialurónico, su fórmula ligera hidrata profundamente el contorno de ojos, ayudándote a  olvidarte de la mirada insomne.

Beneficios clave
· Suaviza arrugas y líneas de expresión alrededor de los ojos.

· La cafeína ayuda a reducir hinchazón y ojeras.

· Estimula la regeneración de la piel, mejorando textura y firmeza.

· Fórmula suave y de rápida absorción.

TIPO DE PIEL

Personas con ojeras, bolsas y primeras líneas de expresión.

¿En qué paso de la rutina se usa?

Aceite de limpieza
Limpiador en espuma
Tonico
Serum
CONTORNO DE OJOS
Crema hidratante
Protector solar

Ingredientes principales
·Retinol: actúa en la renovación celular, suaviza líneas y mejora firmeza.

·Caffeine: ayuda a reducir hinchazón y ojeras al contraer los vasos sanguíneos.

·Niacinamide, ceramidas (NP, NG, NS, AP, AS, EOP), squalane, pantenol, aceite de espino amarillo (Hippophae Rhamnoides Oil), shea butter: aportan hidratación intensa y reconstruyen la barrera cutánea, minimizando irritaciones.

Modo de Uso

1.Aplicar una pequeña cantidad en el área del contorno de ojos, dando toquecitos suaves hasta su completa absorción. Uso preferente en la rutina nocturna.

Textura
Ligera y de rápida absorcion

Combina retinol suave con péptido relajante; reduce sombras casi un 40 % en 8 semanas.

Contenido Neto: 30gr

Precauciones: Sólo para uso externo. Evite su uso en zonas con heridas u otras lesiones. Si entra en contacto con los ojos, enjuague con abundante agua. Mantener fuera del alcance de los niños. Guardar alejado de la luz solar directa. Ante cualquier síntoma adverso discontinuar su uso y consultar con un médico.

Ingredientes:Water,Propanediol,DipropyleneGlycol,Niacinamide,Glycerin,Limnanthes Alba (Meadowfoam) Seed Oil, Pentylene Glycol, Cyclohexasiloxane, Polyglyceryl-3 Methylglucose Distearate,Polyglyceryl-3 Distearate,1,2-Hexanediol,Caffeine, Panthenol, Soluble Collagen, Squalane,Adenosine, Ceramide NP,Ceramide NG,Ceramide NS, Ceramide AP, Ceramide AS, CeramideEOP, Hexapeptide-2, Copper Tripeptide-1, Acetyl Hexapeptide-8, Acetyl Dipeptide-1 Cetyl Ester, Retinol, Hydrolyzed Hyaluronic Acid, Hyaluronic Acid, Sodium Hyaluronate, Sodium Hyaluronate Crosspolymer, Dimethylsilanol Hyaluronate, Hydrolyzed Sodium Hyaluronate, Potassium Hyaluronate, Hydroxypropyltrimonium Hyaluronate, Sodium Hyaluronate Dimethylsilanol, Sodium Acetylated Hyaluronate, Hippophae Rhamnoides Oil, Macadamia Ternifolia Seed Oil, Chitosan, Butyrospermum Parkii (Shea) Butter, Hippophae Rhamnoides Fruit Oil, Pentaerythrityl Tetraethylhexanoate, Hydroxyethyl Acrylate/Sodium Acryloyldimethyl Taurate Copolymer, Diglycerin, Polymethylsilsesquioxane, Tocopheryl Acetate, Sodium Polyacryloyldimethyl Taurate, Hydrogenated Polydecene, Hydroxyacetophenone, Glyceryl Stearate Citrate, Caprylic/Capric Triglyceride, Sodium Phytate, Butylene Glycol, Trideceth-10, Hydrogenated Lecithin, Sorbitan Isostearate, Palmitic Acid, StearicAcid,BrassicaCampestris(Rapeseed)Sterols,Cholesterol,Polyglyceryl-10Laurate,Phytosteryl/Behenyl/Octyldodecyl Lauroyl Glutamate, Aluminum/Magnesium Hydroxide Stearate, Pentaerythrityl Tetra-di-t-butylHydroxyhydrocinnamate,OleicAcid,PotassiumCetylPhosphate,Tris(Tetramethylhydroxypiperidinol) Citrate, Octyldodecanol, Phytosterols, Sorbitan Laurate, Hydroxyethylcellulose, Phytosphingosine, Biotin, Cetearyl Alcohol, Xanthan Gum",30gr,https://acdn-us.mitiendanube.com/stores/324/065/products/3-1-74220eb32a8feaca1717564933641818-640-0.webp
1162,ALTA,ANUA Sérum Renovador Nano Retinol 0.3% + Niacin Arrugas y Manchas 30 ml,8809640734595,ANUA,"Sérum/esencia de Anua formulado con retinol/retinal. retinol/retinal: estimula la renovación celular anti-edad. Marca coreana centrada en heartleaf (Houttuynia cordata), PDRN y niacinamida; reconocida mundialmente por sus tónicos y sérums calmantes para piel sensible y con imperfecciones.

Sérum renovador que contiene Retinol 0,3% y Niacinamida 5%, un potente dúo que ayuda a reducir la apariencia de las cicatrices del acné y se enfoca en la piel texturizada y los poros dilatados, activando el ciclo de la piel para promover la regeneración de la piel y la generación de colágeno, y reduciendo visiblemente las arrugas y las líneas finas.

Beneficios clave

·  Estimula la renovación celular y mejora la firmeza de la piel.

· Suaviza arrugas y líneas de expresión.

· La Niacinamida ayuda a unificar el tono y reforzar la barrera cutánea.

· Fórmula avanzada con retinol encapsulado de liberación lenta, minimizando irritación.

TIPO DE PIEL

Pieles con signos de envejecimiento, textura irregular, tono apagado o manchas leves.

¿En qué paso de la rutina se usa?

Aceite de limpieza
Limpiador en espuma
Tónico
SERUM
Crema hidratante
Protector solar
Ingredientes principales

· Retinol (aprox. 0.11 %): activa la renovación celular, mejora textura, arrugas y elasticidad.

· Niacinamide (5%): ilumina el tono, unifica, refuerza la barrera y combate manchas.

· Ceramide NP y complejo de ceramidas (AS, AP, NS, NG, EOP): fortalecen y protegen la barrera cutánea.

Modo de Uso

1. Aplicar de 2 a 3 veces por semana en la rutina nocturna, sobre la piel limpia y antes de la crema hidratante. Aumentar progresivamente según tolerancia. Siempre usar protector solar al día siguiente.

Textura
Ligera y de rápida absorción

Tips/Curiosidades

+ Retinol avanzado pero tolerable, con ingredientes calmantes y resultados visibles en días.

Contenido Neto: 30ml

Precauciones: Sólo para uso externo. Evite su uso en zonas con heridas u otras lesiones. Si entra en contacto con los ojos, enjuague con abundante agua. Mantener fuera del alcance de los niños. Guardar alejado de la luz solar directa. Ante cualquier síntoma adverso discontinuar su uso y consultar con un médico.

Ingredientes: Water, Glycereth-26, Niacinamide, Glycerin, 1,2-Hexanediol, Caprylic/Capric Triglyceride, Glyceryl Citrate/Lactate/Linoleate/Oleate, Tocopherol, Propanediol, Ammonium Acryloyldimethyltaurate/VP Copolymer, Cetyl Ethylhexanoate, Pentaerythrityl Tetra-di-t-butyl Hydroxyhydrocinnamate, Polyacrylate Crosspolymer-6, Methylpropanediol, Butylene Glycol, Polysorbate 20, Coptis Japonica Root Extract, Retinol, Ceramide NP, Pentylene Glycol, Carbomer, Tromethamine, Dipotassium Glycyrrhizate, Ethylhexylglycerin, Adenosine, Pyrus Malus (Apple) Fruit Extract, Potentilla Anserina Extract,Disodium EDTA, Hydrogenated Lecithin, Polyquaternium-51,Cynara Scolymus (Artichoke) Leaf Extract, Avena Sativa (Oat)Kernel Extract, Beta-Glucan, Castanea Crenata (Chestnut)Shell Extract, Camellia Sinensis Leaf Water, Diospyros KakiLeaf Extract, Squalane, Panthenol, Hydrolyzed Sodium Hyaluronate, Centaurea Cyanus Flower Water, BHT, Oleic Acid,Dipropylene Glycol, BHA, Portulaca Oleracea Extract, Allantoin, Melaleuca Alternifolia (Tea Tree) Extract, Maltodextrin, Saccharide Hydrolysate, Sorbitan Laurate, Glyceryl Stearate, Butyrospermum Parkii (Shea) Butter, Sodium Hyaluronate, Octyldodecanol, Phytosterols, Ficus Carica (Fig) Fruit Extract, Centella Asiatica Extract, Madecassoside, Camellia Sinensis Leaf Extract, Arnica Montana Flower Extract,Artemisia Capillaris Flower Extract, Hydroxyethylcellulose,Cholesterol, Houttuynia Cordata Extract, Melia AzadirachtaLeaf Extract, Melaleuca Alternifolia (Tea Tree) Leaf Oil, Ceramide AP, Ceramide AS, Capryloyl Salicylic Acid, CarapaGuianensis Seed Oil, Acetyl Dipeptide-1 Cetyl Ester, Lavandula Angustifolia (Lavender) Flower Extract, Centaurea Cyanus Flower Extract, Ceramide NG, Borago Officinalis Extract, Chamomilla Recutita (Matricaria) Flower/Leaf Extract,Ceramide NS, Caprylyl Glycol, Guaiazulene, Hippophae Rhamnoides Fruit Oil, Sucrose Distearate, Acetyl Hexapeptide-8,Nonapeptide-1, Hydroxypropyl Cyclodextrin, Palmitoyl Tetrapeptide-7, Copper Tripeptide-1, Hexapeptide-9, Palmitoyl Tripeptide-1, Tripeptide-1, Palmitoyl Pentapeptide-4,Ceramide EOP",30ml,https://acdn-us.mitiendanube.com/stores/324/065/products/2-1-02e205cdffa2c96a1917564939408036-640-0.webp
17727,ALTA,ANUA Tónico Facial Iluminador Rice 70 Glow Milky Hidratación 250 ml,8809640735455,ANUA,"Loción/leche hidratante de Anua formulado con extracto de arroz. extracto de arroz: aporta luminosidad e hidratación. Marca coreana centrada en heartleaf (Houttuynia cordata), PDRN y niacinamida; reconocida mundialmente por sus tónicos y sérums calmantes para piel sensible y con imperfecciones.

Tónico con 70% de extracto de arroz que ilumina, hidrata y suaviza la piel, dejándola con un brillo saludable.

Beneficios clave:

-Aporta luminosidad y uniformidad al tono.
-Hidrata intensamente sin sensación pesada.
-Suaviza la textura de la piel.
-Refuerza la barrera cutánea y nutre.


TIPO DE PIEL:
Todo tipo de piel, especialmente piel seca, opaca o con falta de luminosidad.

Paso en la rutina:
Se aplica después de la limpieza y antes del sérum o crema.

Ingredientes principales:

-70% extracto de arroz: ilumina y nutre.
-Niacinamida: mejora la uniformidad del tono.
-Ceramidas: fortalecen la barrera cutánea.

Modo de uso:
 Aplicar con la mano o con un algodón, distribuyendo de manera uniforme sobre el rostro.

Textura / acabado:
 Líquido lechoso con acabado hidratante y luminoso.

Tip extra:
Podés usar varias capas (método layering) para potenciar la hidratación y el glow natural.",250ml,https://acdn-us.mitiendanube.com/stores/324/065/products/anua12586_01-f0f23506c5531255d217603594475680-640-0.webp
1770,ALTA,ANUA Leche Hidratante Rice 70 Intensive Extracto de Arroz 150 ml,8809640735608,ANUA,"Loción/leche hidratante de Anua formulado con extracto de arroz. extracto de arroz: aporta luminosidad e hidratación. Marca coreana centrada en heartleaf (Houttuynia cordata), PDRN y niacinamida; reconocida mundialmente por sus tónicos y sérums calmantes para piel sensible y con imperfecciones.",150ml,https://drive.google.com/file/d/1E4hJFzy2qrEjlbdDgKEwJFaMa_gBS0d1/view?usp=drivesdk
1771,ALTA,ANUA Limpiador Enzimático en Polvo Rice Enzyme Brightening Todo Tipo de Piel 40 g,8809640735462,ANUA,"Este limpiador en polvo multifuncional, con una textura única, está formulado con Rice Water+, papaína y ceramidas para iluminar y suavizar la piel, limpiando los poros y mejorando su textura. Ofrece una exfoliación suave sin fricción, ideal para pieles sensibles, dejándola más radiante y equilibrada. 

Beneficios clave

· Limpieza profunda sin resecar

· Exfoliación suave y progresiva (gracias a las enzymas)

· Mejora la textura, luminosidad y poros

TIPO DE PIEL: Todo tipo de piel, incluso sensible, mixta o acnéica, por su acción exfoliante suave. Perfecto para quienes no toleran exfoliantes químicos fuertes.

¿En qué paso de la rutina se usa?

POLVO LIMPIADOR
Tónico
Serum
Crema hidratante
Protector solar
Ingredientes principales

· Rice Water+: : Es rica en aminoácidos, vitaminas y minerales que hidratan profundamente, dejando la piel suave, flexible y revitalizada. Su efecto calmante ayuda a reducir la irritación y el enrojecimiento, mientras que su acción iluminadora mejora la textura y el aspecto general de la piel, dándole un brillo saludable.

· Papaína: Enzima natural extraída de la papaya, conocida por sus suaves propiedades exfoliantes y su efecto calmante, ideal para suavizar y refrescar la piel sin irritarla.

Modo de Uso:
-COMO LIMPIADOR: Mezcla una pequeña cantidad del polvo con agua hasta formar una pasta. Masajea suavemente sobre la piel húmeda y luego enjuaga bien con agua tibia.
-COMO MASCARILLA: Mezcla el polvo con agua o con un ANUA HEARTLEAF 77 SOOTHING TONER 150 ml hasta obtener una pasta más espesa. Aplica de manera uniforme en el rostro, deja actuar de 5 a 10 minutos y enjuaga para revelar una piel más luminosa, radiante y suave.

NOTA: Puede usarse diario o 2-3 veces por semana según la tolerancia.

Textura: Polvo fino que se activa con agua y se transforma en una espuma suave.

 Tip/Curiosidad:
+ Ideal para pieles apagadas, con puntos negros o con textura áspera.
+ El polvo es ideal para viajes porque no cuenta como líquido?

Contenido Neto: 40g

Ingredientes: Zea Mays (Corn) Starch, Kaolin (CI 77004), Sodium Bicarbonate, Sodium Cocoyl Isethionate, Sodium Lauroyl Glutamate, Citric Acid, Sodium Polyacrylate, Diglycerin, Allantoin, Water, Maltodextrin, Papain, Oryza Sativa (Rice) Powder, Oryza Sativa (Rice)Lees Extract, Oryza Sativa (Rice) Bran Water, Butylene Glycol, 1,2-Hexanediol, Ceramide NP, Ascorbic Acid, Alpha-Arbutin, Glucose, Oryza Sativa (Rice) Extract, Protease, Dipropylene Glycol,Glycerin, Tartaric Acid, Lactic Acid, Oryza Sativa (Rice) Seed Protein, Hydrolyzed Rice Protein, Caprylyl Glycol.",40g,https://acdn-us.mitiendanube.com/stores/324/065/products/10-c787912e14c656aae017446437249305-640-0.webp
1772,ALTA,ANUA Sérum Reparador Rice Ceramide 7 Hydrating Barrera Cutánea 50 ml,8809640734861,ANUA,"Sérum/esencia de Anua formulado con extracto de arroz. extracto de arroz: aporta luminosidad e hidratación. Marca coreana centrada en heartleaf (Houttuynia cordata), PDRN y niacinamida; reconocida mundialmente por sus tónicos y sérums calmantes para piel sensible y con imperfecciones.",50ml,https://drive.google.com/file/d/1fFNJWd6D6AFDb9iaz6IjqL4bY1jrxVpg/view?usp=drivesdk
17069,ALTA,ANUA Sérum Niacinamida 10% + TXA 30 ml,1111111111111,ANUA,"Sérum/esencia de Anua. Marca coreana centrada en heartleaf (Houttuynia cordata), PDRN y niacinamida; reconocida mundialmente por sus tónicos y sérums calmantes para piel sensible y con imperfecciones.",,No encontrado en carpetas de ANUA
1701,ALTA,ANUA Sérum Niacinamida 10% + TXA 3% Todo Tipo de Piel y Piel con Acné 30 ml,8809640739309,ANUA,"Sérum/esencia de Anua formulado con niacinamida y ácido tranexámico. niacinamida: unifica el tono y controla el sebo; ácido tranexámico: reduce manchas y rojeces. Marca coreana centrada en heartleaf (Houttuynia cordata), PDRN y niacinamida; reconocida mundialmente por sus tónicos y sérums calmantes para piel sensible y con imperfecciones.",30ml,https://drive.google.com/file/d/1UMyaltS2KFdvuekxTcyiKFMq2eYOWwDH/view?usp=drivesdk
17480,ALTA,ANUA Set de Protectores Solares 3 Unidades,1111111111111,ANUA,"Limpiador facial de Anua. Marca coreana centrada en heartleaf (Houttuynia cordata), PDRN y niacinamida; reconocida mundialmente por sus tónicos y sérums calmantes para piel sensible y con imperfecciones.",,No encontrado en carpetas de ANUA
17456,ALTA,ANUA Set de Tónicos 2 Unidades,1111111111111,ANUA,"Protector solar facial de Anua. Edición/combo especial en colaboración con COSRX. Marca coreana centrada en heartleaf (Houttuynia cordata), PDRN y niacinamida; reconocida mundialmente por sus tónicos y sérums calmantes para piel sensible y con imperfecciones.",,No encontrado en carpetas de ANUA
17075,ALTA,ANUA Rutina Nocturna para Piel Madura,1111111111111,ANUA,"Tónico facial de Anua. Marca coreana centrada en heartleaf (Houttuynia cordata), PDRN y niacinamida; reconocida mundialmente por sus tónicos y sérums calmantes para piel sensible y con imperfecciones.",,No encontrado en carpetas de ANUA
27500,ALTA,ANUA Rutina Nocturna para Poros Dilatados,1111111111111,ANUA,"Set/kit de Anua que combina varios productos de la marca para una rutina completa. Marca coreana centrada en heartleaf (Houttuynia cordata), PDRN y niacinamida; reconocida mundialmente por sus tónicos y sérums calmantes para piel sensible y con imperfecciones.",,No encontrado en carpetas de ANUA
27433,ALTA,ANUA Protector Solar Heartleaf SPF 50 50 ml,1111111111111,ANUA,"Set/kit de Anua que combina varios productos de la marca para una rutina completa. Marca coreana centrada en heartleaf (Houttuynia cordata), PDRN y niacinamida; reconocida mundialmente por sus tónicos y sérums calmantes para piel sensible y con imperfecciones.",,No encontrado en carpetas de ANUA
1739,ALTA,ANUA Protector Solar Heartleaf Silky Moisture SPF50+ PA++++ Piel Mixta y Sensible 50 ml,8809640733185,ANUA,"PROTECTOR SOLAR SPF 50+ PA++++
Este protector solar ofrece alta protección UVA/UVB, hidratando y calmando la piel sin dejar residuos blancos. Su fórmula ligera, con Extracto de Heartleaf y pantenol, proporciona una defensa eficaz contra los rayos UV.

Beneficios clave

·Protector solar con SPF50+ PA++++ que proporciona una fuerte protección solar.

·Incluye pantenol que retiene la humedad en la piel y ayuda a calmarla.

·Contiene extracto de heartleaf para calmar y cuidar la piel sensible.

TIPO DE PIEL

Todo tipo, especialmente normal, mixta, sensible

¿En qué paso de la rutina se usa?

Aceite de limpieza
Limpiador en espuma
Tónico
Serum
Crema hidratante
PROTECTOR SOLAR
Ingredientes principales

·Extracto de Heartleaf (Houttunya Cordata): Es un extracto de la planta que posee propiedades antiinflamatorias, antibacterianas, reguladoras de sebo y calmantes

Niacinamida: estimula la producción natural de ceramidas y atenúa la hiperpigmentación. Deja una piel firme y con un tono uniforme.
 
Textura ligera y de rápida absorción

Tips/Curiosidades

+ Proporciona hasta un 98% de protección contra los rayos UV.

Contenido Neto: 50ml

Precauciones

Solo para uso externo. Evite utilizarlo en la zona ocular. Mantener fuera del alcance de los niños. Ante cualquier síntoma adverso discontinuar su uso y consultar con un médico.

INCI: Water, Dibutyl Adipate, Propanediol, Ethylhexyl Triazone, Terephthalylidene Dicamphor Sulfonic Acid, Glycerin, Niacinamide, Caprylyl Methicone, Polymethylsilsesquioxane, Tromethamine, 1,2-Hexanediol, Polyglyceryl-3 Distearate,Cetearyl Alcohol, Pentylene Glycol, Butylene Glycol, Diethylamino Hydroxybenzoyl Hexyl Benzoate, Polysilicone-15,Houttuynia Cordata Extract, DiospyrosKaki Leaf Extract, Vitis Vinifera (Grape)Fruit Extract, Carthamus Tinctorius (Safflower) Flower Extract, Coffea Arabica(Coffee) Seed Extract, Polygonum Cuspidatum Root Extract, Camellia Sinensis Leaf Extract, Castanea Crenata (Chestnut) Shell Extract, Zanthoxylum Piperitum Fruit Extract, Anastatica Hierochuntica Extract, Panthenol, Glyceryl Stearate, Bis-Ethylhexyloxyphenol Methoxyphenyl Triazine, Potassium Cetyl Phosphate, Methylpropanediol, Carbomer, Glyceryl Stearate Citrate, Acrylates/C10-30 Alkyl Acrylate Crosspolymer,Ammonium Acryloyldimethyltaurate/VP Copolymer, Adenosine, Polyether-1, Biosaccharide Gum-1, Tocopherol,Ethylhexylglycerin.",50ml,https://acdn-us.mitiendanube.com/stores/324/065/products/34-87920a692df8a4ad4b17446439533409-1024-1024.webp
18326,ALTA,ANUA Set Control de Poros 7 Días,8800307372556,ANUA,"Set/kit de Anua que combina varios productos de la marca para una rutina completa. Marca coreana centrada en heartleaf (Houttuynia cordata), PDRN y niacinamida; reconocida mundialmente por sus tónicos y sérums calmantes para piel sensible y con imperfecciones.",,No encontrado en carpetas de ANUA
19498,ALTA,ANUA Set de Doble Limpieza para Piel Grasa y Mixta,1111111111111,ANUA,"Set/kit de Anua que combina varios productos de la marca para una rutina completa. Marca coreana centrada en heartleaf (Houttuynia cordata), PDRN y niacinamida; reconocida mundialmente por sus tónicos y sérums calmantes para piel sensible y con imperfecciones.",,No encontrado en carpetas de ANUA
19562,ALTA,ANUA Set Rutina Glow Up,1111111111111,ANUA,"Set/kit de Anua que combina varios productos de la marca para una rutina completa. Marca coreana centrada en heartleaf (Houttuynia cordata), PDRN y niacinamida; reconocida mundialmente por sus tónicos y sérums calmantes para piel sensible y con imperfecciones.",,No encontrado en carpetas de ANUA
19585,ALTA,ANUA Set Rice Glow,5017101634282,ANUA,"Set/kit de Anua que combina varios productos de la marca para una rutina completa. Marca coreana centrada en heartleaf (Houttuynia cordata), PDRN y niacinamida; reconocida mundialmente por sus tónicos y sérums calmantes para piel sensible y con imperfecciones.",,No encontrado en carpetas de ANUA
19490,ALTA,ANUA Set Rice Glow para Piel Seca,1111111111111,ANUA,"Set/kit de Anua que combina varios productos de la marca para una rutina completa. Marca coreana centrada en heartleaf (Houttuynia cordata), PDRN y niacinamida; reconocida mundialmente por sus tónicos y sérums calmantes para piel sensible y con imperfecciones.",,No encontrado en carpetas de ANUA
19513,ALTA,ANUA Set de Cuidado para Rosácea,1111111111111,ANUA,"Set/kit de Anua que combina varios productos de la marca para una rutina completa. Marca coreana centrada en heartleaf (Houttuynia cordata), PDRN y niacinamida; reconocida mundialmente por sus tónicos y sérums calmantes para piel sensible y con imperfecciones.",,No encontrado en carpetas de ANUA
19481,ALTA,ANUA Trío Antiedad,1111111111111,ANUA,"Set/kit de Anua que combina varios productos de la marca para una rutina completa. Marca coreana centrada en heartleaf (Houttuynia cordata), PDRN y niacinamida; reconocida mundialmente por sus tónicos y sérums calmantes para piel sensible y con imperfecciones.",,No encontrado en carpetas de ANUA
19567,ALTA,ANUA Set PDRN para Hidratación,1111111111111,ANUA,"Set/kit de Anua que combina varios productos de la marca para una rutina completa. Marca coreana centrada en heartleaf (Houttuynia cordata), PDRN y niacinamida; reconocida mundialmente por sus tónicos y sérums calmantes para piel sensible y con imperfecciones.",,No encontrado en carpetas de ANUA
19520,ALTA,ANUA Set de Limpieza Profunda para Piel Grasa,1111111111111,ANUA,"Set/kit de Anua que combina varios productos de la marca para una rutina completa. Marca coreana centrada en heartleaf (Houttuynia cordata), PDRN y niacinamida; reconocida mundialmente por sus tónicos y sérums calmantes para piel sensible y con imperfecciones.",,No encontrado en carpetas de ANUA
19531,ALTA,ANUA Set de Limpieza Profunda para Piel Grasa Mixta y con Acné,1111111111111,ANUA,"Limpiador facial de Anua. Marca coreana centrada en heartleaf (Houttuynia cordata), PDRN y niacinamida; reconocida mundialmente por sus tónicos y sérums calmantes para piel sensible y con imperfecciones.",,No encontrado en carpetas de ANUA
8146,BAJA,APLB Sérum Facial Reafirmante Collagen EGF Peptide Colágeno y Centella 40 ml,8809874683140,APLB,"Serum facial APLB Collagen EGF Peptide Ampoule Serum 40 ml. Serum coreano reafirmante con Colágeno Hidrolizado, EGF, Centella Asiática, Ácido Hialurónico, Escualano, Beta Glucano y Pantenol. Ayuda a mejorar la firmeza y elasticidad, hidratar en profundidad, fortalecer la barrera cutánea, calmar la piel sensible y suavizar la apariencia de líneas de expresión. Ideal para quienes buscan serum con colágeno, serum con péptidos, EGF, Centella Asiática, serum antiedad, serum reafirmante, hidratación intensa, skincare coreano, K Beauty original y cuidado facial para piel sensible.

¿Qué es?

Es un sérum facial concentrado desarrollado para mejorar la firmeza, elasticidad e hidratación de la piel. Combina colágeno hidrolizado, péptido EGF y un alto contenido de Centella Asiática para reforzar la barrera cutánea y ayudar a mantener una piel visiblemente más firme y revitalizada.",8146,https://www.skinko.com.ar/cdn/shop/files/download_4.jpg?v=1785762724&width=4096
8149,BAJA,APLB Loción Corporal Collagen EGF Peptide,8809874685168,APLB,,8149,https://drive.google.com/file/d/14Mp8ojrVRB0qZScAxoe3gbxOyf1x0pzu/view
8147,BAJA,APLB Crema Facial Collagen EGF Peptide 55 ml,8809874683195,APLB,"Crema facial APLB Collagen EGF Peptide Facial Cream 55 ml. Crema hidratante coreana con Colágeno Hidrolizado, EGF, Centella Asiática, Péptidos, Ácido Hialurónico, Ceramidas, Beta Glucano, Escualano y Pantenol. Ayuda a mejorar la firmeza y elasticidad, hidratar profundamente, fortalecer la barrera cutánea, calmar la piel sensible y suavizar líneas de expresión. Ideal para quienes buscan crema facial con colágeno, crema con péptidos, crema reafirmante, crema antiedad, hidratante facial, EGF, Centella Asiática, skincare coreano, K Beauty original y cuidado facial para piel seca, sensible o con pérdida de firmeza.

Si buscás una crema que hidrate de verdad sin sentirse pesada, esta puede convertirse en un básico de tu rutina. Su fórmula combina ingredientes reparadores y reafirmantes que dejan la piel suave, elástica y confortable desde la primera aplicación. Es perfecta para sellar la hidratación del sérum y mantener el rostro nutrido durante todo el día o toda la noche.

¿Qué es?

Es una crema facial hidratante y reafirmante desarrollada para mejorar la elasticidad, reforzar la barrera cutánea y mantener la piel hidratada durante horas. Su combinación de colágeno, EGF, péptidos y Centella Asiática ayuda a que la piel luzca más firme, uniforme y saludable.",8147,https://www.skinko.com.ar/cdn/shop/files/download_10.jpg?v=1785766781&width=4096
8162,BAJA,APLB Mascarilla Facial Collagen EGF Peptide,8809874685229,APLB,,8162,https://drive.google.com/file/d/1aNIOjkbTQX28Hv5cqHVO62O51HNUiaiv/view
8148,BAJA,APLB Mascarilla Facial Glutathione Niacinamide,8809874683317,APLB,,8148,https://drive.google.com/file/d/1RcMceH2D_WU-gYxwssKBf5bQFnjxvH2B/view
8142,BAJA,APLB Sérum Ampolla Glutathione Niacinamide 40 ml,8809874682679,APLB,,8142,https://drive.google.com/file/d/1CBC4RwElGaK2zt3E-N9Ry0a0nmkUr0Oo/view
8145,BAJA,APLB Loción Corporal Glutathione Niacinamide 300 ml,8809874682747,APLB,,8145,https://drive.google.com/file/d/1_1_9z6u23uLJ3jz8tu4tdCTUcJ97-69c/view
8144,BAJA,APLB Gel de Ducha Glutathione Niacinamide 300 ml,8809874682730,APLB,,8144,https://drive.google.com/file/d/10pS-RO3lAipe5xNyVr-a5IgMsGWs_tWG/view
8143,BAJA,APLB Crema Facial Hidratante Iluminadora y Antioxidante Glutathione Niacinamide – 55 ml,8809874682686,APLB,"Descubrí la Glutathione Niacinamide Facial Cream de APLB, una crema hidratante desarrollada con el complejo patentado LIPO GLUTA NIAC CEN™ para iluminar, calmar y fortalecer la barrera de la piel.

¿Qué lo hace especial?

Complejo Iluminador y Antioxidante LIPO GLUTA NIAC CEN™ (24.8%): Combina Glutatión (1.000 ppm), Niacinamida (20.000 ppm) y Extracto de Centella Asiática (22.7%) para combatir el tono apagado, desvanecer manchas y proteger la piel del estrés oxidativo.

Calma y reparación con Centella 3X Complex™: Enriquecida con ácido madecásico, asiaticósido y ácido asiático, activos derivados de la centella que calman irritaciones, alivian rojeces y refuerzan la barrera dérmica.

Hidratación profunda y elasticidad: Su fórmula con ácido hialurónico, manteca de karité y adenosina repone la humedad esencial y mejora la firmeza, ayudando a suavizar líneas finas de expresión.

Textura ligera y de rápida absorción: Textura cremosa tipo loción no grasa que penetra con facilidad, dejando un acabado suave, terso y luminoso sin sensación pesada.

Instrucciones de uso

Limpiar el rostro y aplicar los pasos previos de la rutina (tónico y sérum).
Tomar una cantidad adecuada de crema sobre la yema de los dedos.
Distribuir uniformemente sobre el rostro y cuello siguiendo la dirección de la textura de la piel.
Dar suaves toquecitos con las palmas de las manos hasta su total absorción.

Apta para usar por la mañana y por la noche (en la rutina diurna, finalizar siempre con protector solar).

Calidad premium que tu piel merece

Presentación en pote de 55 ml 

Formulación con Glutatión (1.000 ppm), Niacinamida (20.000 ppm / 2%) y Extracto de Centella Asiática (22.7%).

Fórmula hipoalergénica con ingredientes de grado verde EWG, testeada para baja irritación cutánea.

Apta para todo tipo de piel, especialmente pieles sensibles, secas, apagadas o con hiperpigmentación.

Elaborada en Corea del Sur bajo rigurosos estándares de cosmética coreana (K-Beauty).

Iluminá, nutrí y protegé tu piel con el cuidado antioxidante de APLB. Sumá la Glutathione Niacinamide Facial Cream a tu rutina diaria y disfrutá de un cutis visiblemente más uniforme, fresco y radiante.",8143,https://youngmi.mx/cdn/shop/files/APLB_-_Glutathione_Niacinamide_Facial_Cream_55_ML-removebg.jpg?v=1774465390
23705,ALTA,ARENCIA Crema Hidratante Calmante Deep Water Surge Agua Glaciar y Ceramidas 110 ml,8809562192220,ARENCIA,"Crema facial de Arencia. Marca coreana de skincare ""fresh"", con boosters e ingredientes fermentados de alta concentración para tratamientos intensivos.",,"https://drive.google.com/file/d/16rbLg1FXwt1xFarzd70rrryY37JoiM7a/view
https://drive.google.com/file/d/1R-1bWL9r1TiyrUfYKSVBgOICSi2T7HXz/view
https://drive.google.com/file/d/1nFQ1_S5I5mKvBJS5FGgxzao3m4Fr-Jmh/view
https://drive.google.com/file/d/1XSFPzEe8hY6lf1Si7ChxEjBJFFVVVU3Y/view
https://drive.google.com/file/d/1xodiNx23f3WLJ9o_2uX_8DFt8HIHfs_s/view
https://drive.google.com/file/d/1fB8SmKSqdTalRO7oMW1xvnv3SL-WFx99/view"
23397,ALTA,ARENCIA Limpiador Facial Purificante Fresh Green Rice Mochi Arroz y Té Verde 120 g,8809562190738,ARENCIA,"Limpiador facial de Arencia. Marca coreana de skincare ""fresh"", con boosters e ingredientes fermentados de alta concentración para tratamientos intensivos.",,"https://drive.google.com/file/d/1uHaq5xKwDeHHp2F8Ua3HArZPhF7SRugc/view
https://drive.google.com/file/d/13jkCgyPWigrYcyv1pJGlK3ym4dpqL435/view
https://drive.google.com/file/d/1x0k0xHF2tynNOdnCLkCPILQh10aF8qnj/view
https://drive.google.com/file/d/1OvK4ps5awyYEAJuOifHKzwkebOFLPpiC/view
https://drive.google.com/file/d/1s5Ptgudu4b6J19RJFTVISABTN0j7yZDs/view
https://drive.google.com/file/d/1OOBYtAFMAifDZ9j1D_0MJi9AqEo65H34/view"
23464,ALTA,ARENCIA Limpiador Facial Calmante Blue Hyssop Rice Mochi Hisopo Azul y Pantenol 120 g,8809562191070,ARENCIA,"Producto de skincare/belleza de Arencia formulado con extracto de arroz. extracto de arroz: aporta luminosidad e hidratación. Marca coreana de skincare ""fresh"", con boosters e ingredientes fermentados de alta concentración para tratamientos intensivos.",,"https://drive.google.com/file/d/1A6g1j_zJv4mhT53DPhKo4UYk1iZQp1Ns/view
https://drive.google.com/file/d/14Z93C-iqc6d3QgJkDlkprLHUIAm7sAgt/view
https://drive.google.com/file/d/1mbVeLkVOgeUt0LyljMQDUhETa8MTALk9/view
https://drive.google.com/file/d/17sEclUNlixog-scd65i5RjuQM9lG6f-S/view
https://drive.google.com/file/d/1FNMxulneWA3BCXJH1bxmYDU4tRseB1gL/view
https://drive.google.com/file/d/10n1bayNUkv0RZfwExfSw9yyLpOXpRQb5/view"
23675,ALTA,ARENCIA Sérum Facial Revitalizante Fresh Red Smoothie Frutos Rojos y Niacinamida 30 g,8809562191889,ARENCIA,"Sérum/esencia de Arencia. Marca coreana de skincare ""fresh"", con boosters e ingredientes fermentados de alta concentración para tratamientos intensivos.",,"https://drive.google.com/file/d/1XkCC58UXa1wNxgsAq0jUOq6S7HBmo0Fd/view
https://drive.google.com/file/d/16NYc6mgGtwtU5UW33tL_9jQ6bdvRVSXs/view
https://drive.google.com/file/d/1CmNXqyMvKEORGJ-CdyQInZTfrJHRYhAR/view
https://drive.google.com/file/d/14-Fb2X0r6AfSKS4ZnUwICj1V6yBkDMzq/view
https://drive.google.com/file/d/1suvELVwOsz5PpJqqtoQTNfAFAJaL40s-/view
https://drive.google.com/file/d/12ZSFcTyO34ZeqrhvPCaR-HeEhKgvvji0/view"
23431,ALTA,ARENCIA Limpiador Facial Iluminador Fresh Rosehip Rice Mochi Rosa Mosqueta y Vitamina C 120 g,8809562190745,ARENCIA,"Producto de skincare/belleza de Arencia. Marca coreana de skincare ""fresh"", con boosters e ingredientes fermentados de alta concentración para tratamientos intensivos.",,"https://drive.google.com/file/d/1jiqNHZVBBP2HDYHETSz9rOq8x8qUBeUH/view
https://drive.google.com/file/d/1PBh_UZsmG-4arDYP6U4A38Mhc_vqEotX/view
https://drive.google.com/file/d/1lezUgsaMG8JANBH2yWyQR3ww0TcFl3dh/view
https://drive.google.com/file/d/17ctD1zGBBhZrhlgZVk6xJL5v7tKv7kh5/view
https://drive.google.com/file/d/1Vu3KQfhHuhg4UHsyLlkpXI8852ii88Jz/view
https://drive.google.com/file/d/1ZZgda6WI4noM93BvfhbgSDc13OwM41p3/view"
23699,ALTA,ARENCIA Limpiador de Poros Green Tea + LHA Deep Pore Rice Cake Té Verde y Arroz 150 g,8809562191971,ARENCIA,"Limpiador facial de Arencia formulado con exfoliantes químicos (AHA/BHA) y extracto de té verde. exfoliantes químicos (AHA/BHA): renueva la textura de la piel; extracto de té verde: calma y aporta antioxidantes. Marca coreana de skincare ""fresh"", con boosters e ingredientes fermentados de alta concentración para tratamientos intensivos.",,"https://drive.google.com/file/d/16Mrt2WJ_rL4PvIsHOE_qsQClVZKQGRH2/view
https://drive.google.com/file/d/1xgozIO90puiJYDg_v60GA1ABGrgqMrEz/view
https://drive.google.com/file/d/1by1-PplArcSt7S1-bCLp92-5z_8pLsTZ/view
https://drive.google.com/file/d/1vrmOZQhwTq9LxseZ5-C05dtvKlObJgWr/view
https://drive.google.com/file/d/17nbFMb6-81kDxm1U5GxwSJsXWWI6MIAe/view
https://drive.google.com/file/d/1t9rM37K2kWgIl818itepPshKX4dzjIIi/view"
23466,ALTA,ARENCIA Sérum Facial Holy Hyssop 30 Hidratación Profunda con Hisopo y Prebióticos 50 g,8809562190820,ARENCIA,"Sérum/esencia de Arencia. Marca coreana de skincare ""fresh"", con boosters e ingredientes fermentados de alta concentración para tratamientos intensivos.",,"https://drive.google.com/file/d/1Ty9_yJXtbOPmuUhmbukwiY0euA7aKy_y/view
https://drive.google.com/file/d/1OvJtfXiqT7yV5y1S-9ycGT7xGi-MtATx/view
https://drive.google.com/file/d/1Lc-sQtpLZO8gE10wVRzggQcR9itaB_PP/view
https://drive.google.com/file/d/1Duk1ZgTGxzz0RtXQTuH_urN0ND1MCXkU/view
https://drive.google.com/file/d/1oyRmhWconAqIWKppsDlqn7Wwjl_V_KDc/view
https://drive.google.com/file/d/1gNJrvlchm0kkcc9iPALP2d0OsVRbPrL8/view"
8169,ALTA,ARENCIA Sérum Facial Reparador PDRN Booster Shot Rosy Iluminador 30 ml,8809562193173,ARENCIA,"Arencia PDRN Booster Shot Serum Facial Reparador e Iluminador Rosy – 30 ml

Serum Facial Arencia PDRN Booster Shot, un innovador booster coreano reparador y antiedad, formulado con ingredientes de última generación para transformar tu rutina de skincare.

¿Qué beneficios ofrece?
Regeneración intensiva: Gracias al exclusivo PDRN de salmón y extracto de rosa, este serum fomenta la reparación celular, ideal para pieles sensibles, con rojeces o signos de fatiga.
Efecto reafirmante y antiedad: Los péptidos y la adenosina ayudan a mejorar la firmeza y elasticidad, atenuando líneas de expresión y signos del envejecimiento.
Hidratación profunda y duradera: La combinación de ácido hialurónico multicapa, pantenol y ceramidas fortalece la barrera cutánea y aporta hidratación intensa, restaurando la luminosidad natural de la piel.
Unifica el tono y calma la piel: La niacinamida disminuye manchas y mejora la textura, mientras que el pantenol alivia irritaciones, devolviendo un aspecto saludable y radiante.

Apto para todo tipo de piel: Especialmente recomendado para quienes buscan un serum reparador, reafirmante e hidratante, incluso en pieles reactivas o con pérdida de firmeza.

Ingredientes clave
PDRN de salmón & Rosa
Péptidos
Niacinamida
Pantenol
Ácido hialurónico multicapa
Ceramidas
Adenosina
Modo de uso
Aplicar sobre el rostro limpio y seco, utilizando 2-3 gotas.
Masajear suavemente hasta su total absorción.
Continuar con tu crema hidratante habitual.
Recomendado para uso diario, mañana y noche, como parte de tu rutina coreana de cuidado facial.

Calidad superior y garantía coreana
K Beauty original: Producto fabricado en Corea del Sur bajo los más altos estándares.
Dermatológicamente testeado
No testeado en animales
Libre de parabenos
Apto para piel sensible
Redescubrí la belleza de una piel revitalizada, firme y luminosa con el Serum Facial Arencia PDRN Booster Shot. ¡Incorporá la innovación coreana a tu rutina diaria y sentí la diferencia desde la primera aplicación!",,https://acdn-us.mitiendanube.com/stores/324/065/products/medidas-skinko-web-10-0255a66a21ebc31fc517873419216488-640-0.webp
23709,ALTA,ARENCIA Aceite Limpiador Pore Melt Mochi Salvado de Arroz y Jojoba 200 ml,8809562192572,ARENCIA,"Limpiador facial de Arencia. Marca coreana de skincare ""fresh"", con boosters e ingredientes fermentados de alta concentración para tratamientos intensivos.",,"https://drive.google.com/file/d/1s6lgMvLxxIEabu86Xsnqa0GQhXYkO8gJ/view
https://drive.google.com/file/d/1hg1x9hQ0UOry1cddSnKvPd1XjJfRiOMP/view
https://drive.google.com/file/d/14LDXGn8PNzvRDstbnpQqkNWFHHsasKXK/view
https://drive.google.com/file/d/1ZAJi8N2qPGHMTAB6Xd81XzaCgBy1yUHR/view
https://drive.google.com/file/d/1e-7-0ZKPq9XypQIR27TtKZHxuNdjvfkk/view
https://drive.google.com/file/d/1hcWXPbLjDI_gUsYryfGLmFWx7yFiOl4w/view"
23707,ALTA,ARENCIA Mascarilla Facial Hidratante Red Collagen Jello Camelia y Adenosina 4 unidades,8809562192251,ARENCIA,"Mascarilla facial de Arencia formulado con colágeno. colágeno: aporta firmeza y elasticidad. Marca coreana de skincare ""fresh"", con boosters e ingredientes fermentados de alta concentración para tratamientos intensivos.",,"https://drive.google.com/file/d/1VXCZDt4PpaWKeL_se1PfrWRhDLD_Dbs7/view
https://drive.google.com/file/d/1W1yjYJmnXhqffZE7-KfXArOVoBlbkewF/view
https://drive.google.com/file/d/17BKRB-5xvfti3Fg4qk6Tk5eKnHbgPyxN/view
https://drive.google.com/file/d/1xluri4-8-GK8rGwicAb0qdgf9ohGFNAs/view
https://drive.google.com/file/d/1hBPaGbC9lx71Y3IZx8dKxvfunvSaPqzt/view
https://drive.google.com/file/d/1dMoRcq42zMgS4wts174W5ByU2EbIsAy6/view"
23751,ALTA,ARENCIA Concentrado Facial Renovador Retinal Booster Shot Bakuchiol y Péptidos 30 ml,8809562192763,ARENCIA,"Ampolla/booster concentrado de Arencia formulado con retinol/retinal. retinol/retinal: estimula la renovación celular anti-edad. Marca coreana de skincare ""fresh"", con boosters e ingredientes fermentados de alta concentración para tratamientos intensivos.",,"https://drive.google.com/file/d/1SrMVRkkMC09cDjDFPe1QmWVbNKwNHH3b/view
https://drive.google.com/file/d/1xniw8aDI5q0JBc0LaI-Sye06mA04HzLd/view
https://drive.google.com/file/d/1D4MPDinHNieVqPHJ8snqpq2N3GcRcOMi/view
https://drive.google.com/file/d/1a9d02ywFJ7t4bdDmtHHDGFIL3tpyPNcp/view
https://drive.google.com/file/d/1Tsfu6ge-b0pATiUMm6OUf6XU2ZgjF818/view
https://drive.google.com/file/d/1dEtKcNyWzO88BxUXnHHBQmFGkvMrm8Jv/view"
23725,ALTA,ARENCIA Concentrado Facial Iluminador Vitamin C Booster Shot Vitamina C Pura 30 ml,8809562192770,ARENCIA,"Serum facial en formato frasco con gotero para tratamiento iluminador y perfeccionador de tono de uso en el rostro, formulado con Vitamina C Pura (50,000 ppm), Glutatión y Niacinamida, que reduce la opacidad, unifica el tono y aporta luminosidad saludable de forma progresiva con el uso constante, diseñado para pieles opacas, con tono irregular o aspecto cansado.

¿Por qué elegirlo?

Complejo Dual de Vitamina C: Combina Vitamina C Pura con derivados estables (3-O-Ethyl Ascorbic Acid) para asegurar la máxima eficacia sin la oxidación rápida de otros sueros.

Potencia Antioxidante Sinergizada: La mezcla de Glutatión y Vitamina E potencia la acción de la Vitamina C, creando un escudo protector contra los radicales libres y el daño ambiental.

Textura de Absorción Rápida: Su fórmula ligera penetra profundamente sin dejar sensación pegajosa, permitiendo que la piel se sienta fresca y lista para los siguientes pasos de la rutina.

Acción Multicorrectora: No solo ilumina, sino que gracias a la Niacinamida, ayuda a refinar la textura de los poros y mejora la claridad general de la piel.

¿Por qué lo amamos?

Este ""shot"" de energía es el favorito para transformar pieles apagadas en cutis radiantes. Basándonos en paneles de consumidores y reseñas en sitios especializados de cosmética coreana:
El 96% de las opiniones en la web destacan que la piel luce notablemente más fresca y luminosa tras las primeras dos semanas de aplicación.
El 92% de los testimonios resaltan una mejora visible en la uniformidad del tono y la reducción de manchas leves causadas por el sol o el cansancio.

Resultados destacados: Los usuarios valoran positivamente que, a pesar de su alta concentración, la inclusión de Pantenol y Alantoína ayuda a mantener la piel cómoda y calmada durante el tratamiento.

Beneficios

Mejora visiblemente la opacidad y aporta un brillo saludable.
Unifica el tono de la piel y reduce la apariencia de manchas.
Refina la textura cutánea para un rostro más suave y liso.
Protege contra el estrés oxidativo y los agresores externos.
Mantiene la hidratación y calma la piel mientras entrega activos potentes.

Modo de uso

Día: Aplicar una pequeña cantidad sobre la piel limpia y seca. Es indispensable finalizar con protector solar para proteger los resultados y la sensibilidad de la piel. Se recomienda usar día por medio al iniciar.
Noche: Aplicar una capa delgada sobre todo el rostro o en áreas específicas con opacidad antes de tu crema hidratante.

Consejo de experto: Si es tu primera vez usando Vitamina C de alta concentración, comienza aplicándolo cada dos días para que tu piel se adapte gradualmente.

Cuidado y precauciones
Solo para uso externo.
Realizar una prueba de parche en el antebrazo antes del primer uso.
Evitar el uso simultáneo con retinoides, ácidos exfoliantes fuertes (AHA/BHA) o productos con peróxido de benzoilo.
Mantener el envase bien cerrado en un lugar fresco y oscuro para evitar la oxidación prematura de la vitamina C.

Ingredientes: Dual Vitamin C Complex (50,000 ppm): Una mezcla de Ácido Ascórbico Puro y derivado etilado que trabaja activamente en la síntesis de colágeno y en la inhibición de la producción excesiva de melanina.
Glutatión: Conocido como el antioxidante maestro, trabaja en conjunto con la Vitamina C para reciclarla en la piel, potenciando el efecto iluminador y despigmentante.
Pantenol y Alantoína: Ingredientes calmantes que aseguran que la entrega de activos potentes se realice de manera gentil, minimizando cualquier potencial sensación de hormigueo o irritación.

INCI: Water, 3-O-Ethyl Ascorbic Acid (50,000 ppm), Butylene Glycol, Glycerin, Niacinamide, 1,2-Hexanediol, Ascorbic Acid, Glutathione, Tocopherol (Vitamin E), Panthenol, Allantoin, Sodium Hyaluronate, Adenosine, Ethylhexylglycerin, Disodium EDTA, Xanthan Gum, Polyglyceryl-10 Laurate, Dipropylene Glycol.



Información Técnica del Producto

Tipo de piel: Piel opaca, cansada, con tono irregular o madura.
Función cosmética: Serum booster iluminador y antioxidante.
Textura (vehículo): Serum fluido tipo ""droplet"" de rápida penetración.
Efecto en el cuidado de la piel: Rostro luminoso, tono unificado, textura refinada y protección antioxidante.",,https://drive.google.com/file/d/1j3Rx9fg2fhBamw7lhBOYMn76DyVJQDNE/viewhttps://drive.google.com/file/d/11ycbR6OztBFAXr7HS-vPLQYXk61qr1vT/viewhttps://drive.google.com/file/d/1dcTeJga85iH4BqKGUnaPSn4_VnlT4VEW/viewhttps://drive.google.com/file/d/1Rbf5zOlMQDSXbH-jUAZTxVm6L8LzmMWZ/viewhttps://drive.google.com/file/d/1K1FAzEFdQ1UTBSiBw55n27x0TSPWOEe8/viewhttps://drive.google.com/file/d/1WfM-uIXwZnVZUJ96BMal8v8MUD3cKwky/view
30023,BAJA,AROMATICA Kit de Cuidado Capilar Rosemary Scalp,8809238963963,AROMATICA,,30023,"https://drive.google.com/file/d/1_NNcmrYFqIQOdmHMkGqDQzAxXG-z8KpH/view
https://drive.google.com/file/d/1dHhmSXd4Lu9ma4ia_9dOYkYq7tn8ac_4/view
https://drive.google.com/file/d/1KZq2VL92Nd1ZIkx_DbxnXlCv02Jzgsqr/view
https://drive.google.com/file/d/1HwRvd9jpRbRP97TlemOVpUvUTmNFaW8M/view
https://drive.google.com/file/d/1xmUr8ATKga74hIqqlYWWjf8fW1weZf2k/view
https://drive.google.com/file/d/1LBFxadWQtHercatugt-tJu1xJeZNBtdr/view"
29815,BAJA,AROMATICA Gel de Higiene Íntima Pure & Soft,8809151130510,AROMATICA,,29815,"https://drive.google.com/file/d/1FDsqmBza05Fl74pnTY8F-W_CebigNL9a/view
https://drive.google.com/file/d/1awuY23gL9G8VmNtXsZrdtFRFEF3XvmaQ/view
https://drive.google.com/file/d/11FFSfzrWvBHMRH9mjHRH4cDvsJisHgPN/view
https://drive.google.com/file/d/1iibIwMaC-HG2KPr7rr-FA0D_LTL7jCWJ/view"
30021,BAJA,AROMATICA Acondicionador Capilar Rosemary,8809238967213,AROMATICA,,30021,"https://drive.google.com/file/d/1r_mlnaKbqNNr1o4vDt-KQp8VAYuOWh7u/view
https://drive.google.com/file/d/1KaDsu0556q3X38Y4ZxuQHRS2aeZyUy_s/view
https://drive.google.com/file/d/1TyqD19OcqSLCXFJZbSPMmqm4Jq5kbTXn/view"
30026,BAJA,AROMATICA Ampolla para Raíces Rosemary,8809151135041,AROMATICA,,30026,"https://drive.google.com/file/d/14wyi4xxntCQfQScHh9Gf3DI94S9wecnJ/view
https://drive.google.com/file/d/1_2a0OnmK_ZTIZ65rtrjHFA70V7Sceo-O/view
https://drive.google.com/file/d/1Qgkw-HBzDepcdB6AgiVWkboejsSEdo0N/view
https://drive.google.com/file/d/1oxMxAP-wfypJVtxIzhLJDneA8p_L2qZ1/view"
30022,BAJA,AROMATICA Tónico Fortalecedor de Raíces Rosemary,8809151133573,AROMATICA,,30022,"https://drive.google.com/file/d/1U_wWoKYXQU0KPySC8F3EVnPfReZJw5g6/view
https://drive.google.com/file/d/1j_8oDM-WeVmD5ZUP7Sd5r5CxIdZvVTtA/view
https://drive.google.com/file/d/1LUEmPctbutT4crEXj8zquMrxuLI-QL4w/view
https://drive.google.com/file/d/1Pm0zMu1WjKntIMhCZ0i32OzrsaQ8qxKt/view"
30025,BAJA,AROMATICA Shampoo para Cuero Cabelludo Rosemary,8809151133504,AROMATICA,,30025,"https://drive.google.com/file/d/1nYf5xNfPsVu9f4oJpmUtHffpsb5qddFE/view
https://drive.google.com/file/d/1nGk1rtOvgoCzEUqI3F50fR9DBJjMIq6q/view
https://drive.google.com/file/d/1iA6GQzDOAo8bORxehEzwRAc3aih6Q3E0/view"
29608,BAJA,AROMATICA Exfoliante Capilar Rosemary Scalp Scrub Romero 165 g,8809238963031,AROMATICA,,29608,"https://drive.google.com/file/d/1O9r8Iv3BQ_aNFg0CF31rzmZuxoJ09I3L/view
https://drive.google.com/file/d/1oMLdiGrYXSEQ8y0Tq_0FJ5BCE2VLoYBD/view
https://drive.google.com/file/d/1mjie2E5a8tsUHwa-7BGvQ4IPiTqG_96y/view
https://drive.google.com/file/d/1NNCmT69L0HTck2swdfXXskzzUlI7h6QR/view"
26682,BAJA,AXIS-Y Sérum Antimanchas Dark Spot Correcting Glow,8809634610034,AXYS,,26682,"https://drive.google.com/file/d/1fqrtTtI_lM5gJ2c2riez7SThL1Gqmfkw/view
https://drive.google.com/file/d/1GIzfZ-AbfhuI_Twzvpd_n58o_hQ-9sdo/view
https://drive.google.com/file/d/1KccWsXGQA23jwZfgup2CUaNHsZGVUpCv/view"
26794,BAJA,AXIS-Y Tónico Antimanchas Dark Spot Correcting Glow,8809634610959,AXYS,,26794,"https://drive.google.com/file/d/18PblUrQGFxwEl274UkW1SaM1oVTjfL0v/view
https://drive.google.com/file/d/1oU6z0f3p7TK4wvHS8ZDLkRicVeTsH60x/view
https://drive.google.com/file/d/14EJx_Wo474pTKMxj6UmxSOJoHmCTyDJM/view"
8168,BAJA,AXIS-Y Set Dúo Glass Skin,8809634611246,AXYS-Y,"Kit Axis Y Glass Skin Duo Set. Rutina facial coreana de 2 pasos con sérum iluminador y crema hidratante para lograr el efecto Glass Skin. Formulado con Niacinamida, Ácido Hialurónico, Centella Asiática, Escualano y activos botánicos que ayudan a hidratar profundamente, iluminar la piel, unificar el tono, fortalecer la barrera cutánea y mejorar la textura. Ideal para quienes buscan skincare coreano, rutina facial hidratante, rutina para glass skin, tratamiento para piel opaca, sérum iluminador, crema facial hidratante, rutina para manchas y cuidado diario para todo tipo de piel.

Si querés conseguir una piel luminosa, hidratada y con ese aspecto saludable característico del skincare coreano, este kit reúne dos de los productos más populares de AXIS Y. La combinación del sérum y la crema aporta hidratación de larga duración, ayuda a mejorar el tono de la piel y deja un acabado fresco y natural sin sensación pesada.

¿Qué incluye el kit?
Axis Y Dark Spot Correcting Glow Serum 50 ml
Axis Y Panthenol 10 Skin Smoothing Shield Cream 50 ml

Una rutina simple de dos pasos para hidratar, iluminar y fortalecer la piel.

¿Qué es?

Es un kit de cuidado facial diseñado para conseguir una piel más uniforme, hidratada y luminosa. Combina un sérum con Niacinamida para mejorar el aspecto de manchas y opacidad junto con una crema rica en Pantenol que fortalece la barrera cutánea y mantiene la hidratación durante todo el día.

Paso en la rutina

Paso 1: Limpieza facial.

Paso 2: Tónico (opcional).

Paso 3: Aplicar el Dark Spot Correcting Glow Serum.

Paso 4: Aplicar la Panthenol Skin Smoothing Shield Cream.

Paso 5: Finalizar con protector solar durante el día.

Momento de uso: Mañana y noche.

Beneficios principales
Ayuda a conseguir el efecto Glass Skin.
Ilumina la piel apagada.
Mejora la apariencia de manchas y marcas.
Hidrata profundamente.
Fortalece la barrera cutánea.
Calma pieles sensibles.
Mejora la elasticidad.
Deja un acabado luminoso sin sensación grasosa.
¿Por qué lo vas a amar?
Incluye una rutina completa de hidratación e iluminación.
Dos productos icónicos de AXIS Y en un solo kit.
Ideal para quienes empiezan en el skincare coreano.
Texturas livianas y de rápida absorción.
Excelente opción para uso diario durante todo el año.
Ingredientes destacados
Niacinamida

Ayuda a disminuir la apariencia de manchas, unificar el tono y mejorar la luminosidad natural de la piel.

Pantenol (Vitamina B5)

Fortalece la barrera cutánea, calma la piel sensible y mantiene una hidratación prolongada.

Ácido Hialurónico

Aporta hidratación intensa y ayuda a mantener la piel flexible y con aspecto saludable.

Centella Asiática

Contribuye a calmar la piel, reducir la irritación y favorecer la reparación de la barrera cutánea.

Escualano

Nutre la piel y ayuda a evitar la pérdida de hidratación sin dejar sensación pesada.

Extractos Botánicos

Aportan acción antioxidante y ayudan a mantener la piel equilibrada y protegida frente a agresores externos.

Textura
Sérum: Gel ligero de rápida absorción con acabado luminoso.
Crema: Crema liviana y sedosa que hidrata profundamente sin dejar sensación grasa.",8168,
26737,BAJA,AXIS-Y Tratamiento Localizado Spot the Difference Blemish,8809634610249,AXYS,,26737,"https://drive.google.com/file/d/10_S7L0cKAaZ_9D4myWHzJTkZe9c-PufU/view
https://drive.google.com/file/d/1QZU9YYyJQ_VW95QOYMRLqbZVIcpbz9FS/view
https://drive.google.com/file/d/1Or3QrTOgHojQfRf8H-P_go-rc6bgle6e/view
https://drive.google.com/file/d/1xMiOFkyzjDs8tkX_9rfSfV6uprCUoIQc/view"
26736,BAJA,AXIS-Y Limpiador Facial Sunday Morning Refreshing,8809634610096,AXYS,,26736,"https://drive.google.com/file/d/1jTzm9YHDa6Hr8uGo4aSFb9qGU_kZlLCA/view
https://drive.google.com/file/d/1x0OvYlX-krAEAmdJwfmn3Bu5G5nz4G43/view
https://drive.google.com/file/d/1sU6NzQXO7thk1G_QSvxHLZlHT4__rzMY/view
https://drive.google.com/file/d/16EDpOnOBAU6vGn0NHbVQH_OoXU3axeNY/view"
26804,BAJA,AXIS-Y Crema Intensiva TXA 2.5%,8809634611178,AXYS,,26804,"https://drive.google.com/file/d/1LaI3oeTwY4fU-eDg0CB-UdlDbzpdEKCX/view
https://drive.google.com/file/d/198p93MQvTtSQdFz9RFhwa2ybp-YI3rQj/view
https://drive.google.com/file/d/1MBb0smdaxIu0czA2fj8S6FwPkDovRSif/view
https://drive.google.com/file/d/19dBATnU9jW1HAixWZpvgY9wArtLSancJ/view"
26743,BAJA,AXIS-Y Sérum para Contorno de Ojos Vegan Collagen,8809634610881,AXYS,"Beauty Of Joseon es una marca que ofrece una variedad de productos para el cuidado de la piel facial. Si buscas protegerla y mantenerla en forma, esta puede ser una buena opción.

Es hipoalergénico
Este producto disminuye las posibilidades de una reacción alérgica, por ello, puede resultar útil para aquellas personas con piel sensible o irritable.

Libre de parabenos
Los productos libres de parabenos son una buena opción para el cuidado de pieles sensibles o para quienes eligen productos sin conservantes artificiales.",26743,"https://drive.google.com/file/d/1hsXL47iFv_aoG7dT6BVJVkkG_4ELLba9/view
https://drive.google.com/file/d/1XgSpNW89_ZNanfhqz-bg7_wRF0nLaEDY/view
https://drive.google.com/file/d/16JcYc3tDD_jzXmOXSgrdHHg7vzuyUfN1/view
https://drive.google.com/file/d/1SNMi3Tw-ks8Uz43-ci_o-1J84LW4uR-n/view"
5355,BAJA,BAREN Aceite para Uñas Dual Effect 2 ml,8809524370390,BAREN,,5355,"https://drive.google.com/file/d/1Q11nuxGZHCHgVXn7JJWsZ3e93mIARzTJ/view
https://drive.google.com/file/d/1tdTcD13WbTpY7lpJuD3Uv-MhQdWXyqWO/view"
627,BAJA,BAREN Removedor Eléctrico de Callosidades Power Type,8809928119779,BAREN,,627,"https://drive.google.com/file/d/1LqCoCljGeeVAbu3OF4Ui74lF8TtZlAL2/view
https://drive.google.com/file/d/1Y7Axbj4bIEoU836OmDXPZEmfjwv9uUh8/view
https://drive.google.com/file/d/1WLjWPcWtvA7OpCTaAdAAufDpZUfjlKj5/view"
614,BAJA,BAREN Jabón de Manos en Espuma 300 ml,8809524370307,BAREN,,614,"https://drive.google.com/file/d/1HZhi_IzL3WGQYheqwAKnA51U_v_LxNLu/view
https://drive.google.com/file/d/1_j6aHNUHNj7tsjHWKzwCjkhNq5woafdn/view
https://drive.google.com/file/d/1HQCsev25bCPAUH7dXA_6rg8h_JZ0cBas/view
https://drive.google.com/file/d/1alZxqO9r2Mp05uD4aRlba7ji1fWkK2ku/view"
599,BAJA,BAREN Lima y Exfoliante para Pies Foot File & Peeling,8809524370093,BAREN,"Limpieza profunda: El aceite de soja se utiliza como ingrediente base para disolver suavemente la suciedad, los residuos y los restos de maquillaje que se acumulan en la piel.

Tecnología de limpieza micelar: La micela es una partícula compuesta de agua y aceite. Cuando entra en contacto con la piel, las moléculas de aceite atraen y absorben los residuos de suciedad y maquillaje como un imán, al mismo tiempo que suministran humedad profundamente en la piel.

Ingredientes clave:

- Aceite de soja 50% Este es un aceite amigable con la piel extraído de Glycine Soja que consiste en ácido oleico, ácido linoleico y ácido linolénico. Disuelve suavemente las impurezas sin obstruir los poros de la piel y, al mismo tiempo, actúa como un agente acondicionador para suavizar la piel.

- Aceite de semilla de ginseng 0.1% El aceite de semilla de ginseng ayuda a proteger la piel de estímulos externos. Además, su único y acogedor aroma a hierba te ayuda a disfrutar de la limpieza de manera más cómoda.


Modo de uso:
Después de bombear el aceite limpiador 1-2 veces, masajea suavemente sobre el rostro seco. Luego enjuaga suavemente con agua tibia y limpia con un limpiador en espuma una vez más.",599,"https://drive.google.com/file/d/1SifmVM7tqtCq-I4RCaNP71RGsWH43iLb/view
https://drive.google.com/file/d/1E3MQK0XnBYx2Hn9tumXV1lvSRxDVgqo4/view
https://drive.google.com/file/d/1Fr3micpIQFgaC3HUyQEW340h_S2ZuWPu/view"
604,BAJA,BAREN Mascarilla Nocturna para Talones con Manteca de Karité,8809980444505,BAREN,,604,"https://drive.google.com/file/d/10WcxY1dzcnzqMeuJnaXHwILB4ja2VSAZ/view
https://drive.google.com/file/d/16-T8I44i95QSZzIVGUFgB2Q9m5cboGb7/view
https://drive.google.com/file/d/16fZEzqnlD1Qfk9TxVKwEVWUTnfeva6sK/view
https://drive.google.com/file/d/1ctyIlA8NCUhD3yJYhKexHgU2AyBV2FRc/view"
613,BAJA,BAREN Crema Hidratante para Pies Silky Finish 40 ml,8809524370208,BAREN,,613,"https://drive.google.com/file/d/1T78RzKUXLBGcv4qbtbB93tB5Eq9K_9Nf/view
https://drive.google.com/file/d/10nD-78wiBGs-WIAw39jQ81Z0honf9OAS/view
https://drive.google.com/file/d/1x_sWfXJFkJABBqQvdlgv-2ynbU5ZUG5N/view
https://drive.google.com/file/d/1DVresMSDXOqtQxHf2usF0-DPQNZ9DwkN/view"
3023,BAJA,BB LAB Biotin Collagen V,8809514649482,BBLAB,,3023,https://drive.google.com/file/d/1ULg4NxFMLK4NEzD0RkT3m0dcTdVxZq6i/view
3103,BAJA,BB LAB Collagen Polvo Halal,8809514649857,BBLAB,,3103,https://drive.google.com/file/d/1gyx8Xv9WYEO_EPR1VhM3mDUViSOJGbzW/view
3009,BAJA,BB LAB Glutathione Collagen W,8809514649468,BBLAB,,3009,https://drive.google.com/file/d/12Uz6NuC3QevVSfAjT7N0sCrU7spRURMu/view
3045,BAJA,BB LAB Colágeno Hidrolizado de Bajo Peso Molecular Halal,8809514649840,BBLAB,"Limpiador Refrescante de Ciruela Verde, su formulación suave ligeramente ácida, aprovecha el poder de extractos derivados de plantas de ciruela y semillas de frijol mungo para lograr justo eso.

Fórmula hipoalergénica y ligeramente ácida: La piel sana es ligeramente ácida debido a los componentes ácidos secretados por las glándulas sudoríparas y sebáceas. Cuando estos componentes ácidos disminuyen, la defensa de la piel se debilita, lo que facilita que la piel se vuelva sensible. El Limpiador Refrescante de Ciruela Verde es un limpiador ligeramente ácido que ayuda a limpiar el rostro sin dañar la barrera cutánea natural.

Fórmula en gel hidratante: No reseca la piel y proporciona una sensación de humedad incluso después de la limpieza.


Ingredientes Clave:

- Agua de ciruela 24%: Suaviza las células muertas de la piel y la hidratan.
- Extracto de semilla de frijol mungo 3%: Los frijoles mungo son efectivos para exfoliar. Además, la saponina contenida en el frijol mungo ayuda a mantener la piel húmeda durante mucho tiempo al promover la creación de humedad.",3045,
3116,BAJA,BB LAB Low Molecular Coll 5500,8809948521545,BBLAB,,3116,
2855,BAJA,BB LAB Low Molecular Collagens,8809514649451,BBLAB,,2855,
3130,BAJA,BB LAB Low Molecular Pro Sti50,8809514642223,BBLAB,,3130,
2952,BAJA,BB LAB Pantothenic Acid Collag,8809514649420,BBLAB,,2952,
1179,BAJA,BEAUTY OF JOSEON Sérum Calmante Green Tea 30 ml,8809738316412,BEAUTY OF JOSEON,"Beauty Of Joseon es una marca que ofrece una variedad de productos para el cuidado de la piel facial. Si buscas protegerla y mantenerla en forma, esta puede ser una buena opción.

Es hipoalergénico
Este producto disminuye las posibilidades de una reacción alérgica, por ello, puede resultar útil para aquellas personas con piel sensible o irritable.

Libre de parabenos
Los productos libres de parabenos son una buena opción para el cuidado de pieles sensibles o para quienes eligen productos sin conservantes artificiales.",1179,
24381,BAJA,BEAUTY OF JOSEON Sérum Calmante Green Tea + Panthenol Té Verde y Pantenol 60 ml,8809968130918,BEAUTY OF JOSEON,"Beauty Of Joseon es una marca que ofrece una variedad de productos para el cuidado de la piel facial. Si buscas protegerla y mantenerla en forma, esta puede ser una buena opción.

Es hipoalergénico
Este producto disminuye las posibilidades de una reacción alérgica, por ello, puede resultar útil para aquellas personas con piel sensible o irritable.

Libre de parabenos
Los productos libres de parabenos son una buena opción para el cuidado de pieles sensibles o para quienes eligen productos sin conservantes artificiales.",24381,"https://drive.google.com/file/d/10BalRMhddwIEhxIJ6OlbwNjoZmBODTp1/view
https://drive.google.com/file/d/1TOPYOjyXpkM5gdhKm_H_WLVdXS7jomor/view
https://drive.google.com/file/d/1LzPeg47wHFRheaylXxPCJLve1AMkDI-d/view
https://drive.google.com/file/d/101OgspTurGL4gChQAWQkOITsq1KkH4s5/view
https://drive.google.com/file/d/178Z9rA0Dbx-6-tM9WvEYa9495yRu3_6-/view
https://drive.google.com/file/d/1NcNKtsDLUmGrppxNvCMGm2vWbRsdCu70/view"
1181,BAJA,BEAUTY OF JOSEON Crema Hidratante Dynasty Cream 50 ml,8809525249565,BEAUTY OF JOSEON,"Crema hidratante nutritiva inspirada en las recetas tradicionales de belleza de la dinastía Joseon. Combina ingredientes botánicos, niacinamida y ceramidas para hidratar en profundidad, mejorar la elasticidad y aportar un brillo saludable sin sensación pesada. Ideal para quienes buscan una hidratación equilibrada y duradera.

Beneficios clave

Hidratación profunda y de larga duración
Fortalece la barrera cutánea con ceramidas
Ilumina y mejora el tono gracias a la niacinamida

Textura nutritiva pero no pesada

Aporta un acabado radiante y saludable

TIPO DE PIEL
Todo tipo de piel: seca, normal, mixta y sensible.
Especialmente ideal para piel deshidratada o con barrera debilitada.

¿En qué paso de la rutina se usa?
Último paso de la rutina de cuidado, antes del protector solar en AM o como sello de hidratación en PM.

Ingredientes principales
Agua de arroz y hierbas fermentadas: iluminan y suavizan
Niacinamida: unifica el tono y mejora la textura
Ceramidas: fortalecen y protegen la barrera de la piel
Ginseng: energiza y aporta antioxidantes
Ácido hialurónico: ayuda a retener hidratación

Modo de uso
Aplicar una cantidad adecuada sobre rostro y cuello, masajeando suavemente hasta su absorción. Se puede usar de día y de noche.

Textura / acabado
Crema nutritiva de textura sedosa. Acabado radiante, hidratado y flexible sin sensación pesada.

? Tips / Curiosidades

Ideal para usar antes del maquillaje para lograr “glass skin”

Se puede mezclar con unas gotas de suero para ajustar la hidratación

Precauciones: Sólo para uso externo. Evitar el contacto directo con los ojos. Si se produce contacto, enjuague bien con agua. Ante cualquier síntoma adverso discontinuar su uso y consultar con un médico.Mantener fuera del alcance de los niños. Almacenar lejos de la luz solar directa. 

Ingredientes: Water, Glycerin, Hydrogenated Polydecene, 1,2-Hexanediol, Niacinamide, Squalane, Butylene Glycol, Propanediol, Butylene Glycol Dicaprylate/Dicaprate, Cetearyl Olivate, Sorbitan Olivate, Ammonium Acryloyldimethyltaurate/Vp Copolymer, Xanthan Gum, Panax Ginseng Root Water, Acrylates/C10-30 Alkyl Acrylate Crosspolymer, Tromethamine, Carthamus Tinctorius (Safflower) Seed Oil, Hydrogenated Coconut Oil, Glyceryl Acrylate/Acrylic Acid Copolymer, Oryza Sativa (Rice) Bran Water, Ethylhexylglycerin, Adenosine, Caprylic/Capric Triglyceride, Disodium Edta, Hyaluronic Acid, Hydrolyzed Hyaluronic Acid, Sodium Hyaluronate, Honey Extract, Ceramide Np, Hydrogenated Lecithin, Coptis Japonica Root Extract, Raphanus Sativus (Radish) Seed Extract, Theobroma Cacao (Cocoa) Seed Extract, Lycium Chinense Fruit Extract.",1181,https://acdn-us.mitiendanube.com/stores/324/065/products/boj-ecom-7-52ded6bbcb8f0bca6317636696073994-640-0.webp
23044,BAJA,BEAUTY OF JOSEON Tónico Esencia Revitalizante Ginseng Essence Water Niacinamida 150 ml,8809738310960,BEAUTY OF JOSEON,,23044,"https://drive.google.com/file/d/1tw-ayz5xmUmHdob_kPV6ZPKRca1QElMD/view
https://drive.google.com/file/d/1oOKENblUsrYPUfcDowr80c0FMeGVQiGb/view
https://drive.google.com/file/d/1FXYjHh1iLWzVA0BH37lf9r7Jz77mlScI/view
https://drive.google.com/file/d/181jHRNtM5PHU4Dccy5paPzYoMY2kkk0K/view
https://drive.google.com/file/d/1AKjHCsZukWNaWgLyroge9a-3xVzfpH86/view
https://drive.google.com/file/d/1_8RJ_dDVqt0zFR8iL4VTll2IRaxBZ5Y8/view"
1247,BAJA,BEAUTY OF JOSEON Aceite Limpiador Ginseng Cleansing Oil 210 ml,8809738315866,BEAUTY OF JOSEON,,1247,https://drive.google.com/file/d/1UCsaEgXm6fpPSOgss4kWcOSihzqOyIiW/view
1252,BAJA,BEAUTY OF JOSEON Sérum Iluminador Glow Deep Rice + Alpha Arbutin 30 ml,8809738312728,BEAUTY OF JOSEON,,1252,
24385,BAJA,BEAUTY OF JOSEON Sérum Iluminador Glow Deep Rice + Alpha Arbutin 60 ml,8809968130871,BEAUTY OF JOSEON,,24385,"https://drive.google.com/file/d/1ZSPm09UlXBvc_KMn-bYcbmG_oRbjCyMo/view
https://drive.google.com/file/d/1fKvYf2jPoAfkhcvkacAQP2tCs0UMju5Q/view
https://drive.google.com/file/d/1SHAIrQw3MjakYNGKHdFIZlz-wQ5HVqlZ/view
https://drive.google.com/file/d/1vk2SPLPLN_ERNSCDAWQFdqekUatpfq1s/view
https://drive.google.com/file/d/1dXheOXNt5d86sb6-H6PxnMGIY0Ie4jOf/view
https://drive.google.com/file/d/1I_RduftDvcK9QfQYXzjnv2ZevCog0UOT/view"
1639,BAJA,BEAUTY OF JOSEON Leche Facial Iluminadora Glow Replenishing Rice Milk 150 ml,8809968130239,BEAUTY OF JOSEON,,1639,https://drive.google.com/file/d/1hHn3GvPc3jHIvz2e86VB-5uLnu70dYNX/view
1649,BAJA,BEAUTY OF JOSEON Sérum Iluminador Glow Propolis + Niacinamida 30 ml,8809657114960,BEAUTY OF JOSEON,,1649,
24383,BAJA,BEAUTY OF JOSEON Sérum Iluminador Glow Propolis + Niacinamida 60 ml,8809968130895,BEAUTY OF JOSEON,"La Mascarilla Facial Biodance - Bio-Collagen Real Deep Mask es la solución ideal para quienes buscan una hidratación profunda y efectiva para todo tipo de piel. Con un peso neto de 34 g, esta mascarilla está formulada con ingredientes de alta calidad como colágeno, galactomyces, niacinamida y ácido hialurónico, que trabajan en sinergia para revitalizar y rejuvenecer la piel.

Diseñada para ser hipoalergénica y libre de fragancias, gluten y parabenos, esta mascarilla es perfecta para quienes tienen piel sensible o buscan productos más naturales. Su método de uso es sencillo y cómodo, permitiendo que cualquier persona pueda disfrutar de una experiencia de spa en la comodidad de su hogar.

Dermatológicamente testeada y libre de crueldad, la Mascarilla Facial Biodance refleja un compromiso con la ética y el bienestar de los consumidores. Al incorporar esta mascarilla en tu rutina de cuidado facial, notarás una piel más hidratada, luminosa y saludable en poco tiempo. 

Transforma tu rutina de belleza con la Mascarilla Facial Biodance y descubre el poder del bio-colágeno para una piel radiante y rejuvenecida. Ideal para un momento de autocuidado o como parte de tu régimen diario de belleza, esta mascarilla es un must-have en tu colección de productos de cuidado personal.",24383,"https://drive.google.com/file/d/1Lh211EzS0tkGPF--lwRjkwmCk7gY_5gA/view
https://drive.google.com/file/d/1DtNrjm5uqJeRhLiK5MdjriZWWXc4DB4Q/view
https://drive.google.com/file/d/1Ob5pVIo_ZiG5PbFOweyFseWZpVwvJROg/view
https://drive.google.com/file/d/1V3EbhgXPCQGD2UbQhE39rH77m3vkh1Xz/view
https://drive.google.com/file/d/1QUBdeRf00AoiJDKgTNvBHv92CAvAQWCs/view
https://drive.google.com/file/d/14tqGC99jUL3-8zjfqFJosbz4QdNVMZ7l/view"
1822,BAJA,BEAUTY OF JOSEON Limpiador Facial en Gel Green Plum Refrescante 100 ml,8809738314678,BEAUTY OF JOSEON,"Qué es: Una mascarilla facial tipo gel altamente concentrada diseñada para calmar, hidratar y nutrir la barrera cutánea.

Tipo de piel: Normal, seca y mixta  
Preocupaciones del cuidado de la piel: Sequedad y enrojecimiento  
Formulación: Mascarilla

Ingredientes destacados:  
- D-pantenol: Proporciona hidratación intensa y calma la piel.  
- Ceramidas de cinco capas: Refuerza la barrera cutánea.  
- Agua glacial: Refuerza la barrera de humedad.

Qué más necesita saber: Esta mascarilla está formulada con D-pantenol, que se encuentra comúnmente en ungüentos para bebés, que calma la piel y refuerza la barrera cutánea. También contiene ceramidas y ácido hialurónico que proporcionan una hidratación intensa.

Resultados clínicos: Basado en un estudio clínico de 22 mujeres, de 20 a 60 años, con una encuesta de autoevaluación:  
- El 100% estuvo de acuerdo en que la temperatura de la piel se enfría inmediatamente, lo que proporciona un efecto refrescante y calmante, y un efecto hidratante que dura 150 horas.",1822,https://drive.google.com/file/d/1FascImTh1-0wlygE7LEp3wVqyjgteGp7/view
1845,BAJA,BEAUTY OF JOSEON Mascarilla Iluminadora Ground Rice and Honey Arroz y Miel 150 ml,8809968130246,BEAUTY OF JOSEON,"Mascarilla Facial Biodance Radiant Vita Niacinamide Real Deep Mask 34 g

Ilumina, hidrata y ayuda a unificar el tono de la piel

La Biodance Radiant Vita Niacinamide Real Deep Mask es una mascarilla facial de hidrogel desarrollada para aportar luminosidad, hidratación profunda y mejorar la apariencia del tono de la piel. 

Su fórmula combina ingredientes reconocidos en el cuidado facial como Niacinamida, Agua de Piña y Glutatión, que trabajan en conjunto para dejar la piel con un aspecto más uniforme, fresco y radiante.

Su innovadora tecnología de hidrogel se adapta perfectamente al rostro y libera la esencia de forma gradual, favoreciendo una mejor absorción de los ingredientes activos durante varias horas de uso.

Es ideal para quienes buscan revitalizar una piel apagada, mejorar la apariencia de manchas visibles causadas por el sol o el paso del tiempo y conseguir un rostro más luminoso y saludable.

Beneficios

* Ayuda a mejorar la luminosidad natural de la piel.
* Contribuye a unificar el tono del rostro.
* Proporciona hidratación profunda y duradera.
* Favorece una piel con aspecto más suave y uniforme.
* Ayuda a mejorar la apariencia de manchas visibles.
* Exfoliación suave para una textura más refinada.
* Aporta antioxidantes que ayudan a proteger la piel frente al estrés ambiental.
* Mascarilla de hidrogel con excelente adherencia.
* Apta para todo tipo de piel.
* Dermatológicamente testeada.
* Cruelty Free.

Ingredientes principales

Agua, Agua de fruto de ananá (Ananas sativus), Glicerina, Copolímero de acrilatos, Niacinamida, 1,2-Hexanodiol, Goma de algarrobo (Ceratonia siliqua), Betaína, Musgo de Irlanda (Chondrus crispus), Laurato de poliglicerilo-10, Cloruro de potasio, Sacarosa, Triisoestearato de poliglicerilo-2, Alantoína, Agar, Goma de celulosa, Etilhexilglicerina, Butilenglicol, Adenosina, Extracto de pera (Pyrus communis), Goma de esclerocio, EDTA disódico, Agua de rosas (Rosa damascena), Extracto de hoja de neem (Melia azadirachta), Extracto de flor de neem (Melia azadirachta), Extracto de raíz de lirio de Florencia (Iris florentina), Extracto de ananá (Ananas sativus), Aceite de espino amarillo (Hippophae rhamnoides), Extracto de melón (Cucumis melo), Extracto de raíz de cúrcuma (Curcuma longa), Extracto de hoja/tallo de hiedra (Hedera helix), Extracto de hoja de albahaca sagrada (Ocimum sanctum), Extracto de alga Corallina officinalis, Tocoferol, Hialuronato de sodio, Ácido hialurónico hidrolizado, Gluconolactona, Nitruro de boro, Caprilil glicol, Hialuronato de hidroxipropiltrimonio, Glutatión, Hialuronato acetilado de sodio, Ácido hialurónico, Hialuronato de sodio hidrolizado, Polímero cruzado de hialuronato de sodio, Hialuronato de potasio.

Ideal para personas que desean:

* Mejorar la apariencia del tono desigual.
* Aportar luminosidad a pieles opacas o cansadas.
* Complementar una rutina despigmentante.
* Mantener una hidratación intensa.
* Conseguir una piel con aspecto más uniforme y saludable.

Modo de uso

Uso diurno

1. Limpia completamente el rostro.
2. Aplica tónico o sérum si forma parte de tu rutina.
3. Coloca la mascarilla sobre el rostro limpio.
4. Déjala actuar entre **3 y 4 horas**, o hasta que el hidrogel se vuelva transparente.
5. Retírala y masajea suavemente la esencia restante hasta su completa absorción. No es necesario enjuagar.

Uso nocturno

1. Realiza tu rutina habitual de skincare.
2. Coloca la mascarilla como último paso.
3. Déjala actuar durante toda la noche.
4. Retírala por la mañana y masajea la esencia restante sobre la piel.

Consejo de uso

Las piezas correspondientes a los ojos y la boca pueden utilizarse en otras zonas que necesiten mayor hidratación, como:

* Contorno de ojos.
* Cuello.
* Laterales de la nariz.
* Líneas de expresión.
* Mentón.

Precauciones

* Solo para uso externo.
* Evitar el contacto directo con los ojos.
* No aplicar sobre piel irritada o con heridas.
* Suspender el uso en caso de irritación o molestias.
* Mantener fuera del alcance de los niños.
* Conservar en un lugar fresco y seco, protegido de la luz solar directa.

Contenido del envase

* 1 Mascarilla Facial Biodance Radiant Vita Niacinamide Real Deep Mask.
* Contenido neto: 34 g.

¿Por qué elegir Biodance?

Biodance desarrolla productos de cuidado facial que combinan ingredientes de alta calidad con tecnología de hidrogel para ofrecer una liberación gradual de la esencia y una hidratación prolongada. Su enfoque está orientado a mejorar el equilibrio natural de la piel mediante fórmulas cuidadosamente seleccionadas y aptas para el uso frecuente.

Ideal para quienes buscan una piel más luminosa, hidratada y con un tono visiblemente más uniforme desde la comodidad de su hogar.

----------------------------------------------------------------------------------------------------

100% ORIGINALES DE COREA DEL SUR
En nuestra tienda te garantizamos la autenticidad absoluta de cada producto. Trabajamos e importamos directamente desde Corea del Sur para ofrecerte lo mejor del K-Beauty y el cuidado personal, con fórmulas originales, cerradas y con los más altos estándares de calidad. ¡Cuidá tu piel con la tranquilidad de comprar original!

IMPORTANTE ANTES DE REALIZAR TU COMPRA

STOCK: Todos los productos publicados están disponibles y listos para ser enviados. ¡Comprá con confianza!

COMPRA DE VARIOS PRODUCTOS: Para realizar la compra de varios productos y que te lleguen juntos, te recomendamos utilizar el botón de ""Agregar al carrito"" que se encuentra al lado de ""Comprar"". Luego de verificar que están todos los productos agregados, podés realizar la compra desde el carrito. Si realizás las compras por separado, por cuestiones logísticas NO podremos enviártelas en un solo paquete.

MEDIOS DE PAGO: Se abona a través de Mercado Pago de forma 100% segura con tarjeta de crédito, tarjeta de débito, efectivo (Rapipago y Pagofácil) o dinero en cuenta.

FORMAS DE ENVÍO y RETIRO:

MERCADO ENVÍOS: Envíos a todo el país. Colocando tu código postal en el calculador de la publicación, podrás visualizar el costo exacto y el tiempo estimado de entrega antes de realizar la compra.

ENVÍO FLEX: Realizando la compra antes de las XX:XX hs, estarás recibiendo tu pedido EN EL MISMO DÍA. Servicio habilitado únicamente de lunes a viernes, válido para CABA y GBA. (Las entregas se realizan en el transcurso de la tarde).

ACORDAR CON EL VENDEDOR: Esta opción es válida para aquellos que desean retirar su compra en nuestro depósito en el horario de lunes a viernes de XX:XX a XX:XX hs.

¿DÓNDE ESTAMOS UBICADOS?
Capital Federal – Barrio de Villa Crespo

GARANTÍA Y DEVOLUCIONES:
Tu satisfacción es lo primero. Se pueden realizar devoluciones de forma gratuita hasta 30 días desde que te llegó la compra. El producto tiene que estar en las mismas condiciones en que lo recibiste. Si la devolución es por arrepentimiento, al tratarse de productos de cosmética y cuidado personal, es condición indispensable que el producto esté sin uso, cerrado y en el mismo empaque original que te llegó.

Sin garantía",1845,https://drive.google.com/file/d/1hHn3GvPc3jHIvz2e86VB-5uLnu70dYNX/view
2897,BAJA,BEAUTY OF JOSEON Protector Solar Relief Sun Aqua Fresh 50 ml,8809968130277,BEAUTY OF JOSEON,"Mascarilla Facial Biodance Refreshing Sea Kelp Real Deep Mask 34 g

Hidratación profunda y efecto calmante para piel grasa, mixta y con tendencia acneica

La Biodance Refreshing Sea Kelp Real Deep Mask es una mascarilla facial de hidrogel diseñada para hidratar profundamente, calmar la piel y ayudar a equilibrar el exceso de oleosidad. 

Su fórmula combina 10% de Alga Marina (Sea Kelp) y 5% de Agua de Mar Profunda, ingredientes ricos en minerales que ayudan a mejorar la apariencia de la piel, reducir el enrojecimiento y proporcionar una sensación de frescura inmediata.

Además, incorpora activos reconocidos en el cuidado facial como Péptidos de Colágeno de Bajo Peso Molecular, Galactomyces, Ácido Hialurónico Oligo y Niacinamida, que trabajan en conjunto para mantener la piel hidratada, mejorar su textura y aportar un aspecto más uniforme y luminoso.

Su tecnología de hidrogel permite una excelente adherencia al rostro, favoreciendo una liberación gradual de la esencia durante varias horas para maximizar la hidratación.

Beneficios

* Hidratación profunda y prolongada.
* Ayuda a equilibrar el exceso de oleosidad.
* Contribuye a mejorar la apariencia de los poros.
* Efecto calmante sobre pieles con enrojecimiento.
* Favorece una piel más suave, uniforme y luminosa.
* Ayuda a mejorar la textura de la piel.
* Excelente opción para piel mixta, grasa o con tendencia acneica.
* Mascarilla de hidrogel con ajuste cómodo y alta adherencia.
* Fórmula hipoalergénica.
* Libre de ingredientes agresivos y dermatológicamente testeada.
* Apta para pieles sensibles.
* Cruelty Free.

Ingredientes principales

Agua, Filtrado de fermento de Lactobacillus/Alga Kelp, Glicerina, Dipropilenglicol, Copolímero de acrilatos, Goma de algarrobo (Ceratonia siliqua), Musgo de Irlanda (Chondrus crispus), Agua de mar, Betaína, Algina, Agar, Hidroxiacetofenona, 1,2-Hexanodiol, Cloruro de potasio, Sacarosa, Caprilil glicol, Agua de alga Laminaria digitata, Alantoína, Goma xántica, Laurato de poliglicerilo-10, Etilhexilglicerina, Extracto de hoja de neem (Melia azadirachta), EDTA disódico, Extracto de pera (Pyrus communis), Ácido cítrico, Agua de rosas (Rosa damascena), Extracto de flor de neem (Melia azadirachta), Extracto de raíz de lirio de Florencia (Iris florentina), Butilenglicol, Extracto de melón (Cucumis melo), Extracto de hoja/tallo de hiedra (Hedera helix), Extracto de alga Laminaria japonica, Glicirrizato dipotásico, Extracto de alga Kjellmaniella gyrata, Extracto de centella asiática (Centella asiatica), Lisado de fermento de Bifida, Lactosa, Fermento de Lactobacillus, Extracto de spirulina (Spirulina platensis), Extracto de alga Jania rubens, Tocoferol, Pantenol, Madecasósido.

Resultados observados por consumidores

-Mejoras en la apariencia de los poros.
-Piel más hidratada.
-Piel con mayor luminosidad.
-Disminución del enrojecimiento.

Resultados reportados por consumidores según pruebas realizadas por la marca.

Modo de uso

Uso nocturno

1. Realiza tu rutina habitual de limpieza facial.
2. Aplica tónico y/o sérum si lo deseas.
3. Coloca la mascarilla sobre el rostro limpio.
4. Déjala actuar durante toda la noche.
5. Retírala a la mañana siguiente y masajea la esencia restante hasta su completa absorción.

Uso diurno

1. Limpia y prepara la piel.
2. Coloca la mascarilla sobre el rostro.
3. Déjala actuar entre **3 y 4 horas**, o hasta que el hidrogel se vuelva transparente.
4. Retírala y masajea suavemente el producto restante. No es necesario enjuagar.

Consejo de uso

Las piezas correspondientes a los ojos y la boca pueden colocarse en zonas que necesiten hidratación adicional, como:

* Contorno de ojos.
* Laterales de la nariz.
* Cuello.
* Líneas de expresión.
* Mentón.

Precauciones

* Solo para uso externo.
* Evitar el contacto directo con los ojos.
* No aplicar sobre piel irritada, lesionada o con heridas abiertas.
* Suspender el uso si aparece irritación o alguna reacción desfavorable.
* Mantener fuera del alcance de los niños.
* Conservar en un lugar fresco y seco, alejado de la luz solar directa.

Contenido

1 Mascarilla Facial Biodance Refreshing Sea Kelp Real Deep Mask.
Contenido neto: **34 g**.

¿Por qué elegir Biodance?

Los productos Biodance están desarrollados para ofrecer resultados visibles mediante el uso de ingredientes cuidadosamente seleccionados, priorizando el equilibrio de la piel y una hidratación duradera. Su tecnología de hidrogel permite una absorción gradual de la esencia, brindando una experiencia de cuidado facial cómoda, efectiva y apta incluso para pieles sensibles.

Ideal para quienes buscan controlar la oleosidad, mejorar la apariencia de los poros, reducir el enrojecimiento y conseguir una piel más hidratada, fresca y luminosa con una sola mascarilla.

----------------------------------------------------------------------------------------------------

100% ORIGINALES DE COREA DEL SUR
En nuestra tienda te garantizamos la autenticidad absoluta de cada producto. Trabajamos e importamos directamente desde Corea del Sur para ofrecerte lo mejor del K-Beauty y el cuidado personal, con fórmulas originales, cerradas y con los más altos estándares de calidad. ¡Cuidá tu piel con la tranquilidad de comprar original!

IMPORTANTE ANTES DE REALIZAR TU COMPRA

STOCK: Todos los productos publicados están disponibles y listos para ser enviados. ¡Comprá con confianza!

COMPRA DE VARIOS PRODUCTOS: Para realizar la compra de varios productos y que te lleguen juntos, te recomendamos utilizar el botón de ""Agregar al carrito"" que se encuentra al lado de ""Comprar"". Luego de verificar que están todos los productos agregados, podés realizar la compra desde el carrito. Si realizás las compras por separado, por cuestiones logísticas NO podremos enviártelas en un solo paquete.

MEDIOS DE PAGO: Se abona a través de Mercado Pago de forma 100% segura con tarjeta de crédito, tarjeta de débito, efectivo (Rapipago y Pagofácil) o dinero en cuenta.

FORMAS DE ENVÍO y RETIRO:

MERCADO ENVÍOS: Envíos a todo el país. Colocando tu código postal en el calculador de la publicación, podrás visualizar el costo exacto y el tiempo estimado de entrega antes de realizar la compra.

ENVÍO FLEX: Realizando la compra antes de las XX:XX hs, estarás recibiendo tu pedido EN EL MISMO DÍA. Servicio habilitado únicamente de lunes a viernes, válido para CABA y GBA. (Las entregas se realizan en el transcurso de la tarde).

ACORDAR CON EL VENDEDOR: Esta opción es válida para aquellos que desean retirar su compra en nuestro depósito en el horario de lunes a viernes de XX:XX a XX:XX hs.

¿DÓNDE ESTAMOS UBICADOS?
Capital Federal – Barrio de Villa Crespo

GARANTÍA Y DEVOLUCIONES:
Tu satisfacción es lo primero. Se pueden realizar devoluciones de forma gratuita hasta 30 días desde que te llegó la compra. El producto tiene que estar en las mismas condiciones en que lo recibiste. Si la devolución es por arrepentimiento, al tratarse de productos de cosmética y cuidado personal, es condición indispensable que el producto esté sin uso, cerrado y en el mismo empaque original que te llegó.

Sin garantía",2897,
2917,BAJA,BEAUTY OF JOSEON Sérum para Contorno de Ojos Revive Ginseng + Retinal 30 ml,8809738316146,BEAUTY OF JOSEON,,2917,https://drive.google.com/file/d/1-LyfKmPX0uzLc5yxO7fCUHgcNDD--sZ3/view
3412,BAJA,BEAUTY OF JOSEON Sérum Revitalizante Revive Ginseng + Snail Mucin 30 ml,8809738316139,BEAUTY OF JOSEON,,3412,https://drive.google.com/file/d/1P6hsDKW0oc4RnE3wrhM10zK4nKcXIaEd/view
24384,BAJA,BEAUTY OF JOSEON Sérum Revitalizante Revive Ginseng + Snail Mucin 60 ml,8809968130888,BEAUTY OF JOSEON,,24384,"https://drive.google.com/file/d/1Nmcdh0cqz6JFVxRdBQxR7bPUBAePREIR/view
https://drive.google.com/file/d/1LiW8vadh3hjvyiAtoe208ZhqQnPlOZPC/view
https://drive.google.com/file/d/1jANlWTRofW_ezKKoCD943wPo4frFBniV/view
https://drive.google.com/file/d/1d0ar0IkqApyg_BEMmJWjcEHQWNIec_IJ/view
https://drive.google.com/file/d/1FMuYujQdNDVfIBVD6NeCkTAWXtSDWrJ7/view
https://drive.google.com/file/d/1cYBKRrxHRnJ-K4eMFWgNF4IIDviUwOLL/view"
448,BAJA,BEAUTY OF JOSEON Parches Revitalizantes Revive Contorno de Ojos Ginseng y Retinal 60 unidades,8809968132523,BEAUTY OF JOSEON,,448,"https://drive.google.com/file/d/1vXI2laM5KWxTWSDQoED2fSM-_kqAPrPr/view
https://drive.google.com/file/d/1JmV2AXd-TIO43qCMog6h4qltORhLhxq8/view
https://drive.google.com/file/d/1tKQmyc3bcRBCuNlttMHHr84GUqMt2uBI/view
https://drive.google.com/file/d/1OB38QBCYL-2tHd4wM_jPQrXWH7Ilz4UT/view
https://drive.google.com/file/d/11qfeq7CcDc2XsULzfM0qIzi3lTrivhH3/view
https://drive.google.com/file/d/1KZgUbxZYh1D4lI3mi-BNhGfmTw4Y1B4p/view"
27432,BAJA,BEAUTY OF JOSEON Rutina de Día para Piel con Acné,,BEAUTY OF JOSEON,,27432,
27421,BAJA,BEAUTY OF JOSEON Rutina de Día para Piel Seca,,BEAUTY OF JOSEON,,27421,
27418,BAJA,BEAUTY OF JOSEON Rutina de Día para Piel Sensible,,BEAUTY OF JOSEON,,27418,
1974,BAJA,BEAUTY OF JOSEON Protector Solar en Barra Matte Sun Stick con Artemisa 18 g,8809864766884,BEAUTY OF JOSEON,,1974,https://drive.google.com/file/d/1hHn3GvPc3jHIvz2e86VB-5uLnu70dYNX/view
2793,BAJA,BEAUTY OF JOSEON Protector Solar Hidratante Relief Sun Rice + Probiotics SPF50+ 50 ml,8809782555508,BEAUTY OF JOSEON,,2793,https://drive.google.com/file/d/1t1lz-tQ6VsyzRtMWTPtL7Q8e0Be-EZLa/view
497,ALTA,BIODANCE Mascarilla Facial Refrescante Sea Kelp Niacinamida,,BIODANCE,"Mascarilla facial de Biodance formulado con niacinamida. niacinamida: unifica el tono y controla el sebo. Marca coreana especializada en mascarillas hidrogel bio-colágeno de tipo ""second-skin"", virales en redes por su efecto lifting inmediato.",34g,No encontrado en carpetas de BIODANCE
498,ALTA,BIODANCE Mascarilla Facial Bio Collagen Real Deep Hidratación Profunda,,BIODANCE,"Mascarilla facial de Biodance. Marca coreana especializada en mascarillas hidrogel bio-colágeno de tipo ""second-skin"", virales en redes por su efecto lifting inmediato.",34g,No encontrado en carpetas de BIODANCE
3516,ALTA,BIODANCE Mascarilla Facial Bio Collagen Real Deep Mask 1 unidad,8809937361060,BIODANCE,"Mascarilla facial de Biodance formulado con colágeno. colágeno: aporta firmeza y elasticidad. Marca coreana especializada en mascarillas hidrogel bio-colágeno de tipo ""second-skin"", virales en redes por su efecto lifting inmediato.

Hidratación profunda: el ácido oligo-hialurónico que se encuentra en la mascarilla profunda BIODANCE Bio-Collagen Real tiene un efecto hidratante que es superior al del ácido hialurónico regular. Hidrata rápidamente la superficie de la piel y penetra en las capas más profundas de la piel, lo que resulta en una tez sana e hidratada.

Apretación de los poros y reafirmante: el colágeno molecular ultrabajo maximiza la penetración y absorción de la piel. Refina los poros dilatados, mejora la elasticidad de la piel al instante después de la aplicación y suaviza visiblemente la apariencia de líneas finas y arrugas.

Fortalece la barrera de la piel: nuestra máscara de hidrogel contiene 3 tipos diferentes de probióticos que fortalecen la barrera de la piel y previenen el envejecimiento de la piel.

Hipoalergénico: esta mascarilla facial hidratante profunda está formulada con ingredientes no tóxicos y no irritantes. Está libre de ingredientes que causan reacciones alérgicas y otros 19 ingredientes duros y controvertidos. Es completamente seguro para pieles sensibles.

Biodance se centra en el equilibrio de ingredientes efectivos y resultados duraderos más allá de los efectos temporales.",34g,https://acdn-us.mitiendanube.com/stores/324/065/products/dbsdbssds-bde5103e70d3414df217775814258467-640-0.webp
3518,ALTA,BIODANCE Mascarilla de Hidrogel Hydro Cera-nol Real Deep Mask 34 g 4 unidades,8809937360971,BIODANCE,"Mascarilla facial de Biodance. Marca coreana especializada en mascarillas hidrogel bio-colágeno de tipo ""second-skin"", virales en redes por su efecto lifting inmediato.",34g,No encontrado en carpetas de BIODANCE
24388,ALTA,BIODANCE Mascarilla de Hidrogel Iluminadora Radiant Vita Niacinamide y Vitaminas 34 g,8809937361466,BIODANCE,"Mascarilla facial de Biodance formulado con niacinamida. niacinamida: unifica el tono y controla el sebo. Marca coreana especializada en mascarillas hidrogel bio-colágeno de tipo ""second-skin"", virales en redes por su efecto lifting inmediato.",,"https://drive.google.com/file/d/1RP8vHfmdHzNbvMi0QZJNSu369vI7xj_Z/view
https://drive.google.com/file/d/16bivOySxQzvsUrDSMGbowvqVL6W1rSH8/view
https://drive.google.com/file/d/1IXD6GwFsj7ACsUWy6AAbJWdPwpwgCKr5/view"
24386,ALTA,BIODANCE Mascarilla de Hidrogel Calmante Refreshing Sea Kelp Algas Marinas 34 g,8809937361480,BIODANCE,"Mascarilla facial de Biodance. Marca coreana especializada en mascarillas hidrogel bio-colágeno de tipo ""second-skin"", virales en redes por su efecto lifting inmediato.",,"https://drive.google.com/file/d/1vI3-_e6kMggwHLQPsiOi3IGsvSY1l-6T/view
https://drive.google.com/file/d/1mXHci_fXKrkaw6Yny8zFiq9nqVqae5ix/view
https://drive.google.com/file/d/1Zth5EeuCVZz-neYiZ9rW0vCqghT0GdqJ/view"
6269,ALTA,BIODANCE Mascarilla de Hidrogel Rejuvenecedora Caviar PDRN Real Deep 4 unidades,8809891184606,BIODANCE,"Mascarilla facial de Biodance formulado con PDRN (polinucleótidos). PDRN (polinucleótidos): estimula la regeneración y el efecto ""glass skin"". Marca coreana especializada en mascarillas hidrogel bio-colágeno de tipo ""second-skin"", virales en redes por su efecto lifting inmediato.",,No encontrado en carpetas de BIODANCE
3691,BAJA,BIOHEAL BOH Crema Hidratante Iluminadora Nad-Prizcell Glow Boost Glutatión 50 ml,8800316296614,BIOHEAL,,3691,"https://drive.google.com/file/d/1bzZaHdw6eKE9KlLLaVfd5IVZW4QU4BXO/view
https://drive.google.com/file/d/1Aq41b0uUQUPDfRTwZ4rXTPGT9pwtLWVD/view
https://drive.google.com/file/d/1l23jgwWgduuvI264iqWmUCwFcA0K1kPt/view
https://drive.google.com/file/d/1Xa9BYQkG3LL7T24t0TWsdLy7CPBcyyAv/view"
3690,BAJA,BIOHEAL BOH Sérum Facial Antiedad Nad-Prizcell Glow Power NAD+ y Niacinamida 30 ml,8800316292678,BIOHEAL,,3690,"https://drive.google.com/file/d/1Bf9LKhyVCEMXcdzlNY_yDN7tupzGZKQk/view
https://drive.google.com/file/d/1paEtW06-UBOQUYrwEQ19bqj0LeFkcCp4/view
https://drive.google.com/file/d/1JBh8mJRPzZ26HcAXqwnqesW1Iyj9v3gB/view
https://drive.google.com/file/d/1OrnX1g7rgdr1UT3xBKcjgbJA1LZi9Jwl/view"
3692,BAJA,BIOHEAL BOH Ampolla Reafirmante Probioderm 3D Lifting Probióticos y Péptidos 30 ml,8800316292104,BIOHEAL,,3692,"https://drive.google.com/file/d/1-4f1PZZ2ZEf5qFO4Gr8UodQmKiTA_f9R/view
https://drive.google.com/file/d/19TBsswt2qcUlM5p3b1kJG-5YihFWqIyr/view
https://drive.google.com/file/d/1VikdFdZc0k9BmMdHRxhx3W1ymC3rhGXE/view
https://drive.google.com/file/d/1XjAETomWm4Q6wuXDHrZDPNMax-c2_2jB/view"
3693,BAJA,BIOHEAL BOH Crema Reafirmante Nocturna Probioderm 3D Lifting Probióticos 50 ml,8809971480925,BIOHEAL,,3693,"https://drive.google.com/file/d/1Poxioz5_EiO30NPYV5s6sPxa40Kqkr9M/view
https://drive.google.com/file/d/1np4qnBMuMJNG-X4fajtCtUD9PFFCGe6V/view
https://drive.google.com/file/d/1JlD_4yHVr7qmMQKjeBxXQOtsNXYkZDKz/view
https://drive.google.com/file/d/1VZwOyVSoQVYObIDS8-BfHPEzBKbq3VNZ/view"
3694,BAJA,BIOHEAL BOH Contorno de Ojos Reafirmante Probioderm 3D Lifting Péptidos 2x25 ml,8809971483957,BIOHEAL,,3694,"https://drive.google.com/file/d/1ONn9TPGdmPlvJmyJdu7y6kgK3OSJzWG_/view
https://drive.google.com/file/d/1abthIW4IkvoaZvWe-SgpTEUL5UuOAUT-/view
https://drive.google.com/file/d/1pOUpdkjrxqjBsBCDVEnp1XnomIs7aYo4/view"
3695,BAJA,BIOHEAL BOH Sérum Reafirmante Probioderm Collagen Remodeling Colágeno y LHA 30 ml,8800296555565,BIOHEAL,,3695,"https://drive.google.com/file/d/1xW370r0e75iR-o5iPteX3psAGeqCAOKE/view
https://drive.google.com/file/d/13KAptS7Ri5TmcoJmmAmAtpaSjr0_md37/view
https://drive.google.com/file/d/1CFHJZYsxCOGrSoSf_UHJaOSJE2Ds8mqw/view
https://drive.google.com/file/d/10Gt_mn4VRU4KJZl_X4GeKZRmIdrlTnJq/view"
3963,BAJA,BIOHEAL BOH Protector Solar Reafirmante Probioderm 3D Lifting SPF50+ Colágeno 50 ml,8800276314847,BIOHEAL,,3963,"https://drive.google.com/file/d/17LlLN0RQNKnYxa4M2vQghv4kjTfm-6Ik/view
https://drive.google.com/file/d/1D_TragcueWsiETkfolYcHRFQbhR9iF-w/view
https://drive.google.com/file/d/1OEAprTg9_aIqUojPXzxTWceiJ3RAnKcw/view"
3966,BAJA,BIOHEAL BOH Parches Revitalizantes para Ojos Probioderm Collagen Remodeling 60 unidades,8809968208129,BIOHEAL,,3966,"https://drive.google.com/file/d/1pTFMjPnJ8g4XWJ686An5zaq258LbMzWO/view
https://drive.google.com/file/d/1hLEw6zmkESHC4eokSJ3GWtzUFtqhz-kh/view
https://drive.google.com/file/d/1XJwi6paVNjlQ4yzBIM1JLR73HNblAMrN/view"
3697,BAJA,BIOHEAL BOH Mascarilla de Hidrogel Reafirmante Probioderm Collagen Remodeling 30 g,8809968203773,BIOHEAL,,3697,"https://drive.google.com/file/d/17kMQ5mbhIlg2RMb6t5J1stdDQj3pF8f6/view
https://drive.google.com/file/d/17F4Zu6ISvtcLl77hpSxh-1QKMSp602eu/view
https://drive.google.com/file/d/1i5mVSbUnnpA0PcRQmW9jpZuZXl341sOQ/view"
3698,BAJA,BIOHEAL BOH Mascarilla de Tela Reafirmante Probioderm 3D Lifting Probióticos 25 ml,8800276315493,BIOHEAL,,3698,"https://drive.google.com/file/d/1lZkumD0C4c556zR0ZRETBx4iAMvR_DVQ/view
https://drive.google.com/file/d/1ksrbj5_iN_hD4D9mcK4KOoTVRz68Wthi/view
https://drive.google.com/file/d/1pXfXbarfhdW9zYR7fgQFj4dqqfKbgf3F/view"
3696,BAJA,BIOHEAL BOH Mascarilla Efecto Lifting Probioderm 3D Biotoksil PLGA Film 15 g,8800296555886,BIOHEAL,,3696,"https://drive.google.com/file/d/14DYg5oQyG6hRxHitJEVNJXhVCJaQm_3w/view
https://drive.google.com/file/d/1rgrDNQ185rr_RjdYWBRtZe57I35GBHgo/view
https://drive.google.com/file/d/1NOjlM22jh-AS910pvg7bUxZ3HRdPWJud/view"
4004,BAJA,BRING GREEN Gel Hidratante y Calmante Aloe 97% Aloe Vera de Jeju 300 ml,8809480775000,BRINGGREEN,"Gel/sérum calmante de Bringgreen formulado con aloe vera. aloe vera: hidrata y calma. Marca propia del grupo CJ Olive Young, con la línea Tea Tree Cica orientada a pieles grasas, sensibles y con tendencia acnéica.",,"https://drive.google.com/file/d/1ma4t5CKbKY_tuEoCOWq5hAN1rwOtGRoN/view
https://drive.google.com/file/d/1BP4CaHh8zTvQb-6rNb88mdAWClC7n56Z/view
https://drive.google.com/file/d/1cifTKhMnhgMo9Jg0SYdMHjqUQUvzgRLh/view"
4046,BAJA,BRING GREEN Papeles Matificantes Artemisia Oil Control Antibrillo 70 unidades,8809469476317,BRINGGREEN,"Aceite limpiador/tratamiento de Bringgreen. Marca propia del grupo CJ Olive Young, con la línea Tea Tree Cica orientada a pieles grasas, sensibles y con tendencia acnéica.",,"https://drive.google.com/file/d/1pOyC2YjnH2bvcKzKr1T29uk7Q2NnEH0E/view
https://drive.google.com/file/d/1IA1v3BRFUYLB5GgJqpbtTl1fbp1qBSbU/view
https://drive.google.com/file/d/1jzPPNyajvoWA76PL3E1rANU_P35KI3-c/view"
4048,BAJA,BRING GREEN Bálsamo Labial Hidratante Bamboo Hyalu Labios Suaves 25 ml Pack 2 Unidades,8809849808899,BRINGGREEN,"Producto de skincare/belleza de Bringgreen formulado con ácido hialurónico. ácido hialurónico: aporta hidratación profunda. Marca propia del grupo CJ Olive Young, con la línea Tea Tree Cica orientada a pieles grasas, sensibles y con tendencia acnéica.",,https://drive.google.com/file/d/1Q-MlSxmw0QLdosaACurEuEjm_DeAm-qt/viewhttps://drive.google.com/file/d/1f7LzuJb5pf57CmRERn_k9XUR2nddplNp/viewhttps://drive.google.com/file/d/13avpyhGQ81shyE5JIJpzYoZMKsc16S4j/viewhttps://drive.google.com/file/d/1U7vnHlvBYttT18mzYBhnZdGcYa2BiZDy/view
4049,BAJA,BRING GREEN Kit de Inicio Tea Tree Cica,8800296550492,BRINGGREEN,"Set/kit de Bringgreen que combina varios productos de la marca para una rutina completa. Marca propia del grupo CJ Olive Young, con la línea Tea Tree Cica orientada a pieles grasas, sensibles y con tendencia acnéica.",,"https://drive.google.com/file/d/1YGtDCVMjmWV9YPPNyveuNUmNgc39L38j/view
https://drive.google.com/file/d/1cLmIBTpDI-V-DWEYu4MJHejXL0y-Wrpk/view
https://drive.google.com/file/d/1esuUcDviYqPSYHQOWKgO3b4-4qrlouTN/view
https://drive.google.com/file/d/1ACN1SqrAs6paeoQQ1-LLAhbfaUKIEuqL/view"
4006,BAJA,BRING GREEN Espuma Limpiadora Purificante Tea Tree Cica Árbol de Té 120 ml,8809971487443,BRINGGREEN,"Limpiador facial de Bringgreen formulado con centella asiática (Cica) y árbol de té. centella asiática (Cica): repara la barrera cutánea y calma irritaciones; árbol de té: purifica pieles con tendencia acnéica. Marca propia del grupo CJ Olive Young, con la línea Tea Tree Cica orientada a pieles grasas, sensibles y con tendencia acnéica.",,"https://drive.google.com/file/d/1Rpnsc2ZhGrED4h6iGa7vTh_9KaZdogkl/view
https://drive.google.com/file/d/1puIvia1N52pv07SDWBH-xcKmAAm-Xm6W/view
https://drive.google.com/file/d/1unhh25nd7jMbYQCdAb332K0QAJwjxZtl/view"
4003,BAJA,BRING GREEN Protector Solar en Barra Tea Tree Cica Cooling SPF50+ Calmante 20 g,8809971481083,BRINGGREEN,"Bebida/infusión funcional de Bringgreen formulado con centella asiática (Cica) y árbol de té. centella asiática (Cica): repara la barrera cutánea y calma irritaciones; árbol de té: purifica pieles con tendencia acnéica. Marca propia del grupo CJ Olive Young, con la línea Tea Tree Cica orientada a pieles grasas, sensibles y con tendencia acnéica.",,"https://drive.google.com/file/d/1IfC-GW5B8UruZanMCSkfRRZ_iuPbvbs5/view
https://drive.google.com/file/d/10_srZbU8JFaF8sTaaNdIk5QmC_YjSjPo/view
https://drive.google.com/file/d/1J_t8sYOhSHUS0uX3wqoLHDqJ-mf2lQIO/view
https://drive.google.com/file/d/1nfOUHI3tEJMQVAB2tCN06H0DNugO7w5X/view"
4047,BAJA,BRING GREEN Parches Hidrocoloides Tea Tree Cica SOS Spot Imperfecciones 100 unidades,8809934250039,BRINGGREEN,"Bebida/infusión funcional de Bringgreen formulado con centella asiática (Cica) y árbol de té. centella asiática (Cica): repara la barrera cutánea y calma irritaciones; árbol de té: purifica pieles con tendencia acnéica. Marca propia del grupo CJ Olive Young, con la línea Tea Tree Cica orientada a pieles grasas, sensibles y con tendencia acnéica.",,"https://drive.google.com/file/d/10xcIItIh698_8jo_Z1e3ESS2nJdJhYNG/view
https://drive.google.com/file/d/1kM-yrci3N53xwkYP9evz5glsqg8NIWna/view
https://drive.google.com/file/d/17UKGAd_8goAF7fWrY15bZf_3lx0TUMze/view"
3996,BAJA,BRING GREEN Crema Calmante e Hidratante Tea Tree Cica Soothing Plus 100 ml,8809875906347,BRINGGREEN,"Crema facial de Bringgreen formulado con centella asiática (Cica) y árbol de té. centella asiática (Cica): repara la barrera cutánea y calma irritaciones; árbol de té: purifica pieles con tendencia acnéica. Marca propia del grupo CJ Olive Young, con la línea Tea Tree Cica orientada a pieles grasas, sensibles y con tendencia acnéica.",,"https://drive.google.com/file/d/1RP0c_jDG7v47LX3BaTDQqzMEWYrlplTi/view
https://drive.google.com/file/d/165tNfglKGeZ1oCpytdh4UyQr-fc7MW0z/view
https://drive.google.com/file/d/1HeAHO9-yT8IN-bkMgmZoIl8XUdJIKQ9Z/view"
3995,BAJA,BRING GREEN Tónico Calmante y Exfoliante Tea Tree Cica Árbol de Té 250 ml,8809864754270,BRINGGREEN,"Tónico facial de Bringgreen formulado con centella asiática (Cica) y árbol de té. centella asiática (Cica): repara la barrera cutánea y calma irritaciones; árbol de té: purifica pieles con tendencia acnéica. Marca propia del grupo CJ Olive Young, con la línea Tea Tree Cica orientada a pieles grasas, sensibles y con tendencia acnéica.",,"https://drive.google.com/file/d/1-f7rAlV1YTyctxFDZ0en17GyvfOZppde/view
https://drive.google.com/file/d/1bQtGstrBqeBdV-5BHn0n-KEF-xynKKWG/view
https://drive.google.com/file/d/1CAKeLmCIF0J8_TZCh1bHqkTMH5EBRD15/view"
4002,BAJA,BRING GREEN Parches Nasales Tea Tree Cica Puntos Negros y Poros 5 unidades,8809496775308,BRINGGREEN,"Bebida/infusión funcional de Bringgreen formulado con centella asiática (Cica) y árbol de té. centella asiática (Cica): repara la barrera cutánea y calma irritaciones; árbol de té: purifica pieles con tendencia acnéica. Marca propia del grupo CJ Olive Young, con la línea Tea Tree Cica orientada a pieles grasas, sensibles y con tendencia acnéica.",,"https://drive.google.com/file/d/1jdwxctA_VDnf-A7mnaT1arpPmWHdZaOh/view
https://drive.google.com/file/d/1a-lS4_pYZXvKhsoW-waIlisxd7pEdWtQ/view
https://drive.google.com/file/d/1qgW8kxMZts-_4x0C6OXQvCcJbGblJQWN/view"
4000,BAJA,BRING GREEN Mascarilla Facial Calmante Artemisia Cera Fresh Ceramidas 1 unidad,8809849807090,BRINGGREEN,"Mascarilla facial de Bringgreen. Marca propia del grupo CJ Olive Young, con la línea Tea Tree Cica orientada a pieles grasas, sensibles y con tendencia acnéica.",,No encontrado en carpetas de BRINGGREEN
3999,BAJA,BRING GREEN Mascarilla Purificante Bamboo Charcoal 90% Carbón de Bambú 1 unidad,8809849802798,BRINGGREEN,"Mascarilla facial de Bringgreen. Marca propia del grupo CJ Olive Young, con la línea Tea Tree Cica orientada a pieles grasas, sensibles y con tendencia acnéica.",,No encontrado en carpetas de BRINGGREEN
3998,BAJA,BRING GREEN Mascarilla Facial Iluminadora Super Lemon Glutathione Limón 1 unidad,8809849806406,BRINGGREEN,"Mascarilla facial de Bringgreen. Marca propia del grupo CJ Olive Young, con la línea Tea Tree Cica orientada a pieles grasas, sensibles y con tendencia acnéica.",,No encontrado en carpetas de BRINGGREEN
3997,BAJA,BRING GREEN Mascarilla Facial Calmante Tea Tree Cica 10 unidades,8809849802675,BRINGGREEN,"Mascarilla facial de Bringgreen. Marca propia del grupo CJ Olive Young, con la línea Tea Tree Cica orientada a pieles grasas, sensibles y con tendencia acnéica.",,No encontrado en carpetas de BRINGGREEN
22715,ALTA,A BY UNLEASHIA Bálsamo Labial con Volumen Berry Cool Plumping N°1 Ruby Kiss 2 g,8809647773092,A BY UNLEASHIA,"Gloss/tinta labial de A By Unleashia. Sub-línea de maquillaje de Unleashia, viral en TikTok, enfocada en acabados jugosos y luminosos (cushions, tintas y brillos).",,"https://drive.google.com/file/d/1QBBEba0DpM3ij_rcbkYJos1EgXBuwdrL/view
https://drive.google.com/file/d/1VOTOcdvoD0OQBHun-8dNZ115UpRWjPpl/view
https://drive.google.com/file/d/1-M7JIc1tQuKrRvoZif5jrd-7vK_csKeg/view
https://drive.google.com/file/d/103KQJhkNjLHFnMbNgZRKuE3sSU8TuWIS/view
https://drive.google.com/file/d/1muoRrAjIrMKKE9oOEY3a8nzToElDfFEl/view
https://drive.google.com/file/d/1sSbCFFhLqatpUKFplRSzp6yXK057TuLp/view"
22739,ALTA,A BY UNLEASHIA Bálsamo Labial con Volumen Berry Cool Plumping N°2 Peach Haze,8809647773108,A BY UNLEASHIA,"Gloss/tinta labial de A By Unleashia. Sub-línea de maquillaje de Unleashia, viral en TikTok, enfocada en acabados jugosos y luminosos (cushions, tintas y brillos).",,"https://drive.google.com/file/d/1TI2ORYM8up2fs5o-vlZnQND1M5G3uHOK/view
https://drive.google.com/file/d/15BthVU40gkjpGORzuzmS_nGzgkYCs8Pc/view
https://drive.google.com/file/d/1xCKkVeKRgiUrEYgNAkTTHF8w0r7TJfGN/view
https://drive.google.com/file/d/1sYGED6JJ9JnR_-VyTBJvUqLzxh_ny4mT/view
https://drive.google.com/file/d/1V5rCKZbgTHdfJLVIuQ_BIrc6Vve-Y18Q/view
https://drive.google.com/file/d/1AMYJmshvmI2bVckjdGqk_XNiX12mgolI/view"
22318,ALTA,A BY UNLEASHIA Paleta Multiusos Cotton Candy Face N°3 Rose Veil,8809647772200,A BY UNLEASHIA,"Producto de skincare/belleza de A By Unleashia. Sub-línea de maquillaje de Unleashia, viral en TikTok, enfocada en acabados jugosos y luminosos (cushions, tintas y brillos).",,"https://drive.google.com/file/d/1qdLKrMufbtPRys9hDDptEdvSdlIuQsYt/view
https://drive.google.com/file/d/1QirvpS32qCzYFAv0sjBlCdmaip_d0Rey/view
https://drive.google.com/file/d/1X5tgufPf7QJ0BVEVDaGfPlBTju77uR71/view
https://drive.google.com/file/d/17-Y_v7X0w8G27XMKZKCj7Nr19hdZ4oO2/view"
22405,ALTA,A BY UNLEASHIA Paleta Multiusos Cotton Candy Face N°4 Mystic Petal,8809647772217,A BY UNLEASHIA,"Producto de skincare/belleza de A By Unleashia. Sub-línea de maquillaje de Unleashia, viral en TikTok, enfocada en acabados jugosos y luminosos (cushions, tintas y brillos).",,"https://drive.google.com/file/d/1SKXoJdwC7Fv4g5Bf4T4ql5XcnZZn9BvJ/view
https://drive.google.com/file/d/172rGMwNYUoP9qx1eLoB2LsEaOvijwBrw/view
https://drive.google.com/file/d/1hj3iLnQSFVqZtohxVVfiYH0QqENAjl_g/view
https://drive.google.com/file/d/13C3hHmvYF5uO5Gvh_-dHJcm9Ubj1F6oR/view"
22434,ALTA,A BY UNLEASHIA Paleta Multiusos Cotton Candy Face N°6 Golden Bronze,8809647773016,A BY UNLEASHIA,"Producto de skincare/belleza de A By Unleashia. Sub-línea de maquillaje de Unleashia, viral en TikTok, enfocada en acabados jugosos y luminosos (cushions, tintas y brillos).",,"https://drive.google.com/file/d/1E_QxHWNkwjQUEWQPLq60_88-1-o03sTB/view
https://drive.google.com/file/d/1MA2cmVTj-RwjhyYy-gEvivbEavScLjO2/view
https://drive.google.com/file/d/1e5NoevrQ9ogcBwHVwXNlBGJWAFVlSTe4/view
https://drive.google.com/file/d/1LZhC0WA7S6pZLXstQzgyg7k2VpuHPTOF/view"
22316,ALTA,A BY UNLEASHIA Paleta Multiusos para Rostro y Ojos Cotton Candy N°2 Cocoa Mist 6.2 g,8809647772545,A BY UNLEASHIA,"Producto de skincare/belleza de A By Unleashia. Sub-línea de maquillaje de Unleashia, viral en TikTok, enfocada en acabados jugosos y luminosos (cushions, tintas y brillos).",,"https://drive.google.com/file/d/1OMYeHn0knef5bZ94ogxEaGjTgwrNmmc8/view
https://drive.google.com/file/d/126BE2gI5qigVtyKreBynAtsY5wF-_yWO/view
https://drive.google.com/file/d/1-12o5eEOAWRbdEaIGAz7L4lMityJ78lS/view
https://drive.google.com/file/d/13yoeXuQT7Gc7WcLLUVglu7a40pahBYl8/view"
22701,ALTA,A BY UNLEASHIA Tinta de Labios Efecto Nube Cloud Kiss Velvet N°1 Blush Pink 4 g,8809647772729,A BY UNLEASHIA,"Gloss/tinta labial de A By Unleashia. Sub-línea de maquillaje de Unleashia, viral en TikTok, enfocada en acabados jugosos y luminosos (cushions, tintas y brillos).",,"https://drive.google.com/file/d/1m2Hrz2LKeole_Gb81Ja5jXYXv-49qIrZ/view
https://drive.google.com/file/d/1qcq9M5xrgLHL4fLmbQkMjUocbZ6920OP/view
https://drive.google.com/file/d/1YOlAG-O6fVsJe10lziXtQIgp7_zvjW7D/view
https://drive.google.com/file/d/1hlangFntAAjpIbJ6D8RrmADW5UU_fvuo/view
https://drive.google.com/file/d/15_8wU21avi-rqlPuINDFJ7EtB09SawAi/view
https://drive.google.com/file/d/1sMg5bQgmus8O8BqXxZeMDkWWgk5OESC_/view"
22702,ALTA,A BY UNLEASHIA Tinta de Labios Efecto Nube Cloud Kiss Velvet N°2 Fancy,8809647772736,A BY UNLEASHIA,"Gloss/tinta labial de A By Unleashia. Sub-línea de maquillaje de Unleashia, viral en TikTok, enfocada en acabados jugosos y luminosos (cushions, tintas y brillos).",,"https://drive.google.com/file/d/1U-YE-04NogCBeM4aQk_QzSO3GAfhFGFa/view
https://drive.google.com/file/d/1LiJn_79jPpxuJ-dULX5SPksOhRbp47fT/view
https://drive.google.com/file/d/19hB2mhs2r2q0sfBJoirN4fnquDU0Fq2j/view
https://drive.google.com/file/d/1OhD2T07-FOwAxq4LsHXNSMfH44RejmKf/view
https://drive.google.com/file/d/1SZSg8mHgKaktR05uImrLTLodcIeK6JLc/view
https://drive.google.com/file/d/1_OrmgoCnLDy0SwO0UnR7tFgZ2yX5oG6T/view"
22740,ALTA,A BY UNLEASHIA Base de Maquillaje Hidratante Hey Dew Blue Cushion 18C Lucir 6 g,8809647772781,A BY UNLEASHIA,"Base de maquillaje cushion de A By Unleashia. Sub-línea de maquillaje de Unleashia, viral en TikTok, enfocada en acabados jugosos y luminosos (cushions, tintas y brillos).",,"https://drive.google.com/file/d/1-itcklybovBjLLWHqVeDiyXXjg4nRUnl/view
https://drive.google.com/file/d/1W1Rslg6AA1-h1Wy67HeUpwM28gH1yUkt/view
https://drive.google.com/file/d/1rzzUNuGDJ-4gZVYSqcjm5osrgGkTWS8n/view
https://drive.google.com/file/d/1krb861c-Dvb_aDMd7JMtcaW4s96lmkRV/view
https://drive.google.com/file/d/1xVLHEk8YHQNI_0yyJhdZsu0OrbRgV7-O/view
https://drive.google.com/file/d/1gEdCihjT226oFtgKZzM3njd6VlkT6xTt/view"
22743,ALTA,A BY UNLEASHIA Base de Maquillaje Hidratante Hey Dew Blue Cushion 20N Stella,8809647772811,A BY UNLEASHIA,"Base de maquillaje cushion de A By Unleashia. Sub-línea de maquillaje de Unleashia, viral en TikTok, enfocada en acabados jugosos y luminosos (cushions, tintas y brillos).",,"https://drive.google.com/file/d/1OZZlhnDglv-JQclwlrrxy54UOf93XCcm/view
https://drive.google.com/file/d/1C8L4deVMs4rxPqMs3-RWr8Rh1RQFNJYo/view
https://drive.google.com/file/d/1bxHZL7NAoqdHZVq3q7oyXQLX5YLeJ6bF/view
https://drive.google.com/file/d/1ZGvm7KrZr6xraKrmDmY22xn7xltob1pc/view
https://drive.google.com/file/d/1C-cR3Y4rD3hFfRGsNyVIaS3HJ-bhMK_g/view
https://drive.google.com/file/d/1nnoPshumqkfpZJ61JGumtoLQg9TqkH2x/view"
22764,ALTA,A BY UNLEASHIA Base de Maquillaje Hidratante Hey Dew Blue Cushion 21N Blooming,8809647772835,A BY UNLEASHIA,"Base de maquillaje cushion de A By Unleashia. Sub-línea de maquillaje de Unleashia, viral en TikTok, enfocada en acabados jugosos y luminosos (cushions, tintas y brillos).",,"https://drive.google.com/file/d/1ZDSVFKgGpdHs6X6L8cBuaPhM4GbiKVsI/view
https://drive.google.com/file/d/1E_JKSVd0_D3KcnJXluKei3rxDvuBDp4m/view
https://drive.google.com/file/d/1nxtauaYtDdtWzX99r7kZpqS6-rMHohND/view
https://drive.google.com/file/d/1uWe11Az9t8z0Vaursf3ifIG_Ai65xdRk/view
https://drive.google.com/file/d/1v2Z_rNZ2VE68EglC7Kf5UJ11oYhCEpFD/view
https://drive.google.com/file/d/1Mv0RlSEhLUJF3_pJlj4L9mo8vhYHlqlC/view"
22766,ALTA,A BY UNLEASHIA Base de Maquillaje Hidratante Hey Dew Blue Cushion 23N Witty,8809647772866,A BY UNLEASHIA,"Base de maquillaje cushion de A By Unleashia. Sub-línea de maquillaje de Unleashia, viral en TikTok, enfocada en acabados jugosos y luminosos (cushions, tintas y brillos).",,"https://drive.google.com/file/d/1dHy0sVoiX2hFW0SndDpHOCqsyCBbH8lU/view
https://drive.google.com/file/d/1XRv7rOd8x99PPa5Gc9JH1--lP00pxVPz/view
https://drive.google.com/file/d/1194wl0d7yaXG0fnhobFpOqLXZrDAkm4B/view
https://drive.google.com/file/d/1x_jhd2lVuL7dOuHF-DD4uq7mdUAqaAz8/view
https://drive.google.com/file/d/1je0b6-jt-ufBeKO1IYNvavJyNfY0vGfx/view
https://drive.google.com/file/d/1onzE-6Uihv-pTqR1tqnmwknf9F7tGF56/view"
22767,ALTA,A BY UNLEASHIA Base de Maquillaje Hidratante Hey Dew Blue Cushion 27W Melody,8809647772903,A BY UNLEASHIA,"Base de maquillaje cushion de A By Unleashia. Sub-línea de maquillaje de Unleashia, viral en TikTok, enfocada en acabados jugosos y luminosos (cushions, tintas y brillos).",,"https://drive.google.com/file/d/1yssafPzuJdHSyMrh-EZ_okHFp4xt3UJs/view
https://drive.google.com/file/d/1MYA77yScCs7s7Ui-vAlayeqrs5N-LiUG/view
https://drive.google.com/file/d/1O0_K1t7DZMA2lI_yCM5woS62V9zMshW8/view
https://drive.google.com/file/d/1PNMmr0cdqX9kh8--y_xAejU6C8fAPEEn/view
https://drive.google.com/file/d/1nxXU0g_LzfH01rGqFfgQEipo935gtbOh/view
https://drive.google.com/file/d/1sUosLo4__5HvzMJvItSNdTIHmMKZOaBf/view"
21972,ALTA,A BY UNLEASHIA Máscara de Pestañas Lift Lock Fixing N°1 Clear Black 7.5 g,8809647772415,A BY UNLEASHIA,"Máscara de pestañas en formato aplicador de precisión para tratamiento cosmético de uso en pestañas, formulada con Isododecane y Trimethylsiloxysilicate, que brinda una fijación del rizado y definición intensa de forma inmediata, diseñada para todo tipo de pestañas, especialmente aquellas que buscan resistencia al sebo y la humedad.

¿Por qué elegirlo?

Definición absoluta: Su cepillo delgado permite separar y definir cada pestaña sin dejar grumos.
Ultra-precisión: Cuenta con un aplicador ultra fino de 1 mm que garantiza una cobertura uniforme incluso en las pestañas más pequeñas.
Resistencia extrema: Su fórmula de larga duración está diseñada para mantenerse intacta frente al sudor, la humedad y el sebo natural.
Diseño compacto: Al ser de tamaño bolsillo, es el aliado perfecto para llevar en el bolso y retocar en cualquier momento.

¿Por qué lo amamos?

Esta máscara se ha convertido en un básico para quienes buscan una mirada despierta y definida durante todo el día. Basándonos en la experiencia de usuarios y valoraciones en sitios web de belleza:

El 94% de las opiniones destacan su impresionante capacidad para mantener el rizo de las pestañas hacia arriba durante más de 12 horas.
El 91% de los testimonios resaltan que el tono Clear Black aporta una intensidad visual profunda sin que el acabado se vea artificial.
Resultados reales: Los consumidores valoran que, a diferencia de otras máscaras, esta no se transfiere al párpado inferior con el paso de las horas.


Beneficios

Mantiene el rizado de las pestañas perfectamente fijado por tiempo prolongado.
Aporta un color negro vívido para una mirada más clara y definida.
No se corre ni mancha gracias a su tecnología smudge-proof.
Permite una aplicación precisa desde la raíz hasta las puntas.

Modo de uso

Para un resultado óptimo, utiliza un rizador de pestañas antes de la aplicación.
Aplica la máscara desde la raíz hacia las puntas realizando movimientos en zig-zag para separar cada pelo.
Deja secar unos segundos para que la fórmula lock-fixing selle el rizado.

Cuidado y precauciones

Cerrar bien el envase después de cada uso para evitar que la fórmula se seque prematuramente.
En caso de presentar irritación o sensibilidad en la zona ocular, suspenda su uso.
Evite el contacto directo con el interior del ojo.
Almacenar en un lugar fresco y seco, lejos del alcance de los niños.

Ingredientes

Isododecane: Un ingrediente clave que permite que la máscara se deslice suavemente y se evapore rápidamente para fijar el producto de forma duradera y resistente al agua.

Trimethylsiloxysilicate: Una resina de silicona que actúa formando una película protectora sobre la pestaña, asegurando que el color no se transfiera y el rizo no caiga.

Silica: Ayuda a dar cuerpo a las pestañas y a absorber el exceso de humedad o grasa, manteniendo el acabado impecable por más tiempo.

INCI: Isododecane, Trimethylsiloxysilicate, Paraffin, Talc, Iron Oxides (Ci 77499), Silica, Hydrogenated Polyisobutene, Dipentaerythrityl Hexahydroxystearate/Hexastearate/Hexarosinate, Propylene Carbonate, Triethoxycaprylylsilane, Glyceryl Caprylate.



Información Adicional

Tipo de piel: Apto para todo tipo de piel; ideal para párpados con tendencia grasa.

Función cosmética: Máscara de pestañas de larga duración y fijación.

Textura: Crema fluida de secado rápido.

Efecto en el cuidado de la piel: Definición intensa de la mirada con alta resistencia al sebo y la humedad.",,https://drive.google.com/file/d/1ELKWf3P1hGxkLBoWXttK_7SiC3fRSg-V/viewhttps://drive.google.com/file/d/1-XY0nNp4pgxwS7sW5305Nh88ZMDozOtb/viewhttps://drive.google.com/file/d/1Q5DlSLpeIMJjsP5Z5LUOEswmbkMhdFja/viewhttps://drive.google.com/file/d/1qyroPrgicuiDgOnN2PlntoakfGLGVC5x/viewhttps://drive.google.com/file/d/1uYR4kYmaejF11Ni9s0VgCed31mo54Yle/viewhttps://drive.google.com/file/d/1IEZWv0Ezdh5K7BDp6i69Fs66Rn9UbfO_/view
22437,ALTA,A BY UNLEASHIA Sombra de Ojos Líquida Moonlight Liquid Glitter N°1 Shine Star 4 g,8809647773023,A BY UNLEASHIA,"Paleta de sombras/glitter de A By Unleashia. Sub-línea de maquillaje de Unleashia, viral en TikTok, enfocada en acabados jugosos y luminosos (cushions, tintas y brillos).",,"https://drive.google.com/file/d/1lHA1sDrb7-QczJ3CAKWwGmj3FjxaiJar/view
https://drive.google.com/file/d/1QWZT-a1TAJsZWEQwwMFHDDq6ECYUs9ek/view
https://drive.google.com/file/d/1s_Z_i4vTzj90BUOWDkMiRT2rNB1QNaLY/view
https://drive.google.com/file/d/1JwhCrdG0RqPQibfe1wU7pKm392y-O7D8/view
https://drive.google.com/file/d/136nNgtw3ZqHFNup9gQrGyg8sIw5EQqZo/view
https://drive.google.com/file/d/1nuopy9EbN-UTykHOkz6HU1_aKgorPMH1/view"
22663,ALTA,A BY UNLEASHIA Sombra de Ojos Líquida Moonlight Liquid Glitter N°2 Gold Star,8809647773030,A BY UNLEASHIA,"Paleta de sombras/glitter de A By Unleashia. Sub-línea de maquillaje de Unleashia, viral en TikTok, enfocada en acabados jugosos y luminosos (cushions, tintas y brillos).",,"https://drive.google.com/file/d/1KbCOdHTS-P1Y3i43gdvJVYNWQytNFu4K/view
https://drive.google.com/file/d/1RB0e9QwxJUDvs1a8XXFKY-jWEphAI7IU/view
https://drive.google.com/file/d/179Fsr9zfKei1wY28UeRQASy4D8FZyCyy/view
https://drive.google.com/file/d/1ab6cMYjprBn4Ila3dd7DVgPdkgEQ7Ozm/view
https://drive.google.com/file/d/1PCDmKTX56TtUiYxY3PmDY0XA7k4IWnzR/view
https://drive.google.com/file/d/1SJaOQIBOUT_ph1s6y_DFinH8gii8Xyfd/view"
22666,ALTA,A BY UNLEASHIA Sombra de Ojos Líquida Moonlight Liquid Glitter N°3 Peach Star,8809647773047,A BY UNLEASHIA,"Paleta de sombras/glitter de A By Unleashia. Sub-línea de maquillaje de Unleashia, viral en TikTok, enfocada en acabados jugosos y luminosos (cushions, tintas y brillos).",,"https://drive.google.com/file/d/1bGKmb8f5-pcupAC3u6Poe7_ZiWhvvKsW/view
https://drive.google.com/file/d/1bHQHvia2IetQ6dLW3hX90U9RcqjPY01C/view
https://drive.google.com/file/d/1M5XQQETdzHzT6Z4bGpS7DHfBRc0HU7J4/view
https://drive.google.com/file/d/1qiPzvsjHUXva39z5PNGTq2X-f9OkI__G/view
https://drive.google.com/file/d/10aQjYLSZApsp9TDaDn8drq1GHu87Wa1I/view
https://drive.google.com/file/d/14PYh6r77VBsWPpv4EHkiRn4JipEPZqQk/view"
21952,ALTA,A BY UNLEASHIA Delineador de Ojos Líquido Non Stop N°1 Ash Black 0.6 g,8809647772279,A BY UNLEASHIA,"Delineador de ojos de A By Unleashia. Sub-línea de maquillaje de Unleashia, viral en TikTok, enfocada en acabados jugosos y luminosos (cushions, tintas y brillos).",,"https://drive.google.com/file/d/1V86KJOSeRdAHj1QCB-7-HxSy3XV1_7Zh/view
https://drive.google.com/file/d/1cU88doKtPmNW229cWXvQPc6M71xpMhDh/view
https://drive.google.com/file/d/1zEwxY2I0rkjHJUqViW3a-23oXkmSteYF/view
https://drive.google.com/file/d/1vCQYQodF7kglHXoTN4sGswoq5wyNTytA/view
https://drive.google.com/file/d/1KvC_qRQ8rFEf_8MuAX-3ZC6SD64uBsdS/view
https://drive.google.com/file/d/1Hn4_iPOt67jhKh3bWadZ1_wpnmiww8zE/view"
21974,ALTA,A BY UNLEASHIA Lápiz Labial Vegano Pillow Kiss Contorno y Volumen N°1 Lovesome 0.5 g,8809647772347,A BY UNLEASHIA,"Producto para labios (bálsamo/tinta/plumper) de A By Unleashia. Sub-línea de maquillaje de Unleashia, viral en TikTok, enfocada en acabados jugosos y luminosos (cushions, tintas y brillos).",,"https://drive.google.com/file/d/1-gUND2ksM8v2npms3bIUMDN-n-ra-NSr/view
https://drive.google.com/file/d/1Z6DYk4GocGKrVbVSHBs5F4cZYjrnWNZa/view
https://drive.google.com/file/d/1osWfl6BiO-DclRBHiyDTIAl-unNHQKXJ/view
https://drive.google.com/file/d/1pwJ1kkg_M05syl8njcPohFInHUphYuPM/view
https://drive.google.com/file/d/1r6iFXCzNw407N3q7ahPBEKh_M6e_DEnZ/view
https://drive.google.com/file/d/18L5dRJMnwdTGH6YKlt67qLby3X6PeP2-/view"
21988,ALTA,A BY UNLEASHIA Lápiz Labial Vegano Pillow Kiss Contorno y Volumen N°2 Charming,8809647772354,A BY UNLEASHIA,"Producto para labios (bálsamo/tinta/plumper) de A By Unleashia. Sub-línea de maquillaje de Unleashia, viral en TikTok, enfocada en acabados jugosos y luminosos (cushions, tintas y brillos).",,"https://drive.google.com/file/d/1t4D-GOt033kOGFJEK_2H-SHM7KPEqJwf/view
https://drive.google.com/file/d/1QCmNra8WaoVtf8iALhfsmX-PcvkQKbBe/view
https://drive.google.com/file/d/1Ad_u3bOIeezsvkoH3ORDexanybZabb2o/view
https://drive.google.com/file/d/1iI5bvWWgLZ5ngC1IQ3sot3FhkoT-lN5V/view
https://drive.google.com/file/d/1lWWw63p7XHPck6yofEDCuwlbfnxqB16b/view
https://drive.google.com/file/d/1asryWwCnEFdufYnQhqB0QZ8ftOe95e2A/view"
21991,ALTA,A BY UNLEASHIA Lápiz Labial Vegano Pillow Kiss Contorno y Volumen N°3 Bare Shadow,8809647772361,A BY UNLEASHIA,"Producto para labios (bálsamo/tinta/plumper) de A By Unleashia. Sub-línea de maquillaje de Unleashia, viral en TikTok, enfocada en acabados jugosos y luminosos (cushions, tintas y brillos).",,"https://drive.google.com/file/d/1EfR3mtWHqQi0WcQCUjTCRA7cDOj4Zjiu/view
https://drive.google.com/file/d/19nSpJieLnvo41F5BH40uhIo_7hLDqBU0/view
https://drive.google.com/file/d/1VbA1RhjV561-zztSHXSMLDKoMnxFX7nG/view
https://drive.google.com/file/d/1Wnrq-dcliQgs3onqlFjPyGe77f-RQOz5/view
https://drive.google.com/file/d/1frs8CszNGeMaRRJH5cZFV-9TXQ2QjE3z/view
https://drive.google.com/file/d/1H5SSgL43wFMoS1yl6kVRzl0bwYfhFHoR/view"
21969,ALTA,A BY UNLEASHIA Lápiz de Cejas Ultra Fino Real Fine 1mm N°1 Umber Gray 0.05 g,8809647772392,A BY UNLEASHIA,"Producto para cejas de A By Unleashia. Sub-línea de maquillaje de Unleashia, viral en TikTok, enfocada en acabados jugosos y luminosos (cushions, tintas y brillos).",,"https://drive.google.com/file/d/1Csiw3wZIyoaDtsKYGcLoAZd8B8JiO80m/view
https://drive.google.com/file/d/1y2OULBnA8cZU8Zdi6NLoUTuIJ-cje6gA/view
https://drive.google.com/file/d/1CWtkNj_wy09mgh16dv7iIMEUWKV3688W/view
https://drive.google.com/file/d/1iklnht0uWZ20CHUlhggNjyHu5pJwDPFZ/view"
21971,ALTA,A BY UNLEASHIA Lápiz de Cejas Ultra Fino Real Fine 1mm N°2 Mud Brown,8809647772408,A BY UNLEASHIA,"Producto para cejas de A By Unleashia. Sub-línea de maquillaje de Unleashia, viral en TikTok, enfocada en acabados jugosos y luminosos (cushions, tintas y brillos).",,"https://drive.google.com/file/d/17ZAbsNl-1TiEb9Setlwi7dTSlkYgQMiy/view
https://drive.google.com/file/d/1xk30-N_Cd2-ZC9eORyCarZcR7F9_zrtV/view
https://drive.google.com/file/d/1Wp7VgHd--7ual7enHLOLrx7_SbQgdHXi/view"
22711,ALTA,A BY UNLEASHIA Tinta Labial Brillante Tanghulu Glaze N°1 Angel Pink,8809647773054,A BY UNLEASHIA,"Gloss/tinta labial de A By Unleashia. Sub-línea de maquillaje de Unleashia, viral en TikTok, enfocada en acabados jugosos y luminosos (cushions, tintas y brillos).",,"https://drive.google.com/file/d/14LOMTOhG15N-HOl7v7SHDWRZxPG1lO79/view
https://drive.google.com/file/d/1yRTgByYpgHAM5H7KUoJhJxmK17fxDt06/view
https://drive.google.com/file/d/1OfNqabWia5loHTiB_n90AFVoJSwoX26P/view
https://drive.google.com/file/d/1qwJN_aZe5pWHKbnTjEYTDS54rLvB4-Sj/view
https://drive.google.com/file/d/1xSDd3mixX9n_Dy-hgz1hW9RZGni91oua/view
https://drive.google.com/file/d/1NOPm0PabYThDxehMLd7xvPTdjExdGd-O/view"
22712,ALTA,A BY UNLEASHIA Tinta Labial Brillante Tanghulu Glaze N°2 Amberose,8809647773061,A BY UNLEASHIA,"Gloss/tinta labial de A By Unleashia. Sub-línea de maquillaje de Unleashia, viral en TikTok, enfocada en acabados jugosos y luminosos (cushions, tintas y brillos).",,https://www.skinko.com.ar/cdn/shop/files/8809647773054_No.2_Amberose_1.jpg?v=1776884672&width=4096
22713,ALTA,A BY UNLEASHIA Tinta Labial Brillante Tanghulu Glaze N°3 Hush Grape,8809647773078,A BY UNLEASHIA,"Tinta de labios fluida de la categoría de maquillaje de tratamiento para hidratación y voluminización de la zona de los labios, formulada con PLUMP Oléoactif, Escualano y Polímeros de Brillo para lograr un beneficio visible de labios con efecto cristalizado (Tanghulu), mayor relieve y un tinte duradero de manera inmediata tras la aplicación, ideal para todo tipo de piel, especialmente para quienes buscan un acabado jugoso y con volumen sin sensación pegajosa.

¿Por qué elegirlo?

Acabado Tanghulu Real: Inspirado en la fruta caramelizada, este tinte crea una capa de brillo cristalino que refleja la luz de manera espectacular.
Efecto Plumping Suave: Gracias a su tecnología patentada, ayuda a rellenar visualmente las líneas de los labios, dándoles un aspecto más lleno y saludable.
Fórmula de Larga Duración: A diferencia de un gloss común, este producto deja un tinte suave en el labio que permanece incluso después de que el brillo desaparece.

Textura Ultraligera: Su base de agua asegura que el producto sea cómodo de llevar durante horas, sin sensación pesada ni adhesiva.

¿Por qué lo amamos?

En Skinfree nos obsesiona este tinte porque logra ese look de ""labio de porcelana"" tan buscado en la cosmética coreana, pero con una comodidad total. Es el producto que no puede faltar en tu bolso para un retoque rápido que ilumine todo el rostro. Según estadísticas de portales de K-Beauty y testimonios de usuarios:

El 99% de los usuarios resalta que el brillo es excepcionalmente cristalino y no se siente pegajoso en absoluto.
El 96% de los testimonios destaca que los labios se sienten hidratados y ""rellenos"" durante todo el tiempo de uso.
El 93% de las opiniones en sitios web especializados valora que el tinte que deja es uniforme y muy natural, evitando parches de color.

Beneficios
Volumen Visual Inmediato: Define y realza la forma de los labios mediante un sutil efecto voluminizador.
Hidratación Profunda: Actúa como un tratamiento que previene la sequedad gracias a sus ingredientes emolientes.
Color Construible: Permite desde un lavado de color translúcido hasta una intensidad vibrante aplicando capas.

Brillo Espejo: Su acabado Glaze minimiza la apariencia de labios agrietados o secos.

Modo de uso
Utiliza el aplicador de precisión para deslizar el producto sobre los labios limpios, comenzando desde el centro hacia las comisuras.
Para un acabado degradado, aplica en el centro y difumina hacia los bordes.

Si buscas el efecto máximo de ""Tanghulu"", aplica una segunda capa tras esperar unos segundos a que la primera se asiente.

No frotes los labios excesivamente después de aplicarlo para no romper la capa de brillo cristalino.


Cuidado y precauciones
Solo para uso externo en el área de los labios.
Mantener el envase bien cerrado para evitar la evaporación de la base de agua.
En caso de presentar irritación o sensibilidad excesiva, suspenda su uso.
Guardar en un lugar fresco, lejos de la luz solar directa para preservar la fidelidad del color.

Ingredientes Estrella:

PLUMP Oléoactif: Un activo natural derivado de la granada y el aceite de jojoba que proporciona un efecto voluminizador y reafirmante real.
Escualano (Squalane): Derivado vegetal que suaviza la textura de los labios y bloquea la humedad para una hidratación duradera.
Bis-Diglyceryl Polyacyladipate-2: Un sustituto vegetal de la lanolina que aporta una cremosidad y un brillo superior sin ser oclusivo.

INCI (Listado de ingredientes): Water, Diisostearyl Malate, Bis-Diglyceryl Polyacyladipate-2, Hydrogenated Polyisobutene, Polyphenylsilsesquioxane, Sorbitan Isostearate, 1,2-Hexanediol, Ceteareth-20, Hydroxyethyl Acrylate/Sodium Acryloyldimethyl Taurate Copolymer, Polysorbate 60, Phenoxyethanol, Squalane, Caprylyl Glycol, Titanium Dioxide (Ci 77891), Fragrance, Red 33 (Ci 17200), Yellow 6 (Ci 15985), Aluminum Hydroxide, Ammonium Polyacrylate, Blue 1 (Ci 42090), Butylene Glycol, Pentaerythrityl Tetra-Di-T-Butyl Hydroxyhydrocinnamate.


Información Técnica del Producto
Este producto es apto para todo tipo de piel. Su función cosmética es la de una tinta de labios hidratante, voluminizadora y de acabado brillante. Presenta una textura líquida-gelificada (vehículo agua-en-aceite) que es fresca al tacto y se asienta como una capa de esmalte jugoso. El efecto en el cuidado de la piel que tiene es el de una hidratación reparadora y un suavizado de la superficie labial, dejando una apariencia de labios rellenos, sanos y con un color vibrante.",,https://acdn-us.mitiendanube.com/stores/324/065/products/8809647772224_no-0_icesugar_1-6ea1bb5ec4a37d57b617768847273815-640-0.webp
22714,ALTA,A BY UNLEASHIA Tinta Labial Brillante Tanghulu Glaze N°4 Cherry Coke,8809647773085,A BY UNLEASHIA,"Gloss/tinta labial de A By Unleashia. Sub-línea de maquillaje de Unleashia, viral en TikTok, enfocada en acabados jugosos y luminosos (cushions, tintas y brillos).",,"https://drive.google.com/file/d/10tBcrpDD7-HusMRe58d8mdsPTNkJtRJc/view
https://drive.google.com/file/d/1Tur_0JtavRpMS5elW0PemfwrWnmUmHe8/view
https://drive.google.com/file/d/19qYi24vafxJR0C0HVuIWC6it9egiYuAQ/view
https://drive.google.com/file/d/1sOG2NWsQUOLrtNIoRMMLWSTxNyQ990SZ/view
https://drive.google.com/file/d/1oDSd6nPrS94po_2B5qHkHMMxYwWtPHlf/view
https://drive.google.com/file/d/14akRf8BsYWmzD3x4N4Ss47vkQhq6Gsap/view"
22709,ALTA,A BY UNLEASHIA Tinta de Labios Efecto Cristal Tanghulu Glaze N°0 Ice Sugar 3.8 g,8809647772224,A BY UNLEASHIA,"Gloss/tinta labial de A By Unleashia. Sub-línea de maquillaje de Unleashia, viral en TikTok, enfocada en acabados jugosos y luminosos (cushions, tintas y brillos).",,"https://drive.google.com/file/d/1Y5qroAoRpdW-m_rMmaKAq8DZq1KlySOq/view
https://drive.google.com/file/d/1xA-1TMOwRWnLFx41uRjX2T3FNU3rK02u/view
https://drive.google.com/file/d/1tdLdyf9SFP5aGtS576swE54ALYeBLRN3/view
https://drive.google.com/file/d/1YbBb277CU9hxWuBWoWVMUelNRRWZV5Hg/view
https://drive.google.com/file/d/1IVxHO1LB8E7LvgMrahl9TvYJSAOfffiT/view
https://drive.google.com/file/d/1SvxCGQnvMSfQsHJ8mNva7Bz0FI9JHVou/view"
22708,ALTA,A BY UNLEASHIA Rubor Líquido Tinted Drop Jellying Cheek N°2 Tahiti Sunset,8809647772330,A BY UNLEASHIA,"Colorete/rubor de A By Unleashia. Sub-línea de maquillaje de Unleashia, viral en TikTok, enfocada en acabados jugosos y luminosos (cushions, tintas y brillos).",,"https://drive.google.com/file/d/13U8UWOF5KQAvmDCScUgZpx-MW75r-J0-/view
https://drive.google.com/file/d/16Ldf-jg9KXLRfqJUrRLlxYSJNHTmJYjR/view
https://drive.google.com/file/d/1c80pBfp7TdTv5dcauRHskfN40n3qnUZa/view
https://drive.google.com/file/d/1fbPZLHD0PVVlJw5X7VV18GwJbL8c9IxO/view
https://drive.google.com/file/d/10oRnDmp7tyG4wDL5tMqrlJFYB3URZxWC/view
https://drive.google.com/file/d/1LBTLA5wi_C95fdWvKHJ7cVAv3rehypq6/view"
22706,ALTA,A BY UNLEASHIA Rubor Líquido Hidratante Tinted Drop Jellying N°1 Pink Dream 4 g,8809647772323,A BY UNLEASHIA,"Colorete/rubor de A By Unleashia. Sub-línea de maquillaje de Unleashia, viral en TikTok, enfocada en acabados jugosos y luminosos (cushions, tintas y brillos).",,"https://drive.google.com/file/d/1eF-lDixG6ICDKOlH093NFrDLxwW2_kln/view
https://drive.google.com/file/d/1h7meeREeK1AxdMepja9quToz9RJ21k8E/view
https://drive.google.com/file/d/1hdBlKBJDYNbLzFhFzDUTN4ygKw-VrLpC/view
https://drive.google.com/file/d/10jmZyFxi50PBDcyDtmLksdkc9NW0wbGC/view
https://drive.google.com/file/d/1PytEP7MFd2NHSczz3mrj12USv7baK245/view
https://drive.google.com/file/d/18F2rOyyItH2MUgQxn_Xc_S9eEw9ZnKLX/view"
3599,ALTA,CELIMAX Sérum Antimanchas Pore + Dark Spot Brightening Reduce Manchas 30 ml,8809875907412,CELIMAX,"Sérum/esencia de Celimax. Dermocosmética coreana (ABSORBLAB) con líneas clínicas Dual Barrier, Real Noni y Vita-A Retinol.",30ml,No encontrado en carpetas de CELIMAX
21937,ALTA,CELIMAX Limpiador Facial en Gel Dual Barrier Mild con Ceramidas,8809606850499,CELIMAX,"Limpiador facial de Celimax. Dermocosmética coreana (ABSORBLAB) con líneas clínicas Dual Barrier, Real Noni y Vita-A Retinol.",200ml,No encontrado en carpetas de CELIMAX
21938,ALTA,CELIMAX Tónico Facial Hidratante Dual Barrier Creamy,8809606850475,CELIMAX,"Tónico facial de Celimax. Dermocosmética coreana (ABSORBLAB) con líneas clínicas Dual Barrier, Real Noni y Vita-A Retinol.",150ml,No encontrado en carpetas de CELIMAX
21939,ALTA,CELIMAX Crema Facial Dual Barrier Skin Wearable Fortalece la Barrera Cutánea,8809606850505,CELIMAX,"Crema facial hidratante intensiva para el rostro que fortalece la barrera cutánea y previene la pérdida de agua, formulada con 5 ceramidas esenciales y activos humectantes que sellan la hidratación hasta por 72 horas, mejorando elasticidad, confort y suavidad visible en piel seca, sensible o deshidratada.

Para todo tipo de piel. Especialmente recomendada para piel seca, sensible, deshidratada o con barrera cutánea dañada.

Crema nutritiva, envolvente y confortable de rápida absorción.

Función cosmetica

Crema hidratante intensiva reparadora de barrera cutánea.
Efecto de cuidado en la piel
Piel profundamente hidratada, protegida y fortalecida, con sensación de confort prolongado y textura más suave y elástica.


Por que elegirlo

Sella la hidratación y protege la piel durante horas.
Refuerza la barrera cutánea debilitada.
Reduce la pérdida de agua transepidérmica.
Ideal para piel seca, sensible o dañada.
Textura nutritiva que no resulta pesada.
Perfecta como último paso de una rutina reparadora.

Porque lo amamos

Hidratación prolongada clínicamente testeada hasta por 72 horas.
El 96% de los usuarios siente la piel más nutrida y confortable.
El 93% nota mejora en la elasticidad y suavidad en 2 semanas.
Testeada dermatológicamente en piel sensible.


Testimonios frecuentes:
“La piel queda protegida todo el día.”
“Nutre sin dejar sensación pesada.”
“Perfecta para piel seca o sensibilizada.”



Beneficios

Hidratación profunda y duradera.
Protección intensiva de la barrera cutánea.
Reduce tirantez y sequedad.
Mejora elasticidad y suavidad.
Mantiene la piel confortable durante todo el día.
Previene la deshidratación futura.


Modo de uso

Aplicar como último paso de la rutina de skincare.
Distribuir uniformemente sobre rostro y cuello.
Masajear suavemente hasta su absorción completa.

Uso diario mañana y noche.

Precauciones
Uso externo únicamente.
Evitar contacto directo con los ojos.
Suspender uso si aparece irritación persistente.
Conservar en lugar fresco y seco.

INGREDIENTES ESTRELLA

5 Ceramidas esenciales (EOP, NS, NP, AS, AP)

Restauran la barrera cutánea, mejoran la retención de humedad y protegen frente a la deshidratación.

Complejo humectante intensivo

Ayuda a retener agua en la piel y mantener la hidratación prolongada.

Lípidos reparadores

Refuerzan la estructura cutánea y mejoran la elasticidad.

Ingredientes: Agua, glicerina, triglicérido caprílico/cáprico, butilenglicol, propanodiol, ácido esteárico, alcohol cetearílico, metil trimeticona, caprilil meticona, 1,2-hexanodiol, alcoholes C12-16, pantenol, aceite de oliva (Olea Europaea), lecitina hidrogenada, estearato de glicerilo, ácido palmítico, glucósido cetearílico, ceramida NP, carbómero, trometamina, alantoína, goma xantana, tocoferol, etilhexilglicerina, dipropilenglicol, EDTA disódico, pantolactona, hialuronato de sodio, hexacarboximetil dipéptido-12 heptasódico, extracto de malta, ceramida NS, fitoesfingosina, colesterol, ceramida AS, ceramida AP, ceramida EOP",50ml,https://acdn-us.mitiendanube.com/stores/324/065/products/skinfree-dual-barrier-skin-wearable-cream-1-52058a39dfc26d9e0417721992207810-640-0.webp
21897,ALTA,CELIMAX Pads Exfoliantes Ji Woo Gae Heartleaf BHA Peeling,8809463992615,CELIMAX,"Almohadillas/discos tonificantes o exfoliantes de Celimax. Dermocosmética coreana (ABSORBLAB) con líneas clínicas Dual Barrier, Real Noni y Vita-A Retinol.",125ml,No encontrado en carpetas de CELIMAX
21944,ALTA,CELIMAX Kit de Inicio The Real Noni,8809971482349,CELIMAX,"Set/kit de Celimax que combina varios productos de la marca para una rutina completa. Dermocosmética coreana (ABSORBLAB) con líneas clínicas Dual Barrier, Real Noni y Vita-A Retinol.","20ml,10ml,10ml",No encontrado en carpetas de CELIMAX
8551,ALTA,CELIMAX Mascarilla Facial Calmante The Real Cica Serum 1 unidad,8809743548525,CELIMAX,"Mascarilla facial de Celimax. Dermocosmética coreana (ABSORBLAB) con líneas clínicas Dual Barrier, Real Noni y Vita-A Retinol.",,No encontrado en carpetas de CELIMAX
21940,ALTA,CELIMAX Protector Solar en Barra Oil Control Mattifying Acabado Mate,8809971489911,CELIMAX,"Protector solar en stick de Celimax. Dermocosmética coreana (ABSORBLAB) con líneas clínicas Dual Barrier, Real Noni y Vita-A Retinol.",19g,No encontrado en carpetas de CELIMAX
8518,ALTA,CELIMAX Crema Despigmentante Pore + Dark Spot Brightening Refina Poros 35 ml,8800296556685,CELIMAX,"Crema facial de Celimax. Dermocosmética coreana (ABSORBLAB) con líneas clínicas Dual Barrier, Real Noni y Vita-A Retinol.",,No encontrado en carpetas de CELIMAX
21943,ALTA,CELIMAX Mascarilla Iluminadora Pore + Dark Spot Brightening Cream 1 unidad,8800296551550,CELIMAX,"Mascarilla facial de Celimax. Dermocosmética coreana (ABSORBLAB) con líneas clínicas Dual Barrier, Real Noni y Vita-A Retinol.",20g,No encontrado en carpetas de CELIMAX
21941,ALTA,CELIMAX Pads Iluminadores Pore + Dark Spot Brightening,8809743546323,CELIMAX,"Almohadillas/discos tonificantes o exfoliantes de Celimax. Dermocosmética coreana (ABSORBLAB) con líneas clínicas Dual Barrier, Real Noni y Vita-A Retinol.",100ml,No encontrado en carpetas de CELIMAX
21942,ALTA,CELIMAX Protector Solar Iluminador Pore + Dark Spot Brightening Care 50 ml,8809971484510,CELIMAX,"Producto de skincare/belleza de Celimax. Dermocosmética coreana (ABSORBLAB) con líneas clínicas Dual Barrier, Real Noni y Vita-A Retinol.",50ml,No encontrado en carpetas de CELIMAX
8203,ALTA,CELIMAX Pads Exfoliantes Corporales TXA Body Clarifying 50 unidades,8809975198192,CELIMAX,"Almohadillas/discos tonificantes o exfoliantes de Celimax. Dermocosmética coreana (ABSORBLAB) con líneas clínicas Dual Barrier, Real Noni y Vita-A Retinol.",,No encontrado en carpetas de CELIMAX
3605,ALTA,CELIMAX Limpiador Facial en Espuma The Real Noni Acne Extracto de Noni 155 ml,8809541379468,CELIMAX,"Limpiador facial de Celimax. Dermocosmética coreana (ABSORBLAB) con líneas clínicas Dual Barrier, Real Noni y Vita-A Retinol.",155ml,No encontrado en carpetas de CELIMAX
21883,ALTA,CELIMAX Crema Facial Reparadora The Real Noni Energy Repair,8809686386185,CELIMAX,"Crema facial de Celimax. Dermocosmética coreana (ABSORBLAB) con líneas clínicas Dual Barrier, Real Noni y Vita-A Retinol.",50ml,No encontrado en carpetas de CELIMAX
21885,ALTA,CELIMAX Mascarilla Facial The Real Noni Energy Ampoule 1 unidad,8809849807410,CELIMAX,"Mascarilla facial de Celimax. Dermocosmética coreana (ABSORBLAB) con líneas clínicas Dual Barrier, Real Noni y Vita-A Retinol.",29ml,No encontrado en carpetas de CELIMAX
3608,ALTA,CELIMAX Ampolla Facial The Real Noni Energy Extracto de Noni 50 ml,8809971482318,CELIMAX,"Ampolla con extracto de Noni, hidrata, calma y mejora la textura de la piel. Contiene ácido hialurónico, adenosina y antioxidantes que suavizan líneas finas y dan brillo natural. Ligera, de rápida absorción y apta para pieles sensibles.

Beneficios
- Hidrata profundamente y calma gracias al extracto de Noni, pantenol y colágeno vegano.
- Proporciona un efecto luminoso y reafirmante en solo 2 semanas.
- Aporta antioxidantes potentes con acción antiedad y mejora la textura.

Paso de rutina:
Paso anterior: Tónico
AMPOLLA: Trata preocupaciones específicas como manchas, arrugas, deshidratación o sensibilidad.
Paso siguiente: Crema hidratante

Modo de uso

1. Aplicá 1 o 2 pumps sobre la piel limpia como primer paso después de la limpieza, antes de la crema hidratante.
2. Distribuí de manera uniforme sobre el rostro, evitando el contorno de ojos.
3. Realizá suaves toquecitos hasta su total absorción.

Ingredientes: Water, 1,2-Hexanediol, Morinda Citrifolia Fruit Extract, Butylene Glycol, Propanediol, Glycerin, 1,2-Hexanediol, Water, Glycerin, Glyceryl Polymethacrylate, 1,2-Hexanediol, Sodium Polyacryloyldimethyl Taurate, Water, Glycerin, Dipropylene Glycol, Panthenol, Hydrogenated Lecithin, Cetearyl Olivate, Sorbitan Olivate, Water, Glycerin, 1,2-Hexanediol, Soluble Collagen, Butylene Glycol, Water, Citrus Reticulata (Tangerine) Peel Extract, Octyldodeceth-16, Melia Azadirachta Leaf Extract, Melia Azadirachta Flower Extract, Water, Diethoxyethyl Succinate, Glycerin, Water, Sucrose Palmitate, Hydrogenated Lecithin, Olea Europaea (Olive) Fruit Oil, Vitis Vinifera (Grape) Seed Oil, Macadamia Integrifolia Seed Oil, Simmondsia Chinensis (Jojoba) Seed Oil, Allantoin, Ethylhexylglycerin, Tocopherol, Sodium Hyaluronate, Adenosine, Disodium EDTA, Dextrin, Theobroma Cacao (Cocoa) Seed Extract, Morinda Citrifolia Seed Oil, Rosmarinus Officinalis (Rosemary) Leaf Oil.",50ml,https://acdn-us.mitiendanube.com/stores/324/065/products/the-real-noni-energy-ampoule-1-401db6dffb37aa80dc17587432257785-640-0.webp
21864,ALTA,CELIMAX Tónico Facial Equilibrante The Real Noni Moisture Balancing,8809954940132,CELIMAX,"Tónico facial de Celimax. Dermocosmética coreana (ABSORBLAB) con líneas clínicas Dual Barrier, Real Noni y Vita-A Retinol.",150ml,No encontrado en carpetas de CELIMAX
3644,ALTA,CELIMAX Booster Facial Vita-A Retinal Shot Tightening Efecto Tensor 15 ml,8809700320812,CELIMAX,"Ampolla/booster concentrado de Celimax formulado con retinol/retinal. retinol/retinal: estimula la renovación celular anti-edad. Dermocosmética coreana (ABSORBLAB) con líneas clínicas Dual Barrier, Real Noni y Vita-A Retinol.",15ml,https://drive.google.com/file/d/1-d6rXfMd4KuLlApgt1JCon3JYWO-n8Vk/view?usp=drivesdk
3650,ALTA,CELIMAX Sérum Facial Vita-A Retinol Shot Arrugas y Poros Dilatados 30 ml,8809700320805,CELIMAX,"Ampolla/booster concentrado de Celimax formulado con retinol/retinal. retinol/retinal: estimula la renovación celular anti-edad. Dermocosmética coreana (ABSORBLAB) con líneas clínicas Dual Barrier, Real Noni y Vita-A Retinol.",30ml,8809700320805_5.jpg
17434,ALTA,CELIMAX Set 1 Zuzu para Piel Seca y Sensible,,CELIMAX,"Limpiador facial de Celimax. Edición/combo especial en colaboración con ANUA. Dermocosmética coreana (ABSORBLAB) con líneas clínicas Dual Barrier, Real Noni y Vita-A Retinol.",,No encontrado en carpetas de CELIMAX
27249,ALTA,CELIMAX Set 2 Zuzu para Piel Seca y Sensible,,CELIMAX,"Set/kit de Celimax que combina varios productos de la marca para una rutina completa. Dermocosmética coreana (ABSORBLAB) con líneas clínicas Dual Barrier, Real Noni y Vita-A Retinol.",,No encontrado en carpetas de CELIMAX
27256,ALTA,CELIMAX Set Dúo para Poros y Manchas,,CELIMAX,"Set/kit de Celimax que combina varios productos de la marca para una rutina completa. Dermocosmética coreana (ABSORBLAB) con líneas clínicas Dual Barrier, Real Noni y Vita-A Retinol.",,No encontrado en carpetas de CELIMAX
27266,ALTA,CELIMAX Set Noni Calmante e Hidratante,,CELIMAX,"Set/kit de Celimax que combina varios productos de la marca para una rutina completa. Dermocosmética coreana (ABSORBLAB) con líneas clínicas Dual Barrier, Real Noni y Vita-A Retinol.",,No encontrado en carpetas de CELIMAX
27273,ALTA,CELIMAX Protector Solar Ligero Oil Control,,CELIMAX,"Set/kit de Celimax que combina varios productos de la marca para una rutina completa. Dermocosmética coreana (ABSORBLAB) con líneas clínicas Dual Barrier, Real Noni y Vita-A Retinol.",,No encontrado en carpetas de CELIMAX
3566,ALTA,CELIMAX Protector Solar Facial Ligero Oil Control Light 40 ml,8809782559063,CELIMAX,"Aceite limpiador/tratamiento de Celimax. Dermocosmética coreana (ABSORBLAB) con líneas clínicas Dual Barrier, Real Noni y Vita-A Retinol.",40ml,No encontrado en carpetas de CELIMAX
23752,BAJA,CENTELLIAN24 Madeca Cream Time Reverse 50ml - Crema Antiedad Regeneradora con Active-TECA y Centella Asiática.,8806109101257,CENT24,"Crema facial en formato de emulsión de alta absorción para tratamiento antiedad y regenerador de uso en el rostro, formulada con 12 extractos de Centella, Active-TECA y Niacinamida, que combate 10 signos del envejecimiento, reafirma y calma la irritación de forma visible tras los primeros días de uso, diseñada para todo tipo de piel, especialmente pieles con líneas de expresión, pérdida de firmeza o tono desigual.

Porque elegirlo

Tecnología Active-TECA: Utiliza un sistema de liposomas de 3 capas que permite que los ingredientes activos penetren profundamente en la piel, garantizando una absorción en solo 5 segundos.

Experto en Centella: Formulada por Dongkook Pharmaceutical, aprovecha 12 extractos especializados de Centella Asiática para maximizar la recuperación de la barrera cutánea.

Tratamiento 10 en 1: Está diseñada para abordar de manera integral problemas de arrugas, firmeza, hidratación, elasticidad, poros, tono desigual y opacidad.

Fórmula de alta proteína: Contiene proteínas de elasticidad básica extraídas directamente de la Centella para tensar la piel flácida y dar un efecto de firmeza inmediata.

Porque lo amamos

Es conocida como la crema dermatológica número 1 en Corea por su capacidad para ""reversar"" el tiempo en la piel cansada. Basándonos en estudios de eficacia y valoraciones en portales de dermocosmética:

El 99% de las usuarias reportan una mejora significativa en la suavidad de la textura de la piel tras la primera semana de uso nocturno.

El 96% de los testimonios en sitios web coreanos destacan que la piel se siente más densa y firme, especialmente en áreas propensas a la flacidez.

Resultados destacados: Los usuarios valoran su versatilidad, funcionando perfectamente como una crema de día ligera y como una mascarilla intensiva reparadora durante la noche.

Beneficios
Calma y repara profundamente la piel irritada o sensibilizada.
Reduce la apariencia de líneas finas y arrugas profundas.
Fortalece la barrera cutánea contra agresores externos.
Mejora drásticamente la elasticidad y firmeza del rostro.


Proporciona una hidratación intensa de larga duración sin dejar sensación pesada.

Modo de uso

Uso Diario: Como paso final de tu rutina de cuidado de la piel, aplica una cantidad adecuada en el rostro y cuello, tanto por la mañana como por la noche.
Cuidado Especial: Para un tratamiento intensivo, aplica una capa más gruesa antes de dormir para permitir que los activos trabajen como una mascarilla nocturna regeneradora.
Masajea suavemente para facilitar la absorción de 5 segundos característica de su fórmula.


Cuidado y precauciones

Solo para uso externo.
Evitar el contacto directo con los ojos.
Si observa alguna reacción desfavorable o irritación persistente, suspenda su uso y consulte a su dermatólogo.
Mantener en un lugar fresco, seco y alejado de la luz solar directa para preservar la estabilidad de los extractos botánicos.

Ingredientes destacados:
Active-TECA (Asiaticoside, Madecassic Acid, Asiatic Acid): La forma más pura y activa de la Centella Asiática que estimula la producción de colágeno y repara el daño celular.

Niacinamida: Activo iluminador que ayuda a unificar el tono de la piel y mejora la función de la barrera protectora.
Pantenol (Provitamina B5): Un humectante esencial que calma la inflamación y mantiene la piel suave y elástica.

INCI: WATER, SOLVENT, DIPROPYLENE GLYCOL, HYDROGENATED POLYDECENE, SKIN CONDITIONING AGENT, GLYCERIN, CAPRYLIC/CAPRIC TRIGLYCERIDE, CYCLOHEXASILOXANE, GLYCERYL STEARATE, SURFACTANT, PENTAERYTHRITYL TETRAETHYLHEXANOATE, NIACINAMIDE, CETEARYL ALCOHOL, EMULSION STABILIZER, POLYGLYCERYL-6 DISTEARATE, DICAPRYLYL ETHER, PANTHENOL, POLYGLYCERYL-10 LAURATE, 1,2-HEXANEDIOL, BEESWAX, ASIATICOSIDE, MADECASSIC ACID, JOJOBA ESTERS.


Información Técnica del Producto
Tipo de piel: Todo tipo de piel (ideal para piel madura, sensible o dañada).
Función cosmética: Crema antiedad, regeneradora y fortalecedora de la barrera.
Textura (vehículo): Crema de absorción rápida con tecnología de liposomas.

Efecto en el cuidado de la piel: Rostro firme, intensamente hidratado y con una apariencia rejuvenecida y vital.",23752,https://drive.google.com/file/d/1mBxJR-funp5Si5jMajWdDjUJr7Qi4HOn/viewhttps://drive.google.com/file/d/1ouTBKjaGfZB2_cEM94e8ZNbe_NKHJkq7/viewhttps://drive.google.com/file/d/13h1Hf6bBo75OJcL3_WOkcUGFB_Z4vWjz/viewhttps://drive.google.com/file/d/1_Iw215lNrK7bSqk8mRg0Lxe53KLgAWm0/viewhttps://drive.google.com/file/d/10cYBl0q66k35s2qguDrTdxifXzIGOyPk/viewhttps://drive.google.com/file/d/1eSausNqtYnPD6NbVgKapp7dS4bUzD9pD/view
24256,BAJA,CENTELLIAN24 Aceite Limpiador Madeca Matcha Pore Té Verde Matcha y Centella 200 ml,8806109107143,CENT24,,24256,"https://drive.google.com/file/d/17Yp2yuTROJQ90fcU5ZUGp458damRuFtK/view
https://drive.google.com/file/d/18jOh0rbq7o4lNpfibANQ4bM4sHUzg4fR/view
https://drive.google.com/file/d/1EBStuUhmXx5PdklR0WYz06luxcwj0bTa/view
https://drive.google.com/file/d/1utiwBDmBT5xaL6Xk9ZumwYNOKLR7IfWO/view
https://drive.google.com/file/d/17G1Iw8YkLXCA6RrWDswlQDKEUvTt_Eib/view
https://drive.google.com/file/d/1kG_wUMoVcjTNphB1KwfVZpRwnM-GuYb6/view"
24244,BAJA,CENTELLIAN24 Exfoliante Facial Madeca Matcha Toning Peeling Gel Renovador 150 ml,8806109107136,CENT24,,24244,"https://drive.google.com/file/d/1eyACptKly-vddM8CZkynLrDbrVpy9TZf/view
https://drive.google.com/file/d/1yEu43yNyXQN_D7WZdA_OOPI1h7oa5xj7/view
https://drive.google.com/file/d/1DNbVqOATBluLsCkpPCNImALL7HYys00K/view
https://drive.google.com/file/d/1ybU463lFsRJfClmph3awdD2mI44EJLaW/view
https://drive.google.com/file/d/1VdVFZSlThdbr38hO2v8LrkGvY6Xc04MI/view
https://drive.google.com/file/d/1QoVzf7_WxWDsiE1ejiyLMMjhEDLAp2Pu/view"
23895,BAJA,CENTELLIAN24 Crema Antimanchas Madeca Mela Capture Ampoule Capsule PDRN 55 ml,8806109106177,CENT24,,23895,"https://drive.google.com/file/d/1VUTDBXEPGXec1bG3SU0DIPXDDkxzyTuX/view
https://drive.google.com/file/d/1co-i1M80EaDKKVoGDPl6ea-uJw8ZQh64/view
https://drive.google.com/file/d/1SsScPjRIkmJhqS7HhLlZ-oUmEJ_1BwUu/view
https://drive.google.com/file/d/15iA5hkrGIXauF2QBj2zCvcsG2hd9nA-n/view
https://drive.google.com/file/d/12ejxJ9Zla2kxdERRc0Outt6hup0k91db/view
https://drive.google.com/file/d/1P0_EfsF-nTzRfRLGn17S5JQZ-eBSDZSz/view"
23921,BAJA,CENTELLIAN24 Tratamiento Localizado Madeca Powder Tea Tree AC Árbol de Té 6 g,8806109104227,CENT24,,23921,"https://drive.google.com/file/d/1dZt-o3zAgy3wWiZgeqe-n5PmC8a6ezMa/view
https://drive.google.com/file/d/1XAbiLKTDnTy5mXYsxNFy9fQ2b9ZNSekv/view
https://drive.google.com/file/d/1s-JtrB4_Kq06Idi_ekz60wQasQSd_RV1/view
https://drive.google.com/file/d/1uZpHlXVfvw4FC1iXCBl8uzbzVxG7jnbb/view
https://drive.google.com/file/d/1TQwqnyWsIXj-2egVDvh_RlsiITtOsD8l/view
https://drive.google.com/file/d/1coUbM0z5b96f6t8Ytx0OScYRQCJUpnrW/view"
7842,BAJA,CENTELLIAN24 Dispositivo de Cuidado Facial Madeca Prime Max Silver,8806109105422,CENT24,,7842,https://drive.google.com/file/d/1UCsaEgXm6fpPSOgss4kWcOSihzqOyIiW/view
24371,BAJA,CENTELLIAN24 Dispositivo de Masaje Madeca Prime Ritual White Pearl Efecto Lifting,8806109104555,CENT24,,24371,"https://drive.google.com/file/d/1vsSfLDOCUVsusYEYPMSX9qozgCHgDkCO/view
https://drive.google.com/file/d/159q3w6qBNgu8rtNbzVzCvVH6jOERlT4M/view
https://drive.google.com/file/d/1OwEOuY3lEKuRqkCEwNLHYIDt6YL3yv67/view
https://drive.google.com/file/d/12cVEU19rrFjR3yieZvCFhjBWwA6HXDaY/view
https://drive.google.com/file/d/1imvS8d_bnQxSOFe6PW3a917JEHsKO8kD/view
https://drive.google.com/file/d/1KJh8y0rUbmNaahTbvrCUqwo8sKQqEPM2/view"
24378,BAJA,CENTELLIAN24 Sérum Efecto Lifting 360º Shot PDRN Active Hyper PDRN y Colágeno 50 ml,8806109101158,CENT24,,24378,"https://drive.google.com/file/d/1Rq06EO_7eneppzAHA46pVsUue4bEbAwF/view
https://drive.google.com/file/d/15umK0TGghOe5BZRYWDCEgpQPvF04MiEb/view
https://drive.google.com/file/d/1rTmCBgYGDnQjAmOoPU2sImvQmuEVUgx6/view
https://drive.google.com/file/d/1DevXRyWuZeZlftjYIuw4gHd-Vwv_dBDo/view
https://drive.google.com/file/d/1_-Zslo5TvP67ALte5VnDWRR8iftXEKAk/view
https://drive.google.com/file/d/1A3C8WbjHfKf-WmZkfmgJ1hGJsEHk5-lw/view"
8178,BAJA,CENTELLIAN24 Contorno de Ojos Lifting Peptide 360º Shot Efecto Tensor 15 ml,8806109107358,CENT24,,8178,https://drive.google.com/file/d/1UCsaEgXm6fpPSOgss4kWcOSihzqOyIiW/view
8179,BAJA,CENTELLIAN24 Parches para Ojos 360 Shot PDRN 60 unidades,8806109107594,CENT24,,8179,https://drive.google.com/file/d/1UCsaEgXm6fpPSOgss4kWcOSihzqOyIiW/view
23766,BAJA,CENTELLIAN24 Ampolla Antimanchas Expert Madeca Mela Capture Max Niacinamida 15 ml,8806109100809,CENT24,,23766,https://drive.google.com/file/d/1UCsaEgXm6fpPSOgss4kWcOSihzqOyIiW/view
23929,BAJA,CENTELLIAN24 Espuma Limpiadora Madeca Amino Acid Aminoácidos y Centella 160 g,8806109186216,CENT24,,23929,"https://drive.google.com/file/d/1HA32ewd-QI05bUI29XIQ88bwxKELshmD/view
https://drive.google.com/file/d/12M0rKP3CgxYgpAk2wXOidLww_YiqinPs/view
https://drive.google.com/file/d/1H0C3ywgJzsV1_lXZpvnQHkAEYEMaqYac/view
https://drive.google.com/file/d/1S-JMosNxfyrfDVGPOkmF7XdjHbBWLcNL/view
https://drive.google.com/file/d/16ovUY-ADf65584VF7FnrttriSGOtdecs/view
https://drive.google.com/file/d/13CDzr9mF7gVrhqtU5bHVBDIHfgqKWkYX/view"
8170,BAJA,CENTELLIAN24 Crema Facial Madeca Active Repair 50 ml,8806109106733,CENT24,,8170,https://drive.google.com/file/d/1UCsaEgXm6fpPSOgss4kWcOSihzqOyIiW/view
23919,BAJA,CENTELLIAN24 Mascarilla Facial Madeca Derma Mask III Intensive Centella TECA 23 ml,8806109191241,CENT24,,23919,"https://drive.google.com/file/d/1GDtM17FD0SOJYlrtITCgN2bSVB_amtce/view
https://drive.google.com/file/d/1i38ZY2Zl7S900xJzSOBg9SPWqNW0jDiS/view
https://drive.google.com/file/d/1LBMyawkKkM4AbE3NVEpeoDar6j-pKMMy/view"
7643,BAJA,BEK Set Antiedad,,BEK,,7643,https://drive.google.com/file/d/1IPYOWH78PVvvjj4QFQFpoVlcWqwIQD1o/view
7645,BAJA,BEK Set Aqua,,BEK,,7645,
7629,BAJA,BEK Set Dúo Antiedad,,BEK,,7629,https://drive.google.com/file/d/1hCGvzORT205fOB1YhNfmvbus5KoMb3Ap/view
7628,BAJA,BEK Set Dúo de Protección para Piel Oleosa,,BEK,,7628,https://drive.google.com/file/d/1_EJylc4WdvwcW0jT815W18noQzix6YKT/view
7642,BAJA,BEK Set para Manchas y Poros,,BEK,,7642,https://drive.google.com/file/d/1u73zG_By4TrJ1SJaedWE0Vw1jcgS08LW/view
7644,BAJA,BEK Set Noni,,BEK,,7644,https://drive.google.com/file/d/1dKZrAQJWKyn_RnWki31S5OBqO_CzYAFn/view
7630,BAJA,BEK Set para Piel Oleosa,,BEK,,7630,https://drive.google.com/file/d/1VA0qv4ERn91iZ8gS90EU7AwV_R1l1ipL/view
7641,BAJA,BEK Set para Piel Sensible y Seca,,BEK,,7641,https://drive.google.com/file/d/1spS5ajG1ZGPYR4LRIyHSfpLqthca2WwR/view
7626,BAJA,BEK Rutina Antiedad,,BEK,,7626,https://drive.google.com/file/d/10w4_3KbHvbg-6n2tpy9EhOIrorWhwXT0/view
7627,BAJA,BEK Rutina para una Piel Luminosa,,BEK,,7627,
7619,BAJA,BEK Rutina para Manchas y Poros,,BEK,,7619,https://drive.google.com/file/d/1g_fkKkNoUei2SppvU1Mtze_Q8mocuH3C/view
7617,BAJA,BEK Rutina para Piel Mixta,,BEK,,7617,
7616,BAJA,BEK Rutina para Piel Oleosa,,BEK,,7616,
7618,BAJA,BEK Rutina para Piel Seca y Sensible,,BEK,,7618,
19510,ALTA,,1111111111111,ANUA,"Set/kit de Anua que combina varios productos de la marca para una rutina completa. Marca coreana centrada en heartleaf (Houttuynia cordata), PDRN y niacinamida; reconocida mundialmente por sus tónicos y sérums calmantes para piel sensible y con imperfecciones.",,No encontrado en carpetas de ANUA
6501,BAJA,BEK Mystery Box Antiedad y Firmeza,,COMBOS,"Bienvenidos a SKIN FREE!
Tu tienda de confianza para la mejor cosmética coreana en Argentina. Con más de 8 años de experiencia en el rubro, ofrecemos productos prácticos y efectivos elaborados con ingredientes de punta y tecnología innovadora en cada fórmula. Nos enorgullece nuestro compromiso con el cuidado del medio ambiente y te traemos lo mejor de la cosmética coreana para que disfrutes de una rutina de belleza excepcional. ¡Descubre nuestras novedades y embellece tu piel con lo mejor del mercado!

THREE COLORS LED MASK
Disfruta de una piel más firme, hidratada y saludable con nuestra máscara de fototerapia LED. Utiliza luces roja, azul y naranja para rejuvenecer tu rostro de manera no invasiva. Este tratamiento óptico optimiza el uso de tus sueros y cremas, mejorando visiblemente la apariencia de tu piel sin efectos dañinos.

LA LUZ AZUL (476-495nm) tiene propiedades antiinflamatorias y antibacterianas, ideal para tratar pieles problemáticas e irritadas. Es eficaz contra el acné al eliminar bacterias y porfirinas sin causar irritación, además de calmar la hipersensibilidad.

LA LUZ ROJA (620-750nm) mejora la circulación sanguínea, estimula la producción de colágeno y elastina, y ayuda a prevenir y reducir arrugas. Es ideal para rejuvenecer la piel apagada y aumentar la hidratación natural.

LA LUZ NARANJA (590-620nm) elimina desechos, mejora el intercambio de oxígeno celular, y estimula el flujo linfático. Reduce la pigmentación, aumenta el crecimiento celular y mejora la suavidad de la piel.

BENEFICIOS: 
-Repara las células de la piel dañada, reduce las máculas oscuras, las líneas finas y mejora el aspecto del ostium folicular.
-Revive la piel apagada para una tez más luminosa.
-Reduce el acné al matar las bacterias sin dañar la piel.
-Regenera las células de la piel con aumento de la circulación sanguínea y linfática.
-Ayuda a mejorar la absorción de ingredientes activos en productos para el cuidado de la piel.
-Aumenta la producción de colágeno y elastina para una piel de aspecto saludable.
-Ayuda a reducir la oleosidad.
-Brinda un efecto calmante que mejora las pieles congestionadas.

MODO DE USO:
1. Sobre el rostro limpio y seco aplicar productos calmantes e hidratantes.
2. Presione el botón durante 3 segundos para encender el producto.
3. Presione el botón hasta que aparezca el color de luz LED deseado.
4. Coloque el dispositivo en el rostro durante 10 a 15 minutos.
(Tener en cuenta que el uso recomendado es de no más de 15 minutos, pasado este tiempo la máscara se apagará, pero puede volver a encenderla. La bateria de la misma dura hasta 5 ciclos seguidos de 15 minutos)
5. Mantenga presionado el botón hasta que el protector se apague.

PRECAUCIONES:
Usarlo siempre con la cara limpia, no use productos agresivos como ácidos, tratamientos localizados y retinol debajo de la máscara. No debe presionar ni plegarse ya que en el interior se encuentra el circuito eléctrico. Debe colocarse plano para proteger la pantalla después de cada uso. Guarde el dispositivo en la caja para su mejor cuidado. Se recomienda el uso de discos de algodón para la protección ocular al momento del uso. Se desaconseja su uso en pacientes que toman algún tipo de medicación fotosensible. No se recommienda el uso para mujeres embarazadas y para pacientes con enfermedades de la tiroides o aquellos que usan medicamentos para la tiroides. 

MADE IN KOREA

Producto certificado y habilitado por ANMAT.
Dermatológicamente testeado. Apto Vegano. Libre de Parabenos. Cruelty Free. Fórmula con exclusivos ingredientes.
Elaborados con tecnología de punta coreana, y exhaustivos controles de calidad, con certificados ISO 9001 y 14001, de calidad superior premium.
___________________________________________

-IMPORTANTE ANTES DE REALIZAR TU COMPRA-

STOCK: todos los productos publicados cuentan con stock disponible.

COMPRA DE VARIOS PRODUCTOS: para realizar la compra de varios productos y que te lleguen juntos, te recomendamos utilizar el botón de “Agregar al carrito” que se encuentra al lado de “Comprar”, luego de verificar que están todos los productos agregados podes realizar la compra.
Si realizaste la compra de varios productos por separado, NO podremos enviártelos en un solo paquete.

METODOS DE PAGO: se abona a través de Mercado Pago de forma segura con tarjeta de crédito, tarjeta de debito, Rapipago y Pagofacil

FORMAS DE ENVIO:

1.MERCADOENVIOS: al realizar la compra, de acuerdo a su ubicación (colocando código postal) podra visualizar un calculador de costos y tiempos de entrega con el que podrá saber cuando le llegara el producto antes de realizar la compra y cual es el costo del mismo.
2.ENVIO FLEX: realizando la compra antes de las 14hrs, estarás recibiendo tu compra EN EL MISMO DIA. Servicio habilitado únicamente de lunes a viernes, valido en CABA y GBA
3.ACORDAR CON EL VENDEDOR: esta opción es valida para aquellos que desean retirar su compra en nuestro deposito en horarios de lunes a viernes de 10 a 17hrs.
___________________________________________
¿DONDE ESTAMOS UBICADOS?
Capital Federal – Villa Crespo
___________________________________________
GARANTIA: Se pueden realizar devoluciones por arrepentimiento o falla hasta 30 días desde que te llego la compra, la compra tiene que estar en las mismas condiciones que lo recibiste, si la devolución es por arrepentimiento el producto tiene que estar cerrado en la misma bolsa que te llego.

Staff Grupo SkinFree",6501,https://drive.google.com/file/d/1TD2Nyf4nBbbzBI3LErYLngFoRa452t8p/view
6503,BAJA,BEK Mystery Box Antimanchas,,COMBOS,"Coony es una marca que ofrece una variedad de productos para el cuidado de la piel facial. Si buscás protegerla y mantenerla en forma, esta puede ser una buena opción.

Es hipoalergénico
Este producto disminuye las posibilidades de una reacción alérgica, por ello, puede resultar útil para aquellas personas con piel sensible o irritable.

Libre de parabenos
Los productos libres de parabenos son una buena opción para el cuidado de pieles sensibles o para quienes eligen productos sin conservantes artificiales.",6503,https://drive.google.com/file/d/197OtFzR_BbLgIIvDn8yKi8F0DnMF1W8d/view
6504,BAJA,BEK Mystery Box Antimanchas,,COMBOS,"Bienvenidos a SKIN FREE! 
Tu tienda de confianza para la mejor cosmética coreana en Argentina. Con más de 8 años de experiencia en el rubro, ofrecemos productos prácticos y efectivos elaborados con ingredientes de punta y tecnología innovadora en cada fórmula. Nos enorgullece nuestro compromiso con el cuidado del medio ambiente y te traemos lo mejor de la cosmética coreana para que disfrutes de una rutina de belleza excepcional. ¡Descubre nuestras novedades y embellece tu piel con lo mejor del mercado!

COONY CRYOSPOONS MASAJEADOR FACIAL CRIOTERAPIA
Descubre nuestras cucharas de acero inoxidable, diseñadas con un material ultra resistente y seguro para almacenamiento a temperaturas extremas. Cada una contiene un gel de enfriamiento de larga duración que mantiene intensamente la temperatura durante períodos prolongados.
Ideal para mejorar la luminosidad, el tono y la textura de la piel, estas cucharas ofrecen una experiencia refrescante y efectiva en tu rutina de cuidado facial.

Beneficios:
• Descongestiona y estimula la circulación sanguínea, aumentando la oxigenación de la piel. 
• Reduce la inflamación y la hinchazón. 
• Reafirma la piel, tonificando y evitando la flacidez. 
• Ayuda a aliviar las alergias.
• Reduce el tamaño de los poros, evitando la propagación de bacterias.
• Ayuda a calmar pieles problemáticas.
• Alivia el dolor de cabeza y las fosas nasales.
• Estimula la producción de colágeno y elastina.
• Drena toxinas y remueven células muertas.
• Retrasa el proceso de envejecimiento.
• Regula la producción de grasa, previniendo la aparición de acné.
• Desinflama los ojos hinchados y las bolsas.
• Disminuyen líneas de expresión.
• Además de su acción calmante y refrescante, hidratan y relajan.

Modo de Uso:
1. Para el primer uso, colocar las Cryospoons en el congelador durante 24 horas en su envase contenedor. Luego puede mantener su guardado en el congelador y utilizarse según necesidad. 
2. Sacarlas y frotarlas sobre un paño limpio para remover exceso de agua y hielo
3. Se recomienda deslizar las Cryospoons del centro del rostro hacia afuera, mediante movimientos en forma de J ascendentes por un plazo de 1 a 5 minutos. Para un óptimo resultado, úselo con movimientos sinérgicos. Puede utilizarse sola o con el sérum de su preferencia.
4. Puede ser utilizado para calambres en las piernas, cuádriceps, isquiotibiales, dolor de cuello, áreas faciales, dolor de espalda y todo tipo de recuperación muscular.
5. Deslizar las Cryospoons con frecuencia y mantenerlas en movimiento sobre la piel.
6. Una vez terminado su uso, desinfectarlos con un paño y alcohol, o con agua y jabón, y guardarlos en su envase contenedor en la heladera.

Precacucion:
No use las Cryospoons congeladas directamente sobre la piel húmeda sin antes cumplir el paso 2 indicado arriba, a fin de evitar posible adherencia en la piel. Luego de su uso, limpie con un paño de microfibra.

MADE IN KOREA

Producto certificado y habilitado por ANMAT.
Dermatológicamente testeado. Apto Vegano. Libre de Parabenos. Cruelty Free. Fórmula con exclusivos ingredientes.
Elaborados con tecnología de punta coreana, y exhaustivos controles de calidad, con certificados ISO 9001 y 14001, de calidad superior premium.
___________________________________________

-IMPORTANTE ANTES DE REALIZAR TU COMPRA-

STOCK: todos los productos publicados cuentan con stock disponible.

COMPRA DE VARIOS PRODUCTOS: para realizar la compra de varios productos y que te lleguen juntos, te recomendamos utilizar el botón de “Agregar al carrito” que se encuentra al lado de “Comprar”, luego de verificar que están todos los productos agregados podes realizar la compra.
Si realizaste la compra de varios productos por separado, NO podremos enviártelos en un solo paquete.

METODOS DE PAGO: se abona a través de Mercado Pago de forma segura con tarjeta de crédito, tarjeta de debito, Rapipago y Pagofacil

FORMAS DE ENVIO:

1.MERCADOENVIOS: al realizar la compra, de acuerdo a su ubicación (colocando código postal) podra visualizar un calculador de costos y tiempos de entrega con el que podrá saber cuando le llegara el producto antes de realizar la compra y cual es el costo del mismo.
2.ENVIO FLEX: realizando la compra antes de las xxhrs, estarás recibiendo tu compra EN EL MISMO DIA. Servicio habilitado únicamente de lunes a viernes, valido en CABA y GBA 
3.ACORDAR CON EL VENDEDOR: esta opción es valida para aquellos que desean retirar su compra en nuestro deposito en horarios de lunes a viernes de 10 a 17hrs.
___________________________________________
¿DONDE ESTAMOS UBICADOS?
Capital Federal – Villa Crespo
___________________________________________
GARANTIA: Se pueden realizar devoluciones por arrepentimiento o falla hasta 30 días desde que te llego la compra, la compra tiene que estar en las mismas condiciones que lo recibiste, si la devolución es por arrepentimiento el producto tiene que estar cerrado en la misma bolsa que te llego. 

Staff Grupo SkinFree",6504,https://drive.google.com/file/d/1Y6_PQ7HHt6iQx5hNsFVN-2pvXfc8zjAr/view
6502,BAJA,BEK Mystery Box para Piel Sensible y con Rosácea,,COMBOS,,6502,https://drive.google.com/file/d/1YAYsmwG22FM8F2gRI0Nf9wY5f8xzWkB_/view
18422,BAJA,COMMONLABS Ampolla Facial Vitamin C Brightening Iluminadora 30 ml,8809576262209,COMMONLABS,"Una ampolla antioxidante intensivo con vitamina C estabilizada, ideal para iluminar la piel, unificar el tono y mejorar la firmeza. Contiene un complejo multifrutal elaborado a partir de seis extractos de frutas que aportan a la piel una variedad de vitaminas para mejorar el estado general.

Beneficios clave
· Reduce las pecas y las imperfecciones de la piel
· Ilumina la piel
· Promueve una piel mas firme y saludable

TIPO DE PIEL
Todo tipo, especialmente opaca, con manchas o tono desigual.

¿En qué paso de la rutina se usa?

Aceite de limpieza
Limpiador en espuma
AMPOLLA
Serum
Crema hidratante
Protector solar
Ingredientes principales

· Vitamina C pura (ácido ascórbico), ácido 3-O-etil ascórbico, complejo multifrutal   

Modo de Uso
Después de la limpieza, aplicar una cantidad adecuada en la piel y dejar que se absorba.
Usar antes de los 3 meses desde que se abre para evitar oxidación.
Textura

Fórmula a base de agua que deja un acabado flexible, refrescante y suave, sin ser pegajoso

Tips/Curiosidades
+ Contiene extracto de espino amarillo rico en antioxidantes. Ideal para usar en la mañana antes del protector solar para potenciar su efecto.

Contenido Neto: 30ml

Precauciones
Solo para uso externo. Evite utilizarlo en la zona ocular. Mantener fuera del alcance de los niños. Ante cualquier síntoma adverso discontinuar su uso y consultar con un médico.

Ingredientes
Hippophae Rhamnoides Water, Water, Dipropylene Glycol, Glycerin, Butylene Glycol, 1,2-Hexanediol, Niacinamide, Polyglyceryl-10 Laurate, Saccharide Isomerate, Trehalose, Citrus Junos Peel Oil, 3-O-Ethyl Ascorbic Acid, Allantoin, Carbomer, Arginine, Hydroxyethylcellulose, Ethylhexylglycerin, Melia Azadirachta Leaf Extract, Melia Azadirachta Flower Extract, Glyceryl Acrylate/ Acrylic Acid Copolymer, Curcuma Longa (Turmeric) Root Extract, Disodium EDTA, Citric Acid, Sodium Citrate, Ocimum Sanctum Leaf Extract, Corallina Officinalis Extract, Polyglutamic Acid, Maltodextrin, Saccharide Hydrolysate, Ananas Sativus (Pineapple) Fruit Extract, Pyrus Malus (Apple) Fruit Extract, Vitis Vinifera (Grape) Fruit Extract, Actinidia Chinensis (Kiwi) Fruit Extract, Prunus Persica (Peach) Fruit Extract, Fragaria Vesca (Strawberry) Fruit Extract, Rubus Fruticosus (Blackberry) Fruit Extract, Ascorbic Acid, Caprylic/Capric Triglyceride, Hydrogenated Lecithin, Vaccinium Myrtillus Fruit Extract, Vaccinium Angustifolium (Blueberry) Fruit Extract, Vaccinium VitisIdaea Fruit Extract, Rubus Idaeus (Raspberry) Fruit Extract, Citrus Junos Fruit Extract, Chaenomeles Sinensis Fruit Extract, Citrus Aurantium Dulcis (Orange) Flower Extract, Melissa Officinalis Extract, Astaxanthin, Limonene, Linalool.",18422,https://acdn-us.mitiendanube.com/stores/324/065/products/115-7ea8885975854b889a17430901128161-640-0.webp
18430,BAJA,COMMONLABS Crema Hidratante en Gel Vitamin C Brightening 50 g,8809576261721,COMMONLABS,"Una crema hidratante ligera en gel, ideal para tratar tono desigual, aportar luminosidad y dejar la piel suave y fresca sin sensación grasa

Beneficios clave

· Cuida eficazmente las imperfecciones y pecas rebeldes, a la vez que hidrata la piel con su textura tipo gel elástico

· Formando una barrera de humedad ligera, protege la piel y proporciona un acabado fresco junto con un brillo radiante.

· Unifica el tono de la piel

TIPO DE PIEL

Normal, mixta, grasa o con tono desigual.

¿En qué paso de la rutina se usa?

Aceite de limpieza
Limpiador en espuma
Tónico
Serum
CREMA HIDRATANTE
Protector solar
Ingredientes principales

Agua de Hippophae Rhamnoides, niacinamida, ácido 3-O-etil ascórbico, pantenol, ácido ascórbico

Modo de Uso

Aplicar una cantidad adecuada sobre el rostro y dar suaves golpecitos para favorecer su absorción.
Usar antes de los 3 meses desde que se abre para evitar oxidación.

Textura tipo gel que se absorbe rápido y deja la piel suave y luminosa

Tips/Curiosidades

+ Ha completado pruebas de irritación de la piel, lo que garantiza la seguridad incluso para pieles sensibles a las vitaminas

Contenido Neto: 50g

Precauciones

Solo para uso externo. Evite utilizarlo en la zona ocular. Mantener fuera del alcance de los niños. Ante cualquier síntoma adverso discontinuar su uso y consultar con un médico.

Ingredientes: Water(Aqua), Butylene Glycol, Hippophae Rhamnoides Water, 1,2-Hexanediol, Niacinamide, Glycerin, Polyglyceryl-10 Laurate, Acrylates/C10-30 Alkyl Acrylate Crosspolymer, Caprylic/Capric Triglyceride, Hydroxyethyl Acrylate/Sodium Acryloyldimethyl Taurate Copolymer, Tromethamine, Citrus Junos Peel Oil, 3-O-Ethyl Ascorbic Acid, Trehalose, Hydrogenated Lecithin, Ethylhexylglycerin, Phytosteryl/Octyldodecyl Lauroyl Glutamate, Sorbitan Isostearate, Ceramide NP, Panthenol, Saccharide Isomerate, Gardenia Florida Fruit Extract, Mandelic Acid, Ascorbic Acid, Dextrin, Polyglutamic Acid, Vaccinium Myrtillus Fruit Extract, Gardenia Jasminoides Fruit Extract, Sodium Hyaluronate, Rubus Fruticosus (Blackberry) Fruit Extract, Sodium Citrate, Citric Acid, Melissa Officinalis Extract, Chaenomeles Sinensis Fruit Extract, Citrus Aurantium Dulcis (Orange) Flower Extract, Vaccinium Angustifolium (Blueberry) Fruit Extract, Prunus Persica (Peach) Fruit Extract, Pyrus Malus (Apple) Fruit Extract, Fragaria Vesca (Strawberry) Fruit Extract, Ananas Sativus (Pineapple) Fruit Extract, Vaccinium Vitis-Idaea Fruit Extract, Actinidia Chinensis (Kiwi) Fruit Extract, Vitis Vinifera (Grape) Fruit Extract, Rubus Idaeus (Raspberry) Fruit Extract, Citrus Junos Fruit Extract, Limonene, Linalool.",18430,https://acdn-us.mitiendanube.com/stores/324/065/products/118-2850365cf7b0b8b3d017430902428435-640-0.webp
18335,BAJA,COMMONLABS Tónico Exfoliante Vitamin C Brightening Peeling 200 ml,8809576261745,COMMONLABS,"Bienvenidos a SKIN FREE!
Tu tienda de confianza para la mejor cosmética coreana en Argentina. Con más de 8 años de experiencia en el rubro, ofrecemos productos prácticos y efectivos elaborados con ingredientes de punta y tecnología innovadora en cada fórmula. Nos enorgullece nuestro compromiso con el cuidado del medio ambiente y te traemos lo mejor de la cosmética coreana para que disfrutes de una rutina de belleza excepcional. ¡Descubre nuestras novedades y embellece tu piel con lo mejor del mercado!

COONY SET ANTI - ACNÉ - Piel Oleosa, propensa al acné

Este set contiene:

+ 1 Coony Acne Control Serum

+ 1 Coony Sos Acne Spot Treatment

+ 1 Coony Acne Fast Clear Patch

MADE IN KOREA

Producto certificado y habilitado por ANMAT.
Dermatológicamente testeado. Apto Vegano. Libre de Parabenos. Cruelty Free. Fórmula con exclusivos ingredientes.
Elaborados con tecnología de punta coreana, y exhaustivos controles de calidad, con certificados ISO 9001 y 14001, de calidad superior premium.

___________________________________________

-IMPORTANTE ANTES DE REALIZAR TU COMPRA-


STOCK: todos los productos publicados cuentan con stock disponible.

COMPRA DE VARIOS PRODUCTOS: para realizar la compra de varios productos y que te lleguen juntos, te recomendamos utilizar el botón de “Agregar al carrito” que se encuentra al lado de “Comprar”, luego de verificar que están todos los productos agregados podes realizar la compra.
Si realizaste la compra de varios productos por separado, NO podremos enviártelos en un solo paquete.

METODOS DE PAGO: se abona a través de Mercado Pago de forma segura con tarjeta de crédito, tarjeta de debito, Rapipago y Pagofacil


FORMAS DE ENVIO:

1.MERCADOENVIOS: al realizar la compra, de acuerdo a su ubicación (colocando código postal) podra visualizar un calculador de costos y tiempos de entrega con el que podrá saber cuando le llegara el producto antes de realizar la compra y cual es el costo del mismo.
2.ENVIO FLEX: realizando la compra antes de las 13hrs, estarás recibiendo tu compra EN EL MISMO DIA. Servicio habilitado únicamente de lunes a viernes, valido en CABA y GBA
3.ACORDAR CON EL VENDEDOR: esta opción es valida para aquellos que desean retirar su compra en nuestro deposito en horarios de lunes a viernes de 10 a 17hrs.
___________________________________________
¿DONDE ESTAMOS UBICADOS?
Capital Federal – Villa Crespo
___________________________________________
GARANTIA: Se pueden realizar devoluciones por arrepentimiento o falla hasta 30 días desde que te llego la compra, la compra tiene que estar en las mismas condiciones que lo recibiste, si la devolución es por arrepentimiento el producto tiene que estar cerrado en la misma bolsa que te llego.

Staff Grupo SkinFree",18335,
18351,BAJA,COMMONLABS Protector Solar Facial Vitamin C Brightening Sun Serum 51 ml,8809913830160,COMMONLABS,,18351,
97612,ALTA,COONY Esencia Capilar Hair Curling para Definir Ondas,8809192705593,COONY,"Pestañas postizas / curvador de pestañas de Coony. Marca coreana de cuidado facial y corporal, con mascarillas en hoja/hidrogel de un solo uso y dispositivos de belleza (rodillos, masajeadores, esferas frías).",,No encontrado en carpetas de COONY
94445,ALTA,COONY Sérum Facial Acne Control,8809192704886,COONY,"Crema facial de Coony. Marca coreana de cuidado facial y corporal, con mascarillas en hoja/hidrogel de un solo uso y dispositivos de belleza (rodillos, masajeadores, esferas frías).",,No encontrado en carpetas de COONY
18353,ALTA,COONY ACNE CONTROL SERUM - serum facial ultraliviano para pieles oleosas,8809192706989,COONY,"Serum liviano formulado para ayudar a controlar el acné, equilibrar la producción de sebo y mejorar la apariencia de la piel. Contribuye a calmar, purificar y mantener los poros más limpios sin resecar.

Beneficios clave
• Ayuda a controlar brotes y prevenir nuevas imperfecciones
• Regula el exceso de sebo
• Contribuye a desobstruir poros
• Calma la piel y reduce rojeces
• Textura liviana de rápida absorción

TIPO DE PIEL
Ideal para piel grasa, mixta y con tendencia acneica. Apto para piel sensible.

¿En qué paso de la rutina se usa?
Se utiliza después de la limpieza y el tónico, antes de la crema hidratante.

Aceite de limpieza
Limpiador en espuma
Tónico
Serum
Crema hidratante
Protector solar (de día)

 Ingredientes principales
• Ácido salicílico (BHA): ayuda a limpiar poros y reducir imperfecciones
• Extractos calmantes: ayudan a aliviar la irritación y el enrojecimiento
• Ingredientes reguladores de sebo: contribuyen a mantener la piel equilibrada

Modo de Uso
Aplicar de 2 a 3 gotas sobre la piel limpia y tonificada. Distribuir suavemente por el rostro, evitando el contorno de ojos. Continuar con crema hidratante. Usar de día y/o de noche según tolerancia.

Textura / acabado
Serum liviano, no graso, de rápida absorción y acabado fresco.

 Tip extra / consejo de uso
Si estás empezando a usar activos para el acné, aplicalo primero una vez al día y aumentá la frecuencia de forma progresiva. De día, acompañá siempre con protector solar.

 Vegano
 No testeado en animales
 Dermatológicamente testeado

INCI
Ingredientes: Agua, Extracto de hoja de Melaleuca Alternifolia (Árbol de Té), Betaína, Ácido Tranexámico, Niacinamida, Extracto de Centella Asiática, Dimetil Sulfona, Glicereth-26, 1,2-Hexanodiol, PCA de Zinc, Butilenglicol, Goma Xantana, Extracto de flor de Hibiscus Sabdariffa, Extracto de flor de Bellis Perennis (Margarita), Extracto de flor de Jasminum Officinale (Jazmín), Extracto de flor de Spiraea Ulmaria, Extracto de corteza de Pinus Pinaster, Hialuronato de Sodio, Alantoína, Etilhexilglicerina, Copolímero de Acriloildimetiltaurato de Amonio/VP, EDTA Disódico, Ácido Salicílico, Madecassoside, Asiaticoside, Ácido Asiático, Ácido Madecásico.",,https://acdn-us.mitiendanube.com/stores/324/065/products/acne-control-serum-7314b0f3d38ce3cb2017429218551777-640-0.webp
96564,ALTA,COONY Gel Hidratante y Calmante Pure Aloe 96% Aloe Vera,8809192705470,COONY,"Gel de Coony formulado con aloe vera. aloe vera: hidrata y calma. Marca coreana de cuidado facial y corporal, con mascarillas en hoja/hidrogel de un solo uso y dispositivos de belleza (rodillos, masajeadores, esferas frías).",,No encontrado en carpetas de COONY
96566,ALTA,COONY Sérum Capilar Hair Miracle Restaura y Fortalece las Puntas,8809192705494,COONY,"Sérum/esencia de Coony. Marca coreana de cuidado facial y corporal, con mascarillas en hoja/hidrogel de un solo uso y dispositivos de belleza (rodillos, masajeadores, esferas frías).",,No encontrado en carpetas de COONY
95608,ALTA,COONY Tratamiento Capilar Intensivo para Cabello Seco y Dañado,8809192705159,COONY,"Tratamiento capilar de Coony. Marca coreana de cuidado facial y corporal, con mascarillas en hoja/hidrogel de un solo uso y dispositivos de belleza (rodillos, masajeadores, esferas frías).",,No encontrado en carpetas de COONY
20586,ALTA,COONY Loción Corporal Cicamidas 5 Hidratación Profunda y Rápida Absorción,8809192706231,COONY,"Crema facial de Coony. Marca coreana de cuidado facial y corporal, con mascarillas en hoja/hidrogel de un solo uso y dispositivos de belleza (rodillos, masajeadores, esferas frías).",,No encontrado en carpetas de COONY
96565,ALTA,COONY Pads Tonificantes Centella Asiática 89% de Extracto de Alta Pureza,8809192705487,COONY,"Almohadillas/discos tonificantes o exfoliantes de Coony formulado con centella asiática (Cica). centella asiática (Cica): repara la barrera cutánea y calma irritaciones. Marca coreana de cuidado facial y corporal, con mascarillas en hoja/hidrogel de un solo uso y dispositivos de belleza (rodillos, masajeadores, esferas frías).",,No encontrado en carpetas de COONY
99700,ALTA,COONY Bálsamo Labial Cicaluronic Hidratación Efectiva Todo el Día,8809192705807,COONY,"Crema facial de Coony. Marca coreana de cuidado facial y corporal, con mascarillas en hoja/hidrogel de un solo uso y dispositivos de belleza (rodillos, masajeadores, esferas frías).",,No encontrado en carpetas de COONY
99701,ALTA,COONY Bálsamo Limpiador Cicamomile para Limpieza Profunda,8809192705791,COONY,"Crema facial de Coony. Marca coreana de cuidado facial y corporal, con mascarillas en hoja/hidrogel de un solo uso y dispositivos de belleza (rodillos, masajeadores, esferas frías).",,No encontrado en carpetas de COONY
95004,ALTA,COONY Mascarilla Nocturna Natural Sleeping Hidratación Mientras Dormís,8809192705050,COONY,"Mascarilla facial de Coony. Marca coreana de cuidado facial y corporal, con mascarillas en hoja/hidrogel de un solo uso y dispositivos de belleza (rodillos, masajeadores, esferas frías).",,No encontrado en carpetas de COONY
95002,ALTA,COONY Mascarilla de Arcilla Volcánica Natural de Jeju Absorbe el Exceso de Grasa,8809192705036,COONY,"Mascarilla facial de Coony formulado con arcilla volcánica. arcilla volcánica: absorbe el exceso de grasa. Marca coreana de cuidado facial y corporal, con mascarillas en hoja/hidrogel de un solo uso y dispositivos de belleza (rodillos, masajeadores, esferas frías).",,No encontrado en carpetas de COONY
97611,ALTA,COONY Contorno de Ojos Madecassic con Centella Asiática,8809192705586,COONY,"Crema facial de Coony formulado con centella asiática (Cica). centella asiática (Cica): repara la barrera cutánea y calma irritaciones. Marca coreana de cuidado facial y corporal, con mascarillas en hoja/hidrogel de un solo uso y dispositivos de belleza (rodillos, masajeadores, esferas frías).",,No encontrado en carpetas de COONY
95001,ALTA,COONY Limpiador Facial en Espuma Pure Daily Foaming,8809192705029,COONY,"Crema facial de Coony. Marca coreana de cuidado facial y corporal, con mascarillas en hoja/hidrogel de un solo uso y dispositivos de belleza (rodillos, masajeadores, esferas frías).",,No encontrado en carpetas de COONY
20592,ALTA,COONY Crema Facial Renovadora Multi-Active Combate Signos del Envejecimiento,8809192706279,COONY,"Crema facial de Coony. Marca coreana de cuidado facial y corporal, con mascarillas en hoja/hidrogel de un solo uso y dispositivos de belleza (rodillos, masajeadores, esferas frías).",,No encontrado en carpetas de COONY
20588,ALTA,COONY Sérum Facial Nocturno Retinol Overnight Repair Manchas y Antiedad,8809192706286,COONY,"Sérum/esencia de Coony. Marca coreana de cuidado facial y corporal, con mascarillas en hoja/hidrogel de un solo uso y dispositivos de belleza (rodillos, masajeadores, esferas frías).",,No encontrado en carpetas de COONY
85000,ALTA,Mascarilla Facial Coony Charcoal Essense Mascarilla,8809373570156,COONY,"Mascarilla facial de Coony. Marca coreana de cuidado facial y corporal, con mascarillas en hoja/hidrogel de un solo uso y dispositivos de belleza (rodillos, masajeadores, esferas frías).",,No encontrado en carpetas de COONY
95003,ALTA,COONY Mascarilla de Arcilla Verde Natural con Madecassoside,8809192705043,COONY,"Mascarilla facial de Coony. Marca coreana de cuidado facial y corporal, con mascarillas en hoja/hidrogel de un solo uso y dispositivos de belleza (rodillos, masajeadores, esferas frías).",,No encontrado en carpetas de COONY
17734,ALTA,COONY Nanopelícula de Colágeno Nano-Collagen Melting Film Ácido Hialurónico 1 unidad,8809192706972,COONY,"Mascarilla facial de Coony formulado con colágeno. colágeno: aporta firmeza y elasticidad. Marca coreana de cuidado facial y corporal, con mascarillas en hoja/hidrogel de un solo uso y dispositivos de belleza (rodillos, masajeadores, esferas frías).",,No encontrado en carpetas de COONY
17747,ALTA,COONY Tratamiento Localizado S.O.S Acne Spot para Brotes y Pústulas,8809192707009,COONY,"Tratamiento localizado (spot treatment) de Coony. Marca coreana de cuidado facial y corporal, con mascarillas en hoja/hidrogel de un solo uso y dispositivos de belleza (rodillos, masajeadores, esferas frías).",,No encontrado en carpetas de COONY
17741,ALTA,COONY Bruma Facial Bifásica White Truffles Essence Hidratante y Revitalizante,8809192706996,COONY,"Sérum/esencia de Coony formulado con trufa blanca. trufa blanca: nutre intensamente. Marca coreana de cuidado facial y corporal, con mascarillas en hoja/hidrogel de un solo uso y dispositivos de belleza (rodillos, masajeadores, esferas frías).",,https://drive.google.com/file/d/1TyaYlJvrATMGtyxtxIQCTBMQxwXklPnZ/view?usp=drivesdk
19235,ALTA,COONY Rodillo Facial Eléctrico de Cuarzo Rosa,8809192708020,COONY,"Dispositivo de belleza de Coony. Marca coreana de cuidado facial y corporal, con mascarillas en hoja/hidrogel de un solo uso y dispositivos de belleza (rodillos, masajeadores, esferas frías).",,No encontrado en carpetas de COONY
94177,ALTA,COONY Rodillo Facial Energy Roller de Cuarzo Rosa,8809192707979,COONY,"Dispositivo de belleza de Coony. Marca coreana de cuidado facial y corporal, con mascarillas en hoja/hidrogel de un solo uso y dispositivos de belleza (rodillos, masajeadores, esferas frías).",,No encontrado en carpetas de COONY
93503,ALTA,COONY Set de Cuarzo Rosa con Rodillo y Gua Sha,8809192707962,COONY,"Set/kit de Coony que combina varios productos de la marca para una rutina completa. Marca coreana de cuidado facial y corporal, con mascarillas en hoja/hidrogel de un solo uso y dispositivos de belleza (rodillos, masajeadores, esferas frías).",,No encontrado en carpetas de COONY
95263,ALTA,COONY Pincel Espátula de Silicona para Aplicar Mascarillas,8809192708037,COONY,"Accesorio de aplicación de maquillaje de Coony. Marca coreana de cuidado facial y corporal, con mascarillas en hoja/hidrogel de un solo uso y dispositivos de belleza (rodillos, masajeadores, esferas frías).",,No encontrado en carpetas de COONY
11878,ALTA,COONY Masajeador de Cuero Cabelludo Scalp Therapy Negro,8809192708082,COONY,"Dispositivo de belleza de Coony. Marca coreana de cuidado facial y corporal, con mascarillas en hoja/hidrogel de un solo uso y dispositivos de belleza (rodillos, masajeadores, esferas frías).",,No encontrado en carpetas de COONY
18361,ALTA,COONY Máscara de Fototerapia LED Three Colors,8809192705067,COONY,"Mascarilla facial de Coony. Marca coreana de cuidado facial y corporal, con mascarillas en hoja/hidrogel de un solo uso y dispositivos de belleza (rodillos, masajeadores, esferas frías).",,No encontrado en carpetas de COONY
94675,ALTA,COONY Cryospoons Cucharas Frías de Crioterapia Facial,8809192708105,COONY,"Dispositivo de belleza de Coony. Marca coreana de cuidado facial y corporal, con mascarillas en hoja/hidrogel de un solo uso y dispositivos de belleza (rodillos, masajeadores, esferas frías).",,No encontrado en carpetas de COONY
94176,ALTA,COONY Set de Obsidiana Negra con Rodillo y Gua Sha,8809192707986,COONY,"Set/kit de Coony que combina varios productos de la marca para una rutina completa. Marca coreana de cuidado facial y corporal, con mascarillas en hoja/hidrogel de un solo uso y dispositivos de belleza (rodillos, masajeadores, esferas frías).",,No encontrado en carpetas de COONY
94674,ALTA,COONY Snowball Esfera de Crioterapia Facial,8809192708099,COONY,"Dispositivo de belleza de Coony. Marca coreana de cuidado facial y corporal, con mascarillas en hoja/hidrogel de un solo uso y dispositivos de belleza (rodillos, masajeadores, esferas frías).",,No encontrado en carpetas de COONY
19685,ALTA,BEK Set para Piel Oleosa,,COONY,"Set/kit de Coony que combina varios productos de la marca para una rutina completa. Marca coreana de cuidado facial y corporal, con mascarillas en hoja/hidrogel de un solo uso y dispositivos de belleza (rodillos, masajeadores, esferas frías).",,No encontrado en carpetas de COONY
19680,ALTA,BEK Set de Cuidado Facial Nocturno,,COONY,"Set/kit de Coony que combina varios productos de la marca para una rutina completa. Marca coreana de cuidado facial y corporal, con mascarillas en hoja/hidrogel de un solo uso y dispositivos de belleza (rodillos, masajeadores, esferas frías).",,No encontrado en carpetas de COONY
19649,ALTA,COONY Set Antiedad Iluminador e Hidratante,,COONY,"Set/kit de Coony que combina varios productos de la marca para una rutina completa. Marca coreana de cuidado facial y corporal, con mascarillas en hoja/hidrogel de un solo uso y dispositivos de belleza (rodillos, masajeadores, esferas frías).",,No encontrado en carpetas de COONY
19570,ALTA,COONY Set Antiacné,,COONY,"Set/kit de Coony que combina varios productos de la marca para una rutina completa. Marca coreana de cuidado facial y corporal, con mascarillas en hoja/hidrogel de un solo uso y dispositivos de belleza (rodillos, masajeadores, esferas frías).",,No encontrado en carpetas de COONY
924,ALTA,COONY Set de Doble Limpieza,,COONY,"Set/kit de Coony que combina varios productos de la marca para una rutina completa. Marca coreana de cuidado facial y corporal, con mascarillas en hoja/hidrogel de un solo uso y dispositivos de belleza (rodillos, masajeadores, esferas frías).",,No encontrado en carpetas de COONY
19480,ALTA,COONY Set para Puntas Fuertes,,COONY,"Set/kit de Coony que combina varios productos de la marca para una rutina completa. Marca coreana de cuidado facial y corporal, con mascarillas en hoja/hidrogel de un solo uso y dispositivos de belleza (rodillos, masajeadores, esferas frías).",,No encontrado en carpetas de COONY
19479,ALTA,COONY Set Snowball y Cuidado del Contorno de Ojos,,COONY,"Set/kit de Coony que combina varios productos de la marca para una rutina completa. Marca coreana de cuidado facial y corporal, con mascarillas en hoja/hidrogel de un solo uso y dispositivos de belleza (rodillos, masajeadores, esferas frías).",,No encontrado en carpetas de COONY
19482,ALTA,COONY Mascarilla Facial de Vitamina 1 unidad,,COONY,"Set/kit de Coony que combina varios productos de la marca para una rutina completa. Marca coreana de cuidado facial y corporal, con mascarillas en hoja/hidrogel de un solo uso y dispositivos de belleza (rodillos, masajeadores, esferas frías).",,No encontrado en carpetas de COONY
85004,ALTA,Mascarilla Facial Coony Vitamin Essence Mascarilla,8809373570194,COONY,"Mascarilla facial de Coony. Marca coreana de cuidado facial y corporal, con mascarillas en hoja/hidrogel de un solo uso y dispositivos de belleza (rodillos, masajeadores, esferas frías).",,No encontrado en carpetas de COONY
95609,ALTA,COONY Nutritivo para Uñas y Cutículas,8809192705081,COONY,"Almohadillas/discos tonificantes o exfoliantes de Coony. Marca coreana de cuidado facial y corporal, con mascarillas en hoja/hidrogel de un solo uso y dispositivos de belleza (rodillos, masajeadores, esferas frías).",,No encontrado en carpetas de COONY
88410,ALTA,,8809192703179,COONY,"Parche/patch de tratamiento de Coony. Marca coreana de cuidado facial y corporal, con mascarillas en hoja/hidrogel de un solo uso y dispositivos de belleza (rodillos, masajeadores, esferas frías).",,No encontrado en carpetas de COONY
18328,BAJA,BEK Bruma Facial Seborreguladora Acnebiome Balancing Piel Oleosa y Mixta,7799192708360,BEK,,18328,
18331,BAJA,BEK Shampoo Sólido Hidratante Antioxidante AOX Shampoo Bar,7799192708827,BEK,,18331,
18346,BAJA,BEK Crema Facial Despigmentante Brightera Calming Luminous Piel Madura,,BEK,,18346,
18352,BAJA,BEK Tónico Exfoliante Despigmentante Brightera Corrective Peeling,,BEK,,18352,
18360,BAJA,BEK Sérum Facial y Contorno de Ojos Despigmentante Brightera Rejuvenation,,BEK,,18360,
18380,BAJA,BEK Gel Limpiador Ectoin Hydrating 2 en 1 Retira Protector Solar 150 ml,7799192708414,BEK,,18380,https://drive.google.com/file/d/1UCsaEgXm6fpPSOgss4kWcOSihzqOyIiW/view
18383,BAJA,BEK Acondicionador Sólido Hidratante y Nutritivo Glow Conditioner Bar,7799192708810,BEK,,18383,
18403,BAJA,BEK Crema Corporal Jojoba Body Milk Reafirmante y Antiestrías,7799192708322,BEK,,18403,
18409,BAJA,BEK Crema Facial Reafirmante Multipeptide Pro Collagen Antiarrugas,7799192708315,BEK,,18409,
18410,BAJA,BEK Sérum Facial Reafirmante Botxlike Efecto Lifting Líneas de Expresión,7799192708308,BEK,,18410,
18417,BAJA,BEK Sérum Facial y Contorno de Ojos Triple Bio-Collagen Reafirmante,7799192708407,BEK,,18417,
85007,ALTA,COONY Parches Hidratantes Intensivos para Manos Intensive Hand Patch,8809192700017,COONY,"Mascarilla facial de Coony. Marca coreana de cuidado facial y corporal, con mascarillas en hoja/hidrogel de un solo uso y dispositivos de belleza (rodillos, masajeadores, esferas frías).",,No encontrado en carpetas de COONY
85008,ALTA,COONY Parches Hidratantes Intensivos para Pies Intensive Foot Patch,8809192700024,COONY,"Mascarilla facial de Coony. Marca coreana de cuidado facial y corporal, con mascarillas en hoja/hidrogel de un solo uso y dispositivos de belleza (rodillos, masajeadores, esferas frías).",,No encontrado en carpetas de COONY
86317,ALTA,COONY Mascarilla Exfoliante para Pies Foot Peeling,8809192702684,COONY,"Mascarilla facial de Coony formulado con exfoliantes químicos (AHA/BHA). exfoliantes químicos (AHA/BHA): renueva la textura de la piel. Marca coreana de cuidado facial y corporal, con mascarillas en hoja/hidrogel de un solo uso y dispositivos de belleza (rodillos, masajeadores, esferas frías).",,No encontrado en carpetas de COONY
85001,ALTA,Mascarilla Facial Coony Hyaluronic Essence Mascarilla,8809373570064,COONY,"Mascarilla facial de Coony formulado con ácido hialurónico. ácido hialurónico: aporta hidratación profunda. Marca coreana de cuidado facial y corporal, con mascarillas en hoja/hidrogel de un solo uso y dispositivos de belleza (rodillos, masajeadores, esferas frías).",,No encontrado en carpetas de COONY
84997,ALTA,COONY Mascarilla Facial Aloe Essence con Aloe Vera Hidrata y Calma,8809373570026,COONY,"Mascarilla facial de Coony formulado con aloe vera. aloe vera: hidrata y calma. Marca coreana de cuidado facial y corporal, con mascarillas en hoja/hidrogel de un solo uso y dispositivos de belleza (rodillos, masajeadores, esferas frías).",,No encontrado en carpetas de COONY
84996,ALTA,Mascarilla Facial Coony Blueberry Essence Mascarilla,8809373570057,COONY,"Mascarilla facial de Coony formulado con extracto de arándanos. extracto de arándanos: aporta antioxidantes. Marca coreana de cuidado facial y corporal, con mascarillas en hoja/hidrogel de un solo uso y dispositivos de belleza (rodillos, masajeadores, esferas frías).",,No encontrado en carpetas de COONY
97664,ALTA,Mascarilla Facial Coony Arbutin Essence Mascarilla,8809373570187,COONY,"Mascarilla facial de Coony formulado con alfa-arbutina. alfa-arbutina: actúa sobre manchas e hiperpigmentación. Marca coreana de cuidado facial y corporal, con mascarillas en hoja/hidrogel de un solo uso y dispositivos de belleza (rodillos, masajeadores, esferas frías).",,No encontrado en carpetas de COONY
85200,ALTA,COONY Mascarilla Facial Snail Essence con Mucina de Caracol Regeneradora,889373570163,COONY,"Mascarilla facial de Coony formulado con mucina de caracol. mucina de caracol: regenera y repara la piel. Marca coreana de cuidado facial y corporal, con mascarillas en hoja/hidrogel de un solo uso y dispositivos de belleza (rodillos, masajeadores, esferas frías).",,No encontrado en carpetas de COONY
84998,ALTA,Mascarilla Facial Coony Collagen Essence Mascarilla,8809373570095,COONY,"Mascarilla facial de Coony formulado con colágeno. colágeno: aporta firmeza y elasticidad. Marca coreana de cuidado facial y corporal, con mascarillas en hoja/hidrogel de un solo uso y dispositivos de belleza (rodillos, masajeadores, esferas frías).",,No encontrado en carpetas de COONY
85006,ALTA,Mascarilla Facial Coony Pomegranate Essense Mascarilla,8809373570019,COONY,"Mascarilla facial de Coony formulado con extracto de granada. extracto de granada: aporta antioxidantes. Marca coreana de cuidado facial y corporal, con mascarillas en hoja/hidrogel de un solo uso y dispositivos de belleza (rodillos, masajeadores, esferas frías).",,No encontrado en carpetas de COONY
85005,ALTA,Mascarilla Facial Coony Royal Jelly Essense Mascarilla,8809373570101,COONY,"Mascarilla facial de Coony formulado con jalea real. jalea real: nutre y revitaliza. Marca coreana de cuidado facial y corporal, con mascarillas en hoja/hidrogel de un solo uso y dispositivos de belleza (rodillos, masajeadores, esferas frías).",,No encontrado en carpetas de COONY
85002,ALTA,COONY Mascarilla Facial Pearl Essence con Extracto de Perla Iluminadora,8809373570040,COONY,"Mascarilla facial de Coony formulado con extracto de perla. extracto de perla: ilumina el tono de piel. Marca coreana de cuidado facial y corporal, con mascarillas en hoja/hidrogel de un solo uso y dispositivos de belleza (rodillos, masajeadores, esferas frías).",,No encontrado en carpetas de COONY
97665,ALTA,COONY Mascarilla Facial Q10 Essence con Coenzima Q10 Antioxidante,8809373570200,COONY,"Mascarilla facial de Coony formulado con coenzima Q10. coenzima Q10: aporta acción antioxidante. Marca coreana de cuidado facial y corporal, con mascarillas en hoja/hidrogel de un solo uso y dispositivos de belleza (rodillos, masajeadores, esferas frías).",,No encontrado en carpetas de COONY
85003,ALTA,Mascarilla Facial Coony Red Ginseng Essense Mascarilla,8809373570071,COONY,"Mascarilla facial de Coony formulado con ginseng rojo. ginseng rojo: revitaliza y da energía a la piel. Marca coreana de cuidado facial y corporal, con mascarillas en hoja/hidrogel de un solo uso y dispositivos de belleza (rodillos, masajeadores, esferas frías).",,No encontrado en carpetas de COONY
84999,ALTA,Mascarilla Facial Coony Green Tea Essence Mascarilla,8809373570118,COONY,"Mascarilla facial de Coony formulado con extracto de té verde. extracto de té verde: calma y aporta antioxidantes. Marca coreana de cuidado facial y corporal, con mascarillas en hoja/hidrogel de un solo uso y dispositivos de belleza (rodillos, masajeadores, esferas frías).",,No encontrado en carpetas de COONY
92355,ALTA,COONY Pads Exfoliantes Suaves Temi Soft Peeling,8809192704213,COONY,"Almohadillas/discos tonificantes o exfoliantes de Coony formulado con exfoliantes químicos (AHA/BHA). exfoliantes químicos (AHA/BHA): renueva la textura de la piel. Marca coreana de cuidado facial y corporal, con mascarillas en hoja/hidrogel de un solo uso y dispositivos de belleza (rodillos, masajeadores, esferas frías).",,No encontrado en carpetas de COONY
92356,ALTA,COONY Parches para el Acné Acne Fast Clear Tratamiento Efectivo,8809192704206,COONY,"Parche/patch de tratamiento de Coony. Marca coreana de cuidado facial y corporal, con mascarillas en hoja/hidrogel de un solo uso y dispositivos de belleza (rodillos, masajeadores, esferas frías).",,No encontrado en carpetas de COONY
88411,ALTA,COONY Tiras Nasales Premium Deep Cleansing Extrae Puntos Negros,8809192703162,COONY,"Parche/patch de tratamiento de Coony. Marca coreana de cuidado facial y corporal, con mascarillas en hoja/hidrogel de un solo uso y dispositivos de belleza (rodillos, masajeadores, esferas frías).",,No encontrado en carpetas de COONY
88409,ALTA,COONY Parches de Colágeno para Ojeras Premium Collagen Eye Zone,8809192703131,COONY,"Parche/patch de tratamiento de Coony. Marca coreana de cuidado facial y corporal, con mascarillas en hoja/hidrogel de un solo uso y dispositivos de belleza (rodillos, masajeadores, esferas frías).",,No encontrado en carpetas de COONY
99617,ALTA,COONY Set de Limpieza Facial Nocturna 4 unidades,,COONY,"Set/kit de Coony que combina varios productos de la marca para una rutina completa. Marca coreana de cuidado facial y corporal, con mascarillas en hoja/hidrogel de un solo uso y dispositivos de belleza (rodillos, masajeadores, esferas frías).",,No encontrado en carpetas de COONY
16990,ALTA,COONY Mascarillas Faciales Comprimidas 25 Unidades,,COONY,"Set/kit de Coony que combina varios productos de la marca para una rutina completa. Marca coreana de cuidado facial y corporal, con mascarillas en hoja/hidrogel de un solo uso y dispositivos de belleza (rodillos, masajeadores, esferas frías).",,No encontrado en carpetas de COONY
95008,ALTA,COONY Mascarillas Faciales Comprimidas en Pastillas,8809192708075,COONY,"Mascarilla facial de Coony. Marca coreana de cuidado facial y corporal, con mascarillas en hoja/hidrogel de un solo uso y dispositivos de belleza (rodillos, masajeadores, esferas frías).",,No encontrado en carpetas de COONY
95007,ALTA,COONY Pad Desmaquillante de Tela 1 unidad,8809192708006,COONY,"Accesorio de aplicación de maquillaje de Coony. Marca coreana de cuidado facial y corporal, con mascarillas en hoja/hidrogel de un solo uso y dispositivos de belleza (rodillos, masajeadores, esferas frías).",,No encontrado en carpetas de COONY
96793,ALTA,COONY Pad Desmaquillante Reutilizable de Microfibra Natural,8809192708051,COONY,"Almohadillas/discos tonificantes o exfoliantes de Coony. Marca coreana de cuidado facial y corporal, con mascarillas en hoja/hidrogel de un solo uso y dispositivos de belleza (rodillos, masajeadores, esferas frías).",,No encontrado en carpetas de COONY
95006,ALTA,COONY Pincel de Silicona Anti Derrame para Aplicar Mascarillas,8809192708068,COONY,"Accesorio de aplicación de maquillaje de Coony. Marca coreana de cuidado facial y corporal, con mascarillas en hoja/hidrogel de un solo uso y dispositivos de belleza (rodillos, masajeadores, esferas frías).",,No encontrado en carpetas de COONY
95005,ALTA,COONY Hisopos de Silicona Reutilizables con Espejo,8809192708044,COONY,"Accesorio de cuidado facial de Coony. Marca coreana de cuidado facial y corporal, con mascarillas en hoja/hidrogel de un solo uso y dispositivos de belleza (rodillos, masajeadores, esferas frías).",,No encontrado en carpetas de COONY
19521,BAJA,BEK Set Antiedad,,BEK,,19521,
19560,BAJA,BEK Set Antimanchas,,BEK,,19560,
19501,BAJA,BEK Set Brightera Antimanchas,,BEK,,19501,
19500,BAJA,BEK Set para una Piel Luminosa,,BEK,,19500,
19485,BAJA,BEK Set para Rosácea,,BEK,"ULTRA-LIGHT INVISIBLE SUNSCREEN SPF50+ PA++++
Protector solar facial de textura ultra liviana e invisible que brinda alta protección contra los rayos UVA y UVB mientras hidrata, calma y protege la piel de los agresores ambientales. Su fórmula de rápida absorción se integra perfectamente sin dejar residuo blanco ni sensación pegajosa, ideal para el uso diario en todo tipo y tono de piel.

Apto para todo tipo de piel, incluso piel sensible, mixta y grasa.

SPF50+ PA++++ + ALOE + HAMAMELIS + NIACINAMIDA + VITAMINA E

-Alta protección solar de amplio espectro SPF50+ PA++++

-Textura ultra ligera y de rápida absorción

-No deja capa blanca ni sensación pesada

-Hidrata y calma la piel durante el uso

-Ayuda a proteger la piel del daño ambiental


Ideal para uso diario y reaplicación


Clínicamente formulado. Apto para uso diario.
ACTIVOS CLÍNICAMENTE COMPROBADOS

-Filtros solares de amplio espectro (SPF50+ PA++++): ayudan a proteger la piel contra los rayos UVA y UVB, previniendo el daño solar.
- Extracto de Aloe: ayuda a hidratar y calmar la piel expuesta al sol.
- Hamamelis: contribuye a calmar la piel y mejorar la sensación de confort.
- Niacinamida: ayuda a fortalecer la barrera cutánea y mejorar la apariencia general de la piel.
- Vitamina E (Tocopherol): antioxidante que ayuda a proteger la piel frente a agresores externos.

INDICADO PARA:
 Todo tipo de piel y tono de piel. Ideal para pieles sensibles, mixtas o grasas que buscan una protección solar efectiva sin residuo blanco ni sensación pegajosa. Apto para uso urbano y actividades al aire libre.

MODO DE USO:
 Aplicar como último paso de la rutina de la mañana. Usar una cantidad generosa y distribuir de manera uniforme sobre rostro, cuello y escote. Reaplicar durante el día, especialmente en exposiciones prolongadas al sol.



Importado por LABORATORIO BEK SRL. Legajo N° 2994. Res (ex M.S. y A.S.) ANMAT N° 155/98.
 50 ml

Precauciones
Sólo para uso externo. Evitar el contacto directo con los ojos. Si se produce contacto, enjuague bien con agua.Ante cualquier síntoma adverso discontinuar su uso y consultar con un médico. Mantener fuera del alcance de los niños. Almacenar lejos de la luz solar directa.
COSRX – K-Beauty Derm No. 1
 MADE IN KOREA
 Expecting Tomorrow",19485,
19487,BAJA,BEK Trío Lifting,,BEK,,19487,
19565,BAJA,BEK Set Navideño para Manchas y Signos de la Edad,,BEK,,19565,
19511,BAJA,BEK Set Navideño Well-Aging,,BEK,,19511,
19512,BAJA,BEK Set Navideño Well-Aging,,BEK,,19512,
19653,ALTA,COONY Set Mask Addict,,COONY,"Set/kit de Coony que combina varios productos de la marca para una rutina completa. Marca coreana de cuidado facial y corporal, con mascarillas en hoja/hidrogel de un solo uso y dispositivos de belleza (rodillos, masajeadores, esferas frías).",,No encontrado en carpetas de COONY
4044,ALTA,COONY Set Snowball,,COONY,"Set/kit de Coony que combina varios productos de la marca para una rutina completa. Marca coreana de cuidado facial y corporal, con mascarillas en hoja/hidrogel de un solo uso y dispositivos de belleza (rodillos, masajeadores, esferas frías).",,No encontrado en carpetas de COONY
4043,ALTA,COSRX Mascarilla de Hidrogel Advanced Snail 3 unidades,,COONY,"Set/kit de Coony que combina varios productos de la marca para una rutina completa. Marca coreana de cuidado facial y corporal, con mascarillas en hoja/hidrogel de un solo uso y dispositivos de belleza (rodillos, masajeadores, esferas frías).",,No encontrado en carpetas de COONY
20062,ALTA,COSRX Mascarilla de Hidrogel Advanced Snail Mucin Glass Glow Efecto Glass Skin 3 unidades,8809598457058,COSRX,"Mascarilla facial de Cosrx formulado con mucina de caracol. mucina de caracol: regenera y repara la piel. Marca coreana best-seller global (grupo Amorepacific), referente en mucina de caracol, parches para acné (Master Patch), péptidos y niacinamida.",34g,No encontrado en carpetas de COSRX
3651,ALTA,COSRX Crema Facial Advanced Snail 92 All In One 92% de Mucina de Caracol 50 g,8809598455290,COSRX,"Crema facial de Cosrx formulado con mucina de caracol y mucina de caracol al 92-96%. mucina de caracol: regenera y repara la piel; mucina de caracol al 92-96%: regenera intensamente la piel. Marca coreana best-seller global (grupo Amorepacific), referente en mucina de caracol, parches para acné (Master Patch), péptidos y niacinamida.",50g,https://www.skinko.com.ar/cdn/shop/files/ADVANCEDSNAIL92ALLINONECREAM-1.jpg?v=1757639314&width=1000
14601,ALTA,COSRX Esencia Facial Advanced Snail 96 Mucin Power 96% de Mucina de Caracol 100 ml,8809416470009,COSRX,"COSRX ADVANCED SNAIL 96 MUCIN POWER ESSENCE

 Esencia ligera y altamente concentrada con 96% de filtrado de baba de caracol, diseñada para hidratar intensamente, reparar y mejorar la textura de la piel.

 Apta para todo tipo de piel, incluida piel sensible y con tendencia al acné.

96% DE MUCINA DE CARACOL

Beneficios

Difumina manchas oscuras y cicatrices de acné.
Mejora la textura y apariencia de la piel.
Proporciona hidratación intensa y duradera.
Efecto anti-edad: suaviza líneas finas y mejora la elasticidad.
Reduce rojeces e imperfecciones.
Refuerza la barrera protectora de la piel.

 

Clínicamente comprobado. Fórmula hipoalergénica y dermatológicamente probada.

Best Seller mundial. Reconocida como la esencia N°1 en el mundo

 *No se dañan los caracoles: el mucin se recolecta de manera ética y segura, sin presión ni daño al animal.

 Libre de fragancias, siliconas, aceites minerales, parabenos y sulfatos.

 Modo de uso: Después de limpiar y tonificar, aplique una pequeña cantidad en todo el rostro. Dé suaves toques con las yemas de los dedos para facilitar su absorción y luego aplique su crema hidratante. 

 Ingredientes: Filtrado de secreción de caracol, betaína, butilenglicol, 1,2-hexanodiol, poliacrilato de sodio, fenoxietanol, hialuronato de sodio, alantoína, etil hexanodiol, carbómero, pantenol, arginina.",100ml,https://acdn-us.mitiendanube.com/stores/324/065/products/advanced-snail-96-mucin-power-essence-1-69fad222057a82a57517582253186218-640-0.webp
14603,ALTA,COSRX Contorno de Ojos Advanced Snail Peptide Mucina de Caracol y Péptidos 25 ml,8809598451070,COSRX,"Crema facial de Cosrx formulado con mucina de caracol y péptidos. mucina de caracol: regenera y repara la piel; péptidos: mejora firmeza y elasticidad. Marca coreana best-seller global (grupo Amorepacific), referente en mucina de caracol, parches para acné (Master Patch), péptidos y niacinamida.",25ml,No encontrado en carpetas de COSRX
14641,ALTA,COSRX Tónico Exfoliante AHA/BHA Clarifying Treatment Aclara y Suaviza 150 ml,8809416470030,COSRX,"Tónico facial de Cosrx formulado con exfoliantes químicos (AHA/BHA). exfoliantes químicos (AHA/BHA): renueva la textura de la piel. Marca coreana best-seller global (grupo Amorepacific), referente en mucina de caracol, parches para acné (Master Patch), péptidos y niacinamida.",150ml,No encontrado en carpetas de COSRX
14654,ALTA,COSRX Tratamiento Exfoliante Líquido BHA Blackhead Power Puntos Negros 100 ml,8809416470054,COSRX,"Producto de skincare/belleza de Cosrx formulado con exfoliantes químicos (AHA/BHA). exfoliantes químicos (AHA/BHA): renueva la textura de la piel. Marca coreana best-seller global (grupo Amorepacific), referente en mucina de caracol, parches para acné (Master Patch), péptidos y niacinamida.",100ml,No encontrado en carpetas de COSRX
20064,ALTA,COSRX Bruma Facial Hidratante The Ceramide Skin Barrier Reparadora,8800311120822,COSRX,"Bruma/spray facial de Cosrx. Marca coreana best-seller global (grupo Amorepacific), referente en mucina de caracol, parches para acné (Master Patch), péptidos y niacinamida.",120ml,No encontrado en carpetas de COSRX
20061,ALTA,COSRX Crema Facial The Ceramide Skin Barrier Fortalece la Barrera Cutánea,8809598457171,COSRX,"Producto de skincare/belleza de Cosrx formulado con ceramidas. ceramidas: refuerza la barrera cutánea. Marca coreana best-seller global (grupo Amorepacific), referente en mucina de caracol, parches para acné (Master Patch), péptidos y niacinamida.",80ml,No encontrado en carpetas de COSRX
14659,ALTA,COSRX Crema Facial Ultra Hidratante Hyaluronic Acid Intensive 100 ml,8809416470122,COSRX,"Crema facial de Cosrx formulado con ácido hialurónico. ácido hialurónico: aporta hidratación profunda. Marca coreana best-seller global (grupo Amorepacific), referente en mucina de caracol, parches para acné (Master Patch), péptidos y niacinamida.",100g,No encontrado en carpetas de COSRX
14665,ALTA,COSRX Limpiador Facial en Gel Low pH Good Morning Suave 150 ml,8809416470511,COSRX,"COSRX LOW PH GOOD MORNING GEL CLEANSER
Limpiador diario con BHA y pH bajo. Elimina impurezas mientras recarga la piel con vitaminas.

 Apto para todo tipo de piel. Ideal para piel sensible.
BHA + ACEITE DE ÁRBOL DE TÉ + PH EQUILIBRADO 5.31 ± 1.00

Limpieza hidratante sin resecar
Elimina impurezas
Protege la barrera de la piel
Restaura el equilibrio del pH
Clínicamente probado. Apto para piel sensible. Testado contra irritación ocular.

ACTIVOS CLÍNICAMENTE COMPROBADOS BAJO ESTUDIOS IN VIVO- IN VITRO

Aloe vera: calma, suaviza y protege la piel
Centella asiática: reduce inflamación y aporta propiedades reparadoras
Té verde: antioxidante, protege de daños ambientales
Manzanilla: suaviza e hidrata la piel

 Modo de uso: Usar por la mañana y por la noche, después de desmaquillarse. Comenzar con las manos y el rostro húmedos. Aplicar una cantidad adecuada en la mano y formar espuma. Masajear suavemente sobre el rostro, evitando el contorno de ojos y boca. Enjuagar con agua tibia.

 Ingredientes: Water, Cocamidopropyl Betaine, Sodium Lauroyl Methyl Isethionate, Sodium Chloride, Polysorbate 20, Styrax Japonicus Branch/Fruit/Leaf Extract, Butylene Glycol, Saccharomyces Ferment, Cryptomeria Japonica Leaf Extract, Nelumbo Nucifera Leaf Extract, Pinus Palustris Leaf Extract, Ulmus Davidiana Root Extract, Oenothera Biennis (Evening Primrose) Flower Extract, Pueraria Lobata Root Extract, Melaleuca Alternifolia (Tea Tree) Leaf Oil, Allantoin, Caprylyl Glycol, Ethylhexylglycerin, Betaine Salicylate, Citric Acid, Ethyl Hexanediol, 1,2-Hexanediol, Trisodium Ethylenediamine Disuccinate, Sodium Benzoate, Disodium EDTA",150ml,https://acdn-us.mitiendanube.com/stores/324/065/products/low-ph-good-morning-gel-cleanser-2-6bb975fb7f98fa7e3b17582538561053-640-0.webp
14689,ALTA,COSRX Parches para el Acné Clear Fit Master Patch Discretos 18 unidades,8809598456389,COSRX,"Parche/patch de tratamiento de Cosrx. Marca coreana best-seller global (grupo Amorepacific), referente en mucina de caracol, parches para acné (Master Patch), péptidos y niacinamida.",8g,https://drive.google.com/file/d/1-oGw5vEQ9uPXFUHqUMfQHLnNwVZh6v7O/view?usp=drivesdk
14692,ALTA,COSRX Parches para el Acné Master Patch Intensive 36 unidades,8809598453883,COSRX,"Parche/patch de tratamiento de Cosrx. Marca coreana best-seller global (grupo Amorepacific), referente en mucina de caracol, parches para acné (Master Patch), péptidos y niacinamida.",12g,https://drive.google.com/file/d/1Govd5rpbE7E8yMu487_40gLbO48yMXbk/view?usp=drivesdk
14696,ALTA,COSRX Parches para el Acné Master Patch X-Large Zonas Amplias 10 unidades,8809598453807,COSRX,"Parche/patch de tratamiento de Cosrx. Marca coreana best-seller global (grupo Amorepacific), referente en mucina de caracol, parches para acné (Master Patch), péptidos y niacinamida.",23g,No encontrado en carpetas de COSRX
14699,ALTA,"COSRX MASTER PATCH ORIGINAL FIT | Parche para cubrir y tratar Acné tamaño Original Fit, 24u",8809598455672,COSRX,"COSRX MASTER PATCH ORIGINAL FIT

 Parches hidrocoloides diseñados para tratar granitos activos de manera rápida, efectiva y discreta, promoviendo la cicatrización mientras protegen la piel de agentes externos.

 Adecuado para todo tipo de piel, especialmente piel grasa, mixta o con tendencia acneica.

MATERIAL HIDROCOLOIDE: Extrae eficazmente las impurezas y crea un ambiente húmedo, lo que acelera el proceso de curación.
Absorbe impurezas y secreciones del granito.
Favorece la cicatrización más rápida.
Previene infecciones y reduce la probabilidad de cicatrices.
Barrera protectora contra bacterias y polvo.

Actúa durante la noche o el día de manera invisible bajo el maquillaje.

Clínicamente comprobado. Fórmula no tóxica y libre de parabenos.Diseñado específicamente para no irritar y acelerar el proceso de curación del acné.
Contiene 24 parches hidrocoloides en distintos tamaños para adaptarse a diferentes imperfecciones.

Modo de uso: Limpie la zona alrededor de la zona problemática. Seleccione un parche más grande que la zona problemática y aplíquelo.

Ingredientes: Resina de petróleo, goma de celulosa, copolímero de bloque de estireno-isopreno-estireno, película de poliuretano, poliisobutileno, parafina líquida, tetraquismetano",8g,https://acdn-us.mitiendanube.com/stores/324/065/products/master-patch-original-fit-cad_es-2-df51ab31aec66206f017582544651753-640-0.webp
14701,ALTA,COSRX Limpiador Facial Suave Salicylic Acid Daily Gentle Ácido Salicílico 150 ml,8809416471112,COSRX,"Producto de skincare/belleza de Cosrx formulado con ácido salicílico. ácido salicílico: controla el sebo y desobstruye poros. Marca coreana best-seller global (grupo Amorepacific), referente en mucina de caracol, parches para acné (Master Patch), péptidos y niacinamida.",150ml,No encontrado en carpetas de COSRX
14704,ALTA,COSRX Sérum Booster The 6 Peptide Firmeza y Elasticidad 150 ml,8809598455658,COSRX,"Ampolla/booster concentrado de Cosrx formulado con péptidos. péptidos: mejora firmeza y elasticidad. Marca coreana best-seller global (grupo Amorepacific), referente en mucina de caracol, parches para acné (Master Patch), péptidos y niacinamida.",150ml,https://drive.google.com/file/d/1Qd_H3AhFk7SAYpdBuQ6BeLO2A3U6z96_/view?usp=drivesdk
14714,ALTA,COSRX Sérum Antimanchas The Alpha Arbutin 2 Discoloration 50 ml,8809598454880,COSRX,"Sérum/esencia de Cosrx formulado con alfa-arbutina. alfa-arbutina: actúa sobre manchas e hiperpigmentación. Marca coreana best-seller global (grupo Amorepacific), referente en mucina de caracol, parches para acné (Master Patch), péptidos y niacinamida.",50ml,No encontrado en carpetas de COSRX
14715,ALTA,COSRX Sérum Hidratante The Hyaluronic Acid 3 Ácido Hialurónico al 3% 20 ml,8809598454668,COSRX,"Sérum/esencia de Cosrx formulado con ácido hialurónico. ácido hialurónico: aporta hidratación profunda. Marca coreana best-seller global (grupo Amorepacific), referente en mucina de caracol, parches para acné (Master Patch), péptidos y niacinamida.",20ml,No encontrado en carpetas de COSRX
14720,ALTA,COSRX THE PEPTIDE COLLAGEN LIFTING GLOW HYDROGEL MASK 3u | Máscara lifting glow con colágeno. 3 UNIDADES,8809598457232,COSRX,"Mascarilla facial de Cosrx formulado con colágeno y péptidos. colágeno: aporta firmeza y elasticidad; péptidos: mejora firmeza y elasticidad. Marca coreana best-seller global (grupo Amorepacific), referente en mucina de caracol, parches para acné (Master Patch), péptidos y niacinamida.

COSRX THE PEPTIDE COLLAGEN LIFTING GLOW HYDROGEL MASK

Máscara premium de hidrogel que transforma la piel cansada en firme, radiante e intensamente hidratada. 

 Apto para todo tipo de piel, incluso sensible.

 6 PODEROSOS PÉPTIDOS + COLÁGENO 200DA

Efecto lifting y firmeza inmediata
Reduce líneas finas y arrugas
Aporta elasticidad y mejora la densidad de la piel
Hidrata en profundidad y rellena la piel
Mejora el tono y la textura, aportando luminosidad
Calma y fortalece la barrera cutánea


Clínicamente probado. Apto para piel sensible. Testado contra irritación.
*Formulado únicamente con suero, sin soporte de tela adicional.

 Tip: No desperdicies las secciones de ojos y boca. Úsalas en líneas de sonrisa, debajo de los ojos, cuello o áreas que necesiten hidratación y firmeza extra.

ACTIVOS SECUNDARIOS

Peptidos: (Palmitoyl Tripeptide-5, Acetyl Hexapeptide-8, Acetyl Tetrapeptide-2, Dipeptide Diaminobutyroyl Benzylamide Diacetate, Copper Tripeptide-1, Palmitoyl Tripeptide-8)

Colágeno de bajo peso molecular: Mejora elasticidad y firmeza
Niacinamida + NAG: Mejora la luminosidad y la textura
5 tipos de Ácido Hialurónico, Pantenol y Tocoferol: Hidratación profunda
5 tipos de Ceramidas, Colesterol y Ácidos grasos: Fortalecen la barrera cutánea
Vitamina B12 + Alantoína: Calman piel sensible e irritada

 Modo de uso: 
1.  Después de la limpieza, aplique el tónico o sérum.
2. Abra la bolsa, retire las películas y aplique la mascarilla.
3. Después de unas 2-3 horas o cuando la mascarilla se vuelva transparente, retírela y masajee suavemente el resto de la esencia sobre el rostro.
*Se obtendrán mejores resultados si se usa como TRATAMIENTO DE NOCHE.

 Ingredientes: Agua, glicerina, copolímero de acrilatos, niacinamida, 1,2-hexanodiol, goma de Ceratonia Siliqua (algarrobo), Chondrus Crispus, agar, eritritol, goma de esclerocio, cloruro de potasio, sacarosa, goma de celulosa, laurato de poligliceril-10, pantenol, etilhexilglicerina, alantoína, goma xantana, adenosina, fitato de sodio, colágeno hidrolizado, lecitina hidrogenada, alcohol cetearílico, cianocobalamina, ácido esteárico, tocoferol, acetil hexapéptido-8, butilenglicol, pentilenglicol, acetil glucosamina, ceramida NP, hialuronato de sodio, polímero cruzado de hialuronato de sodio, ácido hialurónico hidrolizado, ceramida NS, palmitoil tripéptido-5. Fitoesfingosina, colesterol, ácido hialurónico

Ceramida AP, ceramida AS, caprilil glicol, dipéptido diaminobutiroil bencilamida diacetato, hialuronato de sodio hidrolizado, tripéptido de cobre-1, acetil tetrapéptido-2, dextrano, palmitoil tripéptido-8, ceramida EOP

Precauciones: Solo para uso externo. Evitar el contacto con los ojos. En caso de contacto, enjuagar bien con agua. Después de abrir, usar inmediatamente, ya que podría resecarse.",34g,https://acdn-us.mitiendanube.com/stores/324/065/products/the-peptide-collagen-lifting-glow-hydrogel-mask_-637d14e389bc953c6f17582563858085-640-0.webp
14717,ALTA,COSRX Sérum Facial The Niacinamide 15 Unifica el Tono y Controla el Sebo 20 ml,8809598454637,COSRX,"Sérum/esencia de Cosrx formulado con niacinamida. niacinamida: unifica el tono y controla el sebo. Marca coreana best-seller global (grupo Amorepacific), referente en mucina de caracol, parches para acné (Master Patch), péptidos y niacinamida.",20ml,No encontrado en carpetas de COSRX
14719,ALTA,COSRX Parches de Hidrogel para Ojos The Peptide Collagen 60 unidades,8809598456983,COSRX,"Parche/patch de tratamiento de Cosrx. Marca coreana best-seller global (grupo Amorepacific), referente en mucina de caracol, parches para acné (Master Patch), péptidos y niacinamida.",,https://drive.google.com/file/d/1MnKVPK3WEc_IUnh5hvUGLMu0WoQkTab_/view?usp=drivesdk
14723,ALTA,COSRX Crema Facial The Retinol 0.3 Renovación Celular 20 ml,8809598455795,COSRX,"Crema facial de Cosrx formulado con retinol/retinal. retinol/retinal: estimula la renovación celular anti-edad. Marca coreana best-seller global (grupo Amorepacific), referente en mucina de caracol, parches para acné (Master Patch), péptidos y niacinamida.",20ml,No encontrado en carpetas de COSRX
14730,ALTA,COSRX Sérum Iluminador The Vitamin C 23 Vitamina C Pura 20 g,8800311121256,COSRX,"Sérum/esencia de Cosrx formulado con vitamina C. vitamina C: ilumina y unifica el tono. Marca coreana best-seller global (grupo Amorepacific), referente en mucina de caracol, parches para acné (Master Patch), péptidos y niacinamida.",20ml,No encontrado en carpetas de COSRX
20063,ALTA,COSRX Protector Solar Facial Ultra-Light Invisible SPF50+ PA++++ 50 ml,8809598456242,COSRX,"Protector solar facial de Cosrx. Marca coreana best-seller global (grupo Amorepacific), referente en mucina de caracol, parches para acné (Master Patch), péptidos y niacinamida.",50ml,No encontrado en carpetas de COSRX
3687,ALTA,COSRX Kit Cuida tu Piel,,COSRX,"Set/kit de Cosrx que combina varios productos de la marca para una rutina completa. Marca coreana best-seller global (grupo Amorepacific), referente en mucina de caracol, parches para acné (Master Patch), péptidos y niacinamida.",,No encontrado en carpetas de COSRX
3688,ALTA,COSRX Kit de Rutina para Piel Hidratada,,COSRX,"Set/kit de Cosrx que combina varios productos de la marca para una rutina completa. Marca coreana best-seller global (grupo Amorepacific), referente en mucina de caracol, parches para acné (Master Patch), péptidos y niacinamida.",,No encontrado en carpetas de COSRX
3689,ALTA,COSRX Protector Solar en Barra Airy-Light Invisible Sun Stick 19 g,,COSRX,"Set/kit de Cosrx que combina varios productos de la marca para una rutina completa. Marca coreana best-seller global (grupo Amorepacific), referente en mucina de caracol, parches para acné (Master Patch), péptidos y niacinamida.",,No encontrado en carpetas de COSRX
14647,ALTA,COSRX Protector Solar en Barra Airy-Light Invisible SPF50+ PA++++ 19 g,8809598457195,COSRX,"Protector solar facial de Cosrx. Marca coreana best-seller global (grupo Amorepacific), referente en mucina de caracol, parches para acné (Master Patch), péptidos y niacinamida.",19g,8809598457195_6.jpg
14651,ALTA,COSRX Protector Solar Calmante en Crema Aloe Soothing SPF50+ PA+++ 50 ml,8809416470191,COSRX,"Protector solar facial de Cosrx formulado con aloe vera. aloe vera: hidrata y calma. Marca coreana best-seller global (grupo Amorepacific), referente en mucina de caracol, parches para acné (Master Patch), péptidos y niacinamida.",50ml,No encontrado en carpetas de COSRX
20060,ALTA,COSRX Tratamiento Capilar Intensivo Peptide-132 Ultra Perfect Hair Bonding,8809598457348,COSRX,"Tratamiento capilar de Cosrx formulado con péptidos. péptidos: mejora firmeza y elasticidad. Marca coreana best-seller global (grupo Amorepacific), referente en mucina de caracol, parches para acné (Master Patch), péptidos y niacinamida.",120ml,No encontrado en carpetas de COSRX
20058,ALTA,COSRX Sérum Capilar Peptide-132 Ultra Perfect Acabado Vidriado,8809598457355,COSRX,"Sérum/esencia de Cosrx formulado con péptidos. péptidos: mejora firmeza y elasticidad. Marca coreana best-seller global (grupo Amorepacific), referente en mucina de caracol, parches para acné (Master Patch), péptidos y niacinamida.",28ml,No encontrado en carpetas de COSRX
20059,ALTA,COSRX Shampoo Reparador y Calmante Peptide-132 Ultra Perfect Hair Bonding,8809598457331,COSRX,"Champú de Cosrx formulado con péptidos. péptidos: mejora firmeza y elasticidad. Marca coreana best-seller global (grupo Amorepacific), referente en mucina de caracol, parches para acné (Master Patch), péptidos y niacinamida.",200ml,No encontrado en carpetas de COSRX
19687,ALTA,COSRX Set de Ceramidas para Piel Sensible,,COSRX,"Set/kit de Cosrx que combina varios productos de la marca para una rutina completa. Marca coreana best-seller global (grupo Amorepacific), referente en mucina de caracol, parches para acné (Master Patch), péptidos y niacinamida.",,No encontrado en carpetas de COSRX
21007,ALTA,COSRX Set Glass Hair,,COSRX,"Set/kit de Cosrx que combina varios productos de la marca para una rutina completa. Marca coreana best-seller global (grupo Amorepacific), referente en mucina de caracol, parches para acné (Master Patch), péptidos y niacinamida.",,No encontrado en carpetas de COSRX
21011,ALTA,COSRX Set Glow Anti-manchas,,COSRX,"Set/kit de Cosrx que combina varios productos de la marca para una rutina completa. Marca coreana best-seller global (grupo Amorepacific), referente en mucina de caracol, parches para acné (Master Patch), péptidos y niacinamida.",,No encontrado en carpetas de COSRX
19730,ALTA,COSRX Set Oil Control,,COSRX,"Set/kit de Cosrx que combina varios productos de la marca para una rutina completa. Marca coreana best-seller global (grupo Amorepacific), referente en mucina de caracol, parches para acné (Master Patch), péptidos y niacinamida.",,No encontrado en carpetas de COSRX
19694,ALTA,COSRX Set Snail Glow,,COSRX,"Set/kit de Cosrx que combina varios productos de la marca para una rutina completa. Marca coreana best-seller global (grupo Amorepacific), referente en mucina de caracol, parches para acné (Master Patch), péptidos y niacinamida.",,No encontrado en carpetas de COSRX
21054,ALTA,COSRX Set Snail Repair,,COSRX,"Set/kit de Cosrx que combina varios productos de la marca para una rutina completa. Marca coreana best-seller global (grupo Amorepacific), referente en mucina de caracol, parches para acné (Master Patch), péptidos y niacinamida.",,No encontrado en carpetas de COSRX
19692,ALTA,,,COSRX,"Set/kit de Cosrx que combina varios productos de la marca para una rutina completa. Marca coreana best-seller global (grupo Amorepacific), referente en mucina de caracol, parches para acné (Master Patch), péptidos y niacinamida.",,No encontrado en carpetas de COSRX
4087,BAJA,DAILY COMMA Bruma Perfumada Aroma Perfume Mist Almizcle Blanco Unisex 15 ml,7790004087000,DAILY COMMA,,4087,https://drive.google.com/file/d/1hHn3GvPc3jHIvz2e86VB-5uLnu70dYNX/view
4088,BAJA,Daily Aroma Perf Bruma 15 ml 03,7790004088007,DAILY COMMA,"DAILY COMMA Most Eau de Parfum 30ml Musk Muhwagua
Descubrí una fragancia única que eleva tus sentidos y transforma tu rutina diaria en un verdadero ritual de bienestar. DAILY COMMA Most Eau de Parfum Musk Muhwagua es una exquisita fragancia en formato Eau de Parfum de 30 ml, especialmente diseñada para quienes buscan sofisticación aromática y un ambiente de calma inmediato tras cada aplicación.

Beneficios clave
Aporta sofisticación aromática instantánea.
Ayuda a crear un entorno de calma y equilibrio sensorial.
Ideal para todo tipo de piel, gracias a su formulación delicada.
Pirámide olfativa
Salida: hoja de higuera, higo
Corazón: jacinto, rosa
Fondo: madera de cedro, vainilla
Su combinación de notas amaderadas con extractos de jardín ofrece una experiencia sensorial envolvente y duradera, perfecta para uso en puntos de pulso.

¿Por qué elegir Musk Muhwagua?
Su tamaño compacto de 30 ml lo hace ideal para llevar en tu cartera o bolso.
Formulada con ingredientes seleccionados para brindar una fragancia elegante y distintiva.
Apta para uso diario y para todo tipo de piel.
Modo de uso
Aplicá suavemente sobre los puntos de pulso (muñecas, cuello, detrás de las orejas).
Disfrutá de su aroma sofisticado y el efecto inmediato de calma.
Certificación: Producto elaborado bajo estrictos estándares de calidad y dermatológicamente testeado. Origen: MADE IN KOREA Cruelty Free: No testeado en animales.

Regalate una experiencia de perfumería sensorial y sofisticada con DAILY COMMA Most Eau de Parfum Musk Muhwagua, la elección perfecta para quienes buscan destacar con elegancia y serenidad.

 

INCI (Listado de ingredientes):

Alcohol Denat., Fragrance (Parfum), Water (Aqua), Limonene, Linalool, Citronellol, Geraniol, Coumarin, Citral, Benzyl Alcohol, Eugenol, Isoeugenol.
----------------------------------------------------------------------------------------------------
100% ORIGINALES DE COREA DEL SUR
En nuestra tienda te garantizamos la autenticidad absoluta de cada producto. Trabajamos e importamos directamente desde Corea del Sur para ofrecerte lo mejor del K-Beauty y el cuidado personal, con fórmulas originales, cerradas y con los más altos estándares de calidad. ¡Cuidá tu piel con la tranquilidad de comprar original!

IMPORTANTE ANTES DE REALIZAR TU COMPRA

STOCK: Todos los productos publicados están disponibles y listos para ser enviados. ¡Comprá con confianza!

COMPRA DE VARIOS PRODUCTOS: Para realizar la compra de varios productos y que te lleguen juntos, te recomendamos utilizar el botón de ""Agregar al carrito"" que se encuentra al lado de ""Comprar"". Luego de verificar que están todos los productos agregados, podés realizar la compra desde el carrito. Si realizás las compras por separado, por cuestiones logísticas NO podremos enviártelas en un solo paquete.

MEDIOS DE PAGO: Se abona a través de Mercado Pago de forma 100% segura con tarjeta de crédito, tarjeta de débito, efectivo (Rapipago y Pagofácil) o dinero en cuenta.

FORMAS DE ENVÍO y RETIRO:

MERCADO ENVÍOS: Envíos a todo el país. Colocando tu código postal en el calculador de la publicación, podrás visualizar el costo exacto y el tiempo estimado de entrega antes de realizar la compra.

ENVÍO FLEX: Realizando la compra antes de las XX:XX hs, estarás recibiendo tu pedido EN EL MISMO DÍA. Servicio habilitado únicamente de lunes a viernes, válido para CABA y GBA. (Las entregas se realizan en el transcurso de la tarde).

ACORDAR CON EL VENDEDOR: Esta opción es válida para aquellos que desean retirar su compra en nuestro depósito en el horario de lunes a viernes de XX:XX a XX:XX hs.

¿DÓNDE ESTAMOS UBICADOS?
Capital Federal – Barrio de Villa Crespo

GARANTÍA Y DEVOLUCIONES:
Tu satisfacción es lo primero. Se pueden realizar devoluciones de forma gratuita hasta 30 días desde que te llegó la compra. El producto tiene que estar en las mismas condiciones en que lo recibiste. Si la devolución es por arrepentimiento, al tratarse de productos de cosmética y cuidado personal, es condición indispensable que el producto esté sin uso, cerrado y en el mismo empaque original que te llegó.

Sin garantía",4088,https://drive.google.com/file/d/1hHn3GvPc3jHIvz2e86VB-5uLnu70dYNX/view
4089,BAJA,Daily Aroma Perf Bruma 15 ml 04,7790004089004,DAILY COMMA,"DAILY COMMA Most Eau de Parfum 30ml Woody Garden

Descubrí Woody Garden, una fragancia sofisticada diseñada para quienes buscan destacar con un aroma elegante, seco y profundamente amaderado. Inspirada en un jardín botánico, esta eau de parfum combina la frescura de las notas verdes con la calidez de maderas nobles, logrando una experiencia sensorial única y duradera.

Características principales

Aroma de larga duración: Su fórmula garantiza que tu fragancia se mantenga intacta durante todo el día, acompañándote en cada ocasión.

Notas botánicas: El cardamomo y el pino aportan una salida fresca y especiada, evocando la brisa de un jardín natural.
Corazón floral: Violeta e iris se entrelazan en el corazón de la fragancia, brindando un matiz delicado y elegante.
Fondo amaderado y terroso: Sándalo, madera de cedro, cuero y ámbar componen una base intensa, sofisticada y profundamente terrosa.

¿Por qué elegir DAILY COMMA Most Woody Garden?

Ideal para quienes buscan una presencia elegante y distintiva.
Aporta frescura natural y un aire refinado, apto para uso diario o eventos especiales.

Su composición equilibrada fusiona botánicos y maderas, otorgando una identidad olfativa moderna y atemporal.

Notas olfativas
Salida: Cardamomo, pino
Corazón: Violeta, iris
Fondo: Sándalo, madera de cedro, cuero, ámbar


DAILY COMMA Most Eau de Parfum Woody Garden es la elección perfecta si deseás una fragancia versátil, con carácter y una estela que deja huella.



INCI (Listado de ingredientes):

Alcohol Denat., Fragrance (Parfum), Water (Aqua), Limonene, Linalool, Citronellol, Geraniol, Coumarin, Citral, Benzyl Alcohol, Eugenol, Isoeugenol.

----------------------------------------------------------------------------------------------------
100% ORIGINALES DE COREA DEL SUR
En nuestra tienda te garantizamos la autenticidad absoluta de cada producto. Trabajamos e importamos directamente desde Corea del Sur para ofrecerte lo mejor del K-Beauty y el cuidado personal, con fórmulas originales, cerradas y con los más altos estándares de calidad. ¡Cuidá tu piel con la tranquilidad de comprar original!

IMPORTANTE ANTES DE REALIZAR TU COMPRA

STOCK: Todos los productos publicados están disponibles y listos para ser enviados. ¡Comprá con confianza!

COMPRA DE VARIOS PRODUCTOS: Para realizar la compra de varios productos y que te lleguen juntos, te recomendamos utilizar el botón de ""Agregar al carrito"" que se encuentra al lado de ""Comprar"". Luego de verificar que están todos los productos agregados, podés realizar la compra desde el carrito. Si realizás las compras por separado, por cuestiones logísticas NO podremos enviártelas en un solo paquete.

MEDIOS DE PAGO: Se abona a través de Mercado Pago de forma 100% segura con tarjeta de crédito, tarjeta de débito, efectivo (Rapipago y Pagofácil) o dinero en cuenta.

FORMAS DE ENVÍO y RETIRO:

MERCADO ENVÍOS: Envíos a todo el país. Colocando tu código postal en el calculador de la publicación, podrás visualizar el costo exacto y el tiempo estimado de entrega antes de realizar la compra.

ENVÍO FLEX: Realizando la compra antes de las XX:XX hs, estarás recibiendo tu pedido EN EL MISMO DÍA. Servicio habilitado únicamente de lunes a viernes, válido para CABA y GBA. (Las entregas se realizan en el transcurso de la tarde).

ACORDAR CON EL VENDEDOR: Esta opción es válida para aquellos que desean retirar su compra en nuestro depósito en el horario de lunes a viernes de XX:XX a XX:XX hs.

¿DÓNDE ESTAMOS UBICADOS?
Capital Federal – Barrio de Villa Crespo

GARANTÍA Y DEVOLUCIONES:
Tu satisfacción es lo primero. Se pueden realizar devoluciones de forma gratuita hasta 30 días desde que te llegó la compra. El producto tiene que estar en las mismas condiciones en que lo recibiste. Si la devolución es por arrepentimiento, al tratarse de productos de cosmética y cuidado personal, es condición indispensable que el producto esté sin uso, cerrado y en el mismo empaque original que te llegó.

Sin garantía",4089,https://drive.google.com/file/d/1hHn3GvPc3jHIvz2e86VB-5uLnu70dYNX/view
4100,BAJA,Daily Aroma Perf Bruma 15 ml 05,7790004100006,DAILY COMMA,,4100,https://drive.google.com/file/d/1hHn3GvPc3jHIvz2e86VB-5uLnu70dYNX/view
4115,BAJA,Daily Aroma Perf Bruma 15 ml 06,7790004115000,DAILY COMMA,,4115,https://drive.google.com/file/d/1hHn3GvPc3jHIvz2e86VB-5uLnu70dYNX/view
4116,BAJA,Daily Aroma Perf Bruma 15 ml 07,7790004116007,DAILY COMMA,,4116,https://drive.google.com/file/d/1Tyk1mUCjwXu3pWDXUtkiU90mKJHWBL2s/view
4117,BAJA,Daily Aroma Perf Bruma 15 ml 09,8808739000108,DAILY COMMA,,4117,"https://drive.google.com/file/d/1W7nqEUg-CPWp8q4FvdRFxhtr8Ucdm6ko/view
https://drive.google.com/file/d/1nWF1SmvNFyNhXs7zXNAhpfkBpc9T7Ccp/view
https://drive.google.com/file/d/1rIfqfnK3VwSKawoVTvgxGkePcyNvk2SK/view
https://drive.google.com/file/d/1cZBjzF1CQdHnbkxkH5p5d0SyuydvxSZL/view
https://drive.google.com/file/d/1MJKGXaIWhR3OcYt-_HvD6xj_zP5SkabA/view
https://drive.google.com/file/d/1_BnPkeAppnAs20mNXNOU5AflRJMx6wuW/view"
4118,BAJA,Daily Aroma Perf Bruma 15 ml 10,7790004118001,DAILY COMMA,,4118,https://drive.google.com/file/d/1hHn3GvPc3jHIvz2e86VB-5uLnu70dYNX/view
5393,BAJA,Daily Aurora Grasa Dif Black 200 ml,8809546674834,DAILY COMMA,,5393,"https://drive.google.com/file/d/1foN2-vecqLhrV3-CgbU9xCiYc2GCFBkA/view
https://drive.google.com/file/d/1YK44rKFLWtXH8YxlEcrLY3IJctntjdLO/view
https://drive.google.com/file/d/1_7FYGlDyTuB1-iYp2HMuZAngYgFR3T49/view
https://drive.google.com/file/d/1JVMZpB2LkjZyLhj6-cmXe-isKZRZvbrm/view"
5394,BAJA,Daily Aurora Grasa Dif Clean 200 ml,8809546674810,DAILY COMMA,,5394,"https://drive.google.com/file/d/1Grlhpn99Np_-8O2HN7RZNARUSWcD-xoA/view
https://drive.google.com/file/d/1mfDfDpuZVoTFU-bK-BSv8-KYLHGNHAoL/view
https://drive.google.com/file/d/1biwrsDF2IOtoYoS1Jr7q1IbPwfh4m_SN/view
https://drive.google.com/file/d/1AjyoduFtZNN7wG7mK17v7sT2cldtv-u3/view"
4080,BAJA,DAILY COMMA Loción Corporal Hidratante Perfumada Bello de Perfume,8800273180087,DAILY COMMA,,4080,"https://drive.google.com/file/d/144a44SymcRmck5IijRBbTWmSspmIAcwO/view
https://drive.google.com/file/d/1aI9sToh_ha-HX_wY092wzSl23IUicTYU/view
https://drive.google.com/file/d/1utMUzQDdZOyNJgZuJUYW1pZgTavO4g-g/view
https://drive.google.com/file/d/1yqjoBpa6pYCLc36SJXiHpr7xGJsCWMSC/view"
4081,BAJA,Daily Bello-perume Bl Rose500m,8800273180094,DAILY COMMA,,4081,"https://drive.google.com/file/d/1kl2s0aoF767rpdjNXJCKnYDuHvh4FnMx/view
https://drive.google.com/file/d/16Tg_thagNLr5fnaQP-LWkES10bLf5RIS/view
https://drive.google.com/file/d/14WYXMMbNasbDVxBMSO5SaVttfV9UCgeH/view
https://drive.google.com/file/d/17_9mV3ZTEOF4u13odhL67IowL-oDpCUV/view"
4078,BAJA,DAILY COMMA Gel de Ducha Perfumado Bello de Perfume Body Wash 500 ml,8800273180063,DAILY COMMA,,4078,"https://drive.google.com/file/d/1Za9_WNbh6Jnvwn-z8sF6Rz43Rj13p_OP/view
https://drive.google.com/file/d/1vBK45GNf6B5d3KXh6Ru8sH1saKynyl1E/view
https://drive.google.com/file/d/1Y4m_9lJfftJsbBDAfLe_mTPI6NQbdFjT/view
https://drive.google.com/file/d/1l-hjdRZyuoyYFeX9dKO1P9eQTW6mo7aJ/view
https://drive.google.com/file/d/18tRKIDf9IQSH5O4BYLr7oz8IZLpvCdbn/view
https://drive.google.com/file/d/1vbOsU5wRBqqVaZ6xjlwpXMfXidLjwTWt/view"
4079,BAJA,Daily Bello-perume Bw Rose500m,8800273180070,DAILY COMMA,,4079,"https://drive.google.com/file/d/1AphYYTinDZohrl_zJZkKQ4yYZcpuGjw5/view
https://drive.google.com/file/d/16vh_WY4Kh-5TLeUcbVUx0Tjj38WppgC9/view
https://drive.google.com/file/d/1oQOujQBFX4et4_V9gUsSownhvDmmx3kM/view
https://drive.google.com/file/d/1uFGicIeBxImYjWfABLAaPmawKDxDBPwI/view"
5387,BAJA,Daily Crystal Dif Black C 100 ml,8809546674995,DAILY COMMA,,5387,"https://drive.google.com/file/d/1HDTRJu7WlYT0eQQCHl5QA441T17lUgYK/view
https://drive.google.com/file/d/1NVJz5dHFMOh-ffPGX07nN9m6lv7hrsE2/view
https://drive.google.com/file/d/1T2YRrTXmVdSf9d40RzqmhHaD5cKO8_5S/view
https://drive.google.com/file/d/1h3VSPhn7EtdjrHTG6V_XlKDxpUZ9MbQM/view"
5392,BAJA,Daily Crystal Dif Blanc B 100 ml,8800273180407,DAILY COMMA,,5392,"https://drive.google.com/file/d/1e_WTKUI172PNbvCTTZTLVtscyYsnQiIS/view
https://drive.google.com/file/d/1O3z5-vFrrUsaSpusXF7suHstS92Z53GV/view
https://drive.google.com/file/d/1gY7Es0eD22IMG0gTa0ibdrhfvf6WTVI5/view
https://drive.google.com/file/d/1sYBXcRGMFbVmPNwdVE3BsPytEa0UnjHK/view"
5388,BAJA,Daily Crystal Dif Daily F 100 ml,8809546674988,DAILY COMMA,,5388,"https://drive.google.com/file/d/1L-f14t3Q_Op5UWZUZiWHnKZ9izSuoGNc/view
https://drive.google.com/file/d/12rlWafviqluxXx85WB7FYgLVScseCfmT/view
https://drive.google.com/file/d/1134_OLjk7IWrZ-n71xEpMgb3vJeJDSJ9/view
https://drive.google.com/file/d/1wOt8HnXJy1PzNMKRSEAUD_J7hyH99X0o/view"
5389,BAJA,Daily Crystal Dif Daily L 100 ml,8809546675022,DAILY COMMA,,5389,"https://drive.google.com/file/d/1BB8bIFW7TVS6A25q6htcaE1UQMSPe16J/view
https://drive.google.com/file/d/1Ed74uT0xgtUSzRf8S8Bgyad6iblY-fhj/view
https://drive.google.com/file/d/1nNOnNBxWxBTn7X0AyG4oiWQlZ1G1-vJP/view
https://drive.google.com/file/d/16tKSCIXzMNKF5LrmTj_ctYuEhZnZ960A/view"
5391,BAJA,Daily Crystal Dif Romanti 100 ml,8809546675039,DAILY COMMA,,5391,"https://drive.google.com/file/d/1W_nMGe1XX5UuCFp7NzOksYNSzTh7_kMN/view
https://drive.google.com/file/d/1ImEkOCQcVri3_LemPhrxAvKv6R-5J_2J/view
https://drive.google.com/file/d/1De1cfg-eFGjZqaOrSB8AykWJszrxFZyc/view
https://drive.google.com/file/d/1zOv4NsalP9hoSd-cntRYTQ1iLTtPcm9W/view"
5390,BAJA,Daily Crystal Dif Spring 100 ml,8809546675008,DAILY COMMA,,5390,"https://drive.google.com/file/d/1o4QVe1Wn8OsZAewF8Bo-ItYvPTDs9Qu_/view
https://drive.google.com/file/d/1nkkEO1Pu6XncMILP6Hi1MG4kznG2mO_7/view
https://drive.google.com/file/d/1XLTNHoelEEMu0LSargPPkedRiyN_cciO/view
https://drive.google.com/file/d/1_-ybcAccNcKfKT-ta1iZ8mnvG-I3JRMQ/view"
3990,BAJA,DAILY COMMA Perfume Sólido Most Musk Dawn 4.7 g,7790003990004,DAILY COMMA,,3990,
4075,BAJA,DAILY COMMA Perfume Sólido Most Dear Rosie 4.7 g,7790004075007,DAILY COMMA,,4075,
4076,BAJA,DAILY COMMA Perfume Sólido Most Vainilla Jazz 4.7 g,7790004076004,DAILY COMMA,,4076,
4077,BAJA,Daily de Perfume Solid Wood 30,7790004077001,DAILY COMMA,,4077,
3899,BAJA,DAILY COMMA Perfume Most Eau de Parfum Signal Berry 30 ml,7790003899000,DAILY COMMA,,3899,
3921,BAJA,DAILY COMMA Perfume Most Eau de Parfum Fresh Citrus Notas Cítricas 30 ml,7790003921008,DAILY COMMA,,3921,
3936,BAJA,Daily Most Eau Parfum Brumay 30,7790003936002,DAILY COMMA,,3936,
3922,BAJA,Daily Most Eau Parfum Musk 30,7790003922005,DAILY COMMA,,3922,https://drive.google.com/file/d/1S9IKpoTqyk5r-uDJXuacoL8I1UMyRuW4/view
3964,BAJA,Daily Most Eau Parfum Musky 30,7790003964005,DAILY COMMA,,3964,
3944,BAJA,Daily Most Eau Parfum Natty 30,7790003944007,DAILY COMMA,,3944,https://drive.google.com/file/d/1ZfZO-PBsSyBk-s0DvL8_vmm8Hrhqvhjn/view
3819,BAJA,DAILY COMMA Perfume Most Eau de Parfum Tender Paris 30 ml,7790003819008,DAILY COMMA,,3819,
3920,BAJA,DAILY COMMA Perfume Most Eau de Parfum Muguet Vainilla 30 ml,7790003920001,DAILY COMMA,,3920,https://drive.google.com/file/d/19GAw7Gi9tokiPeLNk22aRdbOrbNAO3fz/view
3929,BAJA,Daily Most Eau Parfum Vanta 30,7790003929004,DAILY COMMA,,3929,
3919,BAJA,DAILY COMMA Perfume Most Eau de Parfum Cotton White 30 ml,7790003919005,DAILY COMMA,,3919,
5385,BAJA,DAILY COMMA Perfume para Cabello Most Hair Baby Glow 30 ml,8800273181077,DAILY COMMA,,5385,"https://drive.google.com/file/d/1CGGfUeElpQZCZwOJK0tLWaWhapYL3J27/view
https://drive.google.com/file/d/1Iau6-hxsQxYiezFd6KArKwWePGkH4RH2/view
https://drive.google.com/file/d/13eiOR-c8UyoBV8FJWoc1tQb5FWyVuvs5/view
https://drive.google.com/file/d/1mEa-kp0PCx2wQC8JV621taerXYpsPKNH/view"
5384,BAJA,DAILY COMMA Perfume para Cabello Most Hair Bloomea 30 ml,8800273181060,DAILY COMMA,"Dr.Althea es una marca que ofrece una variedad de productos para el cuidado de la piel facial. Si buscas protegerla y mantenerla en forma, esta puede ser una buena opción.

Es hipoalergénico
Este producto disminuye las posibilidades de una reacción alérgica, por ello, puede resultar útil para aquellas personas con piel sensible o irritable.

Libre de crueldad
Este producto es elaborado sin lastimar a ningún animal.

Libre de parabenos
Los productos libres de parabenos son una buena opción para el cuidado de pieles sensibles o para quienes eligen productos sin conservantes artificiales.

Es vegano
Este producto es realizado en base a elementos naturales de origen vegetal.",5384,"https://drive.google.com/file/d/1TnlcyNX-Am0ZD5dR-WyXuzoIBkAF8GHY/view
https://drive.google.com/file/d/1yWM4JedJ8QiAmFYSYHXu1NMBdN-E8pdx/view
https://drive.google.com/file/d/1bAKqv-3LnnEduEA2LmGooQHLTWYO5cQn/view
https://drive.google.com/file/d/1QSh7PefjIN-1o1F4cso-lxP4DJEBCR_o/view"
5386,BAJA,DAILY COMMA Perfume para Cabello Most Hair Roselair 30 ml,8800273181084,DAILY COMMA,,5386,"https://drive.google.com/file/d/18FhbxK2_EBFn2oqc8ib63Lz132xuM7-j/view
https://drive.google.com/file/d/1ZzCCDpAWWBz0naT0T2c0fcWgc9YVFgme/view
https://drive.google.com/file/d/1hND1rsnnJ7OD10KdKEW52L6gICVTeiCI/view
https://drive.google.com/file/d/1qb-Ei5XP75Jw-ftWbjIfTW3ARCZhHUDG/view"
3888,BAJA,DAILY COMMA Perfume Most Eau de Parfum Musk Muhwagua 30 ml,7790003888004,DAILY COMMA,,3888,
3887,BAJA,DAILY COMMA Perfume Most Eau de Parfum Woody Garden 30 ml,7790003887007,DAILY COMMA,"Bruma facial hidratante de textura ultraligera y efecto refrescante diseñada para aportar hidratación profunda y un glow inmediato tipo glass skin. Su niebla fina se absorbe al instante sin alterar el maquillaje, dejando la piel fresca y luminosa durante todo el día.

¿QUÉ ES?  
Es una bruma facial vegana que combina agua marina profunda, PDRN vegano y un complejo de ácido hialurónico para hidratar, mejorar la elasticidad y revitalizar la piel en segundos.

BENEFICIOS PRINCIPALES  
• Hidratación inmediata y duradera  
• Aporta glow tipo glass skin  
• Refresca y revitaliza la piel  
• Spray ultrafino que no arruina el maquillaje  
• Fórmula vegana sin fragancias ni colorantes artificiales  

INGREDIENTES / ACTIVOS CLAVE  
• Vegan PDRN: ayuda a mejorar la elasticidad y revitalizar la piel  
• Triple Hyaluronic Acid Complex: hidrata distintas capas de la piel y aporta luminosidad  
• Agua Marina Profunda de Ulleungdo (10%): rica en minerales revitalizantes  
• Extracto de Malaquita: ayuda a proteger la piel  

TEXTURA / EXPERIENCIA  
Bruma ultraligera tipo gel acuoso. Se absorbe al instante sin dejar residuo.

TIPO DE PIEL  
Apta para todo tipo de piel.  
Especialmente recomendada para piel deshidratada, opaca o con falta de luminosidad.

MODO DE EMPLEO  
Aplicar sobre el rostro a corta distancia como sérum en spray o a mayor distancia como bruma facial.  
Puede utilizarse antes o después del maquillaje como refuerzo de hidratación y glow.

ORIGEN  
Producto de Corea del Sur.

CERTIFICACIONES  
Producto vegano. Ingredientes con calificación EWG Green Grade.

CONTENIDO  
100 ml.",3887,
5581,BAJA,Daily Perf Hand Cr Berry 50 ml,7790055810008,DAILY COMMA,,5581,
5577,BAJA,DAILY COMMA Crema de Manos Hidratante y Perfumada Most Manteca de Karité 50 ml,7790055770005,DAILY COMMA,"Dr.Althea es una marca que ofrece una variedad de productos para el cuidado de la piel facial. Si buscas protegerla y mantenerla en forma, esta puede ser una buena opción.

Es hipoalergénico
Este producto disminuye las posibilidades de una reacción alérgica, por ello, puede resultar útil para aquellas personas con piel sensible o irritable.

Libre de crueldad
Este producto es elaborado sin lastimar a ningún animal.

Libre de parabenos
Los productos libres de parabenos son una buena opción para el cuidado de pieles sensibles o para quienes eligen productos sin conservantes artificiales.

Es vegano
Este producto es realizado en base a elementos naturales de origen vegetal.",5577,
5578,BAJA,DAILY COMMA Crema de Manos Perfumada Most Musk Muhwagua 50 ml,7790055780004,DAILY COMMA,"La Crema Barrera 147 de Dr. Althea es una fórmula avanzada diseñada para fortalecer, nutrir e hidratar la piel en profundidad. Con ingredientes cuidadosamente seleccionados, protege la barrera cutánea de las agresiones externas mientras aporta una hidratación duradera y una textura suave y saludable.

BENEFICIOS

• Refuerza la barrera cutánea gracias al Guaiazuleno, protegiendo contra el daño externo
• Calma la piel y aporta un efecto antioxidante natural
• Hidratación profunda con 7 tipos de ácido hialurónico
• Nutrición y reparación con 4 tipos de ceramidas
• Mantiene el equilibrio de humedad de la piel
• Fórmula vegana y dermatológicamente probada

CARACTERÍSTICAS

• Contiene Guaiazuleno, que fortalece la barrera y otorga un tono azul característico
• 7 tipos de Ácido Hialurónico  Hidratación esencial
• 4 tipos de Ceramidas  Nutrición y reparación cutánea
• Extractos vegetales:

Kale (Brassica Oleracea Acephala): vitaminas para la salud de la piel

Aguacate (Persea Gratissima): nutrición y equilibrio de humedad

Artemisia Princeps: hidratación excepcional
• Fórmula limpia y segura, apta para todo tipo de pieles

MODO DE USO

1 Aplicar una pequeña cantidad sobre el rostro limpio
2 Masajear suavemente hasta su total absorción
3 Usar en la rutina de día y noche

DESTINATARIOS

• Personas con piel seca o deshidratada
• Piel sensible o con barrera debilitada
• Quienes buscan una crema nutritiva, calmante e hidratante
• Adecuada para todo tipo de pieles, incluso sensibles

PRESENTACIÓN

• Tubo de 50 ml
• Packaging minimalista y elegante
• Fórmula vegana y dermatológicamente probada",5578,
5579,BAJA,Daily Perf Hand Cr Paris 50 ml,7790055790003,DAILY COMMA,,5579,
5583,BAJA,Daily Perf Hand Cr Vainill 50 ml,7790055830006,DAILY COMMA,,5583,
5582,BAJA,Daily Perf Hand Cr White 50 ml,7790055820007,DAILY COMMA,"Dr. Althea es una marca que ofrece una variedad de productos para el cuidado de la piel del rostro. Si quieres protegerla y mantenerla sana, esta puede ser una buena opción. 
 
 Protección contra el paso del tiempo 
 Además de tratar las líneas de expresión, los productos antienvejecimiento hidratan, reafirman y rejuvenecen la piel del rostro. 
 
 Es hipoalergénico 
 Este producto disminuye las posibilidades de una reacción alérgica y, por lo tanto, puede ser útil para personas con piel sensible o irritable. 
 
 Sin crueldad 
 Este producto está fabricado sin dañar a ningún animal. 
 
 Sin parabenos 
 Los productos sin parabenos son una buena opción de cuidado para la piel sensible o para quienes eligen productos sin conservantes artificiales. 
 
 Es vegano 
 Este producto está elaborado a base de elementos naturales de origen vegetal.",5582,
4085,BAJA,Daily Sign-perf-dis Fleur Set,8800273180100,DAILY COMMA,,4085,"https://drive.google.com/file/d/1S29ghtHi6Y3YlkVHcAbg38_4n8AcUNlK/view
https://drive.google.com/file/d/1nY9aQ9yvnw06pkeUImsReQAMFLRsCvXu/view
https://drive.google.com/file/d/1Uz09Oy2nh7YcC_CCIO8MpPNCU8CoSFUR/view
https://drive.google.com/file/d/1phKX3Plp5gComMUUAg-h2L1m3fImAiwF/view"
4086,BAJA,Daily Sign-perf-dis Gray Set,8800273180117,DAILY COMMA,,4086,"https://drive.google.com/file/d/11wGCL_6uxh0dx2LTc3yn2QOpeksUu2V9/view
https://drive.google.com/file/d/1EAugKeCvzM2qdBZJ5mdMumTNFLzRYSCy/view
https://drive.google.com/file/d/1jBXr1sjWnper2INggVetL5lvUA3Fr7di/view
https://drive.google.com/file/d/1n3rtI-RG6u2C_dhfDG5JTxCjQ6F4YfzH/view"
4083,BAJA,Daily Sign-perf-dis Studio Set,8800273180131,DAILY COMMA,,4083,"https://drive.google.com/file/d/1YFXU_jhzrhGyuV5jyGsJ6oL6zO7qW3T-/view
https://drive.google.com/file/d/1G777o54tdXRhV45ncYciBdFgT3UmsnKC/view
https://drive.google.com/file/d/1wfe6zhQ6YjHxYOfVPnOkvxDBEQ4M67g6/view
https://drive.google.com/file/d/1jVXei8wNN4zz5YdNUnyKyOxRbKuOYnnC/view"
4084,BAJA,Daily Sign-perf-dis Wild C Set,8800273180124,DAILY COMMA,,4084,"https://drive.google.com/file/d/1gxsOGZX0XoAxb2LOGCF53wmdy986jptU/view
https://drive.google.com/file/d/1dpuWzG-caDzqAthjtGPvB3Mh2T2DmuQJ/view
https://drive.google.com/file/d/1bynVZp0DrCPiHwNmX3j3-JUUUmC0JAGz/view
https://drive.google.com/file/d/1S8pq1GglJN48gmbKFNGaDl_BXSXFrDNG/view"
27835,BAJA,DEAR A Blush y Beam Dual St 01,8809447255644,DEAR A,"Dr.Althea es una marca que ofrece una variedad de productos para el cuidado de la piel facial. Si buscás protegerla y mantenerla en forma, esta puede ser una buena opción.

Es vegano
Este producto es realizado en base a elementos naturales de origen vegetal.",27835,"https://drive.google.com/file/d/1j06TS5dAQxZevFgHe-GCv_WDJW4-w5Li/view
https://drive.google.com/file/d/1Zar5WyE1e5BEx3j84D7i6SvHO8HJuANw/view
https://drive.google.com/file/d/18NCJaR8EB5pMS0R8b1xdXjnivDFbAm6b/view"
27836,BAJA,DEAR A Blush y Beam Dual St 02,8809447255651,DEAR A,,27836,"https://drive.google.com/file/d/1YpjMjoJZOuhxTpdOm7wq0boTnXDstM9O/view
https://drive.google.com/file/d/1YI2UzgHta8MW09mq9dU5AV9tcT_y1Lnm/view
https://drive.google.com/file/d/1BxaWdffEJber2ux0-PT3dURrcnrWq6S9/view"
27837,BAJA,DEAR A Bonbon Glow Cheek 02,8809447255880,DEAR A,,27837,"https://drive.google.com/file/d/1a4En4mspmVXu6DLK38e1a4nYlF6Cv3Tv/view
https://drive.google.com/file/d/1Rk4KKhvVhy1qhddaG8XJhjd_rE1eQ0Z1/view"
27839,BAJA,DEAR A Bonbon Glow Cheek 07,8809447255934,DEAR A,,27839,"https://drive.google.com/file/d/1VlfO7ZDzEC82ZbYkR3ht4lspdKjRIdu6/view
https://drive.google.com/file/d/17ke4G5Zj50pEe86C7YjrFTKLV4VdGeOU/view"
27840,BAJA,DEAR A Bonbon Glow Cheek 09,8809447255903,DEAR A,"Dr.Althea Suero potenciador de vitamina C | Suero facial diario con ácido transexámico para todo tipo de piel | Ayuda a eliminar manchas oscuras y tono de piel desigual | Cuidado de la piel vegano

CUIDADO INTENSIVO DEL TONO DE LA PIEL: Contiene 640,000 ppm de agua Hippophae Rhamnoides, rica en vitamina C para ayudar a igualar el tono de la piel y revitalizar la piel opaca y cansada. Su fórmula suave absorbe más suavemente que la vitamina C pura, por lo que es adecuada para todo tipo de piel, incluso pieles sensibles.
Calmar tu piel: El agua de hojas de Centella Asiatica ayuda a aliviar la piel estresada causada por factores ambientales. Los ingredientes naturales apoyan la recuperación de la piel debilitada mientras mejoran la firmeza y la resistencia.
Minimiza los poros: Formulado con niacinamida para ayudar a controlar la producción de sebo y refinar los poros para suavizar la textura desigual de la piel sin dejar la piel seca para darle un tono de piel más brillante y uniforme.
Fórmula ligera: experimenta un acabado fresco e hidratante sin pegajosidad. Libre de olores amarillentos y desagradables a menudo asociados con los sueros de vitamina C, por lo que es perfecto para usar en cualquier momento y en cualquier lugar.
¿Por qué elegir al Dr. Althea? Nuestros productos están libres de colores artificiales, fragancias y parabenos, lo que los hace suaves para tu piel. Además, están certificados por veganos para cumplir con los estándares éticos y ecológicos.",27840,"https://drive.google.com/file/d/1sCh-5xkPfUZ0hDJUKiomH-F5YzziCGkJ/view
https://drive.google.com/file/d/15hJAIBDcQgHwY5YNi1P9Fs7xJlzUvN-T/view"
27899,BAJA,DEAR A Bonbon Glow Cheek 10,8809447255910,DEAR A,,27899,"https://drive.google.com/file/d/1yDtBv3gG4aWE2VCiaomArBSWD1_E05Tn/view
https://drive.google.com/file/d/11eQByPWTSY55osS7A_6VMQ4QXIteMawJ/view"
27900,BAJA,DEAR A Hydro Dewy Tint 03,8809447254784,DEAR A,,27900,"https://drive.google.com/file/d/1tSS7X2Yq6yS0DRCDrgdfoVYnxbrOsr50/view
https://drive.google.com/file/d/1aZGecWr4NxXI-Jrsg-eEtEESvtJeOpnP/view
https://drive.google.com/file/d/1fUl2ZU41a9l08t8WI6jE6f9LsYFCVPwp/view"
28105,BAJA,DEAR A Tinta Labial Hidratante Hydro Dewy Tint Tono 04,8809447254791,DEAR A,"La Crema Barrera 147 de Dr. Althea es una fórmula avanzada diseñada para fortalecer, nutrir e hidratar la piel en profundidad. Con ingredientes cuidadosamente seleccionados, protege la barrera cutánea de las agresiones externas mientras aporta una hidratación duradera y una textura suave y saludable.

BENEFICIOS

• Refuerza la barrera cutánea gracias al Guaiazuleno, protegiendo contra el daño externo
• Calma la piel y aporta un efecto antioxidante natural
• Hidratación profunda con 7 tipos de ácido hialurónico
• Nutrición y reparación con 4 tipos de ceramidas
• Mantiene el equilibrio de humedad de la piel
• Fórmula vegana y dermatológicamente probada

CARACTERÍSTICAS

• Contiene Guaiazuleno, que fortalece la barrera y otorga un tono azul característico
• 7 tipos de Ácido Hialurónico  Hidratación esencial
• 4 tipos de Ceramidas  Nutrición y reparación cutánea
• Extractos vegetales:

Kale (Brassica Oleracea Acephala): vitaminas para la salud de la piel

Aguacate (Persea Gratissima): nutrición y equilibrio de humedad

Artemisia Princeps: hidratación excepcional
• Fórmula limpia y segura, apta para todo tipo de pieles

MODO DE USO

1 Aplicar una pequeña cantidad sobre el rostro limpio
2 Masajear suavemente hasta su total absorción
3 Usar en la rutina de día y noche

DESTINATARIOS

• Personas con piel seca o deshidratada
• Piel sensible o con barrera debilitada
• Quienes buscan una crema nutritiva, calmante e hidratante
• Adecuada para todo tipo de pieles, incluso sensibles

PRESENTACIÓN

• Tubo de 50 ml
• Packaging minimalista y elegante
• Fórmula vegana y dermatológicamente probada",28105,"https://drive.google.com/file/d/1omil9Ao22oMjNxs-IHa32Gv_203nMY9N/view
https://drive.google.com/file/d/11bnvxmZTGOq6-jFQgHRPLxr4vX_ZOetH/view
https://drive.google.com/file/d/1iW4RcQHRbDyc2PHzXkyZHeFEQ9eqjfKt/view"
5270,BAJA,DEAR A Perfect Cover Corrector Tono 05,8809447255460,DEAR A,"Ampoule Hidratante Dr. Melaxin Aqua Ion Plasma Water 50 ml

Dr. Melaxin Aqua Ion Plasma Water Glow Ampoule 50ml – Ampoule Hidratante Intensiva con Ácido Hialurónico y Niacinamida – Ampoule Hidratante Intensiva con Ácido Hialurónico y Niacinamida

Ampolla hidratante, utiliza tecnología de iones y plasma para imitar el agua corporal.  Penetra profundamente sin dejar sensación pegajosa, rellenando las capas de la piel con 8 tipos de ácido hialurónico y PDRN (de salmón) para recuperar la elasticidad y el brillo interno.


Por que elegirlo

La Aqua Ion Plasma Water Glow Ampoule es una ampoule de hidratación avanzada diseñada para restaurar niveles de agua, mejorar luminosidad y reforzar la barrera cutánea. Su fórmula combina múltiples formas de ácido hialurónico, minerales y activos humectantes que trabajan en capas para lograr una piel intensamente hidratada, elástica y con glow saludable.
Ideal para piel deshidratada, apagada o con sensación de tirantez.
Tipo de piel:
Piel seca
Piel deshidratada
Piel mixta
Todo tipo de piel
Piel sensible
Piel reactiva

Beneficios
Aporta hidratación multicapa
Mejora la elasticidad y suavidad
Refuerza la barrera cutánea
Ayuda a prevenir la pérdida de agua
Ilumina y revitaliza la piel apagada
Textura ligera, de rápida absorción

Modo de uso
Aplicar sobre piel limpia y tonificada.
Distribuir unas gotas en rostro y cuello.
Masajear suavemente hasta su completa absorción.
Continuar con crema hidratante.
Tip pro: ideal para usar mañana y noche o como booster antes del maquillaje.


Precauciones
Uso externo únicamente.
Evitar contacto directo con los ojos.
Suspender uso si se presenta irritación.
Mantener fuera del alcance de los niños.

Ingredientes
Complejo de Ácido Hialurónico (multipeso molecular)
Incluye hialuronato de sodio, ácido hialurónico, hialurónico hidrolizado y crosspolymer para hidratar en distintas capas, mejorar volumen y suavizar líneas por deshidratación.

Niacinamida
Activo multifunción que ayuda a mejorar luminosidad, textura y función barrera, aportando una piel más uniforme.

Minerales iónicos (Calcio, Magnesio, Potasio, Sodio)
Complejo que contribuye a mantener el equilibrio hídrico de la piel y potenciar la hidratación prolongada.


Water, Propanediol, Butylene Glycol, Glycerin, Niacinamide, 1,2-Hexanediol, Hydroxyacetophenone, Glycereth-25 PCA Isostearate, Xanthan Gum, Carbomer, Ethylhexylglycerin, Adenosine, Tromethamine, Zea Mays (Corn) Kernel Extract, Disodium EDTA, Sodium Hyaluronate, Hydrolyzed Hyaluronic Acid, Hyaluronic Acid, Dextrin, Hydrolyzed Gardenia Florida Extract, Hydrolyzed Malt Extract, Hydrolyzed Viola Tricolor Extract, Sodium DNA, Gardenia Florida Fruit Extract, Glucose, Fructan, Citric Acid, Sodium Glutamate, Sodium Chloride, Potassium Chloride, Sodium Citrate, Hydroxypropyltrimonium Hyaluronate, Calcium Lactate, Magnesium Carbonate, Sodium Acetylated Hyaluronate, Hydrolyzed Sodium Hyaluronate, Sodium Hyaluronate Crosspolymer, Potassium Hyaluronate.

Importado por: LABORATORIO BEK SRL. Legajo N° 2994. Res (ex M.S. y A.S.) ANMAT N° 155/98. 

MADE IN KOREA
___________________________________________
-IMPORTANTE ANTES DE REALIZAR TU COMPRA-

STOCK: todos los productos publicados cuentan con stock disponible.

COMPRA DE VARIOS PRODUCTOS: para realizar la compra de varios productos y que te lleguen juntos, te recomendamos utilizar el botón de “Agregar al carrito” que se encuentra al lado de “Comprar”, luego de verificar que están todos los productos agregados podes realizar la compra.
Si realizaste la compra de varios productos por separado, NO podremos enviártelos en un solo paquete.

METODOS DE PAGO: se abona a través de Mercado Pago de forma segura con tarjeta de crédito, tarjeta de debito, Rapipago y Pagofacil

FORMAS DE ENVIO:
1.MERCADOENVIOS: al realizar la compra, de acuerdo a su ubicación (colocando código postal) podra visualizar un calculador de costos y tiempos de entrega con el que podrá saber cuando le llegara el producto antes de realizar la compra y cual es el costo del mismo.
2.ENVIO FLEX: realizando la compra antes de las xxhrs, estarás recibiendo tu compra EN EL MISMO DIA. Servicio habilitado únicamente de lunes a viernes, valido en CABA y GBA
3.ACORDAR CON EL VENDEDOR: esta opción es valida para aquellos que desean retirar su compra en nuestro deposito en horarios de lunes a viernes de 10 a 17hrs.
___________________________________________
¿DONDE ESTAMOS UBICADOS?
Capital Federal – Villa Crespo
___________________________________________
GARANTIA: Se pueden realizar devoluciones por arrepentimiento o falla hasta 30 días desde que te llego la compra, la compra tiene que estar en las mismas condiciones que lo recibiste, si la devolución es por arrepentimiento el producto tiene que estar cerrado en la misma bolsa que te llego.

Staff Grupo SkinFree",5270,
5269,BAJA,DEAR A Perfect Cover con Brco1,8809447254814,DEAR A,"Dr.Melaxin es una marca que ofrece una variedad de productos para el cuidado de la piel facial. Si buscas protegerla y mantenerla en forma, esta puede ser una buena opción.

Es hipoalergénico
Este producto disminuye las posibilidades de una reacción alérgica, por ello, puede resultar útil para aquellas personas con piel sensible o irritable.

Libre de parabenos
Los productos libres de parabenos son una buena opción para el cuidado de pieles sensibles o para quienes eligen productos sin conservantes artificiales.",5269,https://drive.google.com/file/d/1hHn3GvPc3jHIvz2e86VB-5uLnu70dYNX/view
27544,BAJA,DEAR A Perfect Cover Corrector con Pincel,8809447254838,DEAR A,"DR. MELAXIN Bondex Protein Bonding Remodeling Clinic – 250ml
Reparación Estructural Profunda: Mucho más que una mascarilla
¿Cabello quebradizo, chicloso o dañado por procesos químicos? Dr. Melaxin Bondex es un tratamiento de nivel clínico diseñado para reconstruir la fibra capilar desde el interior. A diferencia de las mascarillas convencionales que solo aportan suavidad superficial, este tratamiento utiliza tecnología de unión de péptidos para soldar las cadenas de queratina rotas.

RECONSTRUCCIÓN REAL: Gracias al Péptido de Unión-78, reconecta los enlaces de disulfuro dañados, devolviendo la fuerza estructural al cabello.

FÓRMULA DE ALTA CONCENTRACIÓN: Contiene 20,000 ppm de HAIRCLE y un complejo de 16 aminoácidos que rellenan las fisuras de la fibra capilar.

NUTRICIÓN SIN PESO: Enriquecido con Aceite de Argán y Pantenol, aporta un brillo espejo y elimina el frizz sin dejar el cabello pesado o graso.

RESULTADOS PROFESIONALES: Diseñado bajo estándares de clínicas capilares coreanas para resultados visibles desde la primera aplicación.

Adiós al Quiebre: Aumenta drásticamente la elasticidad y resistencia.

Reparación Térmica y Química: Ideal para cabellos castigados por decoloraciones, tintes o uso excesivo de plancha.

Sellado de Puntas: Suaviza la cutícula eliminando el aspecto de puntas abiertas.

Hidratación Intensiva: Revitaliza el cabello seco y opaco devolviéndole su vitalidad natural.

Ingredientes:

Agua, dimeticona, alcohol cetílico, cloruro de behentrimonio, alcohol estearílico, metosulfato de behentrimonio, butilenglicol, fragancia, alcohol desnaturalizado, cloruro de esteartrimonio, amodimeticona, propilenglicol, caprililglicol, etilhexilglicerina, ácido glutámico, EDTA disódico, fermento de Streptococcus thermophilus, aceite de semilla de Helianthus annuus, 1,2-hexanodiol, alcohol miristílico, betacaroteno, aceite de semilla de Argania spinosa, proteína de cebada hidrolizada, triglicérido caprílico/cáprico, lecitina hidrogenada, palmitoil sarcosinato de sodio, sh-oligopéptido-7, limoneno, linalol, salicilato de bencilo, benzoato de bencilo

Importado por: LABORATORIO BEK SRL. Legajo N° 2994. Res (ex M.S. y A.S.) ANMAT N° 155/98. 

MADE IN KOREA
___________________________________________
-IMPORTANTE ANTES DE REALIZAR TU COMPRA-

STOCK: todos los productos publicados cuentan con stock disponible.

COMPRA DE VARIOS PRODUCTOS: para realizar la compra de varios productos y que te lleguen juntos, te recomendamos utilizar el botón de “Agregar al carrito” que se encuentra al lado de “Comprar”, luego de verificar que están todos los productos agregados podes realizar la compra.
Si realizaste la compra de varios productos por separado, NO podremos enviártelos en un solo paquete.

METODOS DE PAGO: se abona a través de Mercado Pago de forma segura con tarjeta de crédito, tarjeta de debito, Rapipago y Pagofacil

FORMAS DE ENVIO:
1.MERCADOENVIOS: al realizar la compra, de acuerdo a su ubicación (colocando código postal) podra visualizar un calculador de costos y tiempos de entrega con el que podrá saber cuando le llegara el producto antes de realizar la compra y cual es el costo del mismo.
2.ENVIO FLEX: realizando la compra antes de las xxhrs, estarás recibiendo tu compra EN EL MISMO DIA. Servicio habilitado únicamente de lunes a viernes, valido en CABA y GBA
3.ACORDAR CON EL VENDEDOR: esta opción es valida para aquellos que desean retirar su compra en nuestro deposito en horarios de lunes a viernes de 10 a 17hrs.
___________________________________________
¿DONDE ESTAMOS UBICADOS?
Capital Federal – Villa Crespo
___________________________________________
GARANTIA: Se pueden realizar devoluciones por arrepentimiento o falla hasta 30 días desde que te llego la compra, la compra tiene que estar en las mismas condiciones que lo recibiste, si la devolución es por arrepentimiento el producto tiene que estar cerrado en la misma bolsa que te llego.

Staff Grupo SkinFree",27544,"https://drive.google.com/file/d/1CtgwV28dJ6aGnK5OxBC01NQLzIGRzWbg/view
https://drive.google.com/file/d/1-iUOdz1yJIikEirPSj86xVRx3jhbYiK-/view
https://drive.google.com/file/d/1Fg-7VApRoVVS7712Uqrk8pA3betAOpq4/view
https://drive.google.com/file/d/1VNDSxhqtU_FubWLGX6mSEKJkR_dPW8re/view"
5268,BAJA,DEAR A Perfect Cover Corrector Tono 01,8809447254555,DEAR A,"DR. MELAXIN Bondex Protein Bonding Remodeling Shampoo 400ml – Champú Reparador Estructural con Péptidos, Keratina y Aceite de Argán

Este champú parece una opción técnica muy sólida si buscas una reparación estructural profunda en lugar de una simple capa de silicona cosmética. Su enfoque en la tecnología de enlaces (bond-building) lo sitúa en la misma categoría de productos de alto rendimiento como Olaplex o K18.

Aquí tienes un desglose de por qué este producto destaca y para quién es ideal:

Ciencia de Reparación: El Péptido Union-78
A diferencia de los champús hidratantes estándar que solo trabajan en la cutícula (la capa externa), este utiliza el Péptido Union-78. Su función es penetrar en el córtex para reconectar los enlaces disulfuro.

Resultado: El cabello no solo se ""siente"" mejor, sino que recupera su integridad estructural y elasticidad.

Triple Proteína Vegetal
La combinación de proteínas de soja, trigo y arroz hidrolizadas ofrece un enfoque de varios niveles:

Relleno de huecos: Las proteínas hidrolizadas tienen el tamaño molecular exacto para ""parchear"" las zonas donde la queratina natural se ha perdido.

Volumen natural: Al fortalecer la fibra desde dentro, el cabello recupera cuerpo y evita que se vea lacio o ""chicloso"" por el daño químico.

Equilibrio entre Limpieza y Nutrición
A menudo, los champús reparadores pueden ser pesados, pero la inclusión de Aceite de Argán junto con agentes limpiadores suaves garantiza que el cabello quede manejable y brillante sin sacrificar la sensación de frescura en el cuero cabelludo.

Ingredientes
Agua, sulfato de laureth de sodio, lauril sulfato de amonio, cocamidopropilo betaína, cocamida metilo MEA, fragancia, butilenglicol, cloruro de sodio, benzoato de sodio, alcohol cetílico, dimeticona, hidroxypiltrimonium, trihidroxiceticona, hydroxypiltrimonium, cloruro, trihidroxiciatina, citricer, citricer, cincuero, cincuero, cincuero, nitroxicletina, nitricero, nitricero, cincuero, nitricero, nitricinio, nitiverio, cincuero, gilatina, nitricero, nitricero, cince, cince, cince, crihiaticerio, cince, cince, cince, cince, cince, glizonium, trihidroxiciatina. Ácido, alcohol laurílico, EDTA disódico, sulfato de amonio, etilhexilglicerina, estreptococcus termophilus fermento, fluorflegopita sintética, extracto de semillas de avena estre estrigosa, lecitina, dióxido de titanio, alcohol myrista, alcohol atrasado, sorbate potasium, arginina, arggania spinosa corexido de kernoss Aceite, 1,2-hexanodiol, triglicérido caprílico/capric, lecitina hidrogenada, sarcosinato de palmitoil de sodio, sh-oligopéptido-78, limoneno, linalol, salicilato de bencilo, benzoato de bencilo


Importado por: LABORATORIO BEK SRL. Legajo N° 2994. Res (ex M.S. y A.S.) ANMAT N° 155/98. 

MADE IN KOREA
___________________________________________
-IMPORTANTE ANTES DE REALIZAR TU COMPRA-

STOCK: todos los productos publicados cuentan con stock disponible.

COMPRA DE VARIOS PRODUCTOS: para realizar la compra de varios productos y que te lleguen juntos, te recomendamos utilizar el botón de “Agregar al carrito” que se encuentra al lado de “Comprar”, luego de verificar que están todos los productos agregados podes realizar la compra.
Si realizaste la compra de varios productos por separado, NO podremos enviártelos en un solo paquete.

METODOS DE PAGO: se abona a través de Mercado Pago de forma segura con tarjeta de crédito, tarjeta de debito, Rapipago y Pagofacil

FORMAS DE ENVIO:
1.MERCADOENVIOS: al realizar la compra, de acuerdo a su ubicación (colocando código postal) podra visualizar un calculador de costos y tiempos de entrega con el que podrá saber cuando le llegara el producto antes de realizar la compra y cual es el costo del mismo.
2.ENVIO FLEX: realizando la compra antes de las xxhrs, estarás recibiendo tu compra EN EL MISMO DIA. Servicio habilitado únicamente de lunes a viernes, valido en CABA y GBA
3.ACORDAR CON EL VENDEDOR: esta opción es valida para aquellos que desean retirar su compra en nuestro deposito en horarios de lunes a viernes de 10 a 17hrs.
___________________________________________
¿DONDE ESTAMOS UBICADOS?
Capital Federal – Villa Crespo
___________________________________________
GARANTIA: Se pueden realizar devoluciones por arrepentimiento o falla hasta 30 días desde que te llego la compra, la compra tiene que estar en las mismas condiciones que lo recibiste, si la devolución es por arrepentimiento el producto tiene que estar cerrado en la misma bolsa que te llego.

Staff Grupo SkinFree",5268,https://drive.google.com/file/d/1hHn3GvPc3jHIvz2e86VB-5uLnu70dYNX/view
5267,BAJA,DEAR A Perfect Cover con Esco3,8809447254548,DEAR A,,5267,
27545,BAJA,DEAR A Personal Single con Co1,8809447255477,DEAR A,"Dr.Melaxin es una marca que ofrece una variedad de productos para el cuidado de la piel facial. Si buscas protegerla y mantenerla en forma, esta puede ser una buena opción.

Es hipoalergénico
Este producto disminuye las posibilidades de una reacción alérgica, por ello, puede resultar útil para aquellas personas con piel sensible o irritable.

Libre de parabenos
Los productos libres de parabenos son una buena opción para el cuidado de pieles sensibles o para quienes eligen productos sin conservantes artificiales.",27545,"https://drive.google.com/file/d/1kpdRf1bd0smU7M6Fjz5l-Z0tKg88TrnN/view
https://drive.google.com/file/d/1lOBSm45IGXjv9CTXBjdpFQ3p9fSYTqZ9/view"
27606,BAJA,DEAR A Personal Single con Co2,8809447255484,DEAR A,"Dr.Melaxin es una marca que ofrece una variedad de productos para el cuidado de la piel facial. Si buscás protegerla y mantenerla en forma, esta puede ser una buena opción.",27606,"https://drive.google.com/file/d/1OTeG35dZKFRa8BIre45pVP2m5lkGTERs/view
https://drive.google.com/file/d/1Yi-nMBrIxK7ICMEC8lujUR2Y6MJUSxF_/view"
27817,BAJA,DEAR A Personal Single con Co3,8809447255491,DEAR A,"Dr Melaxin es una marca que ofrece una variedad de productos para el cuidado de la piel facial. Si buscas protegerla y mantenerla en forma, esta puede ser una buena opción.

Es hipoalergénico
Este producto disminuye las posibilidades de una reacción alérgica, por ello, puede resultar útil para aquellas personas con piel sensible o irritable.

Libre de parabenos
Los productos libres de parabenos son una buena opción para el cuidado de pieles sensibles o para quienes eligen productos sin conservantes artificiales.",27817,"https://drive.google.com/file/d/1PniD2sIB5o7UvtqQcNcGtd6DUflr4yTU/view
https://drive.google.com/file/d/11-6paodBXyiNoaDCnUankA-dGhdEfAzm/view"
27824,BAJA,DEAR A Personal Single con Co4,8809447255507,DEAR A,"Libre de parabenos
Los productos libres de parabenos son una buena opción para el cuidado de pieles sensibles o para quienes eligen productos sin conservantes artificiales.",27824,"https://drive.google.com/file/d/1smFit9IHu4pdrY1Z6MTdFcVHoO2rfo6W/view
https://drive.google.com/file/d/1Y9dJccfDw6awp0EdZZ4E_JEhCiJ8WhxO/view"
27826,BAJA,DEAR A Personal Single con Co6,8809447255514,DEAR A,"La fórmula de la crema para ojos Dr.Melaxin Eyephalt está diseñada para mejorar significativamente la elasticidad y firmeza de la piel bajo los ojos. 

- Elevación del volumen de bolsas: Observa una transformación visible con nuestra crema. Estudios clínicos muestran una mejora de hasta el 156.67% en el volumen de las bolsas después de un uso continuo de 4 semanas, mejorando la elasticidad y firmeza bajo los ojos. 

- Aborda la hinchazón, las ojeras y las arrugas, enfocándose en la degradación de la matriz extracelular, restaurando la elasticidad y combatiendo los signos del envejecimiento y la fatiga. 

- Ilumina el área bajo los ojos con nuestra mezcla poderosa de Arbutina y Glutatión, reduciendo eficazmente las ojeras para una apariencia más juvenil. 

- Enriquecida con un complejo avanzado de Ceramidas, nuestra crema fortalece la barrera natural de la piel, reteniendo la humedad y minimizando la apariencia de líneas finas, asegurando una hidratación prolongada. 

- Modo de uso: Exprime una pequeña cantidad de crema para ojos, aproximadamente del tamaño de un grano de arroz (alrededor de 0.2g). Aplica suavemente en el área debajo de los ojos. *Hasta 8 horas de eficacia después de la aplicación; se recomienda su uso nocturno sin maquillaje para obtener resultados óptimos.",27826,"https://drive.google.com/file/d/1mWjjRmvmyxF2eP12Ctkjl9Gk5iW-K738/view
https://drive.google.com/file/d/13WUkyaMEuGarkNnzyu8ZvFfiSyh6zHva/view"
27827,BAJA,DEAR A Sombra de Ojos Vegana con Glitter Tono 02,8809447253541,DEAR A,"Espuma Limpiadora Facial Dr. Melaxin Melting Cleanser 150ml

Limpiador ""All-in-One"" libre de aceites con tecnología de microburbujas micelares. Su fórmula foam-to-water (espuma a agua) disuelve el maquillaje y derrite el sebo endurecido dentro de los poros sin necesidad de frotar intensamente, minimizando la irritación mecánica.

El Dr. Melaxin Melting Cleanser es un gel limpiador facial diseñado para eliminar impurezas, exceso de grasa y restos de maquillaje sin resecar la piel. Su fórmula combina surfactantes suaves con extractos botánicos calmantes que limpian profundamente sin irritar, dejando la piel fresca, equilibrada y confortable. Perfecto para todo tipo de piel, especialmente sensible, mixta o reactiva.

Beneficios:
Elimina impurezas y residuos de maquillaje
Limpieza profunda sin despojar la piel de su aceite natural
Calma y equilibra la barrera cutánea
Hidrata y suaviza la textura facial
Aporta sensación de frescura y confort

Modo de uso:
Humedece el rostro con agua tibia.
Aplica una cantidad adecuada de cleanser.
Masajea suavemente con movimientos circulares.
Enjuaga con agua hasta retirar completamente.
Continúa con tu rutina (tónico- sueros -hidratante).

Precauciones
Solo uso externo.

Evitar contacto directo con los ojos.

En caso de irritación, suspender el uso.

Mantener fuera del alcance de los niños.

Ingredientes
Niacinamida
Activo multifuncional que ayuda a equilibrar el sebo, mejorar la textura y unificar el tono de la piel.

Centella Asiática + Extractos Botánicos (Aloe, Té Verde, Trébol, Café, Brócoli)
Complejo calmante y antioxidante que protege, suaviza y ayuda a reducir la sensibilidad de la piel.

Extracto de Alga Cladosiphon Okamuranus & Calamina
Agentes calmantes que repetan la barrera cutánea y proporcionan una sensación relajante post-limpieza.



Water, Glycerin, Disodium Cocoamphodiacetate, 1,2-Hexanediol, Sodium Chloride, Polyglyceryl-10 Laurate, Potassium Cocoyl Glycinate, Sorbitol, Butylene Glycol, Fragrance, Ethylhexylglycerin, Hexylene Glycol, Trisodium Ethylenediamine Disuccinate, Citric Acid, Niacinamide, Propanediol, Isopentyldiol, Camellia Japonica Flower Extract, Decyl Glucoside, Trifolium Pratense (Clover) Flower Extract, Aloe Barbadensis Leaf Extract, Camellia Sinensis Leaf Extract, Centella Asiatica Leaf Extract, Cladosiphon Okamuranus Extract, Salix Alba (Willow) Bark Extract, Backhousia Citriodora Leaf Extract, CI 17200 (Red 33), Coffea Arabica (Coffee) Seed Extract, Bioflavonoids, CI 19140 (Yellow 5), Citrus Aurantium Bergamia (Bergamot) Leaf Extract, Brassica Oleracea Italica (Broccoli) Extract, Calamine, Pinus Densiflora Leaf Extract.""


Importado por: LABORATORIO BEK SRL. Legajo N° 2994. Res (ex M.S. y A.S.) ANMAT N° 155/98. 

MADE IN KOREA
___________________________________________
-IMPORTANTE ANTES DE REALIZAR TU COMPRA-

STOCK: todos los productos publicados cuentan con stock disponible.

COMPRA DE VARIOS PRODUCTOS: para realizar la compra de varios productos y que te lleguen juntos, te recomendamos utilizar el botón de “Agregar al carrito” que se encuentra al lado de “Comprar”, luego de verificar que están todos los productos agregados podes realizar la compra.
Si realizaste la compra de varios productos por separado, NO podremos enviártelos en un solo paquete.

METODOS DE PAGO: se abona a través de Mercado Pago de forma segura con tarjeta de crédito, tarjeta de debito, Rapipago y Pagofacil

FORMAS DE ENVIO:
1.MERCADOENVIOS: al realizar la compra, de acuerdo a su ubicación (colocando código postal) podra visualizar un calculador de costos y tiempos de entrega con el que podrá saber cuando le llegara el producto antes de realizar la compra y cual es el costo del mismo.
2.ENVIO FLEX: realizando la compra antes de las xxhrs, estarás recibiendo tu compra EN EL MISMO DIA. Servicio habilitado únicamente de lunes a viernes, valido en CABA y GBA
3.ACORDAR CON EL VENDEDOR: esta opción es valida para aquellos que desean retirar su compra en nuestro deposito en horarios de lunes a viernes de 10 a 17hrs.
___________________________________________
¿DONDE ESTAMOS UBICADOS?
Capital Federal – Villa Crespo
___________________________________________
GARANTIA: Se pueden realizar devoluciones por arrepentimiento o falla hasta 30 días desde que te llego la compra, la compra tiene que estar en las mismas condiciones que lo recibiste, si la devolución es por arrepentimiento el producto tiene que estar cerrado en la misma bolsa que te llego.

Staff Grupo SkinFree",27827,"https://drive.google.com/file/d/10htJ6qEN-7dHI8W9dnGD666N_QSNMf56/view
https://drive.google.com/file/d/1_DZZfVqcmWecYrSlu-VmY2i3f9MW7uLI/view
https://drive.google.com/file/d/11YgQ-dWrl9nVz7FJUTMAORcaowDIPxbB/view"
28451,BAJA,DEAR A Esencia Luminosa para Uñas,8809447254128,DEAR A,"Crema Reafirmante Dr. Melaxin Necksphalt Ceramide Neck 50ml

Dr. Melaxin Necksphalt ECM Ceramide Neck Cream 50ml – Crema Reafirmante para Cuello con Péptidos, Ceramidas y EGF

Crema nutritiva de alta densidad diseñada para reconstruir la matriz extracelular del cuello.  Combina activos con elastina y ceramidas para tratar las arrugas horizontales profundas y fortalecer la barrera de lapiel fina del cuello.

La Necksphalt ECM Ceramide Neck Cream es un tratamiento específico para cuello y escote formulado para mejorar firmeza, elasticidad y apariencia de líneas en una de las zonas más propensas al envejecimiento. Su tecnología combina péptidos biomiméticos, ceramidas y activos reafirmantes que ayudan a fortalecer la estructura cutánea y mantener la piel hidratada, lisa y revitalizada.

Ideal para piel con flacidez, líneas horizontales o pérdida de elasticidad.


Mejora elasticidad y tonicidad cutánea
Ayuda a suavizar líneas del cuello
Refuerza la barrera cutánea
Aporta hidratación prolongada
Nutre y fortalece la piel fina del cuello
Mejora apariencia de textura irregula

Modo de uso
Aplicar cantidad adecuada sobre cuello y escote.
Masajear con movimientos ascendentes.
Utilizar mañana y noche.

Tip pro: combinar con masaje lifting para potenciar efecto tensor

Complejo de Péptidos Reafirmantes (Copper Tripeptide-1 + Palmitoyl Peptides + EGF)
Activos de señal que ayudan a estimular procesos de regeneración cutánea, mejorar firmeza y suavizar líneas.

Ceramide NP
Lípido biomimético que fortalece la barrera cutánea y mejora la retención de hidratación, clave para una piel más resistente y flexible.

Elastina hidrolizada + Ácido hialurónico
Combinación hidratante y reafirmante que mejora elasticidad, volumen cutáneo y suavidad.


1,2-Hexanediol, Acrylates/C10-30 Alkyl Acrylate Crosspolymer, Adenosine, Ammonium Acryloyldimethyltaurate/VP Copolymer, Aqua (Water), Butylene Glycol, Ceramide NP, Coco-Caprylate/Caprate, Copper Tripeptide-1, Dextrin, Disodium EDTA, Ethylhexylglycerin, Fructan, Gardenia Florida Fruit Extract, Glucose, Glycerin, Hydrogenated Lecithin, Hydrogenated Olive Oil Unsaponifiables, Hydrogenated Polyisobutene, Hydrolyzed Elastin, Hydroxyethyl Urea, Palmitoyl Pentapeptide-4, Palmitoyl Tripeptide-1, Parfum, Polyglyceryl-10 Oleate, Propanediol, sh-Oligopeptide-1, sh-Polypeptide-3, Sodium Ascorbyl Phosphate, Sodium Hyaluronate, Tocopherol, Zea Mays (Corn) Kernel Extract.

Importado por: LABORATORIO BEK SRL. Legajo N° 2994. Res (ex M.S. y A.S.) ANMAT N° 155/98. 

MADE IN KOREA
___________________________________________
-IMPORTANTE ANTES DE REALIZAR TU COMPRA-

STOCK: todos los productos publicados cuentan con stock disponible.

COMPRA DE VARIOS PRODUCTOS: para realizar la compra de varios productos y que te lleguen juntos, te recomendamos utilizar el botón de “Agregar al carrito” que se encuentra al lado de “Comprar”, luego de verificar que están todos los productos agregados podes realizar la compra.
Si realizaste la compra de varios productos por separado, NO podremos enviártelos en un solo paquete.

METODOS DE PAGO: se abona a través de Mercado Pago de forma segura con tarjeta de crédito, tarjeta de debito, Rapipago y Pagofacil

FORMAS DE ENVIO:
1.MERCADOENVIOS: al realizar la compra, de acuerdo a su ubicación (colocando código postal) podra visualizar un calculador de costos y tiempos de entrega con el que podrá saber cuando le llegara el producto antes de realizar la compra y cual es el costo del mismo.
2.ENVIO FLEX: realizando la compra antes de las xxhrs, estarás recibiendo tu compra EN EL MISMO DIA. Servicio habilitado únicamente de lunes a viernes, valido en CABA y GBA
3.ACORDAR CON EL VENDEDOR: esta opción es valida para aquellos que desean retirar su compra en nuestro deposito en horarios de lunes a viernes de 10 a 17hrs.
___________________________________________
¿DONDE ESTAMOS UBICADOS?
Capital Federal – Villa Crespo
___________________________________________
GARANTIA: Se pueden realizar devoluciones por arrepentimiento o falla hasta 30 días desde que te llego la compra, la compra tiene que estar en las mismas condiciones que lo recibiste, si la devolución es por arrepentimiento el producto tiene que estar cerrado en la misma bolsa que te llego.

Staff Grupo SkinFree",28451,"https://drive.google.com/file/d/1zxtbymhQlomlhzcTU2wczE7OCGhutGT-/view
https://drive.google.com/file/d/1o8Lv7gFqRNAyAWJB9O1af0KkajT72-zo/view
https://drive.google.com/file/d/1HS4mHZx3DuKB9JCXHw9IYINOTMhu-pUq/view"
28759,BAJA,DEAR A Perfume Nail Treatment,8809447255088,DEAR A,,28759,"https://drive.google.com/file/d/1Ueb7D0B9Y5AQPZttO5u2cHtHIvtO1WcA/view
https://drive.google.com/file/d/1LeB_JMGYi1ukkrLx__goCA_QmreC8HG8/view
https://drive.google.com/file/d/1YM0ATgz9bqeDwU8QzGHRrqHeV22QKEEr/view"
23105,ALTA,DR. ALTHEA Mascarilla Facial Calmante 345 Relief Cream 4 unidades,8809447256290,DR.ALTHEA,"Mascarilla facial de Dr.Althea. Dermocosmética coreana desarrollada con dermatólogos, con la icónica crema calmante 345 Relief Cream a base de Cica.",128g,"https://drive.google.com/file/d/1ybYX0qVPSo9V_Bd4uzXFSr-NiW59tAzf/view
https://drive.google.com/file/d/1RKrAHOmFC7bXt_niFrh4Leg14rXgGOUP/view
https://drive.google.com/file/d/1iReEpI1lk5st7IQfvZr5ozIIqMxeBlxO/view
https://drive.google.com/file/d/1bAbhpqOCl_fMUJ-te2xL1rN6n7n7V4wl/view
https://drive.google.com/file/d/1ZG1rBM4VEiXbSqHQ1QzBedUUbKg6vJ53/view
https://drive.google.com/file/d/1NXTNXyTKtN14rg1lFoLH3p-xrzd0SF--/view"
23103,ALTA,DR. ALTHEA Mascarilla Facial Hidratante Aqua Blue 4 unidades,8809447255767,DR.ALTHEA,"Mascarilla facial de Dr.Althea. Dermocosmética coreana desarrollada con dermatólogos, con la icónica crema calmante 345 Relief Cream a base de Cica.",145g,"https://drive.google.com/file/d/1a_S_5eNE_J8V5t5P9p4AvsY--6V2j1Lr/view
https://drive.google.com/file/d/1CFDKaWZXThn6LNX-6C3VINhmRObKkGN4/view
https://drive.google.com/file/d/1I_NfCpFSrg3dez9jksxtHzJLYC3uM-ki/view
https://drive.google.com/file/d/1WqxMmhBz4tCnGu3z0wIrfw_ngU5Hzn5l/view
https://drive.google.com/file/d/1JzgCcbIN9ioXZPo6INWottjS0nSxnF7D/view
https://drive.google.com/file/d/1WBo0uC7rbN7cSgxTS1DW_lu2S44HW1_0/view"
23096,ALTA,DR. ALTHEA Mascarilla Facial Calmante Cushion Veil 4 unidades,8809447255729,DR.ALTHEA,"Base de maquillaje cushion de Dr.Althea. Dermocosmética coreana desarrollada con dermatólogos, con la icónica crema calmante 345 Relief Cream a base de Cica.",170g,"https://drive.google.com/file/d/1R0gtkxY_tCWVD7vRmQsx9yYei9w6ec7n/view
https://drive.google.com/file/d/10sYfKuzNoowRML6jzk-J3OR1SFnEN8Cs/view
https://drive.google.com/file/d/1E1IZhKWysNJNd8HUTpRylbDngJzX5KC1/view
https://drive.google.com/file/d/1figXnFElVSNRoRABQ90HA7fdDPmfET29/view
https://drive.google.com/file/d/13gl31GuG-ZsmgVLpytDzmWaPZh8M9ZYe/view
https://drive.google.com/file/d/1idSdTZY0d5qEFbBtt4YY31ohqiMNOe2-/view"
23099,ALTA,DR. ALTHEA Mascarilla Facial Humectante Jelly Seal Dewy 4 unidades,8809447255743,DR.ALTHEA,"Mascarilla facial de Dr.Althea. Dermocosmética coreana desarrollada con dermatólogos, con la icónica crema calmante 345 Relief Cream a base de Cica.",145g,"https://drive.google.com/file/d/18UDEdhE4GrlWUfljnSklBl_icw3Em5Yw/view
https://drive.google.com/file/d/1Td1ipal-p-jKGyip4RpCKkn_XybUMdAZ/view
https://drive.google.com/file/d/1OI7ODTbsNPSatDvBqmc9W-kKkZq0IgmJ/view
https://drive.google.com/file/d/1z63I9LHhDrdUfrIlbwnaLPr3D3jBOR0q/view
https://drive.google.com/file/d/15Rzn_hJgSHXYLxxKTwHPrF6cePaOHnVa/view
https://drive.google.com/file/d/1EcV84sMUz8TMRH2tO8EvsdPJfGdRnsne/view"
23104,ALTA,DR. ALTHEA Mascarilla Facial Iluminadora Vita Glow 4 unidades,8809447255804,DR.ALTHEA,"Mascarilla facial de Dr.Althea. Dermocosmética coreana desarrollada con dermatólogos, con la icónica crema calmante 345 Relief Cream a base de Cica.",145g,"https://drive.google.com/file/d/17bw8vJ9xXnM5mjTfiDHHLgL8uWUlAvQK/view
https://drive.google.com/file/d/1YA5t94a_1jQCvtl8bzl47GcBaS1_52Op/view
https://drive.google.com/file/d/1xR_AdFOsoRBpbKE7DAYhrNEhGYS5P5zc/view
https://drive.google.com/file/d/1JUw7iUF8XuVH9G0PFA8niYsZzmNzYJi2/view
https://drive.google.com/file/d/1bYbMr126RRco0rwgG8X_ON1nKv4H8Ios/view
https://drive.google.com/file/d/1UKr5fakccUixhMkrEGedYMAUTnbIUMU3/view"
23106,ALTA,DR. ALTHEA Bruma Facial en Crema 345 Relief Calmante Agua de Arroz y Pantenol 60 ml,8809447256122,DR.ALTHEA,"Crema facial de Dr.Althea. Dermocosmética coreana desarrollada con dermatólogos, con la icónica crema calmante 345 Relief Cream a base de Cica.",60ml,"https://drive.google.com/file/d/1EmntRHHeLKabqDo8IXi39WPtZeW8pXC1/view
https://drive.google.com/file/d/1nM_lS5gSiYUTW5E57qzEJXudAmPvleFe/view
https://drive.google.com/file/d/19f21-QxsqKL9P-OtoMeGUnfhWqMFLvZQ/view
https://drive.google.com/file/d/1uhCJX2fVp1WgHQcPu7B-v_nrrYV7dzKA/view
https://drive.google.com/file/d/1xVfr-4750spzcuCviP_dBpiEX4h2mu-U/view
https://drive.google.com/file/d/1u-wrdSl9hqwEWAlYtVX7nAMtjEkzCp12/view"
8201,BAJA,DR. ALTHEA Sérum Facial Calmante 345 Relief Niacinamida y Pantenol 30 ml,8809447257051,DR ALTHEA,,8201,https://drive.google.com/file/d/16iDYktVg1c93sYzGib0w3sjJASkZqr_y/view
931,ALTA,DR. ALTHEA Mascarilla Facial Revitalizante Aqua Blue Azulene y Agua de Bambú 1 unidad,8809447255750,DR.ALTHEA,"Mascarilla facial de Dr.Althea. Dermocosmética coreana desarrollada con dermatólogos, con la icónica crema calmante 345 Relief Cream a base de Cica.",28g,No encontrado en carpetas de DR.ALTHEA
23107,ALTA,DR. ALTHEA Bruma Facial Humectante Aqua Marine Jelly PDRN Vegano y Agua de Mar 100 ml,8809447256184,DR.ALTHEA,"Bruma/spray facial de Dr.Althea. Dermocosmética coreana desarrollada con dermatólogos, con la icónica crema calmante 345 Relief Cream a base de Cica.",100ml,"https://drive.google.com/file/d/1-k2EKKop7jYYFLgk_nGvjypkTyx0Jy11/view
https://drive.google.com/file/d/1fLtPJOtj3sTSPXDs4RyaD4I3S_YrfdMw/view
https://drive.google.com/file/d/1SHLCHRkY0jVP-Jas9Bi9QTGO1Rhc5oHO/view
https://drive.google.com/file/d/1M9BQiK2kcktMZ59xj3e7inGcl16Yh-lX/view
https://drive.google.com/file/d/16HDVnIFjbf94A7yXBR0liz0iZYJLmvSj/view
https://drive.google.com/file/d/1yXJ393Wxwsy-wbX1aF0h6m9ZFYAlcCnc/view"
23108,ALTA,DR. ALTHEA Crema Gel Hidratante Aqua Marine Watery 70% de Bambú 50 ml,8809447256085,DR.ALTHEA,"Crema facial de Dr.Althea. Dermocosmética coreana desarrollada con dermatólogos, con la icónica crema calmante 345 Relief Cream a base de Cica.",50ml,"https://drive.google.com/file/d/1dolYcMfr2R01olLF9qyido7kwUWi3zTh/view
https://drive.google.com/file/d/1b7C3j8DJ1XNPlNovrb4hexXzOxICSs2u/view
https://drive.google.com/file/d/1_UaP6jGJEK9lcesrBpOFJ-0cQVKRMYKW/view
https://drive.google.com/file/d/1Gyfh8ndJE58Nm3JjGJQJMU_xddJ6JzoG/view
https://drive.google.com/file/d/1rQYoaFHcUi-opqeJQcQfrxjgHNQotPov/view
https://drive.google.com/file/d/1gjId9mNM1vdtsdv6irPv2L-CTSy97ulM/view"
23095,ALTA,DR. ALTHEA Sérum Facial Hidratante Aqua Marine Deep 70% de Bambú y PDRN Vegano 30 ml,8809447256191,DR.ALTHEA,"Sérum/esencia de Dr.Althea. Dermocosmética coreana desarrollada con dermatólogos, con la icónica crema calmante 345 Relief Cream a base de Cica.",30ml,"https://drive.google.com/file/d/1SmUtGEIMVCb-zRidobVA3s5ZzYfV7v9R/view
https://drive.google.com/file/d/1RlnM1DwpLJFG3us5KYBjmSRXhpqirFVQ/view
https://drive.google.com/file/d/1r4z1nc1_u_bMQ-hxR42wpt9Sx9hY2mzy/view
https://drive.google.com/file/d/1FRtVZ5By6vY7VPmHYP0H9TAPBdAL1iD1/view
https://drive.google.com/file/d/1aN9LTv91rUQWh6kvqXT2fRtf0QqDNEnw/view
https://drive.google.com/file/d/1--8Uig7N1oq3XOJepcf3gPhYxRthR1Y7/view"
14733,ALTA,DR. ALTHEA Crema Nutritiva y Reparadora 147 Barrier Ceramidas y Karité 50 ml,8809447256795,DR.ALTHEA,"Crema facial de Dr.Althea. Dermocosmética coreana desarrollada con dermatólogos, con la icónica crema calmante 345 Relief Cream a base de Cica.",50ml,No encontrado en carpetas de DR.ALTHEA
929,ALTA,DR. ALTHEA Mascarilla Facial Descongestiva Cushion Veil Cica Complex 1 unidad,8809447255712,DR.ALTHEA,"Base de maquillaje cushion de Dr.Althea. Dermocosmética coreana desarrollada con dermatólogos, con la icónica crema calmante 345 Relief Cream a base de Cica.",35g,No encontrado en carpetas de DR.ALTHEA
14742,ALTA,DR. ALTHEA Sérum Facial Iluminador Gentle Vitamin C Baja Irritación 30 ml,8809447255101,DR.ALTHEA,"Sérum/esencia de Dr.Althea formulado con vitamina C. vitamina C: ilumina y unifica el tono. Dermocosmética coreana desarrollada con dermatólogos, con la icónica crema calmante 345 Relief Cream a base de Cica.",30ml,No encontrado en carpetas de DR.ALTHEA
23089,ALTA,DR. ALTHEA Gel Limpiador Facial Suave Green Relief Amino Aminoácidos 100 ml,8809447254708,DR.ALTHEA,"Gel de Dr.Althea. Dermocosmética coreana desarrollada con dermatólogos, con la icónica crema calmante 345 Relief Cream a base de Cica.",100ml,"https://drive.google.com/file/d/1V7dYxxEjGk0kahGE_lEnXu1wRFTFdSEy/view
https://drive.google.com/file/d/1CsczAaWnSsIwQLAwWA_Hu9vJxSr7dnPD/view
https://drive.google.com/file/d/1KcBKo5qW3X7gUFaLTaoJdbqXmNbGvceB/view
https://drive.google.com/file/d/1USUKDomT33LNzkpwSW2Bj_eVWHnE_zD-/view
https://drive.google.com/file/d/1nrDaU6tyiv5eIlsl0vpuM7Y_rI5WjGnD/view
https://drive.google.com/file/d/1-AWAaZqSpc8wDXTDb8MK6za3e-O_ztHZ/view"
930,ALTA,DR. ALTHEA Mascarilla Facial Humectante Jelly Seal Dewy Phyto PDRN 1 unidad,8809447255736,DR.ALTHEA,"Mascarilla facial de Dr.Althea. Dermocosmética coreana desarrollada con dermatólogos, con la icónica crema calmante 345 Relief Cream a base de Cica.",28g,No encontrado en carpetas de DR.ALTHEA
14743,ALTA,DR. ALTHEA Bálsamo Limpiador Desmaquillante Pure Grinding 50 ml,8809447255071,DR.ALTHEA,"Bálsamo de Dr.Althea. Dermocosmética coreana desarrollada con dermatólogos, con la icónica crema calmante 345 Relief Cream a base de Cica.",50ml,No encontrado en carpetas de DR.ALTHEA
8517,BAJA,DR. ALTHEA Crema Facial Antiedad Pure Retinol 0.15% Bakuchiol y Pantenol 20 g,8809447257068,DR ALTHEA,,8517,https://drive.google.com/file/d/1Z4wbx0wR6WkoqeryE9p_8TwtuohgU0Sx/view
23110,ALTA,DR. ALTHEA Crema Facial Regeneradora Reju 5000 Pantenol 5% y Biome PDRN 20 g,8809447256412,DR.ALTHEA,"Crema facial de Dr.Althea. Dermocosmética coreana desarrollada con dermatólogos, con la icónica crema calmante 345 Relief Cream a base de Cica.",20g,"https://drive.google.com/file/d/1KEEVl6cA-liISkVgBPHMOOh3dirykSTx/view
https://drive.google.com/file/d/11FsOUk0sxvZrGRE3zNi2HtEBTYlHmwIM/view
https://drive.google.com/file/d/13ulAVHTS0KJLMJORIOoL2b41xJ4Qv2vt/view
https://drive.google.com/file/d/1N1GQhbnUXBj6-UozDhnQKU7XBpnpAsRz/view
https://drive.google.com/file/d/1sqkUcjZ3tZe9-9BeLMi8rrv-wfW6X7Rt/view
https://drive.google.com/file/d/1Wrn_iMWYNZVuRfb8cho4jgSNtjTe0K2J/view"
14736,ALTA,DR. ALTHEA Crema Ligera Calmante 345 Relief Teca Pantenol y Ceramidas 50 ml,8809447256221,DR.ALTHEA,"Crema facial de Dr.Althea. Dermocosmética coreana desarrollada con dermatólogos, con la icónica crema calmante 345 Relief Cream a base de Cica.",50ml,"https://drive.google.com/file/d/10OR5XU_SPVuk2nxNzm1qGusiQ5pB6KRl/view
https://drive.google.com/file/d/1T7Is0jLzW7dEHsoKb1g4R8uK9pEgk1X6/view
https://drive.google.com/file/d/16LtDP2EBuafNhsq84e_WTfSRYlO0kUGR/view
https://drive.google.com/file/d/1l-MRZQH9Zoe-QRigfQzCkwsfi9_VAdfW/view
https://drive.google.com/file/d/1vcQCVWYXZENxlnpU634UZM--NWpviEci/view
https://drive.google.com/file/d/1OOEAvesbmINq3EKOxVbsA-PD-LMwRJzl/view"
933,ALTA,DR. ALTHEA Mascarilla Facial para Imperfecciones 345 Relief Cream 1 unidad,8809447256283,DR.ALTHEA,"Mascarilla facial de Dr.Althea. Dermocosmética coreana desarrollada con dermatólogos, con la icónica crema calmante 345 Relief Cream a base de Cica.",25g,No encontrado en carpetas de DR.ALTHEA
23117,ALTA,DR. ALTHEA Sérum Contorno de Ojos Retinol Flat Iron con Aplicador Roller 25 ml,8809447256658,DR.ALTHEA,"Dispositivo (plancha alisadora) de Dr.Althea formulado con retinol/retinal. retinol/retinal: estimula la renovación celular anti-edad. Dermocosmética coreana desarrollada con dermatólogos, con la icónica crema calmante 345 Relief Cream a base de Cica.",25ml,"https://drive.google.com/file/d/1NVoCZJJsrlr9gX8pS_roAItT_IQTs6Iv/view
https://drive.google.com/file/d/1B4ONG7oFoJx07knoywKeWX9cMfG0hYcF/view
https://drive.google.com/file/d/1botz7fzRcHz0uXVspp07yd00mdiv5sGF/view
https://drive.google.com/file/d/1JbxeXMnJuHb4Mw7HrOxx7nbaO6_9Ilgq/view
https://drive.google.com/file/d/1PwtAx7-pwY6QIHXvx95RduiLsetREHA3/view
https://drive.google.com/file/d/1_ygaNS8hQHSAmPC5t0hRtni3nvVJjgOg/view"
14746,ALTA,DR. ALTHEA Sérum Facial Iluminador Vitamin C Boosting 30 ml,8809447255385,DR.ALTHEA,"Sérum/esencia de Dr.Althea formulado con vitamina C. vitamina C: ilumina y unifica el tono. Dermocosmética coreana desarrollada con dermatólogos, con la icónica crema calmante 345 Relief Cream a base de Cica.",30ml,No encontrado en carpetas de DR.ALTHEA
932,ALTA,DR. ALTHEA Mascarilla Facial Iluminadora Vita Glow Niacinamida 1 unidad,8809447255811,DR.ALTHEA,"Mascarilla facial de Dr.Althea. Dermocosmética coreana desarrollada con dermatólogos, con la icónica crema calmante 345 Relief Cream a base de Cica.",28g,No encontrado en carpetas de DR.ALTHEA
23312,ALTA,DR. MELAXIN Ampolla Hidratante Aqua Ion Plasma Water Glow Ácido Hialurónico 50 ml,8809886481611,DR.MELAXIN,Ampolla/booster concentrado de Dr.Melaxin. Marca clínica coreana con líneas de tratamiento capilar (Bondex) y anti-edad facial/corporal de alta concentración.,,"https://drive.google.com/file/d/1BmRVck0Q7rMeCZv8O_AeIrX9koywkL5c/view
https://drive.google.com/file/d/1SELOxqlN_oOr29HgWHl5T7zN-1KXJt9S/view
https://drive.google.com/file/d/1SwsNcQLjDysAq4cfnD9jf7KVOV7iNxBB/view
https://drive.google.com/file/d/1Ahk8VhEFgegq0Qw0F9otoE5rissdeJZI/view
https://drive.google.com/file/d/1BUQ4ctgYPsHWrTmoVlG6kT9laT3H4CjQ/view
https://drive.google.com/file/d/1zPfJsErO62bh8bTKnbnlazls80rsiPbX/view"
23313,ALTA,DR. MELAXIN Crema Gel Hidratante Aqua Ion Plasma Calmante Niacinamida 50 ml,8809886481604,DR.MELAXIN,Crema facial de Dr.Melaxin. Marca clínica coreana con líneas de tratamiento capilar (Bondex) y anti-edad facial/corporal de alta concentración.,,"https://drive.google.com/file/d/1GS7U75EI_VXpXBn25NQXBUwQm8-HC0A0/view
https://drive.google.com/file/d/1d4bE0W92WbB7p_mOWA1iev_snIzqB3Fv/view
https://drive.google.com/file/d/1XInUawDLR8U9bJIBPHAYrJZ5bOVzNM7c/view
https://drive.google.com/file/d/1GEDHVZZUbOV1WwgkGqLKKk648MhGvCOW/view
https://drive.google.com/file/d/1BLB3E1xmN8UPd4old6r17U4m-MRDejtq/view
https://drive.google.com/file/d/1HkeA-vyGYYO7C6QzHqE5Dy8gIbpc7FPP/view"
23927,ALTA,DR. MELAXIN Tratamiento Capilar Reparador Bondex Protein Bonding Péptidos 250 ml,8809886481857,DR.MELAXIN,Producto de skincare/belleza de Dr.Melaxin. Marca clínica coreana con líneas de tratamiento capilar (Bondex) y anti-edad facial/corporal de alta concentración.,,"https://drive.google.com/file/d/11kNFXGXfN5kdBCJqWA4iL3dZQ0_dkvw2/view
https://drive.google.com/file/d/1sYk3xtIkcVKW2p2SKv39Z_QjORpIXtry/view
https://drive.google.com/file/d/1R8CPE2DrMzX23jDVB6baS-Xkx0mZ4-9k/view
https://drive.google.com/file/d/1hQMTVeBzTwsZK7u_raqFIhWc1fxhE1Me/view
https://drive.google.com/file/d/1Gcka7Iva2lSz8Ish5mii5IvwdbvcDGBE/view
https://drive.google.com/file/d/1e-vkIFGnRNecZwGyO9CKJXtmo3N55eQ1/view"
23265,ALTA,DR. MELAXIN Bálsamo Voluminizador Cemenrete Calcium Volume Colágeno y Péptidos 9 g,8809886481581,DR.MELAXIN,Bálsamo de Dr.Melaxin. Marca clínica coreana con líneas de tratamiento capilar (Bondex) y anti-edad facial/corporal de alta concentración.,,"https://drive.google.com/file/d/1taAzKHxBj41sAK-V58SLyC0-ddsQ3xwS/view
https://drive.google.com/file/d/1460gUqMj0xwr-6fQJtcYCQIq0ogKocEr/view
https://drive.google.com/file/d/15aDziz66G0S4dMs2qZjqCPy6TmNjuMiF/view
https://drive.google.com/file/d/1H64kF1OOoCXqH5GwKDi4gBX2cbllwCJn/view
https://drive.google.com/file/d/1DJ2BmJYfW0r5sV8teYm-G9zYXy9cWiFH/view
https://drive.google.com/file/d/1hwyA8YxjVRmTl3UJsMmvsB_ExOcwUaaQ/view"
23918,ALTA,DR. MELAXIN Crema Reafirmante Cemenrete Cyano Pink Spicule Vitamina B12 50 ml,8809886481970,DR.MELAXIN,Producto de skincare/belleza de Dr.Melaxin. Marca clínica coreana con líneas de tratamiento capilar (Bondex) y anti-edad facial/corporal de alta concentración.,,"https://drive.google.com/file/d/1l_qHNN-DcmC32tscWXsKdTL1tex6gvUf/view
https://drive.google.com/file/d/1sCoQHbeCTiyIcdigHSfZk_JBlVZmVLnh/view
https://drive.google.com/file/d/1Yc7qTE3XbjDZzezTvhfAp9Z1HaFYwby-/view
https://drive.google.com/file/d/1z8lPXmIRKWeOsipX77VHmQTCSEvmM91r/view
https://drive.google.com/file/d/1EdFQbQCsXfCiBvlrnROuLvsbe3N5ORpu/view
https://drive.google.com/file/d/1ZxlDiaYJG2wWei6wJMhxsLnOWGqFWHO1/view"
23753,ALTA,DR. MELAXIN Sérum Revitalizante Cemenrete Cyano Pink Spicule Vitamina B12 30 ml,8809886481963,DR.MELAXIN,Producto de skincare/belleza de Dr.Melaxin. Marca clínica coreana con líneas de tratamiento capilar (Bondex) y anti-edad facial/corporal de alta concentración.,,"https://drive.google.com/file/d/1GFR6peJO9JXy2tAGM5hgsQ9nXEKZOZ-S/view
https://drive.google.com/file/d/1PhIsa73UjmfJdpDCIjNYllpKP4ZS9lxI/view
https://drive.google.com/file/d/1IFoGpSeqHbjozjsSI43wuIVFERb2BU3h/view
https://drive.google.com/file/d/14rVp8-8k540-cgUwvbVNzRGKQ7QQlVs_/view
https://drive.google.com/file/d/1VuzpNBQhznmlOpTJKKKaB9PzfLs58PPX/view
https://drive.google.com/file/d/1lo6jr35hn5-zb9t7I_9UzcttNm1BD_JU/view"
23360,ALTA,DR. MELAXIN Ampolla Exfoliante Peel Shot Black Rice Agua de Arroz Negro 80 ml,8809886482373,DR.MELAXIN,Exfoliante de Dr.Melaxin formulado con extracto de arroz y exfoliantes químicos (AHA/BHA). extracto de arroz: aporta luminosidad e hidratación; exfoliantes químicos (AHA/BHA): renueva la textura de la piel. Marca clínica coreana con líneas de tratamiento capilar (Bondex) y anti-edad facial/corporal de alta concentración.,,"https://drive.google.com/file/d/11R0B5jWdNzKAQSQ6D0TEQfVvL08V6eSv/view
https://drive.google.com/file/d/1QTdTS5twojxcLd56BjD-3mOpsGrGX03m/view
https://drive.google.com/file/d/1n3vhd1foiw4wkjG5NQjZFfOaXdRSJLtR/view
https://drive.google.com/file/d/1gOkPE_GLSJG8dVhzAPg27zUJXUUbZ-P-/view
https://drive.google.com/file/d/1GY1Bp7soc_86ZfCfacbkv5aAxpArFKcM/view
https://drive.google.com/file/d/1wsHy6F-v_5HgyjarOHjQcUbRvxM_UoPp/view"
23347,ALTA,DR. MELAXIN Ampolla Exfoliante Peel Shot White Rice Salvado de Arroz 80 ml,8809886482366,DR.MELAXIN,Exfoliante de Dr.Melaxin formulado con extracto de arroz y exfoliantes químicos (AHA/BHA). extracto de arroz: aporta luminosidad e hidratación; exfoliantes químicos (AHA/BHA): renueva la textura de la piel. Marca clínica coreana con líneas de tratamiento capilar (Bondex) y anti-edad facial/corporal de alta concentración.,,"https://drive.google.com/file/d/1ezVPg8c2VMr0_pcFwdaWKmjs3RVUFujK/view
https://drive.google.com/file/d/1H3Y7lz4BCpWVaay3XbkKwMeGSElfjLej/view
https://drive.google.com/file/d/1Nw3PnlIC3dnejGF9sAAu9Fe--SnBHKnM/view
https://drive.google.com/file/d/1C_6Bsts9tALD1DAqcTUmBmQtOMlXZlcG/view
https://drive.google.com/file/d/1X5t3vAKfaTi9sBJmqP3ebT2Bh0vwNOSV/view
https://drive.google.com/file/d/1W8GZay2P70K_VZvO16lujXWzyqBniRzF/view"
24259,ALTA,DR. MELAXIN Crema Reafirmante Eyephalt para Bolsas y Ojeras Péptidos 10 ml,8809886481932,DR.MELAXIN,Crema facial de Dr.Melaxin. Marca clínica coreana con líneas de tratamiento capilar (Bondex) y anti-edad facial/corporal de alta concentración.,,"https://drive.google.com/file/d/1M3Fv4WaNeg0Efp38JwVIFyXR2SPJwR6-/view
https://drive.google.com/file/d/1S6TU0xL7rTfQ-8-ZApduLG4D8l9c0xmA/view
https://drive.google.com/file/d/1Dd0ML5fhkZtJXq9rpH9Za4MV_d9a4LYs/view
https://drive.google.com/file/d/1aGu1pbS7kAtOC8psyIwTVLfwkL9j-UN-/view
https://drive.google.com/file/d/1CpZTw98x-J7AdF3mGUQCRwd4AHymdfGI/view
https://drive.google.com/file/d/1vlu4e9IgsBrVr1HE4z618paKi1X3R_s2/view"
24376,ALTA,DR. MELAXIN Espuma Limpiadora Melting Cleanser Centella Té Verde y Niacinamida 150 ml,8809886482434,DR.MELAXIN,Limpiador facial de Dr.Melaxin. Marca clínica coreana con líneas de tratamiento capilar (Bondex) y anti-edad facial/corporal de alta concentración.,,"https://drive.google.com/file/d/1zVa5-WZwp1DB-HiVc5MkkUOpziHh60oR/view
https://drive.google.com/file/d/1QCgycIumYzWicJpfVSUk9DSqRQDPtv-U/view
https://drive.google.com/file/d/1s1CDiGkNj8uT5-dmXCFPfIQc-eXWQgKL/view
https://drive.google.com/file/d/1coPz43rJ_np5jF44BisSITLgM6l79x41/view
https://drive.google.com/file/d/1jatzw-19QKp3BbsjRTbu50hoqUGOdpwc/view
https://drive.google.com/file/d/1AvAY7YH0vZOv-Tli7qPywryMHBzFVD4N/view"
23341,ALTA,DR. MELAXIN Crema Reafirmante para Cuello Necksphalt ECM Ceramidas y EGF 50 ml,8809886481642,DR.MELAXIN,Crema facial de Dr.Melaxin. Marca clínica coreana con líneas de tratamiento capilar (Bondex) y anti-edad facial/corporal de alta concentración.,,"https://drive.google.com/file/d/1aBF1PBL3F_YGs3ymARvYy_xfHrKuRoRY/view
https://drive.google.com/file/d/1rod0NNS6w1LMN57Cu1b7zwSCCZpZuYp7/view
https://drive.google.com/file/d/1LgtjW3Erqasj5E4xZ0ADK-ZVvwHQLkoe/view
https://drive.google.com/file/d/1MO6EznPJs4_SWyMHNxmDSGov-INQEueN/view
https://drive.google.com/file/d/1byXkFKU-JQn6Dsp6Wab-pJWy0phV8tq6/view
https://drive.google.com/file/d/1LeyJ3bhCeqYYPVffb_cj7MXds7UyT9pD/view"
23322,ALTA,DR. MELAXIN Ampollas Reafirmantes para Cuello Necksphalt Complejo ECM-5 10 unidades,8809886481659,DR.MELAXIN,Sérum/esencia de Dr.Melaxin. Marca clínica coreana con líneas de tratamiento capilar (Bondex) y anti-edad facial/corporal de alta concentración.,,"https://drive.google.com/file/d/1De4bwxwqqZ8H8EpyaSTTHegXiGyHD74T/view
https://drive.google.com/file/d/12Wxp5PEsqO00fmM-g5eEqu6X6gYAUNMY/view
https://drive.google.com/file/d/11mI1AX8Njs5nevVibnHocujga2ynf7-K/view
https://drive.google.com/file/d/1kFIDsCpJmcxkJKjoWac-Z-TWPmfM76me/view
https://drive.google.com/file/d/1e88cf0cJrnZtR-uTWGv-IxjSsmavJDbS/view
https://drive.google.com/file/d/1a4V_dNTocGsxjbhE_qKZcx2klWrqOeQ_/view"
23364,ALTA,DR. MELAXIN Exfoliante Corporal Peel Shot Ácido Kójico y Cúrcuma AHA y PHA 200 ml,8809886482809,DR.MELAXIN,Exfoliante de Dr.Melaxin formulado con exfoliantes químicos (AHA/BHA). exfoliantes químicos (AHA/BHA): renueva la textura de la piel. Marca clínica coreana con líneas de tratamiento capilar (Bondex) y anti-edad facial/corporal de alta concentración.,,"https://drive.google.com/file/d/1zL0_urXKW1cpo8_sFV0lLcKTQ7aIprK6/view
https://drive.google.com/file/d/1yLiziyjdFLB1mua_BFPFN-DKLpkOejFf/view
https://drive.google.com/file/d/1q5Ev1F6CUOJCHs5Oy_C1pNUisFmZk2uL/view
https://drive.google.com/file/d/1LgL_EsVMLQ33vgSCkaiVWcpybZdy2JYj/view
https://drive.google.com/file/d/1w1d2XpckBIpXx_kBNIHOCkNQbBPTq9K9/view
https://drive.google.com/file/d/1SKJoE_-R5MChGa2UpH8WNyvmWrfKIXdu/view"
23920,ALTA,DR. MELAXIN Champú Reparador Bondex Protein Bonding Keratina y Argán 400 ml,8809886481864,DR.MELAXIN,Champú de Dr.Melaxin. Marca clínica coreana con líneas de tratamiento capilar (Bondex) y anti-edad facial/corporal de alta concentración.,,"https://drive.google.com/file/d/1txjhB4AcXmGejGdPBXwtZgWgJZ-crWLO/view
https://drive.google.com/file/d/1vtywxKfVM0YYFHHHlGVmayZWAJXLErgW/view
https://drive.google.com/file/d/1MXQxokovjBOu2Ehmxos5C4p0HvzznbqY/view
https://drive.google.com/file/d/131LZZBSrj6Dl-CKOexyjLUDza66YWWGM/view
https://drive.google.com/file/d/1IoaXRWJ2x5NJ2JRWZ8PWnCuqGsIv-e1j/view
https://drive.google.com/file/d/1QipQwWHoR5CY2SCxQoyFOqOTqARukTHc/view"
28821,BAJA,Eliza Cer-100 Collagen Coa150m,8809543253513,ELIZA,,28821,"https://drive.google.com/file/d/1b3skGNU1Ddv06beJkbGEMwtvMhfbsC55/view
https://drive.google.com/file/d/1uDtlLsbtDqBr8ewYICi8VDv9xH75aXya/view
https://drive.google.com/file/d/1t6pvRDY3jTLJoi5t0iVkdRmsSx6aj1C-/view
https://drive.google.com/file/d/11ABconz9wgHNEV1ORbiDFRaLHnsKZXvU/view"
28760,BAJA,Eliza Collagen Coating Hair Cr,8809543253346,ELIZA,,28760,"https://drive.google.com/file/d/118RTDW3ggiF5L9vjuVfWCXlgOF-yBGc4/view
https://drive.google.com/file/d/10inJI4gJ1a2fOMdlUwLmNom1n-9AlKbm/view
https://drive.google.com/file/d/1ejYxjy5A3NfuECnUdEaGrEctu8RRu6V6/view
https://drive.google.com/file/d/18-9RwUQxBjMKON3GAXBKXcJJ3J41ZiBd/view"
30720,BAJA,Eliza Collagen Coating Hair Sh,8809543253377,ELIZA,,30720,"https://drive.google.com/file/d/1Cf-D8SA1I5uSeVH3vK4pIP9xmLd6xlHk/view
https://drive.google.com/file/d/1lMjgVdiNh0G_YJenBGK8Moe5yes8wWl4/view
https://drive.google.com/file/d/1CcJeUwN8i47HKhlyn8uaSrjSy3Xs1RqT/view"
30024,BAJA,Eliza Collagen Coating Hair Tr,8809543253360,ELIZA,,30024,"https://drive.google.com/file/d/1kVjjGPqcvIQX5ycW4Qkm6qceFfs9F_IH/view
https://drive.google.com/file/d/14gcqmWxxxn3_cHjiIkVrDUWIWPofhChs/view
https://drive.google.com/file/d/11yH2gtt543IQipY7psdRgzZtOisUNJs2/view"
28761,BAJA,Eliza Hair Muscle Ess Oil 100 ml,8809543253506,ELIZA,,28761,"https://drive.google.com/file/d/1qbANx4p1znQAmmz-niXCGm2qd5nrwk7y/view
https://drive.google.com/file/d/1FDAu9VzmxG15iswNqZX-x7J2UiPym4Y-/view
https://drive.google.com/file/d/1ArB5cvD_93AtcAKeCzfEl1XPSvWEid50/view"
28820,BAJA,Eliza Milky Piggy Collagen 50 ml,8809543253568,ELIZA,,28820,"https://drive.google.com/file/d/12EIovUbVCNjnx_olkMVpCv20gRMEV8aR/view
https://drive.google.com/file/d/10pGJhA3VQWe_K5zrZTtsVC4ULzvCvbN4/view
https://drive.google.com/file/d/1yclRcrW5FWtwLXrXQtEYZT0014oCP1F7/view
https://drive.google.com/file/d/1trC1M-BOs4ZxNHNrJmnufc0Y57Dg2uYc/view"
843,BAJA,Elroel Blanc Cover Crema V201,8809527486449,ELROEL,,843,"https://drive.google.com/file/d/1HRE_Odk7I-WS17zKVJozoKYzVCHerLd-/view
https://drive.google.com/file/d/1GLkfQRBUYcBdI7Toi8DEUeBN-AwVsmjd/view
https://drive.google.com/file/d/1uGiffvj0REhZYwDxjAEXxqf4ieouZZWm/view"
846,BAJA,Elroel Blanc Cover Crema V202,8809527486456,ELROEL,,846,"https://drive.google.com/file/d/1jU0oZK96UQ43qjiVOI-8WSZrZWsf_g0N/view
https://drive.google.com/file/d/15P8Be0jdwn_WUoHG0N6zrpTehTl58k45/view
https://drive.google.com/file/d/1OtQ0dVX04yQDJm1ubjL6nJIDL5ZcJlZl/view"
4145,BAJA,Elroel Blanc Cover Crema V203,8809527486463,ELROEL,,4145,"https://drive.google.com/file/d/157RWZg1K14DR03Um_KEueP2PA0k-6cnu/view
https://drive.google.com/file/d/1v611M1VxumiKbyX8sE1jD28AFjgvOv2n/view
https://drive.google.com/file/d/1fyCin9GbKKenWhw13ekfYRV5KuW71t_r/view"
883,BAJA,Elroel Blanc Cover Crema V204,8809527487156,ELROEL,,883,"https://drive.google.com/file/d/1KoyifD8AvSjXBia1jbLDUQwgMuUnGAGO/view
https://drive.google.com/file/d/1J97ydbgrZH33j6hyR9WpeRKC-5lD_Xhd/view
https://drive.google.com/file/d/1pZV-IOxoDtzWRnwGIeMhSfLSmu4duU8T/view"
8310,BAJA,ELROEL NO Sérum FIX Polvo 7.7,8809292441285,ELROEL,,8310,https://drive.google.com/file/d/1Tyk1mUCjwXu3pWDXUtkiU90mKJHWBL2s/view
22259,BAJA,Eqqua Aloe PDRN Calm Sérum 30 ml,8809875457788,EQQUALBERRY,,22259,
14747,BAJA,Eqqua Bakuchiol Plum Sérum 30 ml,8809875456484,EQQUALBERRY,,14747,
14749,BAJA,Eqqua Swimming Pool Tónico 155 ml,8809875456460,EQQUALBERRY,"FOODOLOGY Burningology D-Day 10 Sticks – Suplemento Quemador de Grasa Intensivo con Xanthigen

Cápsulas y tabletas en sobres individuales de la categoría suplemento nutricional para el tratamiento de quema de grasa localizada y aumento del metabolismo de uso oral, formulado con Xanthigen, Extracto de Té Verde y Garcinia Cambogia que logra reducir la grasa corporal, disminuir la grasa visceral y aumentar el gasto energético con un beneficio visible de una silueta más esbelta y reducción de medidas en un tiempo de resultado de 4 semanas de uso constante, ideal para personas que buscan un empuje intensivo en su proceso de pérdida de peso.



Detalles del Producto

Tipo de consumidor: Personas con dificultades para perder grasa rebelde, quienes tienen poco tiempo para rutinas complejas y buscan un tratamiento de choque efectivo.



Función cosmética/nutricional: Termogénico intensivo, bloqueador de carbohidratos y reductor de grasa visceral.



Textura (Vehículo): Kit de suplementos en sobres diarios (pouch) que contienen tabletas y cápsulas blandas para una absorción optimizada.



Efecto en el bienestar: Eleva la tasa metabólica basal (calorías quemadas en reposo) y ayuda a controlar la formación de nuevas células grasas.



Porque elegirlo

Burningology D-Day es el programa de choque definitivo de Foodology. Está diseñado para quienes necesitan resultados reales en un periodo corto de tiempo, utilizando una combinación de cuatro ingredientes clave en un solo sobre diario para atacar la grasa desde diferentes ángulos.



Contiene el prestigioso ingrediente Xanthigen, una mezcla patentada de extracto de algas pardas y aceite de semilla de granada que ha demostrado clínicamente aumentar el metabolismo basal y reducir la grasa del hígado y el abdomen.



Su formato en sobres individuales (all-in-one) elimina la necesidad de cargar con varios frascos. Cada sobre contiene la dosis exacta necesaria para activar tu cuerpo durante 24 horas, asegurando que no olvides ninguna de tus tomas importantes.



Porque lo amamos (Eficacia y Resultados)

Este producto es uno de los más vendidos por su alta potencia y comodidad de uso:



99% de satisfacción en comodidad: Los usuarios destacan en sitios web de salud que es el sistema más fácil de seguir, ya que un solo sobre al día sustituye a múltiples suplementos separados.



95% de reportes en pérdida de medidas: Según reseñas en plataformas especializadas, los consumidores notan una reducción visible en el contorno de la cintura tras finalizar el ciclo de tratamiento.



Testimonios destacados: Los usuarios suelen comentar que es el ""empujón"" que necesitaban cuando se estancan en su dieta, resaltando que no sienten el nerviosismo de otros quemadores y valoran la alta calidad de sus ingredientes de origen natural.



Beneficios

Quema de Grasa 24/7: Aumenta el consumo de energía del cuerpo incluso mientras descansas.



Bloqueo de Carbohidratos: La Garcinia Cambogia ayuda a evitar que los azúcares se conviertan en depósitos de grasa.



Reducción de Grasa Visceral: El Xanthigen se enfoca específicamente en la grasa acumulada alrededor de los órganos internos.



Poder Antioxidante: El Té Verde ayuda a desintoxicar el cuerpo y protege las células del daño oxidativo.



Modo de uso

Toma el contenido de 1 sobre (pouch) al día.



Se recomienda ingerirlo después de la comida más abundante del día o antes de tu rutina de ejercicio para maximizar el efecto termogénico.



Acompáñalo siempre con abundante agua para facilitar la absorción de los activos y mantener tu cuerpo hidratado.



Cuidado y precauciones

Almacenar en un lugar fresco y seco, protegido de la luz solar directa.



Contiene cafeína (proveniente del té verde), por lo que personas sensibles a los estimulantes deben evitar tomarlo tarde por la noche.



Contiene derivados de leche y mariscos (algas); revisar ingredientes en caso de alergias.



No recomendado para niños, mujeres embarazadas o en periodo de lactancia.



Mantener fuera del alcance de los niños.



Ingredientes

Ingredientes Estrella:



Xanthigen: Un ingrediente premium patentado que combina algas marinas y granada para elevar el metabolismo basal y atacar la grasa abdominal.



Garcinia Cambogia Extract: Activo que ayuda a suprimir el apetito y bloquea la síntesis de grasa a partir de los carbohidratos ingeridos.



Green Tea Extract (Catequinas): Potente termogénico natural que promueve la oxidación de las grasas y mejora la composición corporal.



INCI (Listado de ingredientes):

Garcinia cambogia extract(From India), Green tea extract, Microcrystalline Cellulose, Dextrin, Calcium carboxymethyl cellulose, Magnesium stearate, Hydroxypropylmethylcellulose, Glycerin Esters of Fatty Acids, Phyllostachys pubescens (leaf) and Scutellaria baicalensis root mixture extract powder(B521), Dolichos lablab extract powder, Actiponin, Lactose, Microcrystalline Cellulose, Alga lithe, Hydroxypropylmethylcellulose, Magnesium stearate, Eurovit Titanium Dioxide, Glycerin Esters of Fatty Acids, Cacao color, Xanthigen, Gelatin, Glycerin, D-sorbitol.

----------------------------------------------------------------------------------------------------
100% ORIGINALES DE COREA DEL SUR
En nuestra tienda te garantizamos la autenticidad absoluta de cada producto. Trabajamos e importamos directamente desde Corea del Sur para ofrecerte lo mejor del K-Beauty y el cuidado personal, con fórmulas originales, cerradas y con los más altos estándares de calidad. ¡Cuidá tu piel con la tranquilidad de comprar original!

IMPORTANTE ANTES DE REALIZAR TU COMPRA

STOCK: Todos los productos publicados están disponibles y listos para ser enviados. ¡Comprá con confianza!

COMPRA DE VARIOS PRODUCTOS: Para realizar la compra de varios productos y que te lleguen juntos, te recomendamos utilizar el botón de ""Agregar al carrito"" que se encuentra al lado de ""Comprar"". Luego de verificar que están todos los productos agregados, podés realizar la compra desde el carrito. Si realizás las compras por separado, por cuestiones logísticas NO podremos enviártelas en un solo paquete.

MEDIOS DE PAGO: Se abona a través de Mercado Pago de forma 100% segura con tarjeta de crédito, tarjeta de débito, efectivo (Rapipago y Pagofácil) o dinero en cuenta.

FORMAS DE ENVÍO y RETIRO:

MERCADO ENVÍOS: Envíos a todo el país. Colocando tu código postal en el calculador de la publicación, podrás visualizar el costo exacto y el tiempo estimado de entrega antes de realizar la compra.

ENVÍO FLEX: Realizando la compra antes de las XX:XX hs, estarás recibiendo tu pedido EN EL MISMO DÍA. Servicio habilitado únicamente de lunes a viernes, válido para CABA y GBA. (Las entregas se realizan en el transcurso de la tarde).

ACORDAR CON EL VENDEDOR: Esta opción es válida para aquellos que desean retirar su compra en nuestro depósito en el horario de lunes a viernes de XX:XX a XX:XX hs.

¿DÓNDE ESTAMOS UBICADOS?
Capital Federal – Barrio de Villa Crespo

GARANTÍA Y DEVOLUCIONES:
Tu satisfacción es lo primero. Se pueden realizar devoluciones de forma gratuita hasta 30 días desde que te llegó la compra. El producto tiene que estar en las mismas condiciones en que lo recibiste. Si la devolución es por arrepentimiento, al tratarse de productos de cosmética y cuidado personal, es condición indispensable que el producto esté sin uso, cerrado y en el mismo empaque original que te llegó.",14749,https://drive.google.com/file/d/1hHn3GvPc3jHIvz2e86VB-5uLnu70dYNX/view
14752,BAJA,Eqqua Vit Iluminati Sérum 30 ml,8809875456477,EQQUALBERRY,,14752,
3058,BAJA,FILLIMILLI black lash adhesive 7 g,8801489119113,FILLIMILLI,"Pestañas postizas / curvador de pestañas de Fillimilli. Marca de accesorios y herramientas de maquillaje de CJ Olive Young: pestañas postizas, curvadores, brochas y esponjas.",,No encontrado en carpetas de FILLIMILLI
3056,BAJA,FILLIMILLI clear lash adhesive 7 g,8801489119151,FILLIMILLI,"Pestañas postizas / curvador de pestañas de Fillimilli. Marca de accesorios y herramientas de maquillaje de CJ Olive Young: pestañas postizas, curvadores, brochas y esponjas.",,"https://drive.google.com/file/d/1-RB_3N9iEuudWbLA85ULtw3OtSlRtCyR/view
https://drive.google.com/file/d/1VxYDSJ08o5fUeuAUtJkc37KPOWcUTxDQ/view
https://drive.google.com/file/d/1Ye6DOjMEfIhuJu5-fBxtWY-f5fXdx0gI/view"
2992,BAJA,FILLIMILLI Esponjas para Cushion Pang Pang Puff 5 unidades,8809458145453,FILLIMILLI,"Base de maquillaje cushion de Fillimilli. Marca de accesorios y herramientas de maquillaje de CJ Olive Young: pestañas postizas, curvadores, brochas y esponjas.",,"https://drive.google.com/file/d/1XgqCCnBQ1yzEqlTECw0HbWR1_VJPNfkK/view
https://drive.google.com/file/d/1_1_9z6u23uLJ3jz8tu4tdCTUcJ97-69c/view"
3034,BAJA,FILLIMILLI point cutting lashes 01 super long C curl 11mm,8809203661528,FILLIMILLI,"Producto de skincare/belleza de Fillimilli. Marca de accesorios y herramientas de maquillaje de CJ Olive Young: pestañas postizas, curvadores, brochas y esponjas.",,"https://drive.google.com/file/d/1N1JZEJIlObCJZTv66__P17hsJzitllb-/view
https://drive.google.com/file/d/1eI9trzTE7_sYVldej59hYBAm7CDhU4Jr/view
https://drive.google.com/file/d/1tWdjDkNg1onZA8i7mEdZHckauij06AwV/view"
3136,BAJA,FILLIMILLI point cutting lashes 02 natural J-curl 10mm,8809203661061,FILLIMILLI,"Producto de skincare/belleza de Fillimilli. Marca de accesorios y herramientas de maquillaje de CJ Olive Young: pestañas postizas, curvadores, brochas y esponjas.",,"https://drive.google.com/file/d/1xrgf4KOpevVuqP32FYjxMLNk2-U19e83/view
https://drive.google.com/file/d/1EQpMJFLOfQIBwrrJrCiKjzSz_AkvEfWf/view
https://drive.google.com/file/d/1JLGhcqq5XOLbXU9X41SQ95aigYRji_bN/view"
3160,BAJA,FILLIMILLI Point Cutting Lash #04 New Smoky J Curl 12mm,8809203661108,FILLIMILLI,"Producto de skincare/belleza de Fillimilli. Marca de accesorios y herramientas de maquillaje de CJ Olive Young: pestañas postizas, curvadores, brochas y esponjas.",,"https://drive.google.com/file/d/1aWTQjIxQ4jyHkRhCeR0e-4HnoGV45HcY/view
https://drive.google.com/file/d/1sAFBgZrJbWu46XqEj33S6tPq0OKIEkY7/view
https://drive.google.com/file/d/17mOZ6CuxAmmaSw7N3sa2TUbPlbjyOUGC/view"
3113,BAJA,FILLIMILLI dual heated eyelash curler_USB Type,8809203661757,FILLIMILLI,"Pestañas postizas / curvador de pestañas de Fillimilli. Marca de accesorios y herramientas de maquillaje de CJ Olive Young: pestañas postizas, curvadores, brochas y esponjas.",,"https://drive.google.com/file/d/1KzIHCJKBtbhhIG3zEnNCStgtc5i4RRJZ/view
https://drive.google.com/file/d/1i9shAmdZJxr_6mhV5Bs_ppLD84S4wKUW/view
https://drive.google.com/file/d/1fgFjHWKkV2LXBXNvUk2yxWJuA_eAF4rY/view"
2852,BAJA,FILLIMILLI dual makeup spatula,8809469477598,FILLIMILLI,"Accesorio de aplicación de maquillaje de Fillimilli. Marca de accesorios y herramientas de maquillaje de CJ Olive Young: pestañas postizas, curvadores, brochas y esponjas.",,"https://drive.google.com/file/d/1pvYGVCjhybn-QB4e34neE3W8CMMoi-l-/view
https://drive.google.com/file/d/1H1a47NnZdw6qz9N0GgrhygoA7PWmyPNL/view"
3053,BAJA,FILLIMILLI easy curling heating eyelash curler_USB type 22R,8809203661948,FILLIMILLI,"Pestañas postizas / curvador de pestañas de Fillimilli. Marca de accesorios y herramientas de maquillaje de CJ Olive Young: pestañas postizas, curvadores, brochas y esponjas.",,"https://drive.google.com/file/d/1FyYmyX7vBOjC95KiQyke3hDs6AQro7rb/view
https://drive.google.com/file/d/1XakJ21yqEljsCeQJzOHoeURaKsE7Nmad/view
https://drive.google.com/file/d/1gr0YH4CbcieEjZqDCPJZa1U3s7xxWDQE/view"
3212,BAJA,FILLIMILLI Eye Make Up Brush Kit,8801489118871,FILLIMILLI,"Set/kit de Fillimilli que combina varios productos de la marca para una rutina completa. Marca de accesorios y herramientas de maquillaje de CJ Olive Young: pestañas postizas, curvadores, brochas y esponjas.",,"https://drive.google.com/file/d/1zQkIAjtVRQ6caQHmiOy1VHdNJ7izOukz/view
https://drive.google.com/file/d/1b_EYCLaN8oOjBRi2a9tY4vxQF4dBVcOW/view"
2888,BAJA,FILLIMILLI Brocha Plana para Base de Maquillaje Fitting Flat 826,8800307420080,FILLIMILLI,"Base de maquillaje de Fillimilli. Marca de accesorios y herramientas de maquillaje de CJ Olive Young: pestañas postizas, curvadores, brochas y esponjas.",,"https://drive.google.com/file/d/1dQWXEmXLUXtk1rAUCT5PC8mLQIsWUNBt/view
https://drive.google.com/file/d/1eEUiJfnnu5GD0d3OWDYoO0oKq2O9lDE-/view"
3105,BAJA,FILLIMILLI Heating Curler_Charging Type Wide Fit,8809203661573,FILLIMILLI,"Pestañas postizas / curvador de pestañas de Fillimilli. Marca de accesorios y herramientas de maquillaje de CJ Olive Young: pestañas postizas, curvadores, brochas y esponjas.",,"https://drive.google.com/file/d/1R09pMGwjmsj4IIC5xxAdl18gb6dckdOD/view
https://drive.google.com/file/d/1mgn330dezWS_ZOunDIeg04WXyGKPC39H/view
https://drive.google.com/file/d/18q7i5vkoLK1YbogS-_fYzuNccvH_gKoB/view"
3209,BAJA,FILLIMILLI Highlighter Fan Brush 856,8809865770378,FILLIMILLI,"Accesorio de aplicación de maquillaje de Fillimilli. Marca de accesorios y herramientas de maquillaje de CJ Olive Young: pestañas postizas, curvadores, brochas y esponjas.",,"https://drive.google.com/file/d/1faK0S5s3OUrGpwDHB_znMBGmpl4t997a/view
https://drive.google.com/file/d/1mREBsNC-CfmkOCSV3ugqfPm4rTsCJ-EF/view"
3038,BAJA,FILLIMILLI No-glue point lashes 01 triple A 9mm 36 unidades,8809203661641,FILLIMILLI,"Producto de skincare/belleza de Fillimilli. Marca de accesorios y herramientas de maquillaje de CJ Olive Young: pestañas postizas, curvadores, brochas y esponjas.",,"https://drive.google.com/file/d/1neeOBNTqcwiGvbjqd17h4GnVcyPG7ymx/view
https://drive.google.com/file/d/1a58lMKwvUgvB_iPJtzlDlynupST-X0n9/view
https://drive.google.com/file/d/1kUfYRNxcCNHw0qlTWzXPGi-U6QnmFpgI/view"
3033,BAJA,FILLIMILLI No-glue point lashes 02 triple V 10mm 36 unidades,8801489118925,FILLIMILLI,"Producto de skincare/belleza de Fillimilli. Marca de accesorios y herramientas de maquillaje de CJ Olive Young: pestañas postizas, curvadores, brochas y esponjas.",,"https://drive.google.com/file/d/1KdsU2rP68Yhjge0E-IHFHoHqHJeUIvr2/view
https://drive.google.com/file/d/1w-HE8pmCmwdM4Y8WBtd9LQyww2-Sp-fl/view
https://drive.google.com/file/d/16x046zl-WpiGazOhI4Ca-19NwxERzRan/view"
3120,BAJA,FILLIMILLI No-glue point lashes 03 triple I 9mm 36 unidades,8809203662044,FILLIMILLI,"Producto de skincare/belleza de Fillimilli. Marca de accesorios y herramientas de maquillaje de CJ Olive Young: pestañas postizas, curvadores, brochas y esponjas.",,"https://drive.google.com/file/d/1enl8pn42ZA7BbLaOmMm9Q-326t4zQXeI/view
https://drive.google.com/file/d/1ygwPdQXKgHYnz-BcNeo7PJx4q4X9MkBA/view
https://drive.google.com/file/d/1aYmr82Q6k-_qBfgKv_kw4H4ATHMWjw7U/view"
3104,BAJA,FILLIMILLI No-glue point lashes 04 Crown W 9mm 36 unidades,8809203662013,FILLIMILLI,"Producto de skincare/belleza de Fillimilli. Marca de accesorios y herramientas de maquillaje de CJ Olive Young: pestañas postizas, curvadores, brochas y esponjas.",,"https://drive.google.com/file/d/1zvWeym8-k5JbZne4BLRAk5eWpSQ3vjxb/view
https://drive.google.com/file/d/1ioJ35St3dNLep2dzW5enU1sBvDFDc5xG/view
https://drive.google.com/file/d/1BhS4L3jM82UXrxir03NkVW-_Hy5P_HPt/view"
3036,BAJA,FILLIMILLI Point piece lashes 05 dolly point 11mm 60P,8809203661610,FILLIMILLI,"Producto de skincare/belleza de Fillimilli. Marca de accesorios y herramientas de maquillaje de CJ Olive Young: pestañas postizas, curvadores, brochas y esponjas.",,"https://drive.google.com/file/d/1h5MGTr7jhz3-FMzjRusZbW8VYZTsNf4h/view
https://drive.google.com/file/d/15AEyi844sLJxKpdwR-QrS_AQTT4hUA4X/view
https://drive.google.com/file/d/1DRs5rByWQdKDr_UHXPAK3jnTavzalHOI/view
https://drive.google.com/file/d/14sKc1kVUU62T0UK98XiCfbN0ka9noJH-/view"
3208,BAJA,FILLIMILLI Pestañas Postizas por Mechones Point Piece 08 Clear Daily 10 mm 60 unidades,8800307420110,FILLIMILLI,"Limpiador facial de Fillimilli. Marca de accesorios y herramientas de maquillaje de CJ Olive Young: pestañas postizas, curvadores, brochas y esponjas.",,"https://drive.google.com/file/d/1aIj5WrKZPB9WBV-bE2XLI11dR98CqyfO/view
https://drive.google.com/file/d/1qYBdcBxS0x4SuUUCcXL48GdOswFOgeY7/view
https://drive.google.com/file/d/1J_Kk-xvfLKUgpaTV23I3W9aOX6wIofW3/view"
3207,BAJA,FILLIMILLI Point piece lashes 07 pure daily 10mm 60P,8809203661887,FILLIMILLI,"Producto de skincare/belleza de Fillimilli. Marca de accesorios y herramientas de maquillaje de CJ Olive Young: pestañas postizas, curvadores, brochas y esponjas.",,"https://drive.google.com/file/d/1zd4traaey7UcXKGKvvN3ff5HIdDpnUeC/view
https://drive.google.com/file/d/11F2lIZMuwhzzrqgIN0vLWOsSPBGTOMVj/view
https://drive.google.com/file/d/1InHMFQodesHvejKuH8kNHPAon6LLFxY3/view"
3017,BAJA,FILLIMILLI Point Piece Lashes 01 Pure Daily 9mm 60 unidades,8809203661566,FILLIMILLI,"Producto de skincare/belleza de Fillimilli. Marca de accesorios y herramientas de maquillaje de CJ Olive Young: pestañas postizas, curvadores, brochas y esponjas.",,"https://drive.google.com/file/d/1OWcdAtVvM1CHqY73skERZPrKixWBXjjG/view
https://drive.google.com/file/d/1yByDRzWl2-QTTNbwhNcXcyEz8AAny-bw/view
https://drive.google.com/file/d/1u_wNycXpEy0UulEGiTJ4GqfOnwIURBpQ/view"
3016,BAJA,FILLIMILLI Point Piece Lashes 02 Clear Daily 9mm 60 unidades,8800307420059,FILLIMILLI,"Producto de skincare/belleza de Fillimilli. Marca de accesorios y herramientas de maquillaje de CJ Olive Young: pestañas postizas, curvadores, brochas y esponjas.",,"https://drive.google.com/file/d/1g64MCmUT6B0DlRuEUeehz2r5t7-AaCNb/view
https://drive.google.com/file/d/13YrXvM4_9cTLqNwr0G5zvGgKmSglpulC/view
https://drive.google.com/file/d/1PzQ5liPFCEERN_8dnfxnqU5G9T9IHFF5/view"
3015,BAJA,"FILLIMILLI Point Piece Lashes 03 Natural Under V Shape 4,5,6mm 90 unidades",8800307420066,FILLIMILLI,"Producto de skincare/belleza de Fillimilli. Marca de accesorios y herramientas de maquillaje de CJ Olive Young: pestañas postizas, curvadores, brochas y esponjas.",,"https://drive.google.com/file/d/1xOWzHXQWfejlU1mMnFwphklTlOxkg2qI/view
https://drive.google.com/file/d/1VSPYjNXYCSIgj1bthNgzDvRlYDX2VHXc/view
https://drive.google.com/file/d/1ujnK_yFOCYod7FhrZItsCSMA4PS8unHh/view"
3014,BAJA,"FILLIMILLI Point Piece Lashes 04 A shape 9,10,11mm 90 unidades",8800307420073,FILLIMILLI,"Producto de skincare/belleza de Fillimilli. Marca de accesorios y herramientas de maquillaje de CJ Olive Young: pestañas postizas, curvadores, brochas y esponjas.",,"https://drive.google.com/file/d/1Q1EZap2fKckW84MQ5b01R6vWNxoEGO-l/view
https://drive.google.com/file/d/1o2XiJ0rnxBIuQF0qzsgt5J8-Ey5A8Q26/view
https://drive.google.com/file/d/1ZrjeiLXCcByCU3OeW2Ia1ibNZyKQXrP_/view"
3210,BAJA,FILLIMILLI Pimple Extractor,8809469477628,FILLIMILLI,"Accesorio de cuidado facial de Fillimilli. Marca de accesorios y herramientas de maquillaje de CJ Olive Young: pestañas postizas, curvadores, brochas y esponjas.",,"https://drive.google.com/file/d/11RUUGNxwVWfKbDTj2REULOwyu7qrDzcw/view
https://drive.google.com/file/d/1_EJylc4WdvwcW0jT815W18noQzix6YKT/view"
2991,BAJA,FILLIMILLI Polvo tok tok puff 5P,8809374645884,FILLIMILLI,"Accesorio de aplicación de maquillaje de Fillimilli. Marca de accesorios y herramientas de maquillaje de CJ Olive Young: pestañas postizas, curvadores, brochas y esponjas.",,"https://drive.google.com/file/d/1_xxxBFMhfuDXUCWn6r3pTGVhxgOhF_xB/view
https://drive.google.com/file/d/1caQKyQ5XPlLb8Fp1mLraeV-qYSdNiNf-/view"
3131,BAJA,FILLIMILLI Esponja Stamp para Aplicar Rubor en Crema,8809689211163,FILLIMILLI,"Colorete/rubor de Fillimilli. Marca de accesorios y herramientas de maquillaje de CJ Olive Young: pestañas postizas, curvadores, brochas y esponjas.",,"https://drive.google.com/file/d/1QTuMaLLVME20axMIC0wj3dilnYp5gDYq/view
https://drive.google.com/file/d/18SFFpCYpd2NaBOT4mUuJ1TQfWM5qRT5b/view
https://drive.google.com/file/d/12OVdpsdzqrXAT4TS1JzdnsQ7WQPeOVur/view
https://drive.google.com/file/d/1uOXH_njPQG5iVaP1Dn-D7-KERNvM1vat/view"
3171,BAJA,FILLIMILLI standard fit eyelash curler 21R,8809203661474,FILLIMILLI,"Pestañas postizas / curvador de pestañas de Fillimilli. Marca de accesorios y herramientas de maquillaje de CJ Olive Young: pestañas postizas, curvadores, brochas y esponjas.",,"https://drive.google.com/file/d/190nC3Ev4UkSdXpovH5ctHgIegu6OuXNI/view
https://drive.google.com/file/d/1Tyq0jQR1mHQ_eh5XbeWuEKOs0ozHDE1W/view"
3211,BAJA,FILLIMILLI wide fit eyelash curler 24R,8809203661511,FILLIMILLI,"Pestañas postizas / curvador de pestañas de Fillimilli. Marca de accesorios y herramientas de maquillaje de CJ Olive Young: pestañas postizas, curvadores, brochas y esponjas.",,"https://drive.google.com/file/d/1kfw76JYQdB7P_yTL2dOTU9zYq24UtQLB/view
https://drive.google.com/file/d/1eeguhWRPfT0qtlwve4yQ2U3Qtv2exdTH/view"
3878,ALTA,FOODOLOGY Masticables Apple Cider Vinegar Crispy Vinagre de Manzana 20 unidades,8809567707863,FOODOLOGY,"Suplemento / snack funcional (""beauty food"") de Foodology. Marca coreana de ""beauty food"": suplementos y snacks funcionales en formato jelly, cápsula o bebida (colágeno, quema-grasa, digestivos).",,"https://drive.google.com/file/d/1vEW3ttBO0f63rT48owZ9BUQ0vf4k0SRe/view
https://drive.google.com/file/d/1-dMsItJ-q_vRNSGQJ6yoU-tmMP9n8sw4/view
https://drive.google.com/file/d/1-cn_Oc4RHQQqiRyQpldm9MBqwv6eU9C4/view
https://drive.google.com/file/d/1NsX1KeO-uzWkcXzCEj0lVuoWycDg1fML/view
https://drive.google.com/file/d/1-Rb8hiIs8JA6lVfbQ5MzQ-TuSfgG-dZ0/view
https://drive.google.com/file/d/1IGLWdEPt9o9J0d_9Yms_oIBJ1ks5CxEK/view"
3879,ALTA,Apple Cider Vinegar Crispy---peach,8809567707948,FOODOLOGY,"Suplemento / snack funcional (""beauty food"") de Foodology formulado con extracto de durazno. extracto de durazno: nutre y calma la piel. Marca coreana de ""beauty food"": suplementos y snacks funcionales en formato jelly, cápsula o bebida (colágeno, quema-grasa, digestivos).",,No encontrado en carpetas de FOODOLOGY
3880,ALTA,Apple Cider Vinegar Crispy---plum,8809567707955,FOODOLOGY,"Suplemento / snack funcional (""beauty food"") de Foodology. Marca coreana de ""beauty food"": suplementos y snacks funcionales en formato jelly, cápsula o bebida (colágeno, quema-grasa, digestivos).",,No encontrado en carpetas de FOODOLOGY
6341,ALTA,FOODOLOGY Bottle Pink,8809567704374,FOODOLOGY,"Bebida/infusión funcional de Foodology. Marca coreana de ""beauty food"": suplementos y snacks funcionales en formato jelly, cápsula o bebida (colágeno, quema-grasa, digestivos).",,No encontrado en carpetas de FOODOLOGY
6342,ALTA,FOODOLOGY Bottle Red,8809567705302,FOODOLOGY,"Bebida/infusión funcional de Foodology. Marca coreana de ""beauty food"": suplementos y snacks funcionales en formato jelly, cápsula o bebida (colágeno, quema-grasa, digestivos).",,No encontrado en carpetas de FOODOLOGY
6340,ALTA,FOODOLOGY Bottle Yellow,8809567704367,FOODOLOGY,"Bebida/infusión funcional de Foodology. Marca coreana de ""beauty food"": suplementos y snacks funcionales en formato jelly, cápsula o bebida (colágeno, quema-grasa, digestivos).",,No encontrado en carpetas de FOODOLOGY
6343,ALTA,FOODOLOGY Burningology D-day,8809567705319,FOODOLOGY,"Bebida/infusión funcional de Foodology. Marca coreana de ""beauty food"": suplementos y snacks funcionales en formato jelly, cápsula o bebida (colágeno, quema-grasa, digestivos).",,No encontrado en carpetas de FOODOLOGY
3804,ALTA,FOODOLOGY Suplemento Quemador de Grasa Burningology D-Day Xanthigen 10 sticks,8809567704213,FOODOLOGY,"Suplemento / snack funcional (""beauty food"") de Foodology. Marca coreana de ""beauty food"": suplementos y snacks funcionales en formato jelly, cápsula o bebida (colágeno, quema-grasa, digestivos).",,"https://drive.google.com/file/d/1tlskTRDS-NSstico-6zWS7JLU1uymVZ3/view
https://drive.google.com/file/d/1PULEbQWz4kKCS8p-WbkwFQwkIx4TZDUs/view
https://drive.google.com/file/d/15GVqqx8F3i8pjo0pbHX0mEzAkthjU3Wd/view
https://drive.google.com/file/d/13rciVPL9VtyqB72HpD-w1QwSJ0tiP1I6/view
https://drive.google.com/file/d/1IM4Yoc1kx-Tq71UmRBSQbV7VqaVNIC_8/view
https://drive.google.com/file/d/1Gdg8KE_vV_FLDjnW5sVXtiH-bQngX9nn/view"
3860,ALTA,FOODOLOGY Suplemento Termogénico Burningology Tea Mango Africano 15 sticks,8809567705838,FOODOLOGY,"Suplemento / snack funcional (""beauty food"") de Foodology. Marca coreana de ""beauty food"": suplementos y snacks funcionales en formato jelly, cápsula o bebida (colágeno, quema-grasa, digestivos).",,"https://drive.google.com/file/d/1QpOIMYX7RMbuJSIDTmB01dPmBY5pkHHx/view
https://drive.google.com/file/d/19EaiQlJ8Rd_N-xCw-weEPWTLpbjzHnsa/view
https://drive.google.com/file/d/15ogZmNrhpfNtNVzZs1rev1vqJa7Qo5Ji/view
https://drive.google.com/file/d/1E2JQLLN3TsNghN2qVhDmBwGt1YufqmOy/view
https://drive.google.com/file/d/11wycbDXoUvhnKICqXIxD1l5HygPcKgIl/view
https://drive.google.com/file/d/1xGe7ZymIjn-RJcmb71uCT3IUHm8S96Fc/view"
3802,ALTA,FOODOLOGY Suplemento Metabólico Coleology Cut PRO Té Verde 60 comprimidos,8809567707528,FOODOLOGY,"Suplemento / snack funcional (""beauty food"") de Foodology. Marca coreana de ""beauty food"": suplementos y snacks funcionales en formato jelly, cápsula o bebida (colágeno, quema-grasa, digestivos).",,"https://drive.google.com/file/d/163BzonJn31ONOg2huGJU7RENSs3V_j7d/view
https://drive.google.com/file/d/1Q9sxOlDVRRE7vLdLcVyMRIl0BGQcS-2X/view
https://drive.google.com/file/d/1GSI_Rl3RGw224TqyLo1ry8HnBA22aTjm/view
https://drive.google.com/file/d/1aNSY0H6dPT5690zoWB_NiC1r4LP0H2Lh/view
https://drive.google.com/file/d/1nOrg79YndQ4HaHVhzae1Lv5DmYucT0Ul/view
https://drive.google.com/file/d/1EFaqW2xlMMuMkPp1IyrhBL-3nTyafsQE/view"
3806,ALTA,FOODOLOGY Masticable para Control de Peso Coleology Cutting Jelly 10 sticks,8809567706163,FOODOLOGY,"Suplemento / snack funcional (""beauty food"") de Foodology. Marca coreana de ""beauty food"": suplementos y snacks funcionales en formato jelly, cápsula o bebida (colágeno, quema-grasa, digestivos).",,"https://drive.google.com/file/d/1Rjoaq6XcEM3DaNLKbNL1zD5MYMYWxlLg/view
https://drive.google.com/file/d/1A8Ym2MbBmSqA_GSfMaSZIfrOMKtetko-/view
https://drive.google.com/file/d/1cfLh_ls57wvkw7qR_HzLTbNqECvAI_kU/view
https://drive.google.com/file/d/1NM18DdAhJJuAi3b5JisUJgRe7LAHU3iN/view
https://drive.google.com/file/d/1H99ai-t80KKg2eEwFCyc7Lhyvh74P_DI/view
https://drive.google.com/file/d/1Civw3RinOb2gWHiCHn2jgATVJYjTczcX/view"
5642,ALTA,FOODOLOGY Coleology Move Jelly Suplemento Masticable,8809567708600,FOODOLOGY,"Suplemento / snack funcional (""beauty food"") de Foodology. Marca coreana de ""beauty food"": suplementos y snacks funcionales en formato jelly, cápsula o bebida (colágeno, quema-grasa, digestivos).",,No encontrado en carpetas de FOODOLOGY
3820,ALTA,FOODOLOGY Suplemento Digestivo Coleology Bowel Movement Jelly 10 sticks,8809567707672,FOODOLOGY,"Suplemento / snack funcional (""beauty food"") de Foodology. Marca coreana de ""beauty food"": suplementos y snacks funcionales en formato jelly, cápsula o bebida (colágeno, quema-grasa, digestivos).",,"https://drive.google.com/file/d/1gUtjzCoRXkwBjm8Xz-aKYt4rNkiqKyti/view
https://drive.google.com/file/d/12L3DO91aoVwbsKde03zQ2w4wHFD84-sB/view
https://drive.google.com/file/d/1UJ5d4CQXOeds-o7s94PmU0KPioraTyB2/view
https://drive.google.com/file/d/162CRNagI_Ty6U7_8sHnGMEDZghgL2OXm/view
https://drive.google.com/file/d/1YnLojKcEF2q5m44lNn95qCflY8ZvpNUW/view
https://drive.google.com/file/d/1yfqdzcUtGbvR92_3FHnaP9xhcnpazBVL/view"
3803,ALTA,FOODOLOGY Bebida Funcional Coleology Drink Mix PRO Metabólica,8809567704022,FOODOLOGY,"Suplemento / snack funcional (""beauty food"") de Foodology. Marca coreana de ""beauty food"": suplementos y snacks funcionales en formato jelly, cápsula o bebida (colágeno, quema-grasa, digestivos).",,"https://drive.google.com/file/d/1ktVwFTi6QINwzmHbJxlVQv7vpXVQXRaq/view
https://drive.google.com/file/d/1BNK-8aD5xCES0cIcFZDVdHkNMZlYcvXX/view
https://drive.google.com/file/d/1Z2zuxIm5qVDhVmQ_wLG9k-o6WsuzykyU/view
https://drive.google.com/file/d/10mrzyqSHc1tCgOF6UaKydCsmrmTD3Z3x/view
https://drive.google.com/file/d/11ceL3d9IlYNNAWhP2OeVmurx5-L5s4ta/view"
3833,ALTA,FOODOLOGY Masticable de Colágeno 300 Da y Centella Collagen Centella Jelly 10 sticks,8809567708341,FOODOLOGY,"Gomita/jelly funcional de Foodology. Marca coreana de ""beauty food"": suplementos y snacks funcionales en formato jelly, cápsula o bebida (colágeno, quema-grasa, digestivos).",,"https://drive.google.com/file/d/1tWEgNwyCncIvtTgFD0kVzo5htZKqf3Dk/view
https://drive.google.com/file/d/1kuthq1ESgykWPDzOp4z1i8tdO6NbTcRv/view
https://drive.google.com/file/d/1P6hsDKW0oc4RnE3wrhM10zK4nKcXIaEd/view
https://drive.google.com/file/d/19JuR-SGJ65VvTALfJzVD9lxHgbHA0COb/view
https://drive.google.com/file/d/1J8l6t2Fw5_hCaYeH6POAL_Mj7dgv_Mhs/view
https://drive.google.com/file/d/1_YGOULLuOJaAfHl8SfCGbIuvRIlONfFw/view"
25215,BAJA,FRANKLY CLOSER PORE Mascarilla,8809954945908,FRANKLY,,25215,"https://drive.google.com/file/d/1BDeXjWZtbm-v6lEIZOp-9GWTJieWx8Qr/view
https://drive.google.com/file/d/16EoQfkR6XjXEZs7xemns6KypG8-c4Zk5/view
https://drive.google.com/file/d/1hCR9H6SBSTjg3oVpE13mCRGSLETQITtT/view
https://drive.google.com/file/d/1JoNz-9jhmumXOUasYQFkFw4eqyvfEYBk/view"
25130,BAJA,FRANKLY Closer Sérum 30 ml,8809738605226,FRANKLY,,25130,"https://drive.google.com/file/d/1pvejG9YhheAvH2gN7tfuDx8es2wNJ8ay/view
https://drive.google.com/file/d/1TziieJQ0AKwuuLDJnmiouPPtsJfJYakz/view
https://drive.google.com/file/d/11-Yt1uGgFxdpgphN6E2DlpvpjHtSK694/view
https://drive.google.com/file/d/1odhKCQn4FlxcTrcicdPlMBW8XAUx6h1Z/view"
25164,BAJA,FRANKLY Sérum Facial PDRN Bounce Ball 30 ml,8800250591974,FRANKLY,,25164,"https://drive.google.com/file/d/1gqf-XusoyxaNeGS0wRWfF-rvyZwUCpBi/view
https://drive.google.com/file/d/158abxLdywaCCZGzrFNf6jEecNn68d6B4/view
https://drive.google.com/file/d/11HIqBPUINzFUg0elHzvHdIz0-I3KYWCZ/view"
24390,BAJA,FRANKLY Retinol 0.1% Crema 30 ml,8809875900215,FRANKLY,,24390,"https://drive.google.com/file/d/1OGu7bDNZ5Pv9t0z2w7iirn8EJi9YtcTD/view
https://drive.google.com/file/d/16HeF5NtgQRrMD9enkFmADkfZt2FBupgL/view
https://drive.google.com/file/d/1Dmnl1Kcu-DoDvPDS2BAk-4tnH8tAZ1O3/view
https://drive.google.com/file/d/15gVfFfwi1NuEo9sYG6kAjHFlgeaoTC7O/view"
24395,BAJA,FRANKLY Retinol 0.3% Crema 30 ml,8809875904343,FRANKLY,,24395,"https://drive.google.com/file/d/10lHHW8UeOa6YqBve9kb5H80uEDuj7PYz/view
https://drive.google.com/file/d/1hguzHQhpW6kLk9uTfhE8aDsFNipEyxxS/view
https://drive.google.com/file/d/1t7VwU7R6XOsXGTVFkhWI1_SBJGDss-4q/view
https://drive.google.com/file/d/1Bs15ccYxcNQCYnKkL9Kbt26wwYTMM9XA/view"
3883,BAJA,FULLY Limpiador y Mascarilla de Arcilla Purificante Green Tomato Tomate Verde 120 ml,8809567707207,FULLY,"Mascarilla facial de Fully formulado con tomate verde. tomate verde: calma y aporta antioxidantes. Marca vegana coreana con el tomate verde (Green Tomato) como ingrediente hero, de acción calmante y antioxidante.",180,No encontrado en carpetas de FULLY
3884,BAJA,FULLY Aceite Limpiador Desmaquillante Green Tomato Tomate Verde 250 ml,8809567708518,FULLY,"Aceite limpiador/tratamiento de Fully formulado con tomate verde. tomate verde: calma y aporta antioxidantes. Marca vegana coreana con el tomate verde (Green Tomato) como ingrediente hero, de acción calmante y antioxidante.",285,"https://drive.google.com/file/d/1Tb2mwMhADoqZeOpmFVFaABWuxr1HLrHM/view
https://drive.google.com/file/d/1tGbWzGPc98L2a35kzKEBxSx_P9zQrbkg/view
https://drive.google.com/file/d/1cEOx93FWAsbrn1lXcvhn6gnNQ5QYb7lU/view"
3882,BAJA,FULLY Crema Hidratante Perfeccionadora de Poros Green Tomato Tomate Verde 90 ml,8809567707191,FULLY,"Crema facial de Fully formulado con tomate verde. tomate verde: calma y aporta antioxidantes. Marca vegana coreana con el tomate verde (Green Tomato) como ingrediente hero, de acción calmante y antioxidante.",185,No encontrado en carpetas de FULLY
3881,BAJA,FULLY Sérum Minimizador de Poros y Reafirmante Green Tomato Tomate Verde 30 ml,8809567707214,FULLY,"Sérum/esencia de Fully formulado con tomate verde. tomate verde: calma y aporta antioxidantes. Marca vegana coreana con el tomate verde (Green Tomato) como ingrediente hero, de acción calmante y antioxidante.",152,No encontrado en carpetas de FULLY
3886,BAJA,FULLY Limpiador y Mascarilla Purificante Rice-Dough Agua de Salvado de Arroz 130 ml,8809567707962,FULLY,"Mascarilla facial de Fully formulado con extracto de arroz. extracto de arroz: aporta luminosidad e hidratación. Marca vegana coreana con el tomate verde (Green Tomato) como ingrediente hero, de acción calmante y antioxidante.",185,"https://drive.google.com/file/d/1-4MS7qieeitjCbmNAR5As95Dd-5NGHeu/view
https://drive.google.com/file/d/1R0nI_kQHttNJdo39bpsTb6gV5YWvKju9/view
https://drive.google.com/file/d/1P88MrgUA0iX5aREQF0migmLLD9sk3yQo/view"
3885,BAJA,FULLY Mascarilla Modeladora Hidratante Rice-Dough Agua de Salvado de Arroz,8809567708150,FULLY,"Mascarilla facial de Fully formulado con extracto de arroz. extracto de arroz: aporta luminosidad e hidratación. Marca vegana coreana con el tomate verde (Green Tomato) como ingrediente hero, de acción calmante y antioxidante.",57,No encontrado en carpetas de FULLY
6338,BAJA,Furriky Glow Brown Brori Pouch,8809539870137,FURRIKY,,6338,
6337,BAJA,Furriky Glow Ivory Airi Pouchg,8809539870106,FURRIKY,,6337,
6336,BAJA,Furriky Glow Pink Furry Pouchg,8809539870083,FURRIKY,,6336,
6339,BAJA,Furriky Glow Red Riri Pouch Ke,8809539870120,FURRIKY,,6339,
673,BAJA,Furriky Silkshield Glo Sh 300 ml,8809539870168,FURRIKY,,673,https://drive.google.com/file/d/12Pok4yMSHWFJ3zl6spcah2Z1XLaTMaU3/view
674,BAJA,Furriky Silkshield Glo Tr 300 ml,8809539870175,FURRIKY,,674,https://drive.google.com/file/d/1PQD8CeK4v0uvfIRr_E-FOMlSg4v3ym2l/view
713,BAJA,Furriky Silkshield Hair Bruma g,8809539870144,FURRIKY,,713,https://drive.google.com/file/d/1GHG6XXtI-fecWsQOKFcqWvKq9A1stFcM/view
712,BAJA,Furriky Silkshield Hair Bruma R,8809539870151,FURRIKY,,712,https://drive.google.com/file/d/1tDGClDtwASC5K0tFoC-7MYrpwLN_IHH5/view
677,BAJA,Furriky Silkshield Leave 200 ml,8809539870182,FURRIKY,,677,https://drive.google.com/file/d/1kKH17bcFoTzQSlhJ5gWlSk-pbsS_GcYl/view
6143,BAJA,FWEE 3d Gloss B01 Vainilla 70%,8809652582856,FWEE,,6143,"https://drive.google.com/file/d/11kMPjG7ysey9GiXsBdMrdsdoreljHsvK/view
https://drive.google.com/file/d/1yFY7Vu0hYC1ktZv_JvuSmTEN8-yEv6zC/view
https://drive.google.com/file/d/1B46IwBupO9VtWwzMaegtR07U-rfdP61h/view"
6144,BAJA,FWEE Gloss Labial Voluminizador 3D Voluming Tono Rozy 70%,8809652588629,FWEE,,6144,"https://drive.google.com/file/d/19TJFx-tEf0Fhwy_kXDyX-g-R3AjnaTzh/view
https://drive.google.com/file/d/19xkMZQeE88RBJCKmSontUdb2uYZHgbzc/view
https://drive.google.com/file/d/1R8dzkLBgLsavm5EAzmSk45qhwO8I6B3Y/view"
6145,BAJA,FWEE 3d Gloss B12 Cherry C 70%,8800312061063,FWEE,,6145,https://drive.google.com/file/d/1Tyk1mUCjwXu3pWDXUtkiU90mKJHWBL2s/view
6146,BAJA,FWEE 3d Gloss B13 Dirty C 70%,8800312061070,FWEE,,6146,https://drive.google.com/file/d/1-LyfKmPX0uzLc5yxO7fCUHgcNDD--sZ3/view
138,BAJA,FWEE Gli Sto Hig Hl03 Mar Baby,8809652587752,FWEE,,138,"https://drive.google.com/file/d/1fS3HqFcZBDjwOGQv8vA1LUdT9yrpVy8t/view
https://drive.google.com/file/d/1WwCCCltlG0t2MtVUMtQt1n-EkLzlGI--/view
https://drive.google.com/file/d/1BcuCfteZCKxd_6yotTgeE6inxd4ZICR0/view"
143,BAJA,FWEE Gli Sto Hig Hl04m Q Diamo,8809652587769,FWEE,,143,"https://drive.google.com/file/d/1vLg4D8IjTL_yIjJeJJgunxWLaz5vAcrl/view
https://drive.google.com/file/d/1DcmcikDWxdoSrEDvN4Ajr4ztCivXc9Sd/view
https://drive.google.com/file/d/1HyejrwUu9EwFf7Irtq3yNknQ86J40EYi/view"
146,BAJA,FWEE Gli Sto Hig Hl06 Bli Shel,8809652587783,FWEE,,146,"https://drive.google.com/file/d/1VX5BM9aKU0pnJ7ifCy1H6H8Z2JNLFG28/view
https://drive.google.com/file/d/18eGP1yXF7pgeCLGoBjyfPh6e1zxiJAuy/view
https://drive.google.com/file/d/1ZcazK8lxrLmnZvVkvaGUcRHlgubkF8ZN/view"
169,BAJA,FWEE Gli Sto Hig Hl08 Wish Won,8809652587813,FWEE,,169,"https://drive.google.com/file/d/1lWuQ9YE3ZV_4Jfi-y1OiF8d0tqD6JPh-/view
https://drive.google.com/file/d/1Gxe6qfNIHtV8SNtPQsdvG3o5kIQoLTUk/view
https://drive.google.com/file/d/1oaRuebuXP4dAha8JOnrNLFxaR8twH3KT/view"
170,BAJA,FWEE Gli Sto Hig Hl09 Love Qua,8809652587820,FWEE,,170,"https://drive.google.com/file/d/1O2sWae74Jf-DMQ1iw9LTX3NaYESNPETn/view
https://drive.google.com/file/d/1OE2_CA8ALw3pZEkJE5vZG4L-_o31KA7K/view
https://drive.google.com/file/d/1FYznXcZkZaLYllbGPhO3qujqOAv96dXh/view"
173,BAJA,FWEE Gli Sto Hig Hl11 Roy Topa,8809652587844,FWEE,,173,"https://drive.google.com/file/d/1gFs4FLqrJwGn197cS7UenakWQcjOiNlx/view
https://drive.google.com/file/d/1wLpdKk3dUBHPqFYpHUlX7K3Oi3i_-yPc/view
https://drive.google.com/file/d/1nXbWzOFbKS8L4wouQgAWwX7_NUjMuSpu/view"
299,BAJA,FWEE Lip Ch y Bl Pud Cherry,8809652582603,FWEE,,299,
183,BAJA,FWEE Lip Ch y Bl Pud Cr01 Dear5g,8809652582535,FWEE,,183,https://drive.google.com/file/d/1BhRxn2lEyXkfrckl8GSalqP04i_cbnu5/view
185,BAJA,FWEE Lip Ch y Bl Pud Cr05 Girl5g,8809652582573,FWEE,,185,https://drive.google.com/file/d/1mHy4Ft3sWkPXx3_kqqjT34wLyx2U6R_8/view
187,BAJA,FWEE Lip Ch y Bl Pud Mv01 Chil5g,8809652582689,FWEE,,187,https://drive.google.com/file/d/1JE4Kc8a0rvGMPfE9GgyHoWAkF95d3xAw/view
191,BAJA,FWEE Lip Ch y Bl Pud Mv03 Badd5g,8809652582702,FWEE,,191,https://drive.google.com/file/d/1Ye6DOjMEfIhuJu5-fBxtWY-f5fXdx0gI/view
193,BAJA,FWEE Lip Ch y Bl Pud Mv04 Slay5g,8809652582719,FWEE,,193,https://drive.google.com/file/d/10aTMUGAEuoIRpVWpw20rcw3XgOtZw1oG/view
195,BAJA,FWEE Lip Ch y Bl Pud Nd03 Wit 5 g,8809652582504,FWEE,,195,https://drive.google.com/file/d/19dIGjj-mtG2C76P8wjBPAeXphvpBGwzq/view
207,BAJA,FWEE Lip Ch y Bl Pud Nd04 My 5 g,8809652586465,FWEE,,207,https://drive.google.com/file/d/1dt1vwgLJuruce4mgBZXNl-EPXRcV__qs/view
209,BAJA,FWEE Lip Ch y Bl Pud Pk02 Skir5g,8809652586540,FWEE,,209,https://drive.google.com/file/d/1txiADLckOMn_gEt_DCOUHf0A_7fFGa7L/view
211,BAJA,FWEE Lip Ch y Bl Pud Pk05 Sth 5 g,8809652582627,FWEE,,211,https://drive.google.com/file/d/1EFv4i3RkOrtWM4wWMtA9U8Nuh7x0qIDD/view
306,BAJA,FWEE Lip Ch y Bl Pud Rd03 Ambi5g,8809652582658,FWEE,,306,https://drive.google.com/file/d/1y9YbvBQZ8JdMOlrRX0UJJPYuru_C2bN7/view
307,BAJA,FWEE Lip Ch y Bl Pud Rd04 Fav 5 g,8809652582665,FWEE,,307,https://drive.google.com/file/d/14XX8eu4K6oqVVypyHTHHxkYcsYyUWPht/view
309,BAJA,FWEE Lip Ch y Bl Pud Rd05 Gree5g,8809652582672,FWEE,,309,https://drive.google.com/file/d/1GTcBwbFh4xhP3_0By07kUANkDgTP5rUb/view
315,BAJA,FWEE Lip & Cheek Blurry Pudding Tono RS01 Feel 5 g,8809652586625,FWEE,Crema ultra hidratante con 10 tipos de ácido hialurónico que rellena la piel y proporciona una hidratación duradera con un acabado radiante.,315,https://drive.google.com/file/d/1XmZ0jPVaV5-Kr_JPSkLwjCB9Ad_ao6a5/view
319,BAJA,FWEE Lip & Cheek Blurry Pudding Tono RS02 Lyric 5 g,8809652586632,FWEE,"Espuma suave para una limpieza suave: La espuma suave y densa minimiza la irritación de la piel y defiende las barreras de la piel.

Ingredientes destacados:
- Arroz negro: Hidratante, antioxidante, nutritivo

- Extracto de corteza de brote de Phyllostachys Pubescens: Tonificación de la piel, calma la piel

- Beta-glucano: Nutritivo, hidratante, protección de la piel

- Extracto de raíz de ginseng Panax: Antioxidante, elimina desechos de la piel, anti-envejecimiento, aumento de la inmunidad

- Trehalosa: Protección de la piel, hidratación de la piel, piel elástica


Modo de uso: 
Exprima una cantidad adecuada en las manos mojadas para crear suavemente burbujas y masajee sobre la piel durante unos 30 segundos. Enjuague con agua tibia para limpiar completamente.

 

Water, Glycerin, Coco-Betaine, Sodium Chloride, Pentylene Glycol, Propanediol, 1,2-Hexanediol, Xanthan Gum, Hydroxyethylcellulose, Potassium Cocoyl Glycinate, Potassium Cocoate, Trehalose, Ethylhexylglycerin, Citric Acid, Oryza Sativa (Rice) Extract, Phyllostachys Pubescens Shoot Bark Extract, Butylene Glycol, Zanthoxylum Piperitum Fruit Extract, Pulsatilla Koreana Extract, Usnea Barbata (Lichen) Extract, Aspergillus Ferment, Panax Ginseng Root Extract, Cyclodextrin, Beta-Glucan",319,https://drive.google.com/file/d/1UCsaEgXm6fpPSOgss4kWcOSihzqOyIiW/view
354,BAJA,FWEE Lip & Cheek Blurry Pudding Tono RS03 Fade 5 g,8809652582757,FWEE,"Este aceite limpiador es simple pero poderoso. Está formulado con un 95% de aceites vegetales de origen natural para una limpieza profunda y una hidratación duradera.

Incluye aceite de salvado de arroz negro coreano, un ingrediente superestrella del cuidado de la piel gracias a sus altos niveles de minerales y proteínas para fortalecer la piel.

Además cuenta con aceite de semilla de girasol, de oliva y de jojoba para complementar una limpieza profunda, efectiva y respetuosa con la piel.


CÓMO USAR: Aplica unas pocas bombas de aceite limpiador sobre el rostro seco con las manos secas. Masajea suavemente en movimientos circulares. Emulsiona con agua para crear una emulsión lechosa antes de enjuagar completamente con agua tibia.",354,"https://drive.google.com/file/d/1j1cRpYjvcBVSOmOgvXNO7apO1mZ1m64I/view
https://drive.google.com/file/d/1GmhPetDpmUMyhUsmpELiBJdL828MIJ09/view
https://drive.google.com/file/d/1sMCJTYcEsCyQ3K_US_oMWy6x-f2alylw/view"
355,BAJA,FWEE Lip Ch y Gl Jell Jm01 Com4g,8809652586779,FWEE,,355,"https://drive.google.com/file/d/1BWkYP8MG4Ss2pKOXnduxno9p_2RB5I75/view
https://drive.google.com/file/d/1qsbOWSXfzQiG8tqAVVC3FqtooNTab2cc/view
https://drive.google.com/file/d/1qMXaFWgcrybfY-2jZ0reQ8tcSBlionZ4/view
https://drive.google.com/file/d/1420q14N1ZWu8Lrarxtw4ytGEFG4cVkoo/view
https://drive.google.com/file/d/1nI1TxLGWsRKzlwelXub-Wn5VhTKilAst/view
https://drive.google.com/file/d/1iAlxFgYFUfon9i5fCjdg1kzjJ1cEEs84/view"
356,BAJA,FWEE Lip Ch y Gl Jell Jn03 Cus4g,8809652586878,FWEE,,356,"https://drive.google.com/file/d/1g9dA-6n-3VxwxkvY_WJKA2srCSeCbtMA/view
https://drive.google.com/file/d/1RrCNMj2aVDY2tHETjcA0NTXNKkg-uAQK/view
https://drive.google.com/file/d/1gie1G1-xnfMCI7Sc_FQgZF96C4eRzCzV/view
https://drive.google.com/file/d/1vdgXT19jfJ1QUzH7Z8puGDskF5HZ4SDD/view
https://drive.google.com/file/d/1b00getpz9mq1nDacS_R19VyqkKOg3rFo/view
https://drive.google.com/file/d/1S9THqKvw7j0nVccVp4epHetQ-eZeRTWA/view"
357,BAJA,FWEE Lip Ch y Gl Jell Jr01 Squ4g,8809652586755,FWEE,,357,"https://drive.google.com/file/d/18YUSJ7wT8oQeEE1Y3l9Rm2KS0citnBvF/view
https://drive.google.com/file/d/1cq-uLae7YEpuP3Umpbk1xWlJk4yE70OA/view
https://drive.google.com/file/d/1Coh5OFRnUjsA5XTjBf4dTVAyZXAITB1o/view
https://drive.google.com/file/d/1x92bwSEWQdcAGaJleax8t5VbaElC0PcN/view
https://drive.google.com/file/d/1TjN2t87RHNxJUWOkw2bLVmFxWFB65n51/view
https://drive.google.com/file/d/1OdfsClm12ajKZr4XSFSECdOL0IYN1dqE/view"
359,BAJA,FWEE Lip Ch y Gl Jell Js02 Car4g,8809652586823,FWEE,,359,"https://drive.google.com/file/d/137Uqd9AAJl8RJcahi3uMV-Lk47c0qEk5/view
https://drive.google.com/file/d/1e8gba3j3Hn52OIAkXMJiFsINWlno5jp2/view
https://drive.google.com/file/d/1MMcNS30X_NnVwneLY3DWtPGMOrvqEFQk/view
https://drive.google.com/file/d/10T4H8T82mBjMdhFjz0P77ep6XTTwalrL/view
https://drive.google.com/file/d/1ERICOnqAwIVuTii4Tgy9olt-pa7eTEcF/view
https://drive.google.com/file/d/1qCCLL3d7VJ_oQbWbctdQM2AxAIw243uy/view"
6198,BAJA,FWEE Lip Ch y Gl Jelly Carameliz,8809652585635,FWEE,,6198,
6195,BAJA,FWEE Lip Ch y Gl Jelly Custard,8809652585758,FWEE,,6195,
6197,BAJA,FWEE Lip Ch y Gl Jelly Rosy Glaz,8809652585574,FWEE,,6197,
6196,BAJA,FWEE Lip Ch y Gl Jelly Suqueezed,8809652585550,FWEE,,6196,
23084,BAJA,FWEE Lip Chybl Pud My,8809652582511,FWEE,,23084,
23075,BAJA,FWEE Lip Chybl Pud Skirt,8809652582597,FWEE,,23075,
6199,BAJA,FWEE Long las Dual Lip Liner01,8800312061148,FWEE,,6199,https://drive.google.com/file/d/1hHn3GvPc3jHIvz2e86VB-5uLnu70dYNX/view
6200,BAJA,FWEE Long las Dual Lip Liner02,8800312061155,FWEE,,6200,https://drive.google.com/file/d/1UCsaEgXm6fpPSOgss4kWcOSihzqOyIiW/view
6201,BAJA,FWEE Long las Dual Lip Liner03,8800312061162,FWEE,,6201,https://drive.google.com/file/d/1_q8Bkbv6hHqAC94JyRrwb8x4BDh8OPU0/view
6202,BAJA,FWEE Long las Dual Lip Liner04,8800312061179,FWEE,,6202,https://drive.google.com/file/d/14K4z8OModqGNLQ-ynzidDngJHmz_VrPQ/view
6203,BAJA,FWEE Long las Dual Lip Liner05,8800312061186,FWEE,,6203,https://drive.google.com/file/d/1QyuVS33sG7Uq-VVHBu9kJK3MbeMPISGN/view
6204,BAJA,FWEE Long las Dual Lip Liner06,8800312061193,FWEE,,6204,https://drive.google.com/file/d/1ItryC942mmMwJfoSo5DNlJMeArVsRtdp/view
759,BAJA,FWEE Pink Obse Tint G07kit Pin,8809652586069,FWEE,,759,https://drive.google.com/file/d/1Tyk1mUCjwXu3pWDXUtkiU90mKJHWBL2s/view
963,BAJA,FWEE Pink Obse Tint G09ri Pink,8809652585949,FWEE,,963,"https://drive.google.com/file/d/1w4_cGeH8_jILdUod0bwh9YEGe4Ho3kZh/view
https://drive.google.com/file/d/1lSzC9pLPrVdsyaSJSUxOgfnAG1EW9pQe/view
https://drive.google.com/file/d/1bNDeO5N8ycqXB3_dkIHdYe8C1-uELLja/view
https://drive.google.com/file/d/1Pi6yU6QCZocrUZT-xzuifAXcCEJw1hTn/view"
967,BAJA,FWEE Pink Obse Tint G10be Pink,8809652586120,FWEE,,967,"https://drive.google.com/file/d/1FbU7Yg3gs8_SppkVDpYjYCS53AAuhqZo/view
https://drive.google.com/file/d/1qGjR5L4mgwtX6frInnGDhocnSboNGCGi/view
https://drive.google.com/file/d/15OcuhCjMwh0QRxhWAfcyzLYWP0QMARcu/view
https://drive.google.com/file/d/1nASvKRbG75kUgeBPa78UKfH7XJeC02UB/view"
1150,BAJA,FWEE Pink Obse Tint M04 N Pink,8809652585956,FWEE,,1150,"https://drive.google.com/file/d/1jRev8M3YrRolYa2Z7vQOsSStK7NJlFtV/view
https://drive.google.com/file/d/1CKV89aUsBJ2MFRgYdDFmAJ_q90Fs1KM-/view
https://drive.google.com/file/d/1ZmY-1FMQhXZFaHHDBkd_Bfo1nvQAeLXz/view
https://drive.google.com/file/d/1w47Hz1neJDA_oFeWu4uaMhT3FmzX90_J/view"
220,BAJA,FWEE Pink Obse Tint M08 P Pink,8809652586076,FWEE,,220,https://drive.google.com/file/d/1TM-QIJ3GcqF_gFmdvMtne605IvFrVy_1/view
1154,BAJA,FWEE Pink Obse Tint M10 H Pink,8809652586113,FWEE,,1154,https://drive.google.com/file/d/1IciFS5EKfJbK_pR_jT1BdqxyqlpquIdz/view
6140,BAJA,FWEE Rose Obse Tint Gn02 Rose,8800312061391,FWEE,,6140,https://drive.google.com/file/d/1UCsaEgXm6fpPSOgss4kWcOSihzqOyIiW/view
6141,BAJA,FWEE Rose Obse Tint Gn03 Rose,8800312061377,FWEE,,6141,https://drive.google.com/file/d/1bzZaHdw6eKE9KlLLaVfd5IVZW4QU4BXO/view
6142,BAJA,FWEE Rose Obse Tint Mn03 Rose,8800312061490,FWEE,,6142,https://drive.google.com/file/d/1Aq41b0uUQUPDfRTwZ4rXTPGT9pwtLWVD/view
6194,BAJA,FWEE Lip Ch y Gl Jelly Compote,8809652585581,FWEE,,6194,https://drive.google.com/file/d/1XakJ21yqEljsCeQJzOHoeURaKsE7Nmad/view
136,BAJA,FWEE Finger Silic Lip Br Sl13g,8809652585703,FWEE,,136,https://drive.google.com/file/d/15sHJfOZX_tK9QTYLETT8kaPnhPQJ5GUX/view
135,BAJA,FWEE Aplicador Labial de Silicona Fingerlike Lip Brush,8809652583112,FWEE,,135,https://drive.google.com/file/d/1Rt0FIEfEpjn-aU573JQoVZfEl2tWpggJ/view
6133,BAJA,GLOW DIAMOND PARCH 100 unidades,8809937680253,GLOW,,6133,https://drive.google.com/file/d/1hHn3GvPc3jHIvz2e86VB-5uLnu70dYNX/view
53101,BAJA,Growus Damage Therapy Hair Mak,8809704092128,GROWUS,,53101,"https://drive.google.com/file/d/1zKUWlOGl3bEfAYX_p3-O7BZvO_4SvSgq/view
https://drive.google.com/file/d/1xym7StWtDeqAyI5tlrzBHSSPi5EVXKEF/view
https://drive.google.com/file/d/1mx5viXftkQhFZhEJilNEg2QUcuyScaH8/view"
60318,BAJA,GROWUS Aceite Capilar Reparador Damage Therapy 65 ml,8809704094719,GROWUS,,60318,"https://drive.google.com/file/d/19O8inI5atDM73XyqIwdpmIjdqzSXiep0/view
https://drive.google.com/file/d/1l7_uPRcyN2zBHZZEJYPeh0WiyZ9hb-ZD/view
https://drive.google.com/file/d/1Uzq0ypoPKv5EX2iY0CR_pMqvAWMQDB4a/view
https://drive.google.com/file/d/14NwntF6_Mzs4EqBX7d5Ei8sVc3kUTr_f/view"
392,BAJA,Growus Damage Therapy No-washt,8809704095198,GROWUS,,392,"https://drive.google.com/file/d/1OgMW4IhekhwrJYYaGvs2U8vz-oLr9PiG/view
https://drive.google.com/file/d/11kDM6r9aX0UuG8X6xmcokFBX7atxKYzo/view
https://drive.google.com/file/d/1oRKMdUyD7LTao8TOa4ZxbvxknaLZdZ_v/view
https://drive.google.com/file/d/1JqTnIpKeNfk9MvvIsXTLcjyHpfz6evrT/view"
391,BAJA,GROWUS Shampoo Reparador Damage Therapy 500 ml,8809704095037,GROWUS,,391,"https://drive.google.com/file/d/1EEmGKIoKfytYE0lOZn5D_qk9moY7fhtl/view
https://drive.google.com/file/d/1qv_-MSK7Fy4XknpUS7F_UMl_Wg3xj0hz/view
https://drive.google.com/file/d/1OiiqXAHMa4glLsyvNaC_zkG8511AqD9u/view"
8307,BAJA,Growus Damage Kit Therap Trave,8809704096430,GROWUS,,8307,
26805,BAJA,Haruharu Black Rice Hyal Tónico,8809532221462,HARUHARUWONDER,"K-secret es una marca que ofrece una variedad de productos para el cuidado de la piel facial. Si buscás protegerla y mantenerla en forma, esta puede ser una buena opción.

Es hipoalergénico
Este producto disminuye las posibilidades de una reacción alérgica, por ello, puede resultar útil para aquellas personas con piel sensible o irritable.

Libre de parabenos
Los productos libres de parabenos son una buena opción para el cuidado de pieles sensibles o para quienes eligen productos sin conservantes artificiales.

Renueva tu piel mientras duermes con el serum KSecret Seoul 1988, una fórmula avanzada que combina un 2% de retinal liposomado con el poder revitalizante del ginseng negro. Ideal para todo tipo de piel, este serum nocturno trabaja profundamente para mejorar la textura, reducir líneas de expresión y promover una piel más firme y luminosa.

El retinal liposomado, una forma pura y eficaz de vitamina A, estimula la regeneración celular y la producción de colágeno, ayudando a atenuar arrugas y manchas. Por su parte, el extracto de ginseng negro potencia la hidratación y aporta antioxidantes que combaten el envejecimiento prematuro.

De rápida absorción y fórmula delicada, este serum es perfecto para usar cada noche y despertar con una piel visiblemente más rejuvenecida y radiante.",26805,"https://drive.google.com/file/d/1cn4-moQV3vQzCCLSQN8I2bGHlV8Q919Q/view
https://drive.google.com/file/d/1jWtipzRhoIRDqiFJFPpMew1F6p4Hc4_h/view
https://drive.google.com/file/d/1dvtCq6bmjd-whARh02JMFfRn4ZBn8lbK/view
https://drive.google.com/file/d/1pYHm4RLKZrAZLEmP-RPYRv6ZenGcSgP2/view"
26542,BAJA,Haruharu Black Rice Hyaluro Cr,8809532221738,HARUHARUWONDER,,26542,"https://drive.google.com/file/d/1xP1O9_0YLgJvfX5zEJjZh_48Mv2Nm0DV/view
https://drive.google.com/file/d/1XUg5UMaOpdiZUf115Vwtp4F4XR_QzYjP/view
https://drive.google.com/file/d/1JXC_VtYRMOxe7Q8E1aZszyM_jWMWdarS/view"
26807,BAJA,Haruharu Black Rice Moist Airf,8809532221707,HARUHARUWONDER,,26807,"https://drive.google.com/file/d/1bUlDn8iXlZtsP5XIYmQRVZ4sS1r_GG6u/view
https://drive.google.com/file/d/129NSdYGgH-tE_LFv1X9_IF8UjYzWkDUl/view
https://drive.google.com/file/d/1ns7pxKHsNxTVOkrTbqyd8U4AAMs-2cN7/view
https://drive.google.com/file/d/1VqkO_lNOekUbzhUg0uaPn6mA_Rp8pZDY/view"
26546,BAJA,Haruharu Black Rice Moisture,8809532221356,HARUHARUWONDER,,26546,"https://drive.google.com/file/d/15mVI7j-K9nsuXxkv-CMQ1cOd1HegKY2i/view
https://drive.google.com/file/d/1QpaTorBPkQEPpp229bvZlBK3nYJQO89i/view
https://drive.google.com/file/d/1ofbcDjwVbeNduEwjTouk4v0MT0Iq6Iqg/view"
26591,BAJA,Haruharu Black Rice Moisture C,8809532221349,HARUHARUWONDER,,26591,"https://drive.google.com/file/d/1i6scXhehxRsOrVT3CHmXp3RInokotfkB/view
https://drive.google.com/file/d/14DoY3qmC4xpIbu_hH-9dK56lOfFCb5NN/view
https://drive.google.com/file/d/10Ldd7nHQ2_RY8wXSC2MxSSvJxzpGx3SE/view
https://drive.google.com/file/d/1qziLxV6FkIk2_wAl1mIeZwLzOW_X7uSJ/view"
26806,BAJA,Haruharu Black Rice Probio Ess,8809532221967,HARUHARUWONDER,,26806,"https://drive.google.com/file/d/1ZqnPC9nG23p_01hwMxL7GbtCMycn3bhK/view
https://drive.google.com/file/d/1EylAuFSSrg7VqbfcWMNdpOsQhphpL46D/view
https://drive.google.com/file/d/1MwM8fHE-zo4zyq0J5lgd0KVGOYGltcR6/view
https://drive.google.com/file/d/1LJgLbjRZ9rG4QTg6_UOgnVTzjFzggsHh/view"
592,BAJA,Heimish Ask Volume Black,8809481762009,HEIMISH,,592,"https://drive.google.com/file/d/13N-01xA2xkIV_l1PRRIeLE4LnU0m4_qH/view
https://drive.google.com/file/d/1PaCdxi-4UQNxGIWqxdiwCGunKnymNnqy/view
https://drive.google.com/file/d/1GNclXK_VTBBbNK3_Nol3yTNhU0V7j3e4/view"
587,BAJA,Heimish Dailism Mascarilla Cur Black,8809481760524,HEIMISH,,587,"https://drive.google.com/file/d/1w8DfNpS3izgE29EyBWTlCkliehLwl6RB/view
https://drive.google.com/file/d/1o09BisGv4b1URqY09VIG7D14z7jRKhMa/view
https://drive.google.com/file/d/1S4GaBs0im75c8f2vTEO7qEERZpZveSw6/view
https://drive.google.com/file/d/1X5qd65A-5g6FEI-4r7dIItIGQbKqxTTA/view"
580,BAJA,Heimish All Clean Cleasin Balm,8809481760678,HEIMISH,,580,"https://drive.google.com/file/d/1mCuodQWr8ZhWFNGyD_YF8smRXsabgETk/view
https://drive.google.com/file/d/1IBcKepDoZ9ePNT47lpIbsrro67FQeR0y/view
https://drive.google.com/file/d/12BJYkMvts8iPyd0rrGHD2XySXo-vr8DZ/view
https://drive.google.com/file/d/10IDuZ9npg-S-P_EIyHJhNRgl0uqRRqgC/view"
582,BAJA,Heimish All Clean Cleasin Foam,8809481760722,HEIMISH,,582,"https://drive.google.com/file/d/1UNM_G3mb5rvqKluw2MOQ0ldyWQNSWE7s/view
https://drive.google.com/file/d/1b6M2K19LKxN7LACpnQMy3U2YVtYtmjvm/view
https://drive.google.com/file/d/1P-7-pNYQ-Ft6N_vuinHwf54-OOd8xwhh/view"
578,BAJA,Heimish Glow Base F 50 40 ml,8809481760463,HEIMISH,,578,"https://drive.google.com/file/d/17Qom2h5E0fuz6q34X3CKza2K3k6mjkC6/view
https://drive.google.com/file/d/1MaU0ETN61WpK2ig1fHPff6byTjVavjgT/view
https://drive.google.com/file/d/19ozAtehSDcqXT1NMQfHV-e4lDpdJQOP-/view
https://drive.google.com/file/d/17ni9V3gXkgG7I7FSSthTbHbc2DbsB2jc/view"
603,BAJA,Heimish Matcha Gel Moistu 100 Unidades,8809481761934,HEIMISH,,603,"https://drive.google.com/file/d/1ng2Ux2M20DR18ITgs7k_6CdD5jzJQlMs/view
https://drive.google.com/file/d/1Xn59LDocjBsJQw52hRUmiTsqohyxMFOB/view
https://drive.google.com/file/d/1g_fkKkNoUei2SppvU1Mtze_Q8mocuH3C/view"
585,BAJA,Heimish Rose Hydro Eye Pat 60 Unidades,8809481760883,HEIMISH,,585,"https://drive.google.com/file/d/1xWPIZYZne-8SxPUI14PIGgaEdFQX4VpC/view
https://drive.google.com/file/d/17Qk-_DosoUKL2_s60jKw2YW6TMbx-LwR/view
https://drive.google.com/file/d/1sVmrXL5kpATArK6IAKEyeYVhH8H41z5e/view
https://drive.google.com/file/d/1CosK3GDl67suPxnpQ-RxCTQxlDtYoyLa/view"
26273,BAJA,Heveblue Black Yuja Bean Lift,8809971480239,HEVEBLUE,"Bienvenidos a SKIN FREE! 
Tu tienda de confianza para la mejor cosmética coreana en Argentina. Con más de 8 años de experiencia en el rubro, ofrecemos productos prácticos y efectivos elaborados con ingredientes de punta y tecnología innovadora en cada fórmula. Nos enorgullece nuestro compromiso con el cuidado del medio ambiente y te traemos lo mejor de la cosmética coreana para que disfrutes de una rutina de belleza excepcional. ¡Descubre nuestras novedades y embellece tu piel con lo mejor del mercado!

ESPONJA FACIAL CON CENIZAS ACTIVA DE BAMBU NATURAL - ACNE
Nuestra esponja se elabora con ingredientes naturales de alta pureza, CULTIVADO y HECHO en la ISLA JEJU, COREA
¡Un imprescindible en tu rutina diaria de limpieza facial! Nuestra esponja de ceniza de carbón es un potente antibacteriano y antifúngico natural. Rica en minerales que absorben toxinas, actúa como antioxidante natural eliminando las bacterias responsables del acné.
Esta esponja limpia profundamente los poros, eliminando puntos negros y absorbiendo el exceso de grasa y toxinas. Es especialmente efectiva para pieles grasas y propensas al acné, siendo una aliada ideal durante el verano, cuando el clima puede afectar nuestra piel. Prepárate para disfrutar de una piel más limpia y fresca con cada uso.

Ideal para pieles: oleosas, propensas al acne, con puntos negros. (Con su uso diario, a la semana vas a notar cambios que te van a enamorar)

Beneficios:
-Remueve la base del maquillaje
-Balancea tu pH
-Exfoliación suave y natural
-Limpia profundamente
-Reduce el tamaño de tus poros
-Limpia y exfolia suavemente el contorno del ojo
-Se puede usar con o sin limpiador facial
-Deja tu piel radiante y rejuvenecida
-Apto para piel sensible

Modo de uso: 
1. Enjuague la esponja con agua tibia y exprima un poco el exceso
2. Se enjuaga el rostro con agua tibia para dilatar los poros y facilitar la absorción de las propiedades de la esponja
3. Realice suaves masajes en forma de circulos. Si desea, puede hacerlo junto a su limpiador habitual
4. Para finalizar, enjuague la esponja y escurra todo el exceso de agua con ambas manos (sin estrujarla) y cuelgue en ambiente limpio y libre de humedad.
5. Se recomienda uso diario, ideal usarlo 2 veces al dia. Luego de cada uso acompañarlo con su crema hidratante habitual.
6. Al ser un producto natural se recomienda  cambiarla cada 2-3 meses segun su uso y cuidado.

Como cuidar tu esponja?
Las esponjas Konjac Original son de pura fibra vegetal natural, por lo que la humedad las puede dañar. Te pedimos cumplir con los siguientes cuidados:
-Enjuaga bien para evitar residuos.
-Escurre al MÁXIMO con ambas manos (sin retorcer).
-Colgarla del hilito en un ambiente limpio y ventilado.
-Higienizar semanalmente con agua caliente (durante no más de 2 minutos) y jabón neutro.  
NUNCA dejarla apoyada en superficies porque se daña. Evitar ambientes húmedos y contacto directo al sol.

Al finalizar su vida útil, humedecela bien y cortala en pedacitos para enterrarla en las macetas, ¡sirven para compost!  Lo que vino de la tierra, que vuelva a la tierra. 

Todas nuestras esponjas tienen una textura sedosa al humedecer, es un placer indescriptible masajearse el rostro con ellas. Vienen en envase termosellado, conservando su higiene y la óptima calidad desde su envasado en Korea.
Son completamente naturales, orgánicas, biodegradables, sin ningún tipo de aditivos colorantes o químicos (a diferencia de imitaciones de baja calidad que contaminan tu piel).

MADE IN KOREA

Producto certificado y habilitado por ANMAT.
Dermatológicamente testeado. Apto Vegano. Libre de Parabenos. Cruelty Free. Fórmula con exclusivos ingredientes.
Elaborados con tecnología de punta coreana, y exhaustivos controles de calidad, con certificados ISO 9001 y 14001, de calidad superior premium.
___________________________________________

-IMPORTANTE ANTES DE REALIZAR TU COMPRA-

STOCK: todos los productos publicados cuentan con stock disponible.

COMPRA DE VARIOS PRODUCTOS: para realizar la compra de varios productos y que te lleguen juntos, te recomendamos utilizar el botón de “Agregar al carrito” que se encuentra al lado de “Comprar”, luego de verificar que están todos los productos agregados podes realizar la compra.
Si realizaste la compra de varios productos por separado, NO podremos enviártelos en un solo paquete.

METODOS DE PAGO: se abona a través de Mercado Pago de forma segura con tarjeta de crédito, tarjeta de debito, Rapipago y Pagofacil

FORMAS DE ENVIO:

1.MERCADOENVIOS: al realizar la compra, de acuerdo a su ubicación (colocando código postal) podra visualizar un calculador de costos y tiempos de entrega con el que podrá saber cuando le llegara el producto antes de realizar la compra y cual es el costo del mismo.
2.ENVIO FLEX: realizando la compra antes de las xxhrs, estarás recibiendo tu compra EN EL MISMO DIA. Servicio habilitado únicamente de lunes a viernes, valido en CABA y GBA 
3.ACORDAR CON EL VENDEDOR: esta opción es valida para aquellos que desean retirar su compra en nuestro deposito en horarios de lunes a viernes de 10 a 17hrs.
___________________________________________
¿DONDE ESTAMOS UBICADOS?
Capital Federal – Villa Crespo
___________________________________________
GARANTIA: Se pueden realizar devoluciones por arrepentimiento o falla hasta 30 días desde que te llego la compra, la compra tiene que estar en las mismas condiciones que lo recibiste, si la devolución es por arrepentimiento el producto tiene que estar cerrado en la misma bolsa que te llego. 

Staff Grupo SkinFree",26273,"https://drive.google.com/file/d/1DS4M6eofG72jDwcjWHaXCwxwAzlBI5IN/view
https://drive.google.com/file/d/1QEhpsUZJAtWeximH4TDJG9ivYXK3KE2R/view
https://drive.google.com/file/d/1Y2j4Mlnon4RttGpKYOn2HYYzNaAirHN6/view"
26325,BAJA,Heveblue Salmon Caring Cent Am,8809653247143,HEVEBLUE,"Bienvenidos a SKIN FREE! 
Tu tienda de confianza para la mejor cosmética coreana en Argentina. Con más de 8 años de experiencia en el rubro, ofrecemos productos prácticos y efectivos elaborados con ingredientes de punta y tecnología innovadora en cada fórmula. Nos enorgullece nuestro compromiso con el cuidado del medio ambiente y te traemos lo mejor de la cosmética coreana para que disfrutes de una rutina de belleza excepcional. ¡Descubre nuestras novedades y embellece tu piel con lo mejor del mercado!

ESPONJA FACIAL CON FINA ARCILLA ROJA FRANCESA NATURAL
La arcilla roja francesa, naturalmente rica en oligoelementos, elimina suavemente las células queratinizadas muertas y promueve la regeneración celular. Enriquecida con alto contenido de óxido de hierro, esta esponja estimula eficazmente la circulación sanguínea, proporcionando un brillo saludable a la piel.
Es especialmente recomendada para pieles con manchas o capilares dañados, ya que ilumina las pieles apagadas y reduce la apariencia de arrugas, dejando la piel suave y renovada.
Al utilizarse humedecida, te sorprenderá su textura increíblemente suave, única en el mercado. Su composición totalmente natural garantiza resultados eficaces, siendo adecuada para todo tipo de pieles, incluidas las sensibles y con rosácea, ofreciéndoles los cuidados que necesitan.

Ideal para pieles: con rosacea, maduras (anti-agne), deshidratadas

Beneficios: 
-Balancea el pH
-Exfoliación suave y natural
-Limpieza profunda
-Limpia y exfolia suavemente el contorno del ojo
-Reduce el tamaño de los poros
-Se puede usar con o sin limpiador
-Ideal para pieles sensibles

Modo de uso:
1. Enjuague la esponja con agua tibia y exprima un poco el exceso
2. Se enjuaga el rostro con agua tibia para dilatar los poros y facilitar la absorción de las propiedades de la esponja
3. Realice suaves masajes en forma de circulos. Si desea, puede hacerlo junto a su limpiador habitual
4. Para finalizar, enjuague la esponja y escurra todo el exceso de agua con ambas manos (sin estrujarla) y cuelgue en ambiente limpio y libre de humedad.
5. Se recomienda uso diario, ideal usarlo 2 veces al dia. Luego de cada uso acompañarlo con su crema hidratante habitual.
6. Al ser un producto natural se recomienda cambiarla cada 2-3 meses segun su uso y cuidado.

Como cuidar tu esponja?
Las esponjas Konjac Original son de pura fibra vegetal natural, por lo que la humedad las puede dañar. Te pedimos cumplir con los siguientes cuidados:
-Enjuaga bien para evitar residuos.
-Escurre al MÁXIMO con ambas manos (sin retorcer).
-Colgarla del hilito en un ambiente limpio y ventilado.
-Higienizar semanalmente con agua caliente (durante no más de 2 minutos) y jabón neutro.
NUNCA dejarla apoyada en superficies porque se daña. Evitar ambientes húmedos y contacto directo al sol.

Al finalizar su vida útil, humedecela bien y cortala en pedacitos para enterrarla en las macetas, ¡sirven para compost! Lo que vino de la tierra, que vuelva a la tierra.

Todas nuestras esponjas tienen una textura sedosa al humedecer, es un placer indescriptible masajearse el rostro con ellas. Vienen en envase termosellado, conservando su higiene y la óptima calidad desde su envasado en Korea.
Son completamente naturales, orgánicas, biodegradables, sin ningún tipo de aditivos colorantes o químicos (a diferencia de imitaciones de baja calidad que contaminan tu piel).

MADE IN KOREA

Producto certificado y habilitado por ANMAT.
Dermatológicamente testeado. Apto Vegano. Libre de Parabenos. Cruelty Free. Fórmula con exclusivos ingredientes.
Elaborados con tecnología de punta coreana, y exhaustivos controles de calidad, con certificados ISO 9001 y 14001, de calidad superior premium.
___________________________________________

-IMPORTANTE ANTES DE REALIZAR TU COMPRA-

STOCK: todos los productos publicados cuentan con stock disponible.

COMPRA DE VARIOS PRODUCTOS: para realizar la compra de varios productos y que te lleguen juntos, te recomendamos utilizar el botón de “Agregar al carrito” que se encuentra al lado de “Comprar”, luego de verificar que están todos los productos agregados podes realizar la compra.
Si realizaste la compra de varios productos por separado, NO podremos enviártelos en un solo paquete.

METODOS DE PAGO: se abona a través de Mercado Pago de forma segura con tarjeta de crédito, tarjeta de debito, Rapipago y Pagofacil

FORMAS DE ENVIO:

1.MERCADOENVIOS: al realizar la compra, de acuerdo a su ubicación (colocando código postal) podra visualizar un calculador de costos y tiempos de entrega con el que podrá saber cuando le llegara el producto antes de realizar la compra y cual es el costo del mismo.
2.ENVIO FLEX: realizando la compra antes de las xxhrs, estarás recibiendo tu compra EN EL MISMO DIA. Servicio habilitado únicamente de lunes a viernes, valido en CABA y GBA
3.ACORDAR CON EL VENDEDOR: esta opción es valida para aquellos que desean retirar su compra en nuestro deposito en horarios de lunes a viernes de 10 a 17hrs.
___________________________________________
¿DONDE ESTAMOS UBICADOS?
Capital Federal – Villa Crespo
___________________________________________
GARANTIA: Se pueden realizar devoluciones por arrepentimiento o falla hasta 30 días desde que te llego la compra, la compra tiene que estar en las mismas condiciones que lo recibiste, si la devolución es por arrepentimiento el producto tiene que estar cerrado en la misma bolsa que te llego.

Staff Grupo SkinFree",26325,"https://drive.google.com/file/d/1vF_yPnwSppsw4bLZu_6P7T0QFSoc5QKb/view
https://drive.google.com/file/d/1VXiLL1fBthP6br6OJrE3n3jtxNsDpUU_/view
https://drive.google.com/file/d/1VSBztCUmp1Ah6WKsZ2LtKeD98SKW7_oz/view"
26280,BAJA,Heveblue Salmon Caring Cent Cl,8809653247136,HEVEBLUE,"Bienvenidos a SKIN FREE! 
Tu tienda de confianza para la mejor cosmética coreana en Argentina. Con más de 8 años de experiencia en el rubro, ofrecemos productos prácticos y efectivos elaborados con ingredientes de punta y tecnología innovadora en cada fórmula. Nos enorgullece nuestro compromiso con el cuidado del medio ambiente y te traemos lo mejor de la cosmética coreana para que disfrutes de una rutina de belleza excepcional. ¡Descubre nuestras novedades y embellece tu piel con lo mejor del mercado!

ESPONJA FACIAL CON ARCILLA ROSA FRANCESA - PIEL SECA
Nuestra esponja se elabora con ingredientes naturales de alta pureza, CULTIVADO y HECHO en la ISLA JEJU, COREA.
La fina Arcilla Rosa Francesa combina arcilla roja y blanca, rica en minerales naturales como el óxido de hierro y sílice, que suavizan incluso la piel más áspera y seca. Esta mezcla promueve la circulación y contribuye a la reparación del tejido conectivo, ofreciendo un efecto de suavidad y vitalidad. Ayuda a mejorar la elasticidad y frescura de la piel, siendo excelente para usar después de la exposición solar o frente a cambios extremos de temperatura como sol, viento o aire acondicionado.

Ideal para pieles: asperas7secas, desvitalizadas, sensibles

Beneficios:
-Ideal para las pieles deshidratadas.
-Balancea tu pH
-Exfoliación suave y natural
-Limpia profundamente
-Reduce el tamaño de los poros
-Se puede usar con o sin limpiador facial
-100% natural

Modo de uso:
1. Enjuague la esponja con agua tibia y exprima un poco el exceso
2. Se enjuaga el rostro con agua tibia para dilatar los poros y facilitar la absorción de las propiedades de la esponja
3. Realice suaves masajes en forma de circulos. Si desea, puede hacerlo junto a su limpiador habitual
4. Para finalizar, enjuague la esponja y escurra todo el exceso de agua con ambas manos (sin estrujarla) y cuelgue en ambiente limpio y libre de humedad.
5. Se recomienda uso diario, ideal usarlo 2 veces al dia. Luego de cada uso acompañarlo con su crema hidratante habitual.
6. Al ser un producto natural se recomienda cambiarla cada 2-3 meses segun su uso y cuidado.

Como cuidar tu esponja?
Las esponjas Konjac Original son de pura fibra vegetal natural, por lo que la humedad las puede dañar. Te pedimos cumplir con los siguientes cuidados:
-Enjuaga bien para evitar residuos.
-Escurre al MÁXIMO con ambas manos (sin retorcer).
-Colgarla del hilito en un ambiente limpio y ventilado.
-Higienizar semanalmente con agua caliente (durante no más de 2 minutos) y jabón neutro.
NUNCA dejarla apoyada en superficies porque se daña. Evitar ambientes húmedos y contacto directo al sol.

Al finalizar su vida útil, humedecela bien y cortala en pedacitos para enterrarla en las macetas, ¡sirven para compost! Lo que vino de la tierra, que vuelva a la tierra.

Todas nuestras esponjas tienen una textura sedosa al humedecer, es un placer indescriptible masajearse el rostro con ellas. Vienen en envase termosellado, conservando su higiene y la óptima calidad desde su envasado en Korea.
Son completamente naturales, orgánicas, biodegradables, sin ningún tipo de aditivos colorantes o químicos (a diferencia de imitaciones de baja calidad que contaminan tu piel).

MADE IN KOREA

Producto certificado y habilitado por ANMAT.
Dermatológicamente testeado. Apto Vegano. Libre de Parabenos. Cruelty Free. Fórmula con exclusivos ingredientes.
Elaborados con tecnología de punta coreana, y exhaustivos controles de calidad, con certificados ISO 9001 y 14001, de calidad superior premium.
___________________________________________

-IMPORTANTE ANTES DE REALIZAR TU COMPRA-

STOCK: todos los productos publicados cuentan con stock disponible.

COMPRA DE VARIOS PRODUCTOS: para realizar la compra de varios productos y que te lleguen juntos, te recomendamos utilizar el botón de “Agregar al carrito” que se encuentra al lado de “Comprar”, luego de verificar que están todos los productos agregados podes realizar la compra.
Si realizaste la compra de varios productos por separado, NO podremos enviártelos en un solo paquete.

METODOS DE PAGO: se abona a través de Mercado Pago de forma segura con tarjeta de crédito, tarjeta de debito, Rapipago y Pagofacil

FORMAS DE ENVIO:

1.MERCADOENVIOS: al realizar la compra, de acuerdo a su ubicación (colocando código postal) podra visualizar un calculador de costos y tiempos de entrega con el que podrá saber cuando le llegara el producto antes de realizar la compra y cual es el costo del mismo.
2.ENVIO FLEX: realizando la compra antes de las xxhrs, estarás recibiendo tu compra EN EL MISMO DIA. Servicio habilitado únicamente de lunes a viernes, valido en CABA y GBA
3.ACORDAR CON EL VENDEDOR: esta opción es valida para aquellos que desean retirar su compra en nuestro deposito en horarios de lunes a viernes de 10 a 17hrs.
___________________________________________
¿DONDE ESTAMOS UBICADOS?
Capital Federal – Villa Crespo
___________________________________________
GARANTIA: Se pueden realizar devoluciones por arrepentimiento o falla hasta 30 días desde que te llego la compra, la compra tiene que estar en las mismas condiciones que lo recibiste, si la devolución es por arrepentimiento el producto tiene que estar cerrado en la misma bolsa que te llego.

Staff Grupo SkinFree",26280,"https://drive.google.com/file/d/1VKhGVSNx7HJZnEE2-Y2DPj4YWcxlDasE/view
https://drive.google.com/file/d/169QwybyNXgbALrB4m97u-a65SgiyPp6G/view
https://drive.google.com/file/d/1C-_lanmC9HHxDDksrVm7g3dXwjvPHncG/view"
26316,BAJA,Heveblue Salmon Caring Cent Cr,8809653247112,HEVEBLUE,"Bienvenidos a SKIN FREE! 
Tu tienda de confianza para la mejor cosmética coreana en Argentina. Con más de 8 años de experiencia en el rubro, ofrecemos productos prácticos y efectivos elaborados con ingredientes de punta y tecnología innovadora en cada fórmula. Nos enorgullece nuestro compromiso con el cuidado del medio ambiente y te traemos lo mejor de la cosmética coreana para que disfrutes de una rutina de belleza excepcional. ¡Descubre nuestras novedades y embellece tu piel con lo mejor del mercado!

ESPONJA FACIAL CON ARCILLA VERDE NATURAL - PIEL MIXTA
Nuestra esponja se elabora con ingredientes naturales de alta pureza, CULTIVADO y HECHO en la ISLA JEJU, COREA
La arcilla verde francesa es uno de los antisépticos naturales más potentes, conocido por su capacidad para absorber el exceso de oleosidad, suciedad y bacterias. Esta esponja tonifica el cutis y revitaliza las células de la piel dañada. Al mezclarse con arcilla verde francesa de la más alta calidad, elimina impurezas y toxinas, revelando una piel suave como el terciopelo y un cutis completamente fresco y radiante.

Ideal para pieles: mixtas, con zona T oleosa

Beneficios:
-Balancea tu pH
-Exfoliación suave y natural
-Limpieza profunda
-Limpia y exfolia suavemente el contorno del ojo
-Reduce el tamaño de los poros
-Se puede usar con o sin limpiador
-Adecuado para pieles sensibles

Modo de uso:
1. Enjuague la esponja con agua tibia y exprima un poco el exceso
2. Se enjuaga el rostro con agua tibia para dilatar los poros y facilitar la absorción de las propiedades de la esponja
3. Realice suaves masajes en forma de circulos. Si desea, puede hacerlo junto a su limpiador habitual
4. Para finalizar, enjuague la esponja y escurra todo el exceso de agua con ambas manos (sin estrujarla) y cuelgue en ambiente limpio y libre de humedad.
5. Se recomienda uso diario, ideal usarlo 2 veces al dia. Luego de cada uso acompañarlo con su crema hidratante habitual.
6. Al ser un producto natural se recomienda cambiarla cada 2-3 meses segun su uso y cuidado.

Como cuidar tu esponja?
Las esponjas Konjac Original son de pura fibra vegetal natural, por lo que la humedad las puede dañar. Te pedimos cumplir con los siguientes cuidados:
-Enjuaga bien para evitar residuos.
-Escurre al MÁXIMO con ambas manos (sin retorcer).
-Colgarla del hilito en un ambiente limpio y ventilado.
-Higienizar semanalmente con agua caliente (durante no más de 2 minutos) y jabón neutro.
NUNCA dejarla apoyada en superficies porque se daña. Evitar ambientes húmedos y contacto directo al sol.

Al finalizar su vida útil, humedecela bien y cortala en pedacitos para enterrarla en las macetas, ¡sirven para compost! Lo que vino de la tierra, que vuelva a la tierra.

Todas nuestras esponjas tienen una textura sedosa al humedecer, es un placer indescriptible masajearse el rostro con ellas. Vienen en envase termosellado, conservando su higiene y la óptima calidad desde su envasado en Korea.
Son completamente naturales, orgánicas, biodegradables, sin ningún tipo de aditivos colorantes o químicos (a diferencia de imitaciones de baja calidad que contaminan tu piel).

MADE IN KOREA

Producto certificado y habilitado por ANMAT.
Dermatológicamente testeado. Apto Vegano. Libre de Parabenos. Cruelty Free. Fórmula con exclusivos ingredientes.
Elaborados con tecnología de punta coreana, y exhaustivos controles de calidad, con certificados ISO 9001 y 14001, de calidad superior premium.
___________________________________________

-IMPORTANTE ANTES DE REALIZAR TU COMPRA-

STOCK: todos los productos publicados cuentan con stock disponible.

COMPRA DE VARIOS PRODUCTOS: para realizar la compra de varios productos y que te lleguen juntos, te recomendamos utilizar el botón de “Agregar al carrito” que se encuentra al lado de “Comprar”, luego de verificar que están todos los productos agregados podes realizar la compra.
Si realizaste la compra de varios productos por separado, NO podremos enviártelos en un solo paquete.

METODOS DE PAGO: se abona a través de Mercado Pago de forma segura con tarjeta de crédito, tarjeta de debito, Rapipago y Pagofacil

FORMAS DE ENVIO:

1.MERCADOENVIOS: al realizar la compra, de acuerdo a su ubicación (colocando código postal) podra visualizar un calculador de costos y tiempos de entrega con el que podrá saber cuando le llegara el producto antes de realizar la compra y cual es el costo del mismo.
2.ENVIO FLEX: realizando la compra antes de las xxhrs, estarás recibiendo tu compra EN EL MISMO DIA. Servicio habilitado únicamente de lunes a viernes, valido en CABA y GBA
3.ACORDAR CON EL VENDEDOR: esta opción es valida para aquellos que desean retirar su compra en nuestro deposito en horarios de lunes a viernes de 10 a 17hrs.
___________________________________________
¿DONDE ESTAMOS UBICADOS?
Capital Federal – Villa Crespo
___________________________________________
GARANTIA: Se pueden realizar devoluciones por arrepentimiento o falla hasta 30 días desde que te llego la compra, la compra tiene que estar en las mismas condiciones que lo recibiste, si la devolución es por arrepentimiento el producto tiene que estar cerrado en la misma bolsa que te llego.

Staff Grupo SkinFree",26316,"https://drive.google.com/file/d/1dgNlGCz_RkAX_dDq0AVBCLoQD8LQjU_5/view
https://drive.google.com/file/d/1fFurx-S_laz2Y-Z2dLhVdaBGXMmMEoE2/view
https://drive.google.com/file/d/1Bmnf2SAj0TuUCFhl2VyeawH9OmhZ7ncV/view"
26420,BAJA,Heveblue Salmon Caring Cent To,8809653247129,HEVEBLUE,"Bienvenidos a SKIN FREE! 
Tu tienda de confianza para la mejor cosmética coreana en Argentina. Con más de 8 años de experiencia en el rubro, ofrecemos productos prácticos y efectivos elaborados con ingredientes de punta y tecnología innovadora en cada fórmula. Nos enorgullece nuestro compromiso con el cuidado del medio ambiente y te traemos lo mejor de la cosmética coreana para que disfrutes de una rutina de belleza excepcional. ¡Descubre nuestras novedades y embellece tu piel con lo mejor del mercado!

ESPONJA FACIAL CON ARCILLA VOLCANICA DE JEJU - POROS DILATADOS/OLEOSAS
Nuestra esponja se elabora con ingredientes naturales de alta pureza, CULTIVADO y HECHO en la ISLA JEJU, COREA
La arcilla volcánica autóctona de la isla es extremadamente rica en minerales que revitalizan la piel, proporcionando una limpieza profunda. Es especialmente beneficiosa incluso para pieles oleosas, ya que ayuda significativamente a reducir el tamaño de los poros y absorber completamente el exceso de sebo y residuos cutáneos.

Ideal para pieles: oleosas, con poros dilatados

Beneficios:
-Ideal para las pieles ásperas y deshidratadas.
-Balancea tu pH
-Exfoliación suave y natural
-Limpia profundamente
-Limpia y exfolia suavemente el contorno del ojo
-Se puede usar con o sin limpiador facial
-Apto para pieles sensibles

Modo de uso:
1. Enjuague la esponja con agua tibia y exprima un poco el exceso
2. Se enjuaga el rostro con agua tibia para dilatar los poros y facilitar la absorción de las propiedades de la esponja
3. Realice suaves masajes en forma de circulos. Si desea, puede hacerlo junto a su limpiador habitual
4. Para finalizar, enjuague la esponja y escurra todo el exceso de agua con ambas manos (sin estrujarla) y cuelgue en ambiente limpio y libre de humedad.
5. Se recomienda uso diario, ideal usarlo 2 veces al dia. Luego de cada uso acompañarlo con su crema hidratante habitual.
6. Al ser un producto natural se recomienda cambiarla cada 2-3 meses segun su uso y cuidado.

Como cuidar tu esponja?
Las esponjas Konjac Original son de pura fibra vegetal natural, por lo que la humedad las puede dañar. Te pedimos cumplir con los siguientes cuidados:
-Enjuaga bien para evitar residuos.
-Escurre al MÁXIMO con ambas manos (sin retorcer).
-Colgarla del hilito en un ambiente limpio y ventilado.
-Higienizar semanalmente con agua caliente (durante no más de 2 minutos) y jabón neutro.
NUNCA dejarla apoyada en superficies porque se daña. Evitar ambientes húmedos y contacto directo al sol.

Al finalizar su vida útil, humedecela bien y cortala en pedacitos para enterrarla en las macetas, ¡sirven para compost! Lo que vino de la tierra, que vuelva a la tierra.

Todas nuestras esponjas tienen una textura sedosa al humedecer, es un placer indescriptible masajearse el rostro con ellas. Vienen en envase termosellado, conservando su higiene y la óptima calidad desde su envasado en Korea.
Son completamente naturales, orgánicas, biodegradables, sin ningún tipo de aditivos colorantes o químicos (a diferencia de imitaciones de baja calidad que contaminan tu piel).

MADE IN KOREA

Producto certificado y habilitado por ANMAT.
Dermatológicamente testeado. Apto Vegano. Libre de Parabenos. Cruelty Free. Fórmula con exclusivos ingredientes.
Elaborados con tecnología de punta coreana, y exhaustivos controles de calidad, con certificados ISO 9001 y 14001, de calidad superior premium.
___________________________________________

-IMPORTANTE ANTES DE REALIZAR TU COMPRA-

STOCK: todos los productos publicados cuentan con stock disponible.

COMPRA DE VARIOS PRODUCTOS: para realizar la compra de varios productos y que te lleguen juntos, te recomendamos utilizar el botón de “Agregar al carrito” que se encuentra al lado de “Comprar”, luego de verificar que están todos los productos agregados podes realizar la compra.
Si realizaste la compra de varios productos por separado, NO podremos enviártelos en un solo paquete.

METODOS DE PAGO: se abona a través de Mercado Pago de forma segura con tarjeta de crédito, tarjeta de debito, Rapipago y Pagofacil

FORMAS DE ENVIO:

1.MERCADOENVIOS: al realizar la compra, de acuerdo a su ubicación (colocando código postal) podra visualizar un calculador de costos y tiempos de entrega con el que podrá saber cuando le llegara el producto antes de realizar la compra y cual es el costo del mismo.
2.ENVIO FLEX: realizando la compra antes de las xxhrs, estarás recibiendo tu compra EN EL MISMO DIA. Servicio habilitado únicamente de lunes a viernes, valido en CABA y GBA
3.ACORDAR CON EL VENDEDOR: esta opción es valida para aquellos que desean retirar su compra en nuestro deposito en horarios de lunes a viernes de 10 a 17hrs.
___________________________________________
¿DONDE ESTAMOS UBICADOS?
Capital Federal – Villa Crespo
___________________________________________
GARANTIA: Se pueden realizar devoluciones por arrepentimiento o falla hasta 30 días desde que te llego la compra, la compra tiene que estar en las mismas condiciones que lo recibiste, si la devolución es por arrepentimiento el producto tiene que estar cerrado en la misma bolsa que te llego.

Staff Grupo SkinFree",26420,"https://drive.google.com/file/d/1fK1oqqJ4UhqfkdV1ma_IeXEALB6MK2Yp/view
https://drive.google.com/file/d/1qzl0I1W7um6JPtdSIoULuAagC2iIBRKB/view
https://drive.google.com/file/d/13Iqboe5U-0PZyRERTYqqrnO_jmk-WY1d/view"
1641,BAJA,Iunik Beta Gluc Barrier Spf60m,8809728080446,IUNIK,,1641,"https://drive.google.com/file/d/1rlYn0DOgFmbr2osC66CdkznjVTbzBr9m/view
https://drive.google.com/file/d/1nwHBLRqlcwcrCx3Iy8oGNRzwnjyx3vNo/view
https://drive.google.com/file/d/1s-6gqaJTrdL4dMR_NJNjedqiF1SprpBX/view
https://drive.google.com/file/d/1JoEMDvStLsVU8uOakHSqzLHpFyEvqnD1/view"
1580,BAJA,Iunik Beta Gluc Daily Moist60m,8809728080316,IUNIK,,1580,"https://drive.google.com/file/d/19uQbwiKmv6T4p9tkpJ5SeXnPdRwuCgeR/view
https://drive.google.com/file/d/1-G1zXoVUTsy8yFLV6yX3NgPhUhPZIW1E/view
https://drive.google.com/file/d/1GRRW8i-FUnTFyrHNqWUUeYPwp33rpj5W/view
https://drive.google.com/file/d/1BsrF4sUaQebK3LfkBQC6D9nRCT_-QCh5/view"
1509,BAJA,Iunik Beta Gluc Power Moist50m,8809728080231,IUNIK,,1509,
1585,BAJA,Iunik Centell Calm Gel Cr 60 ml,8809728080118,IUNIK,,1585,"https://drive.google.com/file/d/1wwgmkad8oICUW7QukvYvX6PtsL4Cgki8/view
https://drive.google.com/file/d/1uKoDVUV7Xh1x7XYSBDWoDwEDxEcdlhrl/view
https://drive.google.com/file/d/18AQYxgoZbgv5z_vlN7k92Eov8h8c2aMg/view"
1513,BAJA,Iunik Tea Tree Relief Sérum50m,8809728080071,IUNIK,,1513,"https://drive.google.com/file/d/1WjL7Tbrpj0JLgtOk7U09HzWEMGhby7bL/view
https://drive.google.com/file/d/1o2SUVtAV4Q8LDAOxBIpjddCLssHzG0Ex/view
https://drive.google.com/file/d/1YtmbXwomCn-yR1_8kVj4HfUE1NFcW3G9/view
https://drive.google.com/file/d/1-8bbXfnJUTVxmw1zIN5oMHCC3yjaNxwJ/view"
300,BAJA,JUMISO Herramienta 2 en 1 para Extraer Puntos Negros,8809655951956,JUMISO,,300,"https://drive.google.com/file/d/1NK3gahRwBbcz7MVw_wZgbKUJAz5DXceh/view
https://drive.google.com/file/d/11ugIVIu_S-hkmCcJze7qF_UvCjY-E201/view"
157,BAJA,Jumiso Blackhead y Cott Pad y Swab,8809655951970,JUMISO,,157,https://drive.google.com/file/d/18q7i5vkoLK1YbogS-_fYzuNccvH_gKoB/view
58346,BAJA,Jumiso D-panthenol Clean Milk,8809655952373,JUMISO,,58346,"https://drive.google.com/file/d/1zNyAINeB-OWolpp7DIiyIwGl28qow05Q/view
https://drive.google.com/file/d/1ltOaDWFlaxzz2X55N3loV4x4_VSg55ko/view
https://drive.google.com/file/d/1Xl9XLpNBE9vb_bxD8niBhWbpBgNqE8h2/view
https://drive.google.com/file/d/1Y74UY_N-jSjohOItS9tsdIYEqn5FD3-5/view"
60324,BAJA,Jumiso D-panthenol Shoot Crema,8809655951949,JUMISO,,60324,"https://drive.google.com/file/d/1EsFcG3gbTUHcDzkd77eaGC18SGJkK4Xx/view
https://drive.google.com/file/d/19c2fOHhFcR0sY86UM7RwV9ZVmmbwzN33/view
https://drive.google.com/file/d/1sblTHZ1wTHz5_IzdW7cIAWw1m3hXuVEj/view
https://drive.google.com/file/d/1KBiouLzPcfrN6at-daJYTRFN-pP5vmEY/view"
275,BAJA,Jumiso Niacinamide 20 Sérum,8809655952236,JUMISO,,275,"https://drive.google.com/file/d/126PCfV3IokHUgcIGHhPQ2aEdklwDvOOp/view
https://drive.google.com/file/d/12uy11-chXLtIRbu7biX4eLxv0CbhK9OI/view
https://drive.google.com/file/d/1zTkGFQU6B6MmYCAG-UYy6CM_OTQNbE4X/view
https://drive.google.com/file/d/1nYLUE99ueiytMnN-i-uwxGPXBVon4n9A/view"
361,BAJA,Jumiso Niacinamide 5 y O Crema,8809655952472,JUMISO,,361,"https://drive.google.com/file/d/1s-vyAlHZI-NsJYHut1o09XsfK08TiTY0/view
https://drive.google.com/file/d/1u24Zrlr4hSBcJ4_oyx9RDACnGat5ERiZ/view
https://drive.google.com/file/d/1Hyct307i128Rxa2UuLgbcPYM6A6-OOvE/view
https://drive.google.com/file/d/12VwA10NuTx1qIpaBlQTo9WtQiEo8ibmA/view"
53621,BAJA,Jumiso Salicylic Acid Clean,8809655951376,JUMISO,"ESTHER FORMULA Lyuh Esther Curcumin Direct Film 30 láminas – Suplemento Antiinflamatorio con Curcumina Hidrosoluble

Acción Antiinflamatoria Potente: Inhibe mediadores como NF-kB y COX-2 para aliviar la inflamación sistémica.

Absorción Superior: Tecnología de nanización que supera la barrera de liposolubilidad de la curcumina estándar.

Soporte Articular: La Bromelina ayuda a reducir los niveles de proteína C reactiva (CRP), aliviando el dolor en tejidos conectivos.

Protección Cardiovascular: La Quercetina ayuda a prevenir la inflamación vascular y la acumulación de lípidos en los vasos sanguíneos.

Precauciones:

Consumir inmediatamente después de abrir el sobre para evitar que la humedad afecte la lámina.
Debido a la naturaleza del producto, pueden ocurrir ligeros cambios de color o pequeñas burbujas, lo cual no afecta su eficacia.

Personas con alergias específicas deben revisar los ingredientes (contiene derivados de leche)
Mantener en un lugar fresco y seco, lejos de la luz solar directa.
Mantener fuera del alcance de los niños.

--------------------------------------------------------------------------------------------------
100% ORIGINALES DE COREA DEL SUR
En nuestra tienda te garantizamos la autenticidad absoluta de cada producto. Trabajamos e importamos directamente desde Corea del Sur para ofrecerte lo mejor del K-Beauty y el cuidado personal, con fórmulas originales, cerradas y con los más altos estándares de calidad. ¡Cuidá tu piel con la tranquilidad de comprar original!

IMPORTANTE ANTES DE REALIZAR TU COMPRA

STOCK: Todos los productos publicados están disponibles y listos para ser enviados. ¡Comprá con confianza!

COMPRA DE VARIOS PRODUCTOS: Para realizar la compra de varios productos y que te lleguen juntos, te recomendamos utilizar el botón de ""Agregar al carrito"" que se encuentra al lado de ""Comprar"". Luego de verificar que están todos los productos agregados, podés realizar la compra desde el carrito. Si realizás las compras por separado, por cuestiones logísticas NO podremos enviártelas en un solo paquete.

MEDIOS DE PAGO: Se abona a través de Mercado Pago de forma 100% segura con tarjeta de crédito, tarjeta de débito, efectivo (Rapipago y Pagofácil) o dinero en cuenta.

FORMAS DE ENVÍO y RETIRO:

MERCADO ENVÍOS: Envíos a todo el país. Colocando tu código postal en el calculador de la publicación, podrás visualizar el costo exacto y el tiempo estimado de entrega antes de realizar la compra.

ENVÍO FLEX: Realizando la compra antes de las XX:XX hs, estarás recibiendo tu pedido EN EL MISMO DÍA. Servicio habilitado únicamente de lunes a viernes, válido para CABA y GBA. (Las entregas se realizan en el transcurso de la tarde).

ACORDAR CON EL VENDEDOR: Esta opción es válida para aquellos que desean retirar su compra en nuestro depósito en el horario de lunes a viernes de XX:XX a XX:XX hs.

¿DÓNDE ESTAMOS UBICADOS?
Capital Federal – Barrio de Villa Crespo

GARANTÍA Y DEVOLUCIONES:
Tu satisfacción es lo primero. Se pueden realizar devoluciones de forma gratuita hasta 30 días desde que te llegó la compra. El producto tiene que estar en las mismas condiciones en que lo recibiste. Si la devolución es por arrepentimiento, al tratarse de productos de cosmética y cuidado personal, es condición indispensable que el producto esté sin uso, cerrado y en el mismo empaque original que te llegó.

Sin garantía",53621,"https://drive.google.com/file/d/1z99cjOysZbUlwnibxbFggvDthfNQouIo/view
https://drive.google.com/file/d/1la3i1ReGyWTCQ0EKucRr_G3MaY_HXQis/view
https://drive.google.com/file/d/14HHRyUd3GVJYjfemLrJsTr8ScCHDA-3V/view
https://drive.google.com/file/d/1sTOduOTZXWLWHiT__qkQpkh54TGB2z5g/view"
22154,ALTA,K-SECRET Booster Reafirmante Seoul 1988 Boosting Ball Colágeno 100% 7 tabletas,8809695240607,K-SECRET,"Suplemento / snack funcional (""beauty food"") de K-Secret formulado con colágeno. colágeno: aporta firmeza y elasticidad. Marca coreana de fórmulas concentradas (niacinamida, retinol, colágeno) enfocada en anti-edad, firmeza y luminosidad.",35mg,"https://drive.google.com/file/d/1OM8X7BkYQNrzTHAjGd643Yg4HYcBp-gP/view
https://drive.google.com/file/d/1ekvlsobRuHrwcPl_BpmZM9lMRBN7tAFt/view
https://drive.google.com/file/d/1rttAIBTzf650_lS6G1HgcoRrJlO6iFXl/view
https://drive.google.com/file/d/1kl3tGLKlUONyi1E7jQ7iWfuHQV80Ib5T/view
https://drive.google.com/file/d/1KSUWt1HO4Oo-P8iA_JLqBF88jE8g73bK/view
https://drive.google.com/file/d/1GeA4jKNBfoJ81DEehuya_azTLTdjNgBN/view"
22098,ALTA,K-SECRET Crema Facial Iluminadora Seoul 1988 Capsule Niacinamida 5% y Yuja 50 ml,8809695240614,K-SECRET,"Crema facial de K-Secret formulado con extracto de arroz. extracto de arroz: aporta luminosidad e hidratación. Marca coreana de fórmulas concentradas (niacinamida, retinol, colágeno) enfocada en anti-edad, firmeza y luminosidad.",50ml,"https://drive.google.com/file/d/110-0jqq2D9-HvBwG6odgMK_P8DdN7bKe/view
https://drive.google.com/file/d/1G3pXHkZQ_BL76BF0F-Yi_Argz-jXAqVP/view
https://drive.google.com/file/d/1sQWY1DVISSgEMGB2-rHFA38xz_bIhShC/view
https://drive.google.com/file/d/1jftMN6j5I2s54O3B6v033x4szQnYi1Uw/view
https://drive.google.com/file/d/1iIMRVthdiQ86rLA7BqH6sEq4QlK-0A_-/view
https://drive.google.com/file/d/1KOEnT5ah1WPDvRcyVAftMZOndwKImCpe/view"
21997,ALTA,K-SECRET Limpiador Facial en Espuma Seoul 1988 Pine Cica 1% y Probióticos 200 ml,8809695240553,K-SECRET,"Espuma limpiadora de K-Secret formulado con centella asiática (Cica). centella asiática (Cica): repara la barrera cutánea y calma irritaciones. Marca coreana de fórmulas concentradas (niacinamida, retinol, colágeno) enfocada en anti-edad, firmeza y luminosidad.",150ml,"https://drive.google.com/file/d/17uhfSwE7gy1Zr-jmC3I5DuUtpy5oOdhS/view
https://drive.google.com/file/d/1yezvHohR9DA0DjBrSxOS4ajts-ZnIobD/view
https://drive.google.com/file/d/1pWshDwmpV0QfzZ2X8poClMEqL4pCzCbN/view
https://drive.google.com/file/d/1YP1KrwxfijKEcmStTZ_nZNvYqEjo7kLG/view
https://drive.google.com/file/d/1GeKpWIVth1_Q8ZtC3XNB67VsRXCy-QR1/view
https://drive.google.com/file/d/1EzZ77lpduqXnTNpQxwt7su2ieCNqD5OY/view"
21985,ALTA,K-SECRET Aceite Limpiador Seoul 1988 Pine Cica 1% y Probióticos 200 ml,8809695240560,K-SECRET,"Aceite limpiador/tratamiento de K-Secret formulado con centella asiática (Cica). centella asiática (Cica): repara la barrera cutánea y calma irritaciones. Marca coreana de fórmulas concentradas (niacinamida, retinol, colágeno) enfocada en anti-edad, firmeza y luminosidad.",200ml,"https://drive.google.com/file/d/1V1mYyxMOKgEs4DCRX3NVxEbiLCbuERcH/view
https://drive.google.com/file/d/1aY6WkMdfExBBkF0xokmnVmhNeygt4w-d/view
https://drive.google.com/file/d/1IC7nB6IkfegpJsRIucpHhlzAb31SbEMD/view
https://drive.google.com/file/d/1CDxrmxSMXpZocgQWDUJ84JdYaN94jzq3/view
https://drive.google.com/file/d/1rPb9-Nw8_dVBKjWJkKRJWoU-frmaFLM4/view
https://drive.google.com/file/d/1Qgmi1KdeGPpmaifniBJfqQR5EJOkMw_v/view"
22061,ALTA,K-SECRET Crema Renovadora Antiedad Seoul 1988 Retinal Liposome 1% 50 ml,8809695240584,K-SECRET,"Crema facial de K-Secret formulado con extracto de arroz. extracto de arroz: aporta luminosidad e hidratación. Marca coreana de fórmulas concentradas (niacinamida, retinol, colágeno) enfocada en anti-edad, firmeza y luminosidad.",50ml,"https://drive.google.com/file/d/18_cR_wFjihbmdmRtDyDrjLYnpmRfCvw0/view
https://drive.google.com/file/d/1Ket3ovT9BDsJVybxAQgV2Iq-jiTMfL_w/view
https://drive.google.com/file/d/1nXezqjWjCCEBKKvRZ1dNfANfF2ZiVS-G/view
https://drive.google.com/file/d/1t1Ku645LaAT0kTsvmNsHGG05Zss0ikip/view
https://drive.google.com/file/d/1BaagEDeomi-We0R-DzQ_-mZWDkrWPiDE/view
https://drive.google.com/file/d/1_zKWxuq62oYmOAiEDR5giM0-j5yxLxPv/view"
1161,ALTA,K-SECRET Esencia Facial Seoul 1988 Snail Mucin 97% y Arroz,8809695240515,K-SECRET,"Sérum/esencia de K-Secret formulado con extracto de arroz y mucina de caracol. extracto de arroz: aporta luminosidad e hidratación; mucina de caracol: regenera y repara la piel. Marca coreana de fórmulas concentradas (niacinamida, retinol, colágeno) enfocada en anti-edad, firmeza y luminosidad.",100ml,No encontrado en carpetas de K-SECRET
1174,ALTA,K-SECRET Contorno de Ojos Seoul 1988 Retinal Liposome 4% y Soja Fermentada,8809695240577,K-SECRET,"Crema facial de K-Secret. Marca coreana de fórmulas concentradas (niacinamida, retinol, colágeno) enfocada en anti-edad, firmeza y luminosidad.",30ml,No encontrado en carpetas de K-SECRET
22104,ALTA,K-SECRET Sérum Iluminador Seoul 1988 Glow Niacinamida 15% y Yuja 30 ml,8809695240621,K-SECRET,"Sérum/esencia de K-Secret formulado con extracto de yuzu. extracto de yuzu: ilumina y aporta vitamina C natural. Marca coreana de fórmulas concentradas (niacinamida, retinol, colágeno) enfocada en anti-edad, firmeza y luminosidad.",30ml,"https://drive.google.com/file/d/1evMELpVTA22C_zVOx0YmGSiZo_3W6rQu/view
https://drive.google.com/file/d/1qWLWwwkgxBOewz5k71uyVgiFzZrg7ZDG/view
https://drive.google.com/file/d/1B5WDQr6a7MM7zE15WxsYtstX1Tgd_o8P/view
https://drive.google.com/file/d/1tbhhYF7JA7Y6f5sR9rm7q63lVcpgz5uF/view
https://drive.google.com/file/d/1vEtqAhU7TyLxnIUqzCB9_ZVKFaFGPvnd/view
https://drive.google.com/file/d/18u1dupLzrKHJytWZX6LeBw4693kovqvK/view"
22162,ALTA,K-SECRET Sérum Renovador Intensivo Seoul 1988 Advanced Shot Retinal 12% 15 ml,8809695240676,K-SECRET,"Producto de skincare/belleza de K-Secret formulado con retinol/retinal y extracto de arroz. retinol/retinal: estimula la renovación celular anti-edad; extracto de arroz: aporta luminosidad e hidratación. Marca coreana de fórmulas concentradas (niacinamida, retinol, colágeno) enfocada en anti-edad, firmeza y luminosidad.",15ml,"https://drive.google.com/file/d/1BcB6KWQhhlfQUrSIk885zMOwtBQY2vfT/view
https://drive.google.com/file/d/1pCm-RfVgxjBfB4Ut1l2suDgIw2EAZYZM/view
https://drive.google.com/file/d/1TLu2RWt3qo3dpc-5-dC3kOo5B-lIPl58/view
https://drive.google.com/file/d/1az3fngXVCgwCDh-BSBetaPANPU1E_jNc/view
https://drive.google.com/file/d/1R6wUZMzcYUesFvZHLESqkQ2rz8PGBAcY/view
https://drive.google.com/file/d/1mfl_r5IJ1z8S49XDq4q06wHDJKygj7a9/view"
1178,ALTA,K-SECRET Sérum Facial Seoul 1988 Retinal Liposome 2% y Ginseng Negro,8809695240508,K-SECRET,"Sérum/esencia de K-Secret. Marca coreana de fórmulas concentradas (niacinamida, retinol, colágeno) enfocada en anti-edad, firmeza y luminosidad.",30ml,No encontrado en carpetas de K-SECRET
20051,ALTA,Kahi-seoul Wrinkle Bounce Balm,,K-SECRET,"Producto de skincare/belleza de K-Secret. Edición/combo especial en colaboración con VT. Marca coreana de fórmulas concentradas (niacinamida, retinol, colágeno) enfocada en anti-edad, firmeza y luminosidad.",,No encontrado en carpetas de K-SECRET
2056,BAJA,KAHI Bálsamo Multiusos Seoul Wrinkle Bounce Antiedad,8800252159790,KAHI,"Bálsamo de Kahi. Marca coreana famosa por su bálsamo multiusos Premium Balm, de efecto anti-edad tipo ""bótox en balm"".",,No encontrado en carpetas de KAHI
88418,BAJA,Konjac Esponja Corp Negro 1 Unidades,1234567891064,KONJAC,"MADECA21 Teca Toning Spot Essence 15ml – Esencia Correctora de Manchas Localizada con Niacinamida

Esencia concentrada en formato spot de la categoría tratamiento despigmentante y corrector de imperfecciones para la zona localizada del rostro, formulada con TECA (Asiaticoside, Madecassic Acid, Asiatic Acid), Niacinamida y Vitamina B12 que logra reducir las manchas oscuras, suavizar las marcas residuales y unificar el tono con un beneficio visible de una piel libre de manchas y marcas tras el uso constante en las áreas afectadas, ideal para todo tipo de piel, especialmente pieles con hiperpigmentación o marcas post-acné.


Niacinamide: Un potente activo iluminador que inhibe la transferencia de melanina a las capas superficiales, aclarando las manchas de forma efectiva.
TECA (Asiaticoside, Madecassic Acid, Asiatic Acid): Los componentes purificados de la Centella Asiática que reparan el tejido dañado y fortalecen la barrera cutánea.
Cyanocobalamin (Vitamina B12): Ayuda a calmar la piel y aporta el tono saludable característico de esta línea, mejorando la vitalidad de la zona tratada.

Water Glycerin Butylene Glycol Coco-Caprylate/Caprate Propanediol 1,2-Hexanediol Niacinamide Hydrogenated Ethylhexyl Olivate Pentylene Glycol Betaine Panthenol Sodium Acrylates Crosspolymer-2 Trehalose Diethoxyethyl Succinate Glyceryl Stearate Hydrogenated Lecithin Acrylates/C10-30 Alkyl Acrylate Crosspolymer Cetearyl Alcohol Xanthan Gum Hydrogenated Olive Oil Unsaponifiables Chlorella Vulgaris Extract Glucose Tromethamine Cetearyl Olivate Sorbitan Olivate Ammonium Acryloyldimethyltaurate/VP Copolymer Fragrance(Parfum) Fructooligosaccharides Fructose Sodium Polyacrylate Ethylhexylglycerin Sodium Hyaluronate Ceteareth-20 Beta-Glucan Hydroxyacetophenone Asiaticoside Madecassic Acid Asiatic Acid Centella Asiatica Extract Cyanocobalamin Tocopherol Linolenic Acid Corallina Officinalis Extract Rosa Damascena Flower Water Rosa Damascena Flower Oil.

Importado por: LABORATORIO BEK SRL. Legajo N° 2994. Res (ex M.S. y A.S.) ANMAT N° 155/98. 

MADE IN KOREA
___________________________________________
-IMPORTANTE ANTES DE REALIZAR TU COMPRA-

STOCK: todos los productos publicados cuentan con stock disponible.

COMPRA DE VARIOS PRODUCTOS: para realizar la compra de varios productos y que te lleguen juntos, te recomendamos utilizar el botón de “Agregar al carrito” que se encuentra al lado de “Comprar”, luego de verificar que están todos los productos agregados podes realizar la compra.
Si realizaste la compra de varios productos por separado, NO podremos enviártelos en un solo paquete.

METODOS DE PAGO: se abona a través de Mercado Pago de forma segura con tarjeta de crédito, tarjeta de debito, Rapipago y Pagofacil

FORMAS DE ENVIO:
1.MERCADOENVIOS: al realizar la compra, de acuerdo a su ubicación (colocando código postal) podra visualizar un calculador de costos y tiempos de entrega con el que podrá saber cuando le llegara el producto antes de realizar la compra y cual es el costo del mismo.
2.ENVIO FLEX: realizando la compra antes de las xxhrs, estarás recibiendo tu compra EN EL MISMO DIA. Servicio habilitado únicamente de lunes a viernes, valido en CABA y GBA
3.ACORDAR CON EL VENDEDOR: esta opción es valida para aquellos que desean retirar su compra en nuestro deposito en horarios de lunes a viernes de 10 a 17hrs.
___________________________________________
¿DONDE ESTAMOS UBICADOS?
Capital Federal – Villa Crespo
___________________________________________
GARANTIA: Se pueden realizar devoluciones por arrepentimiento o falla hasta 30 días desde que te llego la compra, la compra tiene que estar en las mismas condiciones que lo recibiste, si la devolución es por arrepentimiento el producto tiene que estar cerrado en la misma bolsa que te llego.

Staff Grupo SkinFree",88418,https://drive.google.com/file/d/1hHn3GvPc3jHIvz2e86VB-5uLnu70dYNX/view
84296,BAJA,Konjac Esponja Corp Roja 1 Unidades,1234567891040,KONJAC,,84296,https://drive.google.com/file/d/1hHn3GvPc3jHIvz2e86VB-5uLnu70dYNX/view
84293,BAJA,KONJAC ORIGINAL Esponja Facial Blanca Natural para Todo Tipo de Piel,1234567891019,KONJAC,,84293,
89531,BAJA,KONJAC ORIGINAL Esponja Facial con Extracto de Manzanilla para Rosácea,1234567899015,KONJAC,"MADECA 21 es una marca que ofrece una variedad de productos para el cuidado de la piel facial. Si buscás protegerla y mantenerla en forma, esta puede ser una buena opción.

Es hipoalergénico
Este producto disminuye las posibilidades de una reacción alérgica, por ello, puede resultar útil para aquellas personas con piel sensible o irritable.

Libre de parabenos
Los productos libres de parabenos son una buena opción para el cuidado de pieles sensibles o para quienes eligen productos sin conservantes artificiales.",89531,
89533,BAJA,KONJAC ORIGINAL Esponja Facial con Extracto de Té Verde para Manchas,1234567899039,KONJAC,"MADECA 21 es una marca que ofrece una variedad de productos para el cuidado de la piel facial. Si buscás protegerla y mantenerla en forma, esta puede ser una buena opción.",89533,
84294,BAJA,Esponja Facial de Bambú con Carbón Activado para Piel con Acné,1234567891026,KONJAC,"Beneficios clave
- Limpia y exfolia sin irritar
- Ideal para uso diario
- 100% vegetal, biodegradable, vegana y cruelty free
- No necesita limpiador para ser efectiva
Ingredientes principales
- Fibra natural de raíz de Konjac
-Ceniza de Bambu
(Sin químicos ni colorantes artificiales)
Tipo de piel / necesidad
-Oleosas
-Propensas al acne
-Con puntos negros

Textura / acabado

Textura firme en seco, suave y porosa al humedecer. Limpia en profundidad sin reseca
Tip extra / consejo de uso

Humedecela antes de usar hasta que esté blanda
Enjuagá y colgá luego del uso para secar
Reemplazala cada 6-8 semanas
¿Por qué elegirla?
Alternativa natural, económica y sustentable para mejorar tu rutina de cuidado diario.",84294,
84295,BAJA,KONJAC ORIGINAL Esponja Facial con Arcilla Roja Francesa para Rosácea,1234567891033,KONJAC,,84295,
84955,BAJA,KONJAC ORIGINAL Esponja Facial con Arcilla Rosa Francesa para Piel Seca,1234567891101,KONJAC,,84955,
84954,BAJA,KONJAC ORIGINAL Esponja Facial con Arcilla Verde Francesa para Piel Mixta,1234567891118,KONJAC,,84954,
89532,BAJA,KONJAC ORIGINAL Esponja Facial con Arcilla Volcánica de Jeju para Poros Dilatados,1234567899008,KONJAC,,89532,
89534,BAJA,KONJAC ORIGINAL Esponja Facial con Arcilla Amarilla Francesa para Piel Atópica,1234567899022,KONJAC,,89534,
18421,BAJA,KONJAC ORIGINAL Esponja para Bebés y Niños 100% Natural e Hipoalergénica,1234567891156,KONJAC,,18421,
19574,BAJA,BEK Set Limpieza Perfecta,,SET,,19574,
19773,BAJA,BEK Set Reedle Colla Ult Boost,,SET,,19773,
19761,BAJA,BEK Set Reedle Lift Effect,,SET,,19761,
19775,BAJA,BEK Set Scalp Care,,BEK,,19775,
19746,ALTA,,,COONY,"Set/kit de Coony que combina varios productos de la marca para una rutina completa. Marca coreana de cuidado facial y corporal, con mascarillas en hoja/hidrogel de un solo uso y dispositivos de belleza (rodillos, masajeadores, esferas frías).",,No encontrado en carpetas de COONY
19745,BAJA,Konjac Set Anti Age,,KONJAC,,19745,
19731,BAJA,Konjac Set Piel Seca,,KONJAC,,19731,
716,BAJA,Kundal Airy Vol Hyal Sérum 50 ml,8809517466642,KUNDAL,,716,"https://drive.google.com/file/d/1rpZZhBvNKA3Gb5obfs757UiPZf23FDec/view
https://drive.google.com/file/d/1fhkaIwp6Wo2MGg4iyG7Pe-w9FvY-wTOY/view
https://drive.google.com/file/d/1vHhB3x7NcViJYbD7yA4JNZo4bPDeE8vP/view"
714,BAJA,Kundal Caffeine Cherry Tr 200 ml,8809517467373,KUNDAL,,714,"https://drive.google.com/file/d/15TtkWK0JRfalhqkd0Vk-UlhV55woqT5U/view
https://drive.google.com/file/d/1O9F09aBBtOGiQcOIH3KhEWkLVdXSAuMB/view
https://drive.google.com/file/d/1lyOixOtKCsDRiAc2XozTtmudfOaW-IuZ/view"
715,BAJA,Kundal Caffeine Scal Sérum 10 ml,8809517466833,KUNDAL,,715,"https://drive.google.com/file/d/1k96DdRLxg_8NsBmxdTJasJ8ITrYYFjiR/view
https://drive.google.com/file/d/10EiM-hzlbBYoVMEISbxTIkURISu2SxRS/view
https://drive.google.com/file/d/1lMig2gGJkrFjRV1NDe5ytExMTcQoIii7/view"
717,BAJA,Kundal Caffeine Sh Cherry 500 ml,8809568745772,KUNDAL,,717,"https://drive.google.com/file/d/1O9Zp-L3K7ZXipR9CFPbHEoWdBAeK8FHT/view
https://drive.google.com/file/d/1NIaWNUh_77lARzLiDJjn0HIchFJtrxyt/view
https://drive.google.com/file/d/1AR_8MSs9tdYqj5p6fdgHpXsYsyk3BUac/view"
718,BAJA,Kundal Head Spa y Scalp y Ton 100 ml,8809693251612,KUNDAL,,718,"https://drive.google.com/file/d/1QjY8nsYsdZNN_eYvgP-WEwimbDmpJ7ZE/view
https://drive.google.com/file/d/1gqhPmEQ6Ddxh98c1_R2_Rvo3JVaiVTQb/view
https://drive.google.com/file/d/1tKSzlckutlaCHgjKnJfdQY_vtICFqpw1/view"
8321,BAJA,Kundal Treat Head Scal Caffein,8809693254163,KUNDAL,,8321,"https://drive.google.com/file/d/1OL6nK_oAjWeRwrNpk573PE_0UYwoLd_5/view
https://drive.google.com/file/d/1WSl_8kvoYLi9JIp821XTVEbmLGgT5abM/view
https://drive.google.com/file/d/1abWR2usdLS_lnuslGPQw243gZdWrBlUf/view"
6255,BAJA,Lilyeve Grow Exo Brush Amapola,8809964311564,LILYEVE,,6255,
6256,BAJA,Lilyeve Grow Exo Lash Sérum,8809964311656,LILYEVE,,6256,
3134,BAJA,Lyuh Esther Curcumin Dire Film,8809334863303, Esther Formula,,3134,https://drive.google.com/file/d/1VtR4tIyJyJQ811f_VsRA7p3Vex8Sy2iM/view
3132,BAJA,Lyuh Esther Lip Gluta Ultra X,8809334864911, Esther Formula,,3132,https://drive.google.com/file/d/1im6OOwNprXlZjj1lnzi4hJGNb2MVdZ2U/view
3133,BAJA,Lyuh Esther Lip Gluta White Ma,8809334860531, Esther Formula,,3133,https://drive.google.com/file/d/18mywEetLmTA_JUcMLPecse6cPWxp5Lz6/view
3135,BAJA,Lyuh Esther Nmn Phytos Film X2,8809334860807, Esther Formula,,3135,https://drive.google.com/file/d/1UCsaEgXm6fpPSOgss4kWcOSihzqOyIiW/view
25611,BAJA,MADECA21 Parches para Imperfecciones Relief Spot Care Árbol de Té 68 unidades,8806109182300,MADECA21,,25611,"https://drive.google.com/file/d/1eOpLAgRhcDkQ-V8-UEJ2ltubumCKGQk9/view
https://drive.google.com/file/d/1fT1PMDqInrTkd-4O8o8Q8mo3GGz4z1A0/view
https://drive.google.com/file/d/1357bav6NUgDTxrBmqnUpVerTWFmLOumb/view
https://drive.google.com/file/d/1uSQIcymMb5mdZiHM6yIr-wpRRgURLTue/view
https://drive.google.com/file/d/1yEHfJ70AqrVTW9ahyW-EXyMl5w9Zbko3/view
https://drive.google.com/file/d/1J1OvFYm-U6hdUiDLmdNE315LaMviQZOd/view"
25596,BAJA,MADECA21 Limpiador Facial en Gel Teca Solution Soothing Centella 100 ml,8806109182324,MADECA21,,25596,"https://drive.google.com/file/d/1iBvckzseW1dtl5WGv0dSVkYEbrRTXHxL/view
https://drive.google.com/file/d/12bqeC4nWyB9xAh55EhhhWyhaHSANHkCV/view
https://drive.google.com/file/d/1SaL-jdtBvUmRjWwlSYEGDru0xLlWWFAG/view
https://drive.google.com/file/d/1Qd2yp2NvDIOcRVNIWTqifrE6WwzR7a49/view
https://drive.google.com/file/d/1YMzFy08vszUsOCF11bl2-Ral66mvmbam/view
https://drive.google.com/file/d/19DTqiia4i8jLxuwJB925NLAyyZcDBqbG/view"
25464,BAJA,MADECA21 Crema Facial Hidratante y Calmante Teca Solution Centella Asiática 50 ml,8806109182331,MADECA21,,25464,"https://drive.google.com/file/d/1lAFyvLyfcZTnHyPv3ltacyBQ6UEJrvbc/view
https://drive.google.com/file/d/1kLA2PC0C4V8gxF4S9amMFQFnPPDRARhi/view
https://drive.google.com/file/d/145BWuxj395xqK33wxJAnjtW90_09HFuv/view
https://drive.google.com/file/d/1wC7SU0eB8i06mjddU1izYKcfvheg3bN2/view
https://drive.google.com/file/d/1nP6k3zdkMcIMk4rV3Xu9mrOyDmZPbubp/view
https://drive.google.com/file/d/1gXNJapAImVKHMTFI-mJ67QVuyQt3n5xa/view"
25387,BAJA,MADECA21 Gel Calmante Localizado Teca Solution Complejo TECA y Ácido Salicílico 15 ml,8806109182317,MADECA21,,25387,"https://drive.google.com/file/d/1-OsRvst1sGBmx-c7N7o2uJYVnuhe3QmT/view
https://drive.google.com/file/d/1Uj4FUhjSJ9D0x7mN7QE9PO9CvGrrKyC5/view
https://drive.google.com/file/d/1NZtVLyRyzImI1QI7qtKa6F_d46dEStUD/view
https://drive.google.com/file/d/1AiUycqSg_VciUTISythLhNuup0TYzzvn/view
https://drive.google.com/file/d/1X0sP0FjNXzRuIACsCYA7XRh879EOWQZO/view
https://drive.google.com/file/d/1yu9eZgEKLAfuIJ9XBdOqMff1USMpV_K9/view"
25369,BAJA,MADECA21 Tónico Facial Calmante en Bruma Teca Solution Centella Asiática 200 ml,8806109182355,MADECA21,,25369,"https://drive.google.com/file/d/1GmS12v0ueySk0y_RC6e4aQUxtg-jtX_j/view
https://drive.google.com/file/d/1Oe8xfZBX4ij2MNWtS0KJutjtAydbX2Vp/view
https://drive.google.com/file/d/1MQaKAtQZ4H0HghsXpO5uFhDM1K6tOpjY/view
https://drive.google.com/file/d/1FhTfrnQTuaJ8VVoEOoayoPaSFIp8KZwF/view"
25368,BAJA,MADECA21 Ampolla Facial Calmante Teca Solution Capsule Complejo TECA 30 ml,8806109182348,MADECA21,,25368,"https://drive.google.com/file/d/12SEzEsSvG9Yz6FcFXPLB26VnEd6SGM5y/view
https://drive.google.com/file/d/1YApVDit2jPfipzKgEbMOFYkkM4UDJDLH/view
https://drive.google.com/file/d/1WJfxe4Wm9AwSV6fVLNMoE6QQZeJPmeEF/view
https://drive.google.com/file/d/1eWnr0b6PfMzpg3VoHOPbhnAbSrfaHkTe/view
https://drive.google.com/file/d/1HVWf40o9m8QVe7XUx2zhBp-JqIxFj6_F/view
https://drive.google.com/file/d/1W0GyKfqnq3S3-iQ_ALmeAi0JvTye3bdk/view"
25966,BAJA,MADECA21 Sérum Facial Iluminador Teca Toning Capsule Niacinamida 30 ml,8806109102360,MADECA21,,25966,"https://drive.google.com/file/d/1g5daWwBQ8rCvigTunEi8UUZoe-GCLNUa/view
https://drive.google.com/file/d/1D2GSbhOrUZml7IzQ0pykAEgXEqp4RDDj/view
https://drive.google.com/file/d/1A3xUiODbNv-iWDsxgtXJkeOBmOb3ngr5/view
https://drive.google.com/file/d/1Si7eYt3AvG_e-nIduKVPsvfHwcYlaNLJ/view
https://drive.google.com/file/d/1imkgz8hRqkLBBYlRMBrhIPVKMX-fXV3w/view
https://drive.google.com/file/d/1fXSs8f530IfYqrdla8btzSVtcjR_KGcw/view"
26035,BAJA,MADECA21 Crema Facial Unificadora del Tono Teca Toning Niacinamida 50 ml,8806109102377,MADECA21,,26035,"https://drive.google.com/file/d/1c2Xlj5-OYlW3bLj6nY5yA_jIUHruTe8t/view
https://drive.google.com/file/d/1f9AZGBOfogRcIeJzvV4MWa6hnunhTJ6K/view
https://drive.google.com/file/d/1k-p_Oi0bxZkomj7BgVgaI6A_DhDvkpTT/view
https://drive.google.com/file/d/1H9E9-MaxhEf05H6U8X-GQd8AcqFCoRGn/view
https://drive.google.com/file/d/1IXWaM_pvSfrt4DXjsl0qYD17-Pq4DHzN/view
https://drive.google.com/file/d/14uTwbw73RxSnCLTfgrOR3th9-1iGmpWv/view"
26279,BAJA,MADECA21 Pads Faciales Iluminadores y Calmantes Teca Toning Pink 4 unidades,8806109102575,MADECA21,,26279,"https://drive.google.com/file/d/1ebwNuTP2oj2nnZBpNK8vzLtW_WrKtczv/view
https://drive.google.com/file/d/1Bhm7ZliiRORyHguGyD2Ppzj2I6XWh2_C/view
https://drive.google.com/file/d/1-EniYL4R-PHDgEVyundTEcyRmi-pgBT4/view
https://drive.google.com/file/d/11vI6-uSUigVQvLmcndMTxXRbdO7w3sS8/view
https://drive.google.com/file/d/1InlpxOlFbmF5AqLkMevxtB5NArNgDv8J/view
https://drive.google.com/file/d/1ASi15r0bFOroxPQU_7j0t5u6KkvZjsvp/view"
26042,BAJA,MADECA21 Esencia Correctora de Manchas Teca Toning Spot Niacinamida 15 ml,8806109102384,MADECA21,,26042,"https://drive.google.com/file/d/1cC8TdFOW2Q2CuTCkvHTHwHhA8GV9Q334/view
https://drive.google.com/file/d/11Sd4XJCrd51JJyagwey8dkiF2isDpj66/view
https://drive.google.com/file/d/1WWksaP7uviC7sGmmLcR_9FfBvc1h0hpU/view
https://drive.google.com/file/d/1XmwY3h-yp2D30G62pWjZqmejJG4frHcr/view
https://drive.google.com/file/d/145b7zE3bIMi4RMIKbgkLzIVLwlBs3nMQ/view
https://drive.google.com/file/d/1hUT6grTe_A7cj_b4_kAyZbaF6WpGzUYu/view"
25661,BAJA,MADECA21 Tónico Facial Iluminador Teca Toning Niacinamida y Complejo TECA,8806109102353,MADECA21,,25661,"https://drive.google.com/file/d/1jkINRtYfkKOO5PsH4zC3iOi69rEOfNCh/view
https://drive.google.com/file/d/1cPTU_sHgebCvp1LwVZbNAbOC__raebmN/view
https://drive.google.com/file/d/1mMqyNJ8B0JyvARplgrMgBBgp6_R0ENj4/view
https://drive.google.com/file/d/1GATNCgIFlmCff6vN6iqtuKVuWFLkHq--/view
https://drive.google.com/file/d/1sznuE5gHbNRUXXS2-1vFabpO_Zh4NAC7/view
https://drive.google.com/file/d/1GG3g8mJAeispfKdXpbeldAOks4mHX8lX/view"
26549,BAJA,MADECA21 Pads Calmantes e Hidratantes Tecassoside Calming 12 unidades,8806109105248,MADECA21,,26549,"https://drive.google.com/file/d/1ljjB8wQM6d2-KA1F7RYG7Fxsgt7d1Dj6/view
https://drive.google.com/file/d/10GBgK1g-xSLGiqrayaKZu05esCmjRVcA/view
https://drive.google.com/file/d/1IErokEZ-hwaJmL99sBZT4I_O14KHEvQ_/view
https://drive.google.com/file/d/1UkUHetP3N2-D_cLhCy11gnIWtVkemX-u/view"
26327,BAJA,MADECA21 Ampolla Facial Calmante y Antimanchas Tecassoside 20 ml,8806109105255,MADECA21,,26327,"https://drive.google.com/file/d/1gewJMqa8-QzBuDSx9osXLb-HdarM1dv4/view
https://drive.google.com/file/d/1tXNzqr5KmW8t_oiGar5SXaX8m9iPEIiT/view
https://drive.google.com/file/d/1mWD14PDhO2ZJbfNjy-BAmJDsLLolOpmA/view
https://drive.google.com/file/d/1VU4Q47RLA4Yq6SXbSn5XrwAVTwdDIb48/view"
26507,BAJA,MADECA21 Crema Facial Hidratante y Reparadora Tecassoside Calming 30 ml,8806109105262,MADECA21,,26507,"https://drive.google.com/file/d/1-oa6b_HR-V-bVbxoI2GJWdkQuZkpq5Lm/view
https://drive.google.com/file/d/16ik-8BZfdTfaI8uzUiTgLhwZmbRCoTDk/view
https://drive.google.com/file/d/1SqDyH0uZ88T4Jf1OO-SGyXDV6FYJSH-I/view
https://drive.google.com/file/d/13zwFZJUZGe-idyhK9f-lT4aOs4nlgBNJ/view"
26323,BAJA,MADECA21 Mascarilla Facial Calmante Tecassoside Wash Off Pack 30 ml,8806109105231,MADECA21,,26323,"https://drive.google.com/file/d/1j_klEAEViuBU0d-2uOzuF3Fnw9Gw6sX_/view
https://drive.google.com/file/d/13aMxgBNskBhH-RpTVKYJqzGwG6ZaQUuD/view
https://drive.google.com/file/d/1TDwcjEAcFyaSA8IzRWjDP3-YpEocYJ8e/view
https://drive.google.com/file/d/16hdleC32MXIPT6I-2J1nzau4EcXcVej3/view"
8299,BAJA,MANYO Bruma Facial Bifida Ampoule Mist 120 ml,8809656960728,MANYO,,8299,https://drive.google.com/file/d/1UCsaEgXm6fpPSOgss4kWcOSihzqOyIiW/view
6257,BAJA,MANYO Crema Facial Bifida Biome Aqua Barrier 80 ml,8809730950560,MANYO,,6257,"https://drive.google.com/file/d/1lJtlKs6IKdkySk-cIEVzlvFruld9zoqQ/view
https://drive.google.com/file/d/1EWJ5fYU6B5hWZq6k1lKj84hWwDmji23p/view
https://drive.google.com/file/d/12bytsbcLEufMODcVJq33C53-1tQMJl1f/view
https://drive.google.com/file/d/1jSEh3waE0sMM2Ujdx6Bhvb4_CseK6p9_/view
https://drive.google.com/file/d/1wF2_b-NT89H4VJMY7x-Y3WjkQGLJOyxX/view
https://drive.google.com/file/d/1icMX8CYvMI3pLDJoAAMB62t_54xPq5ny/view"
6258,BAJA,MANYO Sérum Concentrado Bifida Biome 35 ml,8809657114687,MANYO,,6258,"https://drive.google.com/file/d/1CimYxuFD5Z2mXl-Y5JDqbw7LFd0XxLpq/view
https://drive.google.com/file/d/1nzKxZs75OhSy7m-UA1f2ptqqcqzzvRoy/view
https://drive.google.com/file/d/1B06VPsuO7di1-K8fkAFPpKBIeTD7xpVK/view
https://drive.google.com/file/d/1uu9aDGXanaPqklI6OfE1xrt7iALeFBmU/view
https://drive.google.com/file/d/1mwX3XeW0R-d4uDqJ93kQTSZZJqsTP6ap/view
https://drive.google.com/file/d/1DNbEaB4U9dWNxcE-qfHW85ksaL2VJsw0/view"
6259,BAJA,Manyo Pure Cleasing Oil,8809082392292,MANYO,,6259,"https://drive.google.com/file/d/1II2XknDZ4BTPCLEG4jxWLYXDWWc6owcO/view
https://drive.google.com/file/d/1Uybt6Qggo7PuvYz1SBSdGEQfkn_ZvwTt/view
https://drive.google.com/file/d/1eGzG2Td9CLBOuS43ZUxllcghGwhSR6fz/view
https://drive.google.com/file/d/1qlPHauUE8JG65tobuy-Aqeoh8pU1ik4k/view
https://drive.google.com/file/d/1S9IKpoTqyk5r-uDJXuacoL8I1UMyRuW4/view
https://drive.google.com/file/d/1MOIhlbyahQK5IIXA9TCFoyuk3AxBNi3f/view"
6260,BAJA,MANYO Agua Micelar Limpiadora Pure Cleansing para Piel Sensible 500 ml,8809730956630,MANYO,,6260,"https://drive.google.com/file/d/1JSLyjr51hiNZCpN1CKK3lqivV_vXi0xp/view
https://drive.google.com/file/d/1owBhNjQumhqh4N8ZdRxZ_q06YyFG8HL6/view
https://drive.google.com/file/d/1J3TbZVCBx6ffOCXErH25EW9q1DgcLjHz/view
https://drive.google.com/file/d/1A8iJeQt3NQVW9ZPpFLHH7XZhV-hNQTI_/view
https://drive.google.com/file/d/1-gcJ-B6TiwRESkpOAqlWdXKvBit3xvmi/view
https://drive.google.com/file/d/1i4VNOvqHdyqOv3oBQyP8vIwmkIZNz3eE/view"
6261,BAJA,MANYO Leche Limpiadora Pure Cleansing con Soja 200 ml,8809730959075,MANYO,,6261,"https://drive.google.com/file/d/1jLJAcs3YgxVp65Gd0RcoRtNKCcAD3yV3/view
https://drive.google.com/file/d/1PiZwzMvZByqM2RndODAeFZ_cEaPrX81R/view
https://drive.google.com/file/d/1H8Teps5JwJJCBS0_CsDNv2KyJDdjdBZ-/view
https://drive.google.com/file/d/1JIA5aabbRpLq-KYFNGYdX-btxDnaZNc1/view
https://drive.google.com/file/d/1VlWbYDaaAYEM0nbVorSforUrCgO6hhbp/view
https://drive.google.com/file/d/1bQ2iWVLiqDLXy_QhRbvKFlsh5hgTBLq6/view"
6263,BAJA,Manyo Pure y Deep Cleasing Foam,8809730952212,MANYO,,6263,"https://drive.google.com/file/d/1sMm-Y8taQYvcdJmKiIu2ppGIqrVjsWmB/view
https://drive.google.com/file/d/11S3NUVgkaOiC2OqiLp5thpX5FoYOgBw8/view
https://drive.google.com/file/d/1QzhCtJ8-qdq7iv0eki7bYd15w2iQbeQt/view
https://drive.google.com/file/d/1F3oNuq4qnccnig6Fi3BN8vQtAyDB5BZ8/view
https://drive.google.com/file/d/1GBUxFV9dLBLUFyIEeQNHs27a7ffa2R0w/view
https://drive.google.com/file/d/1zztFreyZrd5GXb6As56eUrB7W6FjKVH_/view"
605,BAJA,M y M COLLAGEN PEPT VIT Mascarilla 30 unidades,8809670681517,MARY&MAY,,605,"https://drive.google.com/file/d/15kaZyYEZvjr-BHPPHMt9I4Smojivy416/view
https://drive.google.com/file/d/1V84TKeHJd9J0dXxRcVsZlVZuLbBPvDP0/view
https://drive.google.com/file/d/1drjPQ5IuAx_7r6Yfb7USt2zL5qHQgLCt/view
https://drive.google.com/file/d/10LMU4qP_rIFwlzmU5wizwmQfEfrC1ILN/view"
608,BAJA,M y M Debenone y Black Int Cre 70 g,8809670680879,MARY&MAY,,608,"https://drive.google.com/file/d/1FzVJt1LdS04dXWSEs2Xf9vsqQYQjYoGS/view
https://drive.google.com/file/d/1QP91pKMJgEzOcOhsHC8NdtviOg7BBx_E/view
https://drive.google.com/file/d/1Zy_MiMDqsl4Wlm4m_R-7dGuz5ws4LzwO/view"
632,BAJA,MARY&MAY Sérum Facial Houttuynia Cordata y Árbol de Té 30 ml,8809670680794,MARY&MAY,,632,"https://drive.google.com/file/d/12Ah95xCOxdDhbJC7iZ6EuwvG-VyzoadZ/view
https://drive.google.com/file/d/1D6pvT0L3yiZ6MB_ksS9FeaVmSQxJ8Me9/view
https://drive.google.com/file/d/1BBBH9ZzJpFT1pC7foG3u00_eF6LB_G5y/view
https://drive.google.com/file/d/1HCZGa-nVXTfSqdD2_7w1teBG4reyoO0y/view"
579,BAJA,MARY&MAY Sérum Facial Idebenone y Blackberry Complex 30 ml,8809670680831,MARY&MAY,,579,"https://drive.google.com/file/d/1Q6tS8RTdjiv1fOXko-DQqZwcBNP8PYiH/view
https://drive.google.com/file/d/10iAuk5KwOVSfw_w6o6D4l11zrcsG03_S/view
https://drive.google.com/file/d/1bpCo7t1mbT_46JLp8kjvLnJroIxWdQSn/view
https://drive.google.com/file/d/1xzp8GV67CBdXNywgq6hQkyux08navenv/view"
606,BAJA,M y M NIACINAM VITA BRI Mascarilla 30 unidades,8809670681401,MARY&MAY,,606,"https://drive.google.com/file/d/1TQPh2FK6VnWkEtCra2KFMOyXRDbgiEoY/view
https://drive.google.com/file/d/1iHdc3qgkVvUwhDjec9PZ-x1IueNLrGXp/view
https://drive.google.com/file/d/1F0FlvscKhDMFEJIcWWnJHS_5u1KXJd0D/view
https://drive.google.com/file/d/1meaZFmFY6ZrhZcEd3KodarHTAuUfNHwR/view"
607,BAJA,MARY&MAY Sérum Facial 6 Peptide Complex Firmeza y Elasticidad 30 ml,8809670680824,MARY&MAY,,607,"https://drive.google.com/file/d/1CUzjyt2vOVQiUepnW5anSfwzjrYgrNJx/view
https://drive.google.com/file/d/1Z5wqICY850ojrtEDyknVN-kDa7P6dI5w/view
https://drive.google.com/file/d/1WozwzDZ8GZBofLuIXFKVa2F7hAXm9SWo/view"
600,BAJA,M y M PREMIUM BLACKBERR Mascarilla 20 unidades,8809670682064,MARY&MAY,,600,"https://drive.google.com/file/d/1h64RZe137RE_nwphNPEaeHldAglgrRRE/view
https://drive.google.com/file/d/1aH8wzWSVlMc6YtBrs33iM2M8kLKYvKQn/view
https://drive.google.com/file/d/1IU5kpzl08WolyTaL2TNIRuHNr--i5OQK/view
https://drive.google.com/file/d/1VsqphYoVrIP3ReqV7_9DNz-4XP-MKSLO/view"
581,BAJA,MARY&MAY Crema Gel Calmante Sensitive Soothing para Piel Sensible 70 g,8809670680862,MARY&MAY,,581,"https://drive.google.com/file/d/1D85RgzMlWqajKmjBdjro1npmknprEHM5/view
https://drive.google.com/file/d/1KAKTgjRHZ7x4sTbnNPmYo3KTOIXzWnis/view
https://drive.google.com/file/d/17gj60kuQUzy08-LOOxgleMqefh0NGsD9/view
https://drive.google.com/file/d/1zwWw2e4r7CeBJhb0b1S2NbtacKgpNMRh/view"
8308,BAJA,M y M Spicule Collag PDRN Cr 15 g,8809670683320,MARY&MAY,,8308,"https://drive.google.com/file/d/1dXzKh-GcDi8k9nuYNv23frHYRAD094Ez/view
https://drive.google.com/file/d/1RMaz6nYq1mCfhgG1jWkOanF-ux9E5TEG/view
https://drive.google.com/file/d/1vv7gci-kpmC6usLDZVMP80vmwqB5Sx-H/view
https://drive.google.com/file/d/1AhRZhktEcHdrS5DHiOHM8-kTH1xRtwem/view"
583,BAJA,M y M Spicule Retin PDRN Cr 15 g,8809670683313,MARY&MAY,,583,"https://drive.google.com/file/d/1IYBZTD-nO4o85l9cs-2kb6YDaPWLtxAT/view
https://drive.google.com/file/d/1XHArmcDAcvBG0dSiE_ynldHyREnUnsj8/view
https://drive.google.com/file/d/1UOcrWWzA3wY2oBbrsmi3Lp9jQ5TfxWoS/view
https://drive.google.com/file/d/1Ort-Se3cgZ0G4OoIFBx8kFT1AOEkAHVO/view"
623,BAJA,MARY&MAY Contorno de Ojos Ácido Tranexámico y Glutatión 30 g,8809670681159,MARY&MAY,,623,"https://drive.google.com/file/d/1sRNzEsDhuG2SNC8M3770ZE52cNrngQSa/view
https://drive.google.com/file/d/1aCPh9j0gqoOUbWaibaO6-83dUw7k3en1/view
https://drive.google.com/file/d/1XbLBwEP8EPi_2obMFjViaaGWZbJj2i2H/view
https://drive.google.com/file/d/1Hr_iLpbFA4ZO_IXJdd4yDD9a4z4BvKuO/view"
584,BAJA,M y M Vegan Blackb Crema Es 140 ml,8809670681692,MARY&MAY,,584,"https://drive.google.com/file/d/11C3OXXk_hdvm9KZIR61Z-tqopKJENwqf/view
https://drive.google.com/file/d/10HQ0HQmHhD6_r2Pn9c23e1yqmFUijiZe/view
https://drive.google.com/file/d/1UZ3GC7bqcENKNktcnO5K0VZsY0WJJhgB/view
https://drive.google.com/file/d/1CATUlQl1_eCu6xGNyweZMD8a32ZIoVMJ/view"
626,BAJA,MARY&MAY Espuma Limpiadora White Collagen 150 ml,8809670680961,MARY&MAY,,626,"https://drive.google.com/file/d/1LhndmQE97Ub9CV0nItwnQGYEN0oDWV3O/view
https://drive.google.com/file/d/1S3V6q4gnIfQrbGR0UUFcWxIwWCw_d9BT/view
https://drive.google.com/file/d/1eppf7yTAM8Ls9huVvbEN2wuzs1YUDXox/view
https://drive.google.com/file/d/16LnOdqpawPe0W7WGJyY9xEBUOB3Tqtjj/view"
1241,ALTA,MEDICUBE Dispositivo Facial AGE-R Booster Pro Mini Blanco,8800256114740,MEDICUBE,"Ampolla/booster concentrado de Medicube. Marca coreana viral (grupo APR), conocida por sus dispositivos de radiofrecuencia Age-R Booster y su línea PDRN Pink Collagen.",132g,No encontrado en carpetas de MEDICUBE
4119,ALTA,MEDICUBE Dispositivo Facial AGE-R Booster Pro Violeta,8800289466571,MEDICUBE,"Ampolla/booster concentrado de Medicube. Marca coreana viral (grupo APR), conocida por sus dispositivos de radiofrecuencia Age-R Booster y su línea PDRN Pink Collagen.",470g,No encontrado en carpetas de MEDICUBE
1251,ALTA,MEDICUBE Sérum Booster Collagen Glow Colágeno y Elastina Efecto Glass 15 ml,8809981339206,MEDICUBE,"Sérum/esencia de Medicube formulado con colágeno. colágeno: aporta firmeza y elasticidad. Marca coreana viral (grupo APR), conocida por sus dispositivos de radiofrecuencia Age-R Booster y su línea PDRN Pink Collagen.",15ml,8809981339206_3.jpg
1254,ALTA,MEDICUBE Crema Facial Ligera Collagen Jelly Efecto Glass Glow 50 ml,8800256112227,MEDICUBE,"Crema facial de Medicube formulado con colágeno. colágeno: aporta firmeza y elasticidad. Marca coreana viral (grupo APR), conocida por sus dispositivos de radiofrecuencia Age-R Booster y su línea PDRN Pink Collagen.",50ml,https://drive.google.com/file/d/1-xcv69kFtiK4xnJnCu5txi3S7U0LzECN/view?usp=drivesdk
1643,ALTA,MEDICUBE Deep Lifting Peptide Eye Cream for Face (30 ml) | Contorno de Ojos Reduce Arrugas e Hinchazón 30 ml,8800240579838,MEDICUBE,"Crema antiedad para el contorno de ojos formulada con una potente combinación de péptidos biomiméticos, colágeno y ácido hialurónico. Su tecnología avanzada ayuda a reafirmar la piel, reducir arrugas y minimizar la hinchazón, proporcionando un aspecto más joven y revitalizado.

Beneficios clave
-Mejora visiblemente la elasticidad de la piel y suaviza arrugas y líneas finas 
-Hidratación prolongada gracias a su alto contenido de ácido hialurónico; ideal para mantener la piel jugosa sin sensación grasa 
-Textura no comedogénica con absorción rápida y efecto lifting

Tipo de piel
Apta para todo tipo de piel, incluso las más sensibles, gracias a su perfil hipoalergénico y formulación suave 

¿En qué paso de la rutina se usa?
1.Aceite de limpieza

2.Limpiador en espuma

3.Tónico

4.Sérum

5.CONTORNO DE OJOS

6.Crema hidratante

7.Protector solar (de día)

Ingredientes principales
-20 000 ppm de complejo de péptidos ayuda a reafirmar y mejorar elasticidad
-7 tipos de ácido hialurónico, para hidratación profunda y prolongada
-Activos adicionales: niacinamida (unifica tono), colágeno y adenosina (firmeza y antiarrugas)

Textura
Textura gel-crema nutritiva de rápida absorción, no grasa, ideal para usar todo el año y en todo el rostro

Tips de uso

-Aplicar una pequeña cantidad al final de la rutina de día y noche.
-Usar con golpecitos suaves hasta su completa absorción.
-Ideal para zonas con líneas finas o falta de firmeza; también puede usarse en otras áreas del rostro sensibles.

Contenido neto: 30 ml

Ingredientes: Water(Aqua), Methylpropanediol, Glycerin, Cyclopentasiloxane, Butylene Glycol, Hydrogenated Poly(C6-14 Olefin), Dipropylene Glycol, Caprylic/Capric Triglyceride, Panthenol, Niacinamide, Squalane, Glyceryl Stearate, Butyrospermum Parkii (Shea) Butter, 1,2-Hexanediol, Polyglyceryl-3 Distearate, Cetearyl Olivate, C14-22 Alcohols, Stearyl Alcohol, Cetyl Alcohol, Sorbitan Olivate, Hydrogenated Lecithin, Polysorbate 60, Limnanthes Alba (Meadowfoam) Seed Oil, Palmitic Acid, Stearic Acid, C12-20 Alkyl Glucoside, Ammonium Acryloyldimethyltaurate/VP Copolymer, Dimethiconol, Fragrance, Ethylhexylglycerin, Sodium Stearoyl Glutamate, Saccharide Hydrolysate, Glyceryl Stearate Citrate, Fructooligosaccharides, Allantoin, Acrylates/C10-30 Alkyl Acrylate Crosspolymer, Tromethamine, Caprylyl Glycol, Pullulan, Dipotassium Glycyrrhizate, Saccharum Officinarum (Sugarcane) Extract, Adenosine, Sorbitan Laurate, Disodium EDTA, Sodium Hyaluronate, Hydroxyethylcellulose, Acetyl Dipeptide-1 Cetyl Ester, Myristyl Alcohol, Myristic Acid, Hyaluronic Acid, Glucose, Arachidic Acid, Lauryl Alcohol, Alpha-Isomethyl Ionone, Acetyl Hexapeptide-1, Sodium Hyaluronate Crosspolymer, Hydrolyzed Sodium Hyaluronate, Hydrolyzed Hyaluronic Acid, Ceramide NP, Atelocollagen, Desamido Collagen, Palmitoyl Tripeptide-5, Oleic acid, Hydrolyzed Elastin, Hydrolyzed Collagen, Soluble Collagen, Sodium Acetylated Hyaluronate, Hydroxypropyltrimonium Hyaluronate, Collagen, Collagen Amino Acids, Acetyl Octapeptide-3, Procollagen, Magnesium PCA, Copper Tripeptide-1, Serine, Sucrose, Glycine, Calcium Chloride, Sea Salt, Alanine, Magnesium Chloride, Threonine, Histidine, Aspartic Acid, Valine, Proline, Dipotassium Phosphate, Lysine, Leucine, Tyrosine, Isoleucine, Magnesium Citrate, Glucosamine HCl, Phenylalanine, Glutamic Acid, Arginine, 1-Methylhydantoin-2-Imide, Asparagine, Citrulline, Methionine, Taurine, Tryptophan, Formic Acid, Glutamine, Cystein

 Representación y reconocimientos
Figura como uno de los mejores contornos de ojos coreanos en rankings de Glamour y Allure por su potente combinación de péptidos e hidratantes eficaces

Certificaciones & valores
Made in Korea
Dermatológicamente testado y apto para piel sensible (test hipoalergénico).
Fórmula clean libre de irritantes fuertes; adecuada para uso diario.

Precauciones
-Uso externo únicamente.
-Evitar contacto directo con los ojos.
-Interrumpir su uso si se detecta irritación o sensibilidad excesiva.",30ml,https://acdn-us.mitiendanube.com/stores/324/065/products/medicube-deep-lifting-peptide-eye-cream-3e6f940559a3d6c0fa17574462549209-640-0.webp
1823,ALTA,MEDICUBE Crema Facial Iluminadora Deep Vita C Capsule Unifica el Tono 55 g,8809982769866,MEDICUBE,"Crema facial de Medicube. Marca coreana viral (grupo APR), conocida por sus dispositivos de radiofrecuencia Age-R Booster y su línea PDRN Pink Collagen.",55g,https://drive.google.com/file/d/1TtbN8MuM1pXHyjehnSWc_VWIgrQU8Nq0/view?usp=drivesdk
1806,ALTA,MEDICUBE Sérum Facial Antiedad Deep Vita A Retinol en Siete Capas 30 ml,8809960356620,MEDICUBE,"Sérum/esencia de Medicube. Marca coreana viral (grupo APR), conocida por sus dispositivos de radiofrecuencia Age-R Booster y su línea PDRN Pink Collagen.",30ml,https://drive.google.com/file/d/14K4z8OModqGNLQ-ynzidDngJHmz_VrPQ/view?usp=drivesdk
8521,ALTA,MEDICUBE Sérum Facial Antiedad EGF NAD+ Firming Reafirmante 30 ml,8800289467271,MEDICUBE,"Sérum/esencia de Medicube formulado con EGF (factor de crecimiento) y NAD+. EGF (factor de crecimiento): estimula la regeneración cutánea; NAD+: aporta acción antioxidante anti-edad. Marca coreana viral (grupo APR), conocida por sus dispositivos de radiofrecuencia Age-R Booster y su línea PDRN Pink Collagen.",,No encontrado en carpetas de MEDICUBE
1177,ALTA,MEDICUBE Crema Hidratante Intensiva Hyaluronic Moisturizing Capsule 55 g,8800289477478,MEDICUBE,"Crema facial de Medicube formulado con ácido hialurónico. ácido hialurónico: aporta hidratación profunda. Marca coreana viral (grupo APR), conocida por sus dispositivos de radiofrecuencia Age-R Booster y su línea PDRN Pink Collagen.",55g,"https://drive.google.com/file/d/1_RXPh_xzLh-zt6IEEBAQkW5BxKtH0ISy/view
https://drive.google.com/file/d/1wybT50qLMGOG_cOPTyzckH4Uu8qOTQMu/view
https://drive.google.com/file/d/17zS4eUyXlV5mbHevmeZkXRheJ9tOcUiY/view
https://drive.google.com/file/d/1HNTZZErTe5regHYusN5lZAmzqtj-Pb3A/view
https://drive.google.com/file/d/1D4ErxG5NyXKfLcw26kzxoem6Vnu73Fo2/view
https://drive.google.com/file/d/1bYAn2ujDnKudlWXTuV4qrrDR9aIEpUmj/view"
1238,ALTA,MEDICUBE Bruma Facial Purificante Hypochlorous Acid Daily Equilibrante 125 ml,8800289479991,MEDICUBE,"Bruma facial en spray de la categoría tratamiento purificante y calmante para la zona del rostro y cuerpo, formulada con Ácido Hipocloroso (150ppm), Pantenol y Alantoína que logra eliminar bacterias causantes del acné, refrescar y aliviar la piel estresada con un beneficio visible de reducción de imperfecciones y alivio inmediato tras su aplicación diaria, ideal para todo tipo de piel, incluyendo pieles sensibles o con tendencia al acné.


Detalles del Producto

Tipo de piel: Todo tipo de piel, especialmente pieles sensibles, reactivas o propensas a brotes de acné y mascarné.

Función cosmética: Purificante, antibacteriana, equilibrante del pH y calmante.

Textura (Vehículo): Bruma acuosa ultra ligera de rápida evaporación.

Efecto en el cuidado de la piel: Desinfecta suavemente la superficie cutánea sin resecar, reduce la inflamación y refuerza la barrera protectora contra agentes externos.

Porque elegirlo

A diferencia de otros desinfectantes, utiliza Ácido Hipocloroso a una concentración precisa de 150ppm, una molécula que nuestro cuerpo produce naturalmente para defenderse, lo que lo hace increíblemente eficaz contra las bacterias pero totalmente gentil con las células de tu piel.

Su fórmula está diseñada para estabilizar el pH cutáneo gracias al citrato de sodio, evitando la oxidación y asegurando que la piel se mantenga en su equilibrio óptimo durante todo el día.

Es un producto ""limpio"" y seguro: ha sido sometido a pruebas no comedogénicas, no contiene fragancias artificiales y es lo suficientemente suave para ser usado múltiples veces al día sin causar irritación.

Porque lo amamos (Eficacia y Resultados)

Esta bruma se ha convertido en un esencial para quienes buscan mantener la piel limpia en cualquier entorno:

98% de satisfacción en control de brotes: Los usuarios destacan que es la forma más rápida y efectiva de prevenir imperfecciones cuando se usa después del ejercicio o bajo el uso de mascarillas.

95% de efecto refrescante: Según opiniones recolectadas en sitios web especializados, los consumidores valoran que alivia instantáneamente la sensación de calor y picor en pieles estresadas.

Testimonios destacados: Los clientes suelen comentar que ""es un salvavidas para el acné corporal y facial"", resaltando que no reseca la piel en absoluto gracias a la inclusión de ingredientes hidratantes como el Pantenol.



Beneficios

Acción Antibacteriana: Ataca directamente las bacterias que provocan el acné y las irritaciones.

Alivio Inmediato: Calma la piel estresada por el sudor, la contaminación o el roce.

Hidratación Ligera: Deja un acabado hidratado y suave sin sensación pegajosa.

Versatilidad Total: Se puede aplicar sobre el maquillaje o la piel limpia en cualquier momento.



Modo de uso

Rocía la bruma sobre el rostro y el cuerpo en cualquier momento del día.

Puedes usarlo antes o después de tu rutina de skincare, sobre el maquillaje o directamente sobre la piel desnuda.

No es necesario dar toques con las manos ni enjuagar el producto.
Simplemente deja que se seque al aire para que el ácido hipocloroso actúe eficazmente.
Cuidado y precauciones
Guardar en un lugar fresco y seco, alejado de la luz solar directa para mantener la estabilidad del ácido hipocloroso.



Solo para uso externo.
Evitar el contacto directo con los ojos; en caso de contacto, enjuagar con abundante agua.
Si presenta alguna reacción inusual o irritación persistente, suspenda su uso y consulte a su dermatólogo.



Ingredientes

Hypochlorous Acid (150ppm): Un potente agente purificante que imita la respuesta inmunitaria del cuerpo para combatir bacterias e inflamación sin dañar la barrera cutánea.
Panthenol (Vitamina B5): Actúa como un humectante profundo que retiene la humedad y promueve la regeneración de la piel.
Allantoin: Ingrediente calmante que ayuda a suavizar la piel y reducir el enrojecimiento causado por agentes irritantes.

INCI (Listado de ingredientes):

Water, Butylene Glycol, Hydroxyacetophenone, Panthenol, Octyldodeceth-16, C12-14 Alketh-12, Sodium Gluconate, Sodium Citrate, Ethylhexylglycerin, Allantoin, Citric Acid, Hypochlorous Acid, Eucalyptus Globulus Leaf Oil, Rosmarinus Officinalis (Rosemary) Leaf Oil, Melaleuca Alternifolia (Tea Tree) Leaf Oil, Sodium Chloride.",125ml,https://drive.google.com/file/d/1UCE9EC820xhnwIygoKUutq6mXv9yuvA6/viewhttps://drive.google.com/file/d/1gGbBbXEID1OOpuRbB-J2P7nxDYt1F4g-/viewhttps://drive.google.com/file/d/1LVgHmsCaaLvBWptsqWNd6vLtzQOEfUPf/viewhttps://drive.google.com/file/d/1e_u97kqTZ2tczaeJMz1A4gGHwdkPX-Dc/viewhttps://drive.google.com/file/d/1X2nSkHblhwYNPx9UglKaj_BeGwF3qK8X/viewhttps://drive.google.com/file/d/1EE-vVgkpJE7WV5GHosd7pCllwWbRLZ7o/view
1944,ALTA,MEDICUBE Brocha Espátula Jelly Brush para Aplicar Mascarillas,8809883884088,MEDICUBE,"Accesorio de aplicación de maquillaje de Medicube. Marca coreana viral (grupo APR), conocida por sus dispositivos de radiofrecuencia Age-R Booster y su línea PDRN Pink Collagen.",17g,No encontrado en carpetas de MEDICUBE
1030,ALTA,MEDICUBE Sérum Corrector de Manchas Kojic Acid Turmeric Niacinamide 30 ml,8800289477416,MEDICUBE,"Sérum/esencia de Medicube formulado con ácido kójico. ácido kójico: ayuda a atenuar manchas. Marca coreana viral (grupo APR), conocida por sus dispositivos de radiofrecuencia Age-R Booster y su línea PDRN Pink Collagen.",30ml,"https://drive.google.com/file/d/1woPh97g2fVshaoSx0QzCuixw3BNcIzOR/view
https://drive.google.com/file/d/1U2eysmIN1JEoVQp_SlppCJJDM8w4uonj/view
https://drive.google.com/file/d/1Yo-6soyK7aOKgBvN_FiWeVWjByo-kW0v/view
https://drive.google.com/file/d/1onQgH1rX-C20Oi5IL5Z4tRS5izigOCi3/view
https://drive.google.com/file/d/1Q31EaFiILMlaiMlQd53NzHCttGw5NkZq/view
https://drive.google.com/file/d/11WEZpznVPwT3sFuOmCKdlEg5Knxm00ex/view"
1033,ALTA,MEDICUBE Crema Iluminadora Kojic Acid Turmeric Vita Capsule 53 g,8800289479588,MEDICUBE,"Crema facial de Medicube formulado con ácido kójico. ácido kójico: ayuda a atenuar manchas. Marca coreana viral (grupo APR), conocida por sus dispositivos de radiofrecuencia Age-R Booster y su línea PDRN Pink Collagen.",55g,"https://drive.google.com/file/d/1e436mprM-ay6PI_Dy28evPCHT0KjdN9i/view
https://drive.google.com/file/d/11LhtH4uI0Nvl_BVJiQvD_e6bsOhh-C4m/view
https://drive.google.com/file/d/1q64iik2q7bbW6hT1B-MQuxx95QaCOwu4/view
https://drive.google.com/file/d/1M8yAN6wbLBYpfWEQGYj1ROZPs3_U6LJb/view
https://drive.google.com/file/d/1m8B3NHObGBjB6G87MOUv4q4UEBhJ7X-Y/view
https://drive.google.com/file/d/1GZIUhSiEHP7ZDsVyrZ6gCKyLM31IdKsE/view"
3382,ALTA,MEDICUBE Ampolla One Day Exosome Shot 2000 con Micro Agujas de Exosomas 30 ml,8809981334928,MEDICUBE,"Sérum/esencia de Medicube formulado con exosomas. exosomas: potencia la regeneración celular. Marca coreana viral (grupo APR), conocida por sus dispositivos de radiofrecuencia Age-R Booster y su línea PDRN Pink Collagen.",30ml,https://drive.google.com/file/d/15jsc0JRLF3TxKltUsQ1r4RPneyEVm6RG/view?usp=drivesdk
8294,ALTA,MEDICUBE Bálsamo Facial PDRN Pink Collagen Multi Balm Volufiline y NAD+,,MEDICUBE,"Bálsamo de Medicube formulado con PDRN (polinucleótidos) y colágeno. PDRN (polinucleótidos): estimula la regeneración y el efecto ""glass skin""; colágeno: aporta firmeza y elasticidad. Marca coreana viral (grupo APR), conocida por sus dispositivos de radiofrecuencia Age-R Booster y su línea PDRN Pink Collagen.",,https://regybeauty.com/wp-content/uploads/2026/07/MEDICUBE-PDRN-PINK-COLLAGEN-VOLUME-MULTI-BALM-STICK.webp
8520,ALTA,MEDICUBE Bálsamo Facial PDRN Pink Collagen Volume Multi Balm 10 g,8800289467707,MEDICUBE,"Bálsamo de Medicube formulado con PDRN (polinucleótidos) y colágeno. PDRN (polinucleótidos): estimula la regeneración y el efecto ""glass skin""; colágeno: aporta firmeza y elasticidad. Marca coreana viral (grupo APR), conocida por sus dispositivos de radiofrecuencia Age-R Booster y su línea PDRN Pink Collagen.",,https://drive.google.com/file/d/1gBqxMqMWKkyotZvJBgEJMxFT5k2n5B9H/view?usp=drivesdk
8651,ALTA,MEDICUBE Parches de Contorno de Ojos PDRN Caffeine Collagen 60 unidades,8800289466441,MEDICUBE,"Producto de skincare/belleza de Medicube formulado con PDRN (polinucleótidos) y colágeno. PDRN (polinucleótidos): estimula la regeneración y el efecto ""glass skin""; colágeno: aporta firmeza y elasticidad. Marca coreana viral (grupo APR), conocida por sus dispositivos de radiofrecuencia Age-R Booster y su línea PDRN Pink Collagen.",,https://drive.google.com/file/d/1gBqxMqMWKkyotZvJBgEJMxFT5k2n5B9H/view?usp=drivesdk
1128,ALTA,MEDICUBE Sérum Reafirmante PDRN Collagen Glow Jelly PDRN de Salmón 30 ml,8800289479496,MEDICUBE,"Sérum/esencia de Medicube formulado con PDRN (polinucleótidos) y colágeno. PDRN (polinucleótidos): estimula la regeneración y el efecto ""glass skin""; colágeno: aporta firmeza y elasticidad. Marca coreana viral (grupo APR), conocida por sus dispositivos de radiofrecuencia Age-R Booster y su línea PDRN Pink Collagen.",30ml,"https://drive.google.com/file/d/1ew68_HljI65hVDvzp5PxHCy0g6Q6lsB6/view
https://drive.google.com/file/d/1UecTI2U_yjfGTa0qzQM6WUIwe46hHK2o/view
https://drive.google.com/file/d/1kmmIyBGEMbssJ9JskC1ZF_gBiDV-WURd/view
https://drive.google.com/file/d/1pIX17BAmTH5JnWcrAdNVjPrgEx-tYYiT/view
https://drive.google.com/file/d/1wy4z27yrrMMjf518MqKN3uDPp1DnBRY-/view
https://drive.google.com/file/d/1awhg3ELDCi2mRpAcu22W4EUXnjh3OtFZ/view"
1127,ALTA,MEDICUBE Sérum en Bruma Iluminador PDRN Pink Collagen Glow Jelly Mist 100 ml,8800289478772,MEDICUBE,"Sérum/esencia de Medicube formulado con PDRN (polinucleótidos) y colágeno. PDRN (polinucleótidos): estimula la regeneración y el efecto ""glass skin""; colágeno: aporta firmeza y elasticidad. Marca coreana viral (grupo APR), conocida por sus dispositivos de radiofrecuencia Age-R Booster y su línea PDRN Pink Collagen.",100ml,https://drive.google.com/file/d/1gBqxMqMWKkyotZvJBgEJMxFT5k2n5B9H/view?usp=drivesdk
8293,ALTA,MEDICUBE Limpiador Facial en Gel PDRN 99% Limpieza Profunda e Hidratación 200 ml,8800289473852,MEDICUBE,"Gel de Medicube formulado con PDRN (polinucleótidos). PDRN (polinucleótidos): estimula la regeneración y el efecto ""glass skin"". Marca coreana viral (grupo APR), conocida por sus dispositivos de radiofrecuencia Age-R Booster y su línea PDRN Pink Collagen.",,https://drive.google.com/file/d/1gBqxMqMWKkyotZvJBgEJMxFT5k2n5B9H/view?usp=drivesdk
18798,ALTA,MEDICUBE Bálsamo Labial PDRN Peptide Glossy 10 g,8800289474675,MEDICUBE,"Gloss/tinta labial de Medicube formulado con PDRN (polinucleótidos) y péptidos. PDRN (polinucleótidos): estimula la regeneración y el efecto ""glass skin""; péptidos: mejora firmeza y elasticidad. Marca coreana viral (grupo APR), conocida por sus dispositivos de radiofrecuencia Age-R Booster y su línea PDRN Pink Collagen.",10g,No encontrado en carpetas de MEDICUBE
3413,ALTA,MEDICUBE Crema Facial PDRN Pink Collagen Capsule Textura Gel Cápsula 55 g,8800256118885,MEDICUBE,"Crema facial de Medicube formulado con PDRN (polinucleótidos). PDRN (polinucleótidos): estimula la regeneración y el efecto ""glass skin"". Marca coreana viral (grupo APR), conocida por sus dispositivos de radiofrecuencia Age-R Booster y su línea PDRN Pink Collagen.",55g,https://drive.google.com/file/d/1KdSWArp1ecbhZ0Yw8VH1sjs3olEY8m3k/view?usp=drivesdk
3414,ALTA,MEDICUBE Sérum PDRN Pink Collagen Exosome Shot 2000 ppm con Micro Agujas 30 ml,8800256115532,MEDICUBE,"Sérum/esencia de Medicube formulado con PDRN (polinucleótidos) y exosomas. PDRN (polinucleótidos): estimula la regeneración y el efecto ""glass skin""; exosomas: potencia la regeneración celular. Marca coreana viral (grupo APR), conocida por sus dispositivos de radiofrecuencia Age-R Booster y su línea PDRN Pink Collagen.",30ml,https://drive.google.com/file/d/15FE_icY_86TXUoLPRxW8mRJpSdXlYUEk/view?usp=drivesdk
3415,ALTA,MEDICUBE Contorno de Ojos PDRN Pink Peptide Well Aging 30 ml,8800256119042,MEDICUBE,"Crema facial de Medicube formulado con PDRN (polinucleótidos). PDRN (polinucleótidos): estimula la regeneración y el efecto ""glass skin"". Marca coreana viral (grupo APR), conocida por sus dispositivos de radiofrecuencia Age-R Booster y su línea PDRN Pink Collagen.",30ml,https://drive.google.com/file/d/1El3XiZuV-224_KnoaZGMWiWBC-j_W2uP/view?usp=drivesdk
3416,ALTA,MEDICUBE Sérum Facial PDRN Pink Peptide Glow Instantáneo y Renovador 30 ml,8800256108053,MEDICUBE,"Sérum/esencia de Medicube formulado con PDRN (polinucleótidos). PDRN (polinucleótidos): estimula la regeneración y el efecto ""glass skin"". Marca coreana viral (grupo APR), conocida por sus dispositivos de radiofrecuencia Age-R Booster y su línea PDRN Pink Collagen.",30ml,https://drive.google.com/file/d/1627xUmdjHowsGZNvKzv3qGLM7xDCdRZG/view?usp=drivesdk
3384,ALTA,MEDICUBE Tónico Facial Calmante PDRN Pink Cica Hidrata y Estimula Colágeno 250 ml,8800256112234,MEDICUBE,"Tónico facial de Medicube formulado con PDRN (polinucleótidos). PDRN (polinucleótidos): estimula la regeneración y el efecto ""glass skin"". Marca coreana viral (grupo APR), conocida por sus dispositivos de radiofrecuencia Age-R Booster y su línea PDRN Pink Collagen.",250ml,https://drive.google.com/file/d/1MMCCWmq2K4Iv8Q4xVq8zAd1ruTlljRKv/view?usp=drivesdk
18747,ALTA,MEDICUBE Gel de Baño Corporal Red Acne Body Wash 2.0 400 g,8809936587119,MEDICUBE,"Gel de ducha / body wash de Medicube. Marca coreana viral (grupo APR), conocida por sus dispositivos de radiofrecuencia Age-R Booster y su línea PDRN Pink Collagen.",400g,No encontrado en carpetas de MEDICUBE
8522,ALTA,MEDICUBE Sérum Facial Antiedad Retinol NMN Boosting 30 ml,8800256119325,MEDICUBE,"Sérum/esencia de Medicube formulado con retinol/retinal. retinol/retinal: estimula la renovación celular anti-edad. Marca coreana viral (grupo APR), conocida por sus dispositivos de radiofrecuencia Age-R Booster y su línea PDRN Pink Collagen.",,No encontrado en carpetas de MEDICUBE
3419,ALTA,MEDICUBE Crema Facial Well Aging Triple Collagen 4.0 50 ml,8800256114313,MEDICUBE,"Crema facial de Medicube. Marca coreana viral (grupo APR), conocida por sus dispositivos de radiofrecuencia Age-R Booster y su línea PDRN Pink Collagen.",50ml,https://drive.google.com/file/d/1VtR4tIyJyJQ811f_VsRA7p3Vex8Sy2iM/view?usp=drivesdk
3506,ALTA,MEDICUBE Sérum Facial Triple Collagen 4.0 Efecto Glass Glow 55 ml,8800240566913,MEDICUBE,"Suero ligero tipo ""glass glow"" nutre la piel apagada para obtener el envidiable brillo de cristal con Triple Collagen Serum 4.0 formulado con Triple Collagen Complex.

Suministra a la piel colágeno y otros nutrientes esenciales para nutrir, reafirmar y aportar elasticidad a la piel.

Beneficios clave
-Elasticidad y firmeza: refuerza la barrera cutánea y deja la piel más tensa y rellena.
-Hidratación profunda y textura afinada, gracias al aporte combinado de colágeno, ácido hialurónico y niacinamida.
-Brillo saludable estilo “glass skin” al instante.
-Además, contiene extracto de corteza de Enantia chlorantha para cuidado de poros y extracto de hoja de oliva para unificar el tono y reducir marcas. 

Tipo de piel

Apto para todo tipo de piel, incluso pieles maduras o sensibles, según su formulación suave y test clínico. 

¿En qué paso de la rutina se usa?

1.Aceite de limpieza
2.Limpiador
3.Tónico
4.Sérum: Triple Collagen Serum 4.0
5.Crema hidratante
6.Protector solar (mañana)

Ingredientes principales
-Triple Collagen Complex: Hydrolyzed, Atelo y Soluble Collagen para hidratación, firmeza y plenitud.
-Niacinamida: ilumina y unifica el tono.
-Ácido Hialurónico (varios tipos): retiene humedad y suaviza líneas.
-Adenosina: acción anti-arrugas.
-Extractos botánicos patentados de Enantia chlorantha (poros) y hoja de oliva (imperfecciones/hiperpigmentación) 

Textura
Serum de textura cremosa y ligera, de rápida absorción, ideal para lograr un acabado radiante sin sensación pegajosa.

Tips de uso
-Aplicar después del tónico sobre piel limpia.
-Masajear suavemente hasta su completa absorción.
-Puede mezclarse con la base para un efecto glow (pro tip de InStyle).
-Ideal para rutina diaria, mañana y noche, si bien en pieles muy sensibles se aconseja patch test. 

Contenido neto: 55 ml (1.85 fl oz) 
 
Ingredientes: Water(Aqua), Glycerin, Butylene Glycol, Cetyl Ethylhexanoate, Niacinamide, Glycereth-26, Alcohol Denat., 1,2-Hexanediol, Cyclopentasiloxane, Cyclohexasiloxane, Trehalose, Dimethicone, Carbomer, Cetearyl Olivate, Tromethamine, Sorbitan Olivate, Ethylhexylglycerin, Collagen Extract, Fragrance, Adenosine, Disodium EDTA, Benzyl Benzoate, Linalool, Limonene, Geraniol, Atelocollagen, Desamido Collagen, Citronellol, Hydrolyzed Collagen, Sodium Hyaluronate, Soluble Collagen, Hyaluronic Acid, Hydroxycitronellal, Sodium Hyaluronate Crosspolymer, Hydrolyzed Sodium Hyaluronate, Hydrolyzed Hyaluronic Acid, Collagen, Collagen Amino Acids, Sodium Acetylated Hyaluronate, Procollagen, Hydroxypropyltrimonium Hyaluronate, Citral, Benzyl Alcohol",55ml,https://acdn-us.mitiendanube.com/stores/324/065/products/medicube-triple-collagen-serum-4e4a62d7d3279d67d917574505228868-640-0.webp
18745,ALTA,MEDICUBE Limpiador Facial en Espuma Zero Foam 120 ml,8800240575298,MEDICUBE,"Espuma limpiadora de Medicube. Marca coreana viral (grupo APR), conocida por sus dispositivos de radiofrecuencia Age-R Booster y su línea PDRN Pink Collagen.",120g,No encontrado en carpetas de MEDICUBE
18746,ALTA,MEDICUBE Aceite Limpiador Zero Pore Blackhead Deep para Poros 205 ml,8800256114610,MEDICUBE,"Aceite limpiador/tratamiento de Medicube. Marca coreana viral (grupo APR), conocida por sus dispositivos de radiofrecuencia Age-R Booster y su línea PDRN Pink Collagen.",250ml,No encontrado en carpetas de MEDICUBE
1198,ALTA,MEDICUBE Discos Exfoliantes Zero Pore Pad 2.0 para Poros 155 g,8800256114665,MEDICUBE,"Discos exfoliantes y de tratamiento diario para poros, formulados con AHA + BHA + LHA y extractos botánicos. Eliminan impurezas, células muertas y exceso de sebo mientras hidratan y calman la piel. Clínicamente probados para reducir visiblemente el tamaño de los poros en 2 semanas, dejando la piel más suave, luminosa y uniforme. El lado grabado ayuda a remover células muertas y sebo; el lado sedoso calma e hidrata la piel.

Beneficios clave
-Exfoliación suave sin irritación (AHA/BHA/LHA)
-Control de sebo y reducción de poros dilatados
-Hidratación profunda gracias al ácido hialurónico y betaína
-Calma la piel con centella asiática, hamamelis y té verde
-Mejora la textura y luminosidad en uso diario

Tipo de piel
-Todo tipo de piel, especialmente indicado para piel grasa, mixta y con tendencia a poros dilatados o brotes

 ¿En qué paso de la rutina se usa?

1.Aceite de limpieza
2.Limpiador en espuma
3.Tónico / Pads exfoliantes: Zero Pore Pad 2.0
4.Sérum
5.Crema hidratante
6.Protector solar

Ingredientes principales
-AHA (Ácido láctico, Ácido cítrico): exfoliación superficial, piel más luminosa
-BHA (Salicylic Acid, Betaine Salicylate): desobstruye poros, combate puntos negros
-LHA: exfoliación lenta y suave, ideal para piel sensible
-Centella Asiática + Extracto de corteza de sauce blanco: calman y reparan
-Extractos cítricos (naranja, limón, lima, pomelo): antioxidantes y unificadores de tono
-Ácido hialurónico + Glicerina: hidratan en profundidad
-Fermentos de soja y lactobacillus: fortalecen la barrera cutánea

Textura
-Almohadillas de algodón doble cara:
Lado rugoso: exfoliación y limpieza de poros
Lado suave: hidratación y calma

Tips
-Usar 1–2 veces al día, preferiblemente por la noche si tenés piel sensible.
-Siempre acompañar con protector solar al día siguiente.
-Evitar combinar en la misma rutina con retinol, vitamina C pura o exfoliantes fuertes.

Contenido Neto: 70 pads (160 ml aproximadamente)

Ingredientes: Zero Pore Pads Water, Methylpropanediol, Trometamol, Lactic Acid, Alcohol Denat., 1,2-Hexanediol, Panthenol, Glycereth-26, Salicylic Acid, Ammonium Acryloyldimethyltaurate/VP Copolymer, Betaine, Trehalose, Polyglyceryl-10 Laurate, Ethylhexylglycerin, Glycerin, Allantoin, Disodium EDTA, Sodium Hyaluronate, Betaine Salicylate, Citrus Aurantium Dulcis (Orange) Peel Oil, Citrus Limon (Lemon) Peel Oil, Citrus Grandis (Grapefruit) Peel Oil, Citrus Aurantium Bergamia (Bergamot) Fruit Oil, Rosmarinus Officinalis (Rosemary) Leaf Oil, Eucalyptus Globulus Leaf Oil, Lavandula Angustifolia (Lavender) Oil, Vitis Vinifera (Grape) Fruit Extract, Citrus Aurantifolia (Lime) Fruit Extract, Citrus Limon (Lemon) Fruit Extract, Pyrus Malus (Apple) Fruit Extract, Citrus Aurantium Dulcis (Orange) Fruit Extract, Centella Asiatica Extract, Salix Alba (Willow) Bark Extract, Origanum Vulgare Leaf Extract, Chamaecyparis Obtusa Leaf Extract, Lactobacillus/Soybean Ferment Extract, Cinnamomum Cassia Bark Extract, Scutellaria Baicalensis Root Extract, Portulaca Oleracea Extract, Oenothera Biennis (Evening Primrose) Flower Extract, Ulmus Davidiana Root Extract, Pueraria Lobata Root Extract, Limonene.",155g,https://acdn-us.mitiendanube.com/stores/324/065/products/medicube-zero-pore-pad-3628ce2cd0d8f8dfa417574451650854-640-0.webp
16992,ALTA,Medic Celimax Sérum Am,,MEDICUBE,"Sérum/esencia de Medicube. Edición/combo especial en colaboración con CELIMAX. Marca coreana viral (grupo APR), conocida por sus dispositivos de radiofrecuencia Age-R Booster y su línea PDRN Pink Collagen.",,No encontrado en carpetas de MEDICUBE
16954,ALTA,MEDICUBE Mascarilla Nocturna Collagen Night Wrapping 1 unidad,,MEDICUBE,"Sérum/esencia de Medicube. Edición/combo especial en colaboración con CELIMAX. Marca coreana viral (grupo APR), conocida por sus dispositivos de radiofrecuencia Age-R Booster y su línea PDRN Pink Collagen.",,No encontrado en carpetas de MEDICUBE
18802,ALTA,MEDICUBE Mascarilla Facial Collagen Lifting Efecto Tensor 27 g,8809517411741,MEDICUBE,"Mascarilla facial lifting con colágeno que ayuda a mejorar la firmeza, elasticidad y aspecto general de la piel, dejando el rostro más tenso, hidratado y luminoso.

Beneficios clave
 • Efecto lifting inmediato
 • Mejora la elasticidad y firmeza
 • Hidrata en profundidad
 • Ayuda a suavizar líneas finas
 • Revitaliza la piel apagada

TIPO DE PIEL
 Apta para todo tipo de piel.
 Ideal para pieles maduras, deshidratadas o con pérdida de firmeza.

¿En qué paso de la rutina se usa?
 Paso de tratamiento. Usar después de la limpieza y el tónico.

Ingredientes principales
 • Colágeno: mejora la elasticidad y ayuda a mantener la piel firme
 • Complejo hidratante: aporta hidratación profunda y suavidad

Modo de Uso
 Aplicar sobre el rostro limpio y seco. Dejar actuar entre 10 y 20 minutos. Retirar y masajear el excedente hasta su total absorción. No enjuagar.

Textura / acabado
 Mascarilla tipo sheet impregnada en esencia. Acabado hidratado y luminoso, sin sensación pegajosa.

Tips / Curiosidades
 Ideal para usar antes de un evento o maquillaje para lograr un efecto piel más firme y revitalizada al instante.

Ingredientes: Water, Glycerin, Butylene Glycol, 1,2-Hexanediol, Arginine, Acrylates/C10-30 Alkyl Acrylate Crosspolymer, Xanthan Gum, Propanediol, Polyglyceryl-10 Laurate, Styrene/VP Copolymer, Ethylhexylglycerin, Adenosine, Fragrance, Hydrolyzed Collagen, Allantoin, Panthenol, Wheat Amino Acids, Sodium Hyaluronate, Morus Alba Bark Extract, Polygonum Multiflorum Root Extract, Scutellaria Baicalensis Root Extract, Phellinus Linteus Extract, Glycyrrhiza Glabra (Licorice) Root Extract, Sesamum Indicum (Sesame) Seed Extract, Paeonia Lactiflora Root Extract, Angelica Gigas Root Extract, Sophora Flavescens Root Extract, Cimicifuga Racemosa Root Extract, Natto Gum, Pentylene Glycol, Hydroxypropyltrimonium Hyaluronate, Soluble Collagen, Hydrolyzed Hyaluronic Acid, Sodium Acetylated Hyaluronate, Sodium Hyaluronate Crosspolymer, Hyaluronic Acid, Hydrolyzed Sodium Hyaluronate, Potassium Hyaluronate, AteloCollagen.",27g,https://acdn-us.mitiendanube.com/stores/324/065/products/collagen-lifting-mask-1-3be89ab50db3f43d9217659834776482-640-0.webp
17516,ALTA,MEDIC COSRX Hidratación 4 unidades,,MEDICUBE,"Exfoliante de Medicube formulado con exfoliantes químicos (AHA/BHA). exfoliantes químicos (AHA/BHA): renueva la textura de la piel. Edición/combo especial en colaboración con COSRX. Marca coreana viral (grupo APR), conocida por sus dispositivos de radiofrecuencia Age-R Booster y su línea PDRN Pink Collagen.",,No encontrado en carpetas de MEDICUBE
17072,ALTA,MEDIC COSRX Sérum 2 unidades,,MEDICUBE,"Set/combo (varios productos) de Medicube. Edición/combo especial en colaboración con COSRX. Marca coreana viral (grupo APR), conocida por sus dispositivos de radiofrecuencia Age-R Booster y su línea PDRN Pink Collagen.",,No encontrado en carpetas de MEDICUBE
17000,ALTA,MEDIC Hidratación 2 unidades,,MEDICUBE,"Sérum/esencia de Medicube. Edición/combo especial en colaboración con COSRX. Marca coreana viral (grupo APR), conocida por sus dispositivos de radiofrecuencia Age-R Booster y su línea PDRN Pink Collagen.",,No encontrado en carpetas de MEDICUBE
17432,ALTA,MEDIC Hidratación 4 unidades,,MEDICUBE,"Set/combo (varios productos) de Medicube. Marca coreana viral (grupo APR), conocida por sus dispositivos de radiofrecuencia Age-R Booster y su línea PDRN Pink Collagen.",,No encontrado en carpetas de MEDICUBE
17052,ALTA,MEDICUBE Mascarilla Nocturna Collagen Night Wrapping 75 ml,,MEDICUBE,"Set/combo (varios productos) de Medicube. Marca coreana viral (grupo APR), conocida por sus dispositivos de radiofrecuencia Age-R Booster y su línea PDRN Pink Collagen.",,No encontrado en carpetas de MEDICUBE
2911,ALTA,MEDICUBE Mascarilla Nocturna Collagen Night Wrapping Firmeza e Hidratación 75 ml,8800256113217,MEDICUBE,"Mascarilla facial de Medicube formulado con colágeno. colágeno: aporta firmeza y elasticidad. Marca coreana viral (grupo APR), conocida por sus dispositivos de radiofrecuencia Age-R Booster y su línea PDRN Pink Collagen.",75ml,https://drive.google.com/file/d/1Kmtln0LLsYM7FK5TOjcGpSn433vtebpO/view?usp=drivesdk
2764,ALTA,MEDICUBE Mascarilla Facial en Gel PDRN Pink Collagen Nocturna 1 unidad,8800256108046,MEDICUBE,"Mascarilla facial de Medicube. Marca coreana viral (grupo APR), conocida por sus dispositivos de radiofrecuencia Age-R Booster y su línea PDRN Pink Collagen.",28g,https://drive.google.com/file/d/1_9l2a5kt2VzrjiLzYPUMi489WtxcKDCD/view?usp=drivesdk
17001,ALTA,MEDICUBE Mascarilla Labial Nocturna PDRN Lip Sleeping,,MEDICUBE,"Producto de skincare/belleza de Medicube. Edición/combo especial en colaboración con MIXS, MIXSOON. Marca coreana viral (grupo APR), conocida por sus dispositivos de radiofrecuencia Age-R Booster y su línea PDRN Pink Collagen.",,No encontrado en carpetas de MEDICUBE
18796,ALTA,MEDICUBE Mascarilla Labial Nocturna PDRN Lip Sleeping 10 g,8800289470455,MEDICUBE,"Mascarilla facial de Medicube formulado con PDRN (polinucleótidos). PDRN (polinucleótidos): estimula la regeneración y el efecto ""glass skin"". Marca coreana viral (grupo APR), conocida por sus dispositivos de radiofrecuencia Age-R Booster y su línea PDRN Pink Collagen.",10g,No encontrado en carpetas de MEDICUBE
4121,ALTA,Medic PDRN Pi Pep Se Muestr 5 ml,8800256119127,MEDICUBE,"Muestra/sample de producto de Medicube formulado con PDRN (polinucleótidos) y exosomas. PDRN (polinucleótidos): estimula la regeneración y el efecto ""glass skin""; exosomas: potencia la regeneración celular. Marca coreana viral (grupo APR), conocida por sus dispositivos de radiofrecuencia Age-R Booster y su línea PDRN Pink Collagen.",,No encontrado en carpetas de MEDICUBE
4120,ALTA,MEDIC PDRN PINK VITA Mascarilla 1 unidades,8800256114986,MEDICUBE,"Muestra/sample de producto de Medicube formulado con PDRN (polinucleótidos). PDRN (polinucleótidos): estimula la regeneración y el efecto ""glass skin"". Marca coreana viral (grupo APR), conocida por sus dispositivos de radiofrecuencia Age-R Booster y su línea PDRN Pink Collagen.",,No encontrado en carpetas de MEDICUBE
18800,ALTA,MEDICUBE Mascarilla Facial PDRN Pink Vita Coating Ilumina y Reafirma 22 g,8800289470165,MEDICUBE,"Mascarilla facial revitalizante con PDRN y vitaminas que ayuda a mejorar la luminosidad, uniformar el tono y fortalecer la barrera cutánea, dejando la piel más fresca y saludable.

Beneficios clave
 • Aporta luminosidad y efecto glow
 • Ayuda a regenerar y fortalecer la piel
 • Unifica el tono y mejora la textura
 • Hidrata y revitaliza la piel apagada
 • Refuerza la barrera cutánea

TIPO DE PIEL
 Apta para todo tipo de piel.
 Ideal para pieles apagadas, deshidratadas o con tono irregular.

¿En qué paso de la rutina se usa?
 Paso de tratamiento. Usar después de la limpieza y el tónico.

Ingredientes principales
 • PDRN de ADN de salmón con 99% de pureza: Ayuda a mejorar visiblemente la apariencia de las manchas oscuras y la hiperpigmentación para una piel sana y radiante.
 • Colágeno y vitamina B12 rosa: Proporciona una piel de aspecto más firme y refina la textura de la piel para una apariencia más suave y equilibrada.

Modo de Uso
Aplicar sobre el rostro limpio y seco. Dejar actuar de 10 a 20 minutos. Retirar y masajear suavemente el excedente hasta su completa absorción. No enjuagar.

Textura / acabado
Mascarilla tipo sheet con esencia concentrada. Acabado luminoso, fresco y jugoso, sin sensación pesada.

Tips / Curiosidades
El color rosado de la mascarilla está pensado para potenciar el efecto revitalizante y glow en la piel, ideal para rutinas de recuperación o pre-evento.

Ingredientes
Water, Methylpropanediol, Glycerin, Niacinamide, Propanediol, Polyglycerin-3, Hydroxyacetophenone, Polyglyceryl-10 Laurate, Allantoin, Butylene Glycol, Carbomer, Ethylhexylglycerin, Tromethamine, Adenosine, 1,2-Hexanediol, Xanthan Gum, Sodium Phytate, Fragrance, Gardenia Florida Fruit Extract, Sodium DNA (PDRN), Glyceryl Acrylate/Acrylic Acid Copolymer, PVM/MA Copolymer, Glyceryl Glucoside, Sodium Hyaluronate, Cyanocobalamin, Ascorbic Acid, Soluble Collagen",22g,https://acdn-us.mitiendanube.com/stores/324/065/products/pdrn-pink-vita-coating-mask-1-7b1bef16a2a6acbeed17659835088330-640-0.webp
17076,ALTA,MEDICUBE Contorno de Ojos 2 Unidades,,MEDICUBE,"Sérum/esencia de Medicube. Marca coreana viral (grupo APR), conocida por sus dispositivos de radiofrecuencia Age-R Booster y su línea PDRN Pink Collagen.",,No encontrado en carpetas de MEDICUBE
17567,ALTA,MEDICUBE Zero Pore Pad Muestra 6 unidades,,MEDICUBE,"Set/combo (varios productos) de Medicube. Marca coreana viral (grupo APR), conocida por sus dispositivos de radiofrecuencia Age-R Booster y su línea PDRN Pink Collagen.",,No encontrado en carpetas de MEDICUBE
4122,ALTA,MEDICUBE Cabezal Limpiador AGE-R Booster,8800256114375,MEDICUBE,"Almohadillas/discos tonificantes o exfoliantes de Medicube. Marca coreana viral (grupo APR), conocida por sus dispositivos de radiofrecuencia Age-R Booster y su línea PDRN Pink Collagen.",,No encontrado en carpetas de MEDICUBE
8295,ALTA,MEDICUBE Cabezal Limpiador de Silicona AGE-R Booster Pro Rosa,8800289475085,MEDICUBE,"Ampolla/booster concentrado de Medicube. Marca coreana viral (grupo APR), conocida por sus dispositivos de radiofrecuencia Age-R Booster y su línea PDRN Pink Collagen.",,No encontrado en carpetas de MEDICUBE
1245,ALTA,MEDICUBE Dispositivo Facial AGE-R Booster Pro Mini Rosa,8800256114818,MEDICUBE,"El Age-R Booster Pro Mini Pink es un dispositivo de belleza inteligente y portátil, diseñado para mejorar la eficacia de tu rutina skincare diaria estés donde estés. Su tecnología de electroporación permite multiplicar hasta x5,6 la absorción de principios activos, mientras que la terapia LED dual (luz roja + luz azul) mejora la luminosidad, calma la piel y regula el sebo. Compacto, liviano y fácil de usar, es ideal para sumar un boost profesional a tu rutina facial, incluso en rutinas rápidas o durante viajes.

Electroporación de alta eficacia, mejora la penetración de sérums y cremas hasta un +562%, según estudios clínicos
Terapia LED dual, luz roja para iluminar, reducir líneas finas y activar colágeno; luz azul para calmar la piel y controlar oleosidad
Diseño ultra compacto y recargable, solo 75g de peso, ideal para viajes, gym bag o rutina exprés
Apto para todo tipo de piel, incluso pieles sensibles, gracias a sus modos suaves y tecnología no invasiva

MODO DE USO
Se recomienda usarlo después del tónico o sérum como paso intermedio en la rutina facial. Para potenciar resultados, usar de 3 a 5 veces por semana en zonas clave como mejillas, frente, mentón o cuello",132g,https://www.anikashop.com.ar/product_images/a/558/imagen1_medicube_age_r_booster_pro_mini_pink_imagen1__81065_zoom.jpg
18324,ALTA,MEDICUBE Dispositivo Facial AGE-R Booster Pro Negro,8809960354732,MEDICUBE,"Ampolla/booster concentrado de Medicube. Marca coreana viral (grupo APR), conocida por sus dispositivos de radiofrecuencia Age-R Booster y su línea PDRN Pink Collagen.",470g,No encontrado en carpetas de MEDICUBE
8296,BAJA,MEDICUBE Dispositivo Facial Multifunción AGE-R Booster Pro,8800366240322,AGE-R,"MEDICUBE Dispositivo Facial Multifunción AGE-R Booster Pro – 6 en 1 Glow Device

Descubrí el AGE-R Booster Pro de Medicube, el dispositivo inteligente 6 en 1 que combina electroterapia avanzada, fototerapia LED y vibración sónica para lograr un auténtico efecto glass skin coreano.

¿Qué lo hace especial?
Tecnología All-in-One 6 en 1: Integra 4 modos de tratamiento especializados (Booster Mode, MC Mode, Derma Shot Mode y Air Shot Mode) complementados con fototerapia LED y vibración sónica personalizada para abordar textura, poros, elasticidad y luminosidad.

Booster Mode (Absorción y Brillo): Maximiza la penetración de los activos de tus sérums y cremas en capas profundas de la piel, incrementando significativamente la absorción para un brillo radiante.
Air Shot Mode (Cuidado de Poros y Textura): Crea microcanales de absorción superficial sin irritación para afinar visiblemente la apariencia de los poros y suavizar la textura irregular.
MC y Derma Shot Modes (Volumen y Definición): Las microcorrientes del modo MC aportan volumen y rellenan zonas propensas a la pérdida de tonicidad (contorno de ojos y boca), mientras que el modo Derma Shot estimula la musculatura facial para brindar soporte, firmeza y definición de contornos.
Sensor inteligente y conectividad con App AGE-R: Posee sensor de contacto que activa la luz LED al tocar la piel y sincronización Bluetooth con la app oficial para personalizar rutinas, intensidad y seguimiento del tratamiento.Instrucciones de usoLimpiar adecuadamente el rostro antes de comenzar la sesión.
Modo Air Shot: Utilizar sobre la piel completamente limpia y seca, deslizando o dando ligeros toques en zonas con poros visibles (como la zona T).Modos Booster, MC y Derma Shot: Aplicar tus productos habituales de cuidado facial (sérum, ampolla o crema hidratante; no requiere un gel conductor especial).
Encender el dispositivo, seleccionar el modo deseado y regular el nivel de intensidad (se recomienda iniciar en el nivel 1 e incrementar gradualmente).
Deslizar suavemente el cabezal sobre el rostro realizando movimientos continuos y ascendentes de 5 a 10 minutos por sesión.Al finalizar, limpiar los restos de producto del cabezal con un paño suave y seco.
Calidad premium que tu piel mereceSet individual que incluye el dispositivo AGE-R Booster Pro, cable de carga USB y manual de usuario.Apto para todo tipo de piel (seca, mixta, grasa o sensible).  
Compatible con cualquier línea de cosmética facial sin necesidad de geles exclusivos.  Equipado con sensor de contacto de seguridad inteligente y terapia LED de espectro específico.
Diseñado, desarrollado y fabricado en Corea del Sur bajo rigurosos estándares de biotecnología estética.Llevá el cuidado de tu piel a un nivel profesional y disfrutá de un rostro visiblemente más suave, firme y radiante. Incorporá el AGE-R Booster Pro de Medicube a tu rutina diaria y experimentá una transformación visible desde la primera aplicación
Libre de parabenos
Los productos libres de parabenos son una buena opción para el cuidado de pieles sensibles o para quienes eligen productos sin conservantes artificiales.",8296,https://medicube.us/cdn/shop/files/71gFGj1soOL._AC_SX679__1_79d0dc07-6923-47d3-9e47-64a521670953.jpg?v=1765875402&width=823
8291,BAJA,MEDICUBE Dispositivo Facial AGE-R Booster Pro Mini Plus Rosa,8800289475221,MEDICUBE,"El Booster Pro Mini es una versión ultracompacta del dispositivo Booster Pro, ideal para uso diario y en movimiento. Combina tecnología electroporación (para mejorar la absorción de productos) con terapia LED dual (luz roja para luminosidad y anti-recuerdo; luz azul para calmar y regular el exceso de sebo). Perfecto como complemento rápido dentro de tu rutina skincare. 

Beneficios clave
-Aumenta la absorción de productos hasta un 562 % (según prueba clínica Tego Science).
-Luz roja: ilumina y combate líneas finas. Luz azul: aporta calma y regula la producción de sebo.
-Compacto, portátil y fácil de usar, ideal para rutinas rápidas o viajes. 

Tipo de piel
Apto para todo tipo de piel, incluidas las más sensibles, gracias a su modo calmante y uso suave. 

Paso en la rutina
1.Limpieza
2.Tónico o sérum
3.Uso del Booster Pro Mini (modo LED seleccionado)
4.Continuar con hidratante
5.Protector solar (al día siguiente si corresponde)

Especificaciones técnicas
-Batería recargable de 700 mAh (USB-C, DC 5 V)
-Dimensiones: aproximadamente 155.5 mm de largo, 25.5 mm de diámetro
-Peso: apenas 75 g
-Modos LED: Rojo + Azul con patrones de vibración diferenciados",8291,https://acdn-us.mitiendanube.com/stores/324/065/products/20250110_me_booster_mini76875-copy2-f0e691c35ebd6f61fe17577034267475-1024-1024.webp
18573,ALTA,MEDICUBE Dispositivo Facial AGE-R Booster Pro Rosa,8800256114481,MEDICUBE,"Ampolla/booster concentrado de Medicube. Marca coreana viral (grupo APR), conocida por sus dispositivos de radiofrecuencia Age-R Booster y su línea PDRN Pink Collagen.",470g,No encontrado en carpetas de MEDICUBE
8652,BAJA,Medicube AGE-R Booster Pro X2 Dispositivo Cuidado Facial ,8800289468759,AGE-R,"Medicube AGE-R Booster Pro X2: dispositivo facial avanzado de tecnología coreana.

TECNOLOGÍA ALL-IN-ONE
El Booster Pro X2 ofrece una experiencia de cuidado facial potente e inteligente. Integra múltiples modos de tratamiento, terapia LED y funciones avanzadas. Su cabezal ampliado con tecnología Dual Head actúa sobre distintas capas de la piel para favorecer la absorción de productos cosméticos, aportar luminosidad, elasticidad y una apariencia revitalizada.

7 MODOS INTELIGENTES DE CUIDADO FACIAL
* Booster X2: mejora la absorción e hidratación.
* MC X2: cuidado de volumen y elasticidad.
* Derma Shot X2: firmeza y contorno.
* Air Shot X2: cuidado de poros y textura.
* Mask Mode: optimización de mascarillas faciales.
* Dual Mode: combinación de 2 modos simultáneos.
* AI Mode: cuidado personalizado.

TECNOLOGÍA LED DE 7 COLORES
Terapia LED con longitudes de onda específicas para diversos tratamientos:
* Rojo: luminosidad y elasticidad.
* Verde: volumen.
* Naranja: tono y firmeza.
* Amarillo: textura.
* Azul: efecto calmante.
* Violeta: balance de la piel.
* Celeste: cuidado de poros.

ESPECIFICACIONES TÉCNICAS
* 7 modos de cuidado facial.
* 7 colores LED terapéuticos.
* Cabezal 1.3 veces más grande.
* 6 niveles de intensidad.
* Tecnología AI integrada.
* Modo Dual simultáneo.
* Pantalla digital incorporada.
* Diseño ergonómico, moderno y portátil.
* Origen: Corea del Sur.
* Certificación KC: R-R-pg1-ME-BPXT.
* El empaque incluye dispositivo y manual.
* Producto de belleza facial. No es un dispositivo médico.
",8652,https://http2.mlstatic.com/D_NQ_NP_2X_912002-MLA112071703875_052026-F.webp
8523,BAJA,MEDICUBE AGE-R V Roller Pink Cabezal Roller Facial y Corporal para Mini Booster Pro Plus,8800289466281,AGE-R,"Cabezal Roller Facial y Corporal para Mini Booster Pro Plus

El Medicube AGE-R V Roller Pink es el complemento imprescindible para potenciar tu rutina de cuidado facial y corporal. Este cabezal metálico intercambiable está especialmente diseñado para utilizarse con el dispositivo AGE-R Mini Booster Pro Plus, ofreciendo un masaje cosmético efectivo en rostro, cuello y hombros.

Características principales
Diseño ergonómico en ángulo de 65° que se adapta perfectamente a los contornos del rostro y cuerpo.
Tres modos de vibración para personalizar la intensidad del masaje según tus necesidades.
Ayuda a mejorar temporalmente la apariencia de la hinchazón, favoreciendo una mayor definición facial.
Potencia la absorción del gel conductor, maximizando los beneficios de tus productos cosméticos favoritos.
Beneficios
Este cabezal es ideal para quienes buscan: - Aumentar la firmeza y elasticidad de la piel. - Realizar masajes que ayuden a relajar tensiones y mejorar la circulación. - Complementar rutinas de belleza enfocadas en el rejuvenecimiento y tonificación facial y corporal.

Compatibilidad
Exclusivo para el uso con Medicube AGE-R Mini Booster Pro Plus. No es compatible con otros dispositivos.

Modo de uso
Colocar el cabezal en el dispositivo AGE-R Mini Booster Pro Plus.
Aplicar el gel conductor sobre la piel.
Seleccionar el modo de vibración deseado y realizar movimientos suaves en las áreas a tratar (rostro, cuello y hombros).
Limpiar el cabezal después de cada uso para mantener la higiene.
Calidad y seguridad
Fabricado con materiales premium para una mayor durabilidad.
Producto dermatológicamente testeado y apto para todo tipo de pieles.
Incorporá el Medicube AGE-R V Roller Pink a tu rutina diaria y descubrí una nueva forma de cuidar tu piel, logrando mayor firmeza, elasticidad y luminosidad.",8523,https://miamitechnologyusa.com/wp-content/uploads/2026/07/pagina-345.png
8292,ALTA,MEDICUBE Gel Conductor PDRN Booster para Dispositivos Faciales 300 ml,8800256114979,MEDICUBE,"Ampolla/booster concentrado de Medicube formulado con PDRN (polinucleótidos). PDRN (polinucleótidos): estimula la regeneración y el efecto ""glass skin"". Marca coreana viral (grupo APR), conocida por sus dispositivos de radiofrecuencia Age-R Booster y su línea PDRN Pink Collagen.",,https://drive.google.com/file/d/1gBqxMqMWKkyotZvJBgEJMxFT5k2n5B9H/view?usp=drivesdk
8686,BAJA,Medic Combo Age-r-boost Clean,,AGE-R,,8686,
18794,ALTA,MEDICUBE Protector Solar en Crema PDRN Pink Tone Up 50 ml,8800256119219,MEDICUBE,"Protector solar facial de Medicube formulado con PDRN (polinucleótidos). PDRN (polinucleótidos): estimula la regeneración y el efecto ""glass skin"". Marca coreana viral (grupo APR), conocida por sus dispositivos de radiofrecuencia Age-R Booster y su línea PDRN Pink Collagen.",50ml,No encontrado en carpetas de MEDICUBE
18793,ALTA,MEDICUBE Tratamiento Capilar 2 en 1 Soyxidil para Caída del Cabello 265 ml,8809517413653,MEDICUBE,"Tratamiento capilar de Medicube. Marca coreana viral (grupo APR), conocida por sus dispositivos de radiofrecuencia Age-R Booster y su línea PDRN Pink Collagen.",265ml,No encontrado en carpetas de MEDICUBE
18750,ALTA,MEDICUBE Shampoo Vegetal Soyxidil para Caída y Exceso de Sebo 490 ml,8809517413646,MEDICUBE,"Champú de Medicube. Marca coreana viral (grupo APR), conocida por sus dispositivos de radiofrecuencia Age-R Booster y su línea PDRN Pink Collagen.",490ml,No encontrado en carpetas de MEDICUBE
20052,ALTA,Medipeel EGF Scaling Moistu Cr,,MEDICUBE,"Producto de skincare/belleza de Medicube. Edición/combo especial en colaboración con ABIB, MIXS. Marca coreana viral (grupo APR), conocida por sus dispositivos de radiofrecuencia Age-R Booster y su línea PDRN Pink Collagen.",,No encontrado en carpetas de MEDICUBE
588,ALTA,MEDI-PEEL Crema Reparadora de Pies EGF Scaling Moisture 2.0 con Urea 130 g,8809941823073,MEDIPEEL,Crema facial de Medipeel formulado con EGF (factor de crecimiento). EGF (factor de crecimiento): estimula la regeneración cutánea. Dermocosmética coreana especializada en péptidos (línea Peptide 9) y ampollas concentradas de colágeno y oro.,,"https://drive.google.com/file/d/1OhC0K6ZT3o6p0KHRbEfHOgzCAPL2CgVB/view
https://drive.google.com/file/d/1JAHBLyrqPgOqwFeU5nq0Io9ZYXWVep89/view
https://drive.google.com/file/d/15ct2tm6bL4eyJOvIOAmYt_a5_IDVWeEI/view
https://drive.google.com/file/d/13sVcIubF3JBVvzIPkZqUOimvqmTK-WQ9/view
https://drive.google.com/file/d/1yvod3SY8bFSR92h_MzQIZN6OdNFR8AOS/view
https://drive.google.com/file/d/1hEKAshpNaiIYZtmXUka05ChuZWpR0gSe/view"
586,ALTA,MEDI-PEEL Tratamiento Eliminador de Puntos Negros Extra Super 9 Plus 2.0 100 ml,8809409340951,MEDIPEEL,Ampolla/sérum concentrado de Medipeel. Dermocosmética coreana especializada en péptidos (línea Peptide 9) y ampollas concentradas de colágeno y oro.,,No encontrado en carpetas de MEDIPEEL
598,ALTA,MEDI-PEEL Ampolla Hidratante Hyaluronic Acid Layer Mooltox Minimiza Poros 30 ml,8809941820904,MEDIPEEL,Ampolla/booster concentrado de Medipeel formulado con ácido hialurónico. ácido hialurónico: aporta hidratación profunda. Dermocosmética coreana especializada en péptidos (línea Peptide 9) y ampollas concentradas de colágeno y oro.,,"https://drive.google.com/file/d/1hMFijEFrfd2pJJ0GaFedpvnYmN8V2NS7/view
https://drive.google.com/file/d/1yOyCaeSKa3YyX-lJzjmzlb9T7BIU_A8y/view
https://drive.google.com/file/d/1eq9Xq0YZiwg0CXLIvLTziyDAZttkDht0/view
https://drive.google.com/file/d/1XNEUe-iIka7Pccks0kGs7DhDFHIG5EvG/view
https://drive.google.com/file/d/1NMDQ4CSeeQdEpsskuk0cFul9t4FqqEzs/view
https://drive.google.com/file/d/1SV9PKMb37jdlAFH4R9bjY6wLSBoJEfwr/view"
641,ALTA,MEDI-PEEL Ampolla Reafirmante Lif-Tox Colágeno y Elastina Hidrolizada 35 ml,8809409347646,MEDIPEEL,Ampolla/booster concentrado de Medipeel. Dermocosmética coreana especializada en péptidos (línea Peptide 9) y ampollas concentradas de colágeno y oro.,,No encontrado en carpetas de MEDIPEEL
602,ALTA,MEDI-PEEL Ampolla Revitalizante Luxury 24K Gold con Oro de 24 Quilates 100 ml,8809409343082,MEDIPEEL,Ampolla/booster concentrado de Medipeel formulado con oro coloidal. oro coloidal: aporta luminosidad y firmeza. Dermocosmética coreana especializada en péptidos (línea Peptide 9) y ampollas concentradas de colágeno y oro.,,"https://drive.google.com/file/d/1MvrrGH8E9rfWKXDvMm5bQa11Ub7222ik/view
https://drive.google.com/file/d/1JMjX4VHpNI5x-UoSHAt8a0XtdSdd1xA6/view
https://drive.google.com/file/d/1geZhDg_l4LfByzObtCsRmKoGQfNtWEuS/view
https://drive.google.com/file/d/1nGkN-oQvvQTd9MnX4Gtrad5EhTJao5PC/view
https://drive.google.com/file/d/1VhygQT8niFRdE9Fg1nvtMReFA7Ek_uTp/view
https://drive.google.com/file/d/1mwPuk7QR5Pyboaw6gMKMn-6z1jy1jJWl/view"
634,ALTA,MEDI-PEEL Protector Solar en Barra Bio Sun Stick PRO Bio Péptidos y Niacinamida 20 g,8809941820393,MEDIPEEL,Protector solar facial de Medipeel formulado con péptidos. péptidos: mejora firmeza y elasticidad. Dermocosmética coreana especializada en péptidos (línea Peptide 9) y ampollas concentradas de colágeno y oro.,,"https://drive.google.com/file/d/15cklg3r3VO3BWKFx_cDvOYwbC7MggEud/view
https://drive.google.com/file/d/1SLOep-rKIjTAaMwJ6G3xha-hs2sALg7N/view
https://drive.google.com/file/d/1mhyYNpXopkefQ4VyrCUzS8ZR6XZwLqO5/view
https://drive.google.com/file/d/1QFapS716a6H_M29juN9IfyLCaSyvTenG/view
https://drive.google.com/file/d/1aIIfTGPfBmduJvCIzSmEdvKsAkwP1Vsc/view
https://drive.google.com/file/d/1ozxBZFHt2Ux4v256ehTQnnLBcvLzUR24/view"
594,ALTA,MEDI-PEEL Esencia Facial Efecto Lifting Peptide 9 Volume All In One Pro 100 ml,8809941820386,MEDIPEEL,Ampolla/sérum concentrado de Medipeel formulado con péptidos. péptidos: mejora firmeza y elasticidad. Dermocosmética coreana especializada en péptidos (línea Peptide 9) y ampollas concentradas de colágeno y oro.,,"https://drive.google.com/file/d/1XMTAJkfKZ9ZA6n3LasxkgoJRG4_GeQ0x/view
https://drive.google.com/file/d/1z9gZW8Jqgz_k1S03FTSm1u5VSB0M0_KS/view
https://drive.google.com/file/d/1wQSEfPmotTTWprK43jdfBLptBkATIZbV/view
https://drive.google.com/file/d/15wcfXcXOOny0Zsww9Aucl1T-4tCXX_GW/view
https://drive.google.com/file/d/1E73SKximCGd3FHYHpA3MeuwkuH1XuhX-/view
https://drive.google.com/file/d/1GBnBo5BaoIs5zLEgtUJpaxqCIS40kbuJ/view"
596,ALTA,MEDI-PEEL Crema Reafirmante Peptide 9 Volume and Tension Tox Pro Volufiline 50 g,8809941820430,MEDIPEEL,Ampolla/sérum concentrado de Medipeel formulado con péptidos. péptidos: mejora firmeza y elasticidad. Dermocosmética coreana especializada en péptidos (línea Peptide 9) y ampollas concentradas de colágeno y oro.,,"https://drive.google.com/file/d/1ySd0PdrpR69L3uCg5D2tZGK6MTncJYWk/view
https://drive.google.com/file/d/1E80ySGJQ6lCO5NfOFzF-IlOuHgWV2su8/view
https://drive.google.com/file/d/1rcnLWcwQXYKtu9h77rpMYoBtIbNIVuTa/view
https://drive.google.com/file/d/1ybfLSIHebGwyDW1yZDdhVnLUIjeVNSkn/view
https://drive.google.com/file/d/1veNrgz3iH5UrMQTUwGigUtq9a8dZZ7Ww/view
https://drive.google.com/file/d/1Cs7AC0ugSmsTPY9m0y_iafXGwnj3iInw/view"
595,ALTA,MEDI-PEEL Ampolla Iluminadora Peptide 9 Volume Biotox Pro Astaxantina 100 ml,8809941820621,MEDIPEEL,Ampolla/sérum concentrado de Medipeel formulado con péptidos. péptidos: mejora firmeza y elasticidad. Dermocosmética coreana especializada en péptidos (línea Peptide 9) y ampollas concentradas de colágeno y oro.,,"https://drive.google.com/file/d/1gL1OOLFxOemGbBVd2E7gHRKGgvTJU5l0/view
https://drive.google.com/file/d/1EtNd8nSjWLJm4madvu25sPoMdrjD44eA/view
https://drive.google.com/file/d/1JG5UvkzL4GNW30TLJDR0x3cl3esVXcqt/view
https://drive.google.com/file/d/1KhlTN5aZMZt8zTQxpJh8PZ3VwdDJapmL/view
https://drive.google.com/file/d/1ETRPkp2fj5WD3rphvJIGGDNsAOIM1B5z/view
https://drive.google.com/file/d/1RGGH82xtmuTpUtLDxD_x1OWR-H6yAXKy/view"
597,ALTA,Medi-peel Peptide 9 Volume Bio Tox Kit de Prueba,8809941821437,MEDIPEEL,Ampolla/sérum concentrado de Medipeel formulado con péptidos. péptidos: mejora firmeza y elasticidad. Dermocosmética coreana especializada en péptidos (línea Peptide 9) y ampollas concentradas de colágeno y oro.,,"https://drive.google.com/file/d/1gc73_HbH08yinPPED_bWqOZ1E5itwGkI/view
https://drive.google.com/file/d/1IjzezWNAkHI6rLM6cutkLOkqyU0IM4ad/view
https://drive.google.com/file/d/1vBb30ECnBe1-EfWThH_R88fiQyREv-Av/view
https://drive.google.com/file/d/1oXZlUK7p1Tu6LWut-HtFpOUdnNerr7I6/view
https://drive.google.com/file/d/1-6Tkji_sjYEvazk0zdFPtQPWbhZfTjfw/view
https://drive.google.com/file/d/1rKFm-LsJQbL_7qU5nC6tWRtV_2O1njcT/view"
640,ALTA,MEDI-PEEL Contorno de Ojos Reafirmante Peptide 9 Volume Lif-Tox 20 ml,8809409340319,MEDIPEEL,Crema facial de Medipeel formulado con péptidos. péptidos: mejora firmeza y elasticidad. Dermocosmética coreana especializada en péptidos (línea Peptide 9) y ampollas concentradas de colágeno y oro.,,"https://drive.google.com/file/d/1lpc3tGuKre5MK41Wve8lC37VhS1HtpU2/view
https://drive.google.com/file/d/1yj5fUVzFQFie_M41DKpgSWB_XP_8ECOw/view
https://drive.google.com/file/d/1-kdigo0KNQxpFa9wt16d8ebFPEnIU9P-/view
https://drive.google.com/file/d/1DLlLGm6Vnmj4eOdbCMJpPRLQEfNwYybN/view
https://drive.google.com/file/d/1ppa4D-fIaYGmVhk1ZDWbm2NadMqBjOKm/view
https://drive.google.com/file/d/1mds1XoJsT6nSuyXvtc-HgHqBnBCKPOlJ/view"
589,ALTA,MEDI-PEEL Mascarilla Facial Reafirmante Red Lacto Collagen Pore Lifting 10 unidades,8809409345741,MEDIPEEL,Mascarilla facial de Medipeel. Dermocosmética coreana especializada en péptidos (línea Peptide 9) y ampollas concentradas de colágeno y oro.,,No encontrado en carpetas de MEDIPEEL
593,ALTA,MEDI-PEEL Mascarilla Peel Off Red Lacto Collagen de Bajo Peso Molecular 70 ml,8809409342504,MEDIPEEL,Mascarilla facial de Medipeel formulado con colágeno. colágeno: aporta firmeza y elasticidad. Dermocosmética coreana especializada en péptidos (línea Peptide 9) y ampollas concentradas de colágeno y oro.,,"https://drive.google.com/file/d/1BtiBV4VhN86VMMvxuq-z00v5OtMxFH9l/view
https://drive.google.com/file/d/1_oIae1r2_Kc91_kySLFpkR09_sQ3ZlOI/view
https://drive.google.com/file/d/1zRoqXWW_rAxc1XEG0w7ZSoTo0qnQD4Zv/view
https://drive.google.com/file/d/1_SelptOjUXGSB0A1J-AaEfKany0rVgqn/view
https://drive.google.com/file/d/1hPBFvhrH4ToFjHbvfmqEQtBq1fdrNmjX/view
https://drive.google.com/file/d/1WsjaMtkJ3lWxoeJPPJL-_6UFGUI0D7oY/view"
601,ALTA,MEDI-PEEL Limpiador Facial Red Lacto Collagen Clear 2.0 Reduce Poros 120 ml,8809409340098,MEDIPEEL,Ampolla/sérum concentrado de Medipeel formulado con colágeno. colágeno: aporta firmeza y elasticidad. Dermocosmética coreana especializada en péptidos (línea Peptide 9) y ampollas concentradas de colágeno y oro.,,"https://drive.google.com/file/d/1IT2eAuOyD79ym3rdzFtzfCps9vOs9gy2/view
https://drive.google.com/file/d/1gwuCPELUCIQTL-vK6ju-i_P_CO_xfzMT/view
https://drive.google.com/file/d/1rucGOI2-bIgyXsnJgfUoeEzfjQzD7_Vs/view
https://drive.google.com/file/d/1VhKyCQbueHMXtH8Hw1KROdSYzWqaQAUW/view
https://drive.google.com/file/d/1T2ZNSKyXPlGJ1rmHUfsj0PF1_1rTVTYW/view
https://drive.google.com/file/d/18FZMawPFlZisTsBzVLFA9CxYMeYB8fie/view"
642,ALTA,MEDITHERAPY Bruma Facial Blue Layer Mist Ampoule con Aplicador Jet,8809606773781,MEDITHERAPY,Bruma/spray facial de Meditherapy. Marca clínica coreana con dispositivos de lifting facial (Shumag) y activos como el ácido tranexámico.,,"https://drive.google.com/file/d/18T_BKnzx3Y7YsT8FiJxbsNNFFJvtfoBB/view
https://drive.google.com/file/d/1huMrayyJT2MbCRb_LyljbYojKsd7slDQ/view
https://drive.google.com/file/d/1xc4a0FKjv9Kr5kcwf2EWmB6-boPlNKVb/view
https://drive.google.com/file/d/1UPj6wQa5EG5vQ-Z_vTgzYKgzg9gXnZUB/view
https://drive.google.com/file/d/18vwjCJThu6gC_BIwrkBc4Cth3euV3uPm/view
https://drive.google.com/file/d/1otXjKpWbsVidh76TltZ_KpvcSB1cF_Df/view"
662,ALTA,MEDITHERAPY Crema Reafirmante Inmotox Peptide Shot Acetyl Hexapeptide-8 50 ml,8809606776409,MEDITHERAPY,Champú de Meditherapy formulado con péptidos. péptidos: mejora firmeza y elasticidad. Marca clínica coreana con dispositivos de lifting facial (Shumag) y activos como el ácido tranexámico.,,"https://drive.google.com/file/d/1P5R3e459BcDpLzQOvZlo55uJYYuZrOl-/view
https://drive.google.com/file/d/1lgAyRM2mP67IeAuEv4C3PqAtKnNSfgjc/view
https://drive.google.com/file/d/1-WybVeAmJ6k5qkqR_p5VHteIJOIRMDME/view
https://drive.google.com/file/d/1KAsoV2BZDmEJwpO5G4Hk4arkWDgtOK7B/view
https://drive.google.com/file/d/1aVtcr1neinAMZ6aE80NR5lSB9v1Ebc_e/view
https://drive.google.com/file/d/1X2853MVr_zjyqb0ULaSFwJGYhqO35YvH/view"
810,ALTA,MEDITHERAPY Crema Reafirmante Inmotox Peptide Shot con Suction Jet Péptidos 50 ml,8809606776294,MEDITHERAPY,Dispositivo de belleza de Meditherapy. Marca clínica coreana con dispositivos de lifting facial (Shumag) y activos como el ácido tranexámico.,,"https://drive.google.com/file/d/1j3y1-7meMGHes-3x7UkkdSOemsI_uGPn/view
https://drive.google.com/file/d/1AxUVpUeGwNu8gM_PMf9xy-5a3tqxloHs/view
https://drive.google.com/file/d/1wvnLF-4hiRiivj1aJdUeQMYwLsBDa1B9/view
https://drive.google.com/file/d/1WxgE72THsrO_ALuezr6Zl3d-0vTy4pdL/view
https://drive.google.com/file/d/1aVRCeB0yZUqhvJuIbRTsV7UPQ8osemDB/view
https://drive.google.com/file/d/1btE-4QutQtG5Jed88V1Gwx8h6CYuNO0H/view"
658,ALTA,MEDITHERAPY Sérum Renovador Antiedad Retinal Skin Booster Retinal Liposomado 150 ml,8809606774078,MEDITHERAPY,Ampolla/booster concentrado de Meditherapy formulado con retinol/retinal. retinol/retinal: estimula la renovación celular anti-edad. Marca clínica coreana con dispositivos de lifting facial (Shumag) y activos como el ácido tranexámico.,,"https://drive.google.com/file/d/1BDfdvBbbHMa2vuIx-UGzCbEv6SpUBbln/view
https://drive.google.com/file/d/11veh-zfLQvuoe4B6ap7-8uNEawL-TP8B/view
https://drive.google.com/file/d/1RSRQQyW7JyF_iiGdW7IWTaTiFHGZYcUR/view
https://drive.google.com/file/d/17kip1VdTjCWo-8P2KLFMyh8yNPtf_MzB/view
https://drive.google.com/file/d/1DhlBMXbmzb2kL2ld0Zb5DiaCBNuuO2Wj/view
https://drive.google.com/file/d/1C4U4Dnn1nlZ08wtLrPm4zI23niEio6mT/view"
770,ALTA,Shumage Gold Seal Lifting Crema y Ems Device,8809606776683,MEDITHERAPY,Dispositivo de belleza de Meditherapy. Marca clínica coreana con dispositivos de lifting facial (Shumag) y activos como el ácido tranexámico.,,No encontrado en carpetas de MEDITHERAPY
643,ALTA,MEDITHERAPY Crema Reafirmante Shumage Gold Seal Lifting Oro Coloidal y Colágeno 50 ml,8809606773163,MEDITHERAPY,Dispositivo de belleza de Meditherapy formulado con oro coloidal. oro coloidal: aporta luminosidad y firmeza. Marca clínica coreana con dispositivos de lifting facial (Shumag) y activos como el ácido tranexámico.,,"https://drive.google.com/file/d/1UQuO_0ArtCQPRHCnbJOAADV8wt8ZuqJL/view
https://drive.google.com/file/d/1fgNGMFMlQLfcrJzwp447dX5hp0kexpp3/view
https://drive.google.com/file/d/1iODaV_cHf-ZwZiHHQ3UpwOiz71YMr6u0/view
https://drive.google.com/file/d/1QUQs9k9gNYhy_YbuZyTcYogEjob4ruFx/view
https://drive.google.com/file/d/1NREnuV4_ZdGrQMTqAuMyyx9lax2qqGrz/view
https://drive.google.com/file/d/1sN1g83dlnsQHtRUUiQvTqVhs8OKSb0jG/view"
657,ALTA,MEDITHERAPY Ampolla Reafirmante Shumage Shot Gold Seal Efecto Hilos 12 ml,8809606773156,MEDITHERAPY,Dispositivo de belleza de Meditherapy formulado con oro coloidal. oro coloidal: aporta luminosidad y firmeza. Marca clínica coreana con dispositivos de lifting facial (Shumag) y activos como el ácido tranexámico.,,"https://drive.google.com/file/d/1EViqqtI7NE_9hyFMvV8cuPtYm3rin3Ah/view
https://drive.google.com/file/d/1IovfCw4sPW6yTlCsS8AJYL-BDbtHie_2/view
https://drive.google.com/file/d/1JRunhd-jkGHyfkFKXjvhGQ2lsTi0d4UP/view
https://drive.google.com/file/d/18YTRczehAzvxBE_g17o_U5ohuVkbng_Z/view
https://drive.google.com/file/d/1sO32PP4qQLNhml7ODO2BqCJh80dTMFLj/view
https://drive.google.com/file/d/1OMiMhwbd60VEIc6JjBBIWog7bbwUhru0/view"
644,ALTA,MEDITHERAPY Mascarilla Peel Off Shumage Gold Seal Wrapping Oro y Colágeno 90 g,8809606773187,MEDITHERAPY,Dispositivo de belleza de Meditherapy formulado con oro coloidal. oro coloidal: aporta luminosidad y firmeza. Marca clínica coreana con dispositivos de lifting facial (Shumag) y activos como el ácido tranexámico.,,"https://drive.google.com/file/d/1SA0sMhAV6WXNSu5h1W94xL36nkDVXnR5/view
https://drive.google.com/file/d/1CKTw5lJ6VXIsT6BBOkPJ0EVUF70PA9FG/view
https://drive.google.com/file/d/1LbMcl9H8NpwsoU_nHJN7SvguTSbPkcpY/view
https://drive.google.com/file/d/1NK_h6eUBd7jNhKCEA72XWgF7tXrsIEiO/view
https://drive.google.com/file/d/1bqnlBdsdC5QNU4H3RxT6xIL9mE4hSMp5/view
https://drive.google.com/file/d/1S1k5iwy_94Nd0U-VEhQZB6QrXc0IRhZq/view"
663,ALTA,MEDITHERAPY Crema Iluminadora y Antimanchas Tranexamic Acid Skin Booster 100 ml,8809606776867,MEDITHERAPY,Producto de skincare/belleza de Meditherapy. Marca clínica coreana con dispositivos de lifting facial (Shumag) y activos como el ácido tranexámico.,100,"https://drive.google.com/file/d/16RpbZzYFgl6EWzyoHOLYx72RBIJs9LBp/view
https://drive.google.com/file/d/10Pu2cko-DVzjKXAT84cwYV-c5mYhpaKd/view
https://drive.google.com/file/d/1kBY-Y-c6V3_ZTJDrJh87OSyXguzBMR3G/view
https://drive.google.com/file/d/1kY1KPU8YAl6ADroFH8rkELWZzoJEDFSy/view
https://drive.google.com/file/d/1M8uRDYBdEJsBXJRyDQfAoJgke-COohvC/view
https://drive.google.com/file/d/1B115vhlLxhBg--AKUGRZpo1YOzX97vR6/view"
660,ALTA,MEDITHERAPY Mascarilla Efecto Lifting Tension Up Collagen Matrixyl 3000 5 unidades,8809606776324,MEDITHERAPY,Mascarilla facial de Meditherapy. Marca clínica coreana con dispositivos de lifting facial (Shumag) y activos como el ácido tranexámico.,,No encontrado en carpetas de MEDITHERAPY
6264,BAJA,Menokin 30s Bubbl Clens P Limpieza,8809739130482,MENOKIN,,6264,"https://drive.google.com/file/d/1UT0Fhfx4m-BZi_Sp3AC95MBdx3-BqOiK/view
https://drive.google.com/file/d/1yXnlErPKsVWiw_16fkLEm9qsRAwSEeA5/view
https://drive.google.com/file/d/1g0wz7BlKawYgRC7ILReTQXbvSrWxEcZ8/view
https://drive.google.com/file/d/1gITLhT6uKj_MYSlf-V5CHOl5tS30zlmq/view
https://drive.google.com/file/d/14u-GOWWIdTdVJD57na8I3y3UbLT97eaI/view
https://drive.google.com/file/d/1GOk90SxrMl-TNA0stgl_2H1JUBRa8_9W/view"
6262,BAJA,Menokin 30s Bubbl Clens Perfec,8809739130505,MENOKIN,,6262,"https://drive.google.com/file/d/1M3kaYl-A4qtAofVZrXimcdZCsa_ynpc_/view
https://drive.google.com/file/d/1A5tbFJZM6QSJWsJyrNnKz213MRhvzut8/view
https://drive.google.com/file/d/17xOV7DyblFabeqzMXbm3B2oETzSu1l7B/view
https://drive.google.com/file/d/1df3mNoy8hMwymloB8OPZD_lklkDzZUuq/view
https://drive.google.com/file/d/1Ryg6XX1uPzHEzvdeYeUiQJaDP66RJQBb/view
https://drive.google.com/file/d/16YPUDPJYZ_jHmvMLIfpASpmWQyg9TIHm/view"
6265,BAJA,Menokin 30s Quick Bubbl M Limpieza,8809739130260,MENOKIN,,6265,"https://drive.google.com/file/d/115-GS5upbiLm-SPW9I6IbvGcWwJ3DHx5/view
https://drive.google.com/file/d/1_k4AeX9E-XqhFR1PRmz7uXOAzpdgL2GZ/view
https://drive.google.com/file/d/1BNY6KzanjInRRbsjg4hYbuMlg8zq1DZ3/view
https://drive.google.com/file/d/1IRw5sdOe2k_E17vKiKcdJZqFk6JFvPmu/view
https://drive.google.com/file/d/1e8ZLv1ZNSALnlKZytI07UaL1QEeFqiba/view
https://drive.google.com/file/d/1As8NhF1wNHY6qVYXpcZlZ9K2lmW8olBN/view"
6266,BAJA,Menokin 30s Quick Bubbl M Lift,8809739130116,MENOKIN,,6266,"https://drive.google.com/file/d/1DE7YY3Mv2DseNGspi-SLFZkAidLLzSfJ/view
https://drive.google.com/file/d/1gH0BnvoHm7Jh5LA7KI7Z53j6o85P5dkw/view
https://drive.google.com/file/d/1P0YUwYnduzPZSrYCw4r1Uz5PgpW21kJj/view
https://drive.google.com/file/d/1ePavOnYVlRl1fkvrjRXtxG-7SF8F5i2B/view
https://drive.google.com/file/d/1ZUK2HHCVaWJ3325sYmrB0fDm3heqgcwB/view
https://drive.google.com/file/d/1muCrcyqTSqvf5Mm7KCP4TeTkdBCmR5Oe/view"
6267,BAJA,Menokin 30s Quick Bubbl M Mois,8809739130130,MENOKIN,,6267,"https://drive.google.com/file/d/1-_XHIRR7aTmfh5hoSSS0_qyRXWTOA4ZF/view
https://drive.google.com/file/d/18h6s6i98ImQqYvuvvhdwrFMeAN4-KLKl/view
https://drive.google.com/file/d/1E_d-zcLjgA5KGe4_W6ba6AaHlZSAcHKe/view
https://drive.google.com/file/d/1bXeUmZQH2Cn-vRk7IF3gwwhk0jH7hyXr/view
https://drive.google.com/file/d/10FjxgtZ6ZPFLFezuRxWuaL9oubmnKhHo/view
https://drive.google.com/file/d/16RTwJxRHOe-z7T_z_KJxjnj9sD0mqHI9/view"
6268,BAJA,Menokin 30s Quick Bubbl M Repa,8809739130253,MENOKIN,,6268,"https://drive.google.com/file/d/1xHiga8qru0wpHED4XoZxhB2eiACcvnL_/view
https://drive.google.com/file/d/1ip_JC58aYs474TJK5NTZ1F3AmE8p3ej5/view
https://drive.google.com/file/d/1Rmix_BPkzMmMyf7r6wMET7bDn0s6hqLr/view
https://drive.google.com/file/d/1QPnBtrg1S8Nt1o22a8NHgdl0l6OviIRp/view
https://drive.google.com/file/d/1vzI3Y5H664HHb4JJN1KBAstsCqUEXar-/view
https://drive.google.com/file/d/14OwIcYbcjfrJMKa0RLUu83MVcMMG2Zpj/view"
3533,ALTA,MIXSOON Aceite Limpiador Bean de Soja Fermentada 195 ml,8809732911873,MIXSOON,"Aceite limpiador/tratamiento de Mixsoon formulado con extracto de haba/soja. extracto de haba/soja: hidrata y aporta antioxidantes. Marca coreana minimalista, con el extracto de haba negra (Bean) y Centella como ingredientes hero en fórmulas de pocos ingredientes.",195ml,No encontrado en carpetas de MIXSOON
22793,ALTA,MIXSOON Mascarilla de Hidrogel Bean Collagen Reafirmante Colágeno 5 unidades,8809732914522,MIXSOON,"Mascarilla facial de Mixsoon formulado con colágeno y extracto de haba/soja. colágeno: aporta firmeza y elasticidad; extracto de haba/soja: hidrata y aporta antioxidantes. Marca coreana minimalista, con el extracto de haba negra (Bean) y Centella como ingredientes hero en fórmulas de pocos ingredientes.",35g,"https://drive.google.com/file/d/1DK3fRteaH44JM6IkUN9QjjmHEEcdegFd/view
https://drive.google.com/file/d/1KvHjMQswBaToERcxut4XzAHx5evLdVV2/view
https://drive.google.com/file/d/1S18tQFtCHRy9nuZBoRntWlazfK0zEwnM/view
https://drive.google.com/file/d/1OUYJ0F1xQu785XriuxHXVmBXv4PFwqeZ/view
https://drive.google.com/file/d/1K4CM0oz6ZtzZXcNL4GByxh9knZXkOOar/view
https://drive.google.com/file/d/1KM5HTWO-6hVqOf3TbazKnRFrUNxEHDSJ/view"
3544,ALTA,MIXSOON Crema Facial Ligera Bean Hidratación Duradera 50 ml,8809732910661,MIXSOON,"Crema facial de Mixsoon formulado con extracto de haba/soja. extracto de haba/soja: hidrata y aporta antioxidantes. Marca coreana minimalista, con el extracto de haba negra (Bean) y Centella como ingredientes hero en fórmulas de pocos ingredientes.",50ml,No encontrado en carpetas de MIXSOON
3569,ALTA,Mixsoon Bean Essence Esencia Facial Hidratante y Antioxidante 50 ml,8809732910159,MIXSOON,"Sérum/esencia de Mixsoon formulado con extracto de haba/soja. extracto de haba/soja: hidrata y aporta antioxidantes. Marca coreana minimalista, con el extracto de haba negra (Bean) y Centella como ingredientes hero en fórmulas de pocos ingredientes.",50ml,https://drive.google.com/file/d/122zWgVOT12bisc4nQn3a13BeiqIoZb7N/view?usp=drivesdk
8650,ALTA,MIXSOON Sérum Solar Facial Protector e Hidratante Bean 50 ml,8809732914584,MIXSOON,"Protector solar facial de Mixsoon formulado con extracto de haba/soja. extracto de haba/soja: hidrata y aporta antioxidantes. Marca coreana minimalista, con el extracto de haba negra (Bean) y Centella como ingredientes hero en fórmulas de pocos ingredientes.",,No encontrado en carpetas de MIXSOON
22801,ALTA,MIXSOON Discos Tonificantes Bean Toner Pad Extracto de 7 Legumbres 70 unidades,8809732912658,MIXSOON,"Almohadillas/discos tonificantes o exfoliantes de Mixsoon formulado con extracto de haba/soja. extracto de haba/soja: hidrata y aporta antioxidantes. Marca coreana minimalista, con el extracto de haba negra (Bean) y Centella como ingredientes hero en fórmulas de pocos ingredientes.",180ml,"https://drive.google.com/file/d/1ZeJpaiGRkVaMothONIEwgT02Sx97uCmi/view
https://drive.google.com/file/d/1C2Waw9AzarctVBHA97wfwfBCqiJL33Mu/view
https://drive.google.com/file/d/1PfnLF4vfE5otZW78WXrL6Se5DkXEs41m/view
https://drive.google.com/file/d/10F6UBNYVijCSBElUzhftZJNpnUeluoJN/view
https://drive.google.com/file/d/10-2Omv5bRIoBqWyEthmWPtRNP4vmFOR3/view
https://drive.google.com/file/d/1mbFvVdLkt3OSe9GAlKG8Bx3C6WAsI8Mm/view"
3572,ALTA,MIXSOON Espuma Limpiadora Centella con Centella Asiática 150 ml,8809732912214,MIXSOON,"Espuma limpiadora de Mixsoon formulado con centella asiática (Cica). centella asiática (Cica): repara la barrera cutánea y calma irritaciones. Marca coreana minimalista, con el extracto de haba negra (Bean) y Centella como ingredientes hero en fórmulas de pocos ingredientes.",150ml,No encontrado en carpetas de MIXSOON
22779,ALTA,MIXSOON Mascarilla Calmante y Reparadora Centella Asiática 5 unidades,8809732910715,MIXSOON,"Mascarilla facial de Mixsoon formulado con centella asiática (Cica). centella asiática (Cica): repara la barrera cutánea y calma irritaciones. Marca coreana minimalista, con el extracto de haba negra (Bean) y Centella como ingredientes hero en fórmulas de pocos ingredientes.",25g,"https://drive.google.com/file/d/1hZ0vjjM-lIAcuPLVUHu-hkDmaFioc_L1/view
https://drive.google.com/file/d/1HpKsPk5SdpC8HaGAKDNchH2v_nM5apMu/view
https://drive.google.com/file/d/1EF9C6ihxvphpmI-sn9mP6WSSdGghwOd4/view
https://drive.google.com/file/d/1i4iy5_s1VOTrCEMxWzImOIiWvi6a0W7z/view
https://drive.google.com/file/d/1nb1xngfGL2v53VZN9l8KhBk5WY86ofzB/view
https://drive.google.com/file/d/1XQkTrRX9dPyRNDqKjZSDhUS22emETwXa/view"
3602,ALTA,MIXSOON Sérum Hidratante Glacier Water con Ácido Hialurónico 100 ml,8809732912450,MIXSOON,"Sérum/esencia de Mixsoon. Marca coreana minimalista, con el extracto de haba negra (Bean) y Centella como ingredientes hero en fórmulas de pocos ingredientes.",100ml,https://drive.google.com/file/d/12vJSj6qlHGC9J44LSInlpsVHfl3wQ6BV/view?usp=drivesdk
8649,ALTA,MIXSOON Sérum Facial Hyalraebae Pore Bubble Minimiza Poros 70 ml,8809732915918,MIXSOON,"Sérum/esencia de Mixsoon. Marca coreana minimalista, con el extracto de haba negra (Bean) y Centella como ingredientes hero en fórmulas de pocos ingredientes.",,No encontrado en carpetas de MIXSOON
8550,ALTA,MIXSOON Crema Facial Hyalraebae Pore Blurring Difumina Poros 50 ml,8809732915925,MIXSOON,"Crema facial de Mixsoon. Marca coreana minimalista, con el extracto de haba negra (Bean) y Centella como ingredientes hero en fórmulas de pocos ingredientes.",,No encontrado en carpetas de MIXSOON
22777,ALTA,MIXSOON Parches para Ojos Bean Hydrogel Iluminadores Extracto de Soja 60 unidades,8809732913334,MIXSOON,"Parche/patch de tratamiento de Mixsoon. Marca coreana minimalista, con el extracto de haba negra (Bean) y Centella como ingredientes hero en fórmulas de pocos ingredientes.",84g,"https://drive.google.com/file/d/1pS7fhDxum-LcFZSZLh0OA8PyIcfx1EWc/view
https://drive.google.com/file/d/1XxYaVbUkCpppWCB67x3FX7sBOzdH9iw4/view
https://drive.google.com/file/d/1ZBBV5nACQWaPF50IbYQtSFf7qHUPA467/view
https://drive.google.com/file/d/1BhamUJ-h7VH05FqAQ6o3uWeUUy_Y3z5H/view
https://drive.google.com/file/d/1JoGvzssFLO3tCy4riFHWQl3teRpkgYdc/view
https://drive.google.com/file/d/1viF8NAUp7R2SfS9aGI09eVuTkfP_ByxF/view"
3607,ALTA,Glass Skin Suit Case Clear Type,8809732915215,MIXSOON,"Set/kit de Mixsoon que combina varios productos de la marca para una rutina completa. Marca coreana minimalista, con el extracto de haba negra (Bean) y Centella como ingredientes hero en fórmulas de pocos ingredientes.",-,No encontrado en carpetas de MIXSOON
22784,ALTA,MIXSOON Mascarilla Bifida Fortalecedora con Lisado de Fermento de Bífida 5 unidades,8809732910739,MIXSOON,"Mascarilla facial de Mixsoon formulado con probióticos/bífidus. probióticos/bífidus: fortalece el microbioma cutáneo. Marca coreana minimalista, con el extracto de haba negra (Bean) y Centella como ingredientes hero en fórmulas de pocos ingredientes.",25g,"https://drive.google.com/file/d/1R7uvaMTanQU72ZS0s4ZkWOWqZepKF_dg/view
https://drive.google.com/file/d/1_cKCdTOsvGjAPSKQt7YcgmR44mQPIefc/view
https://drive.google.com/file/d/1koCG0AwPX2T8BOP0HkFXDg-3fDvQ79Em/view
https://drive.google.com/file/d/1vIFjcL6N-_hH5U73hq69qkzggvl1lOHk/view
https://drive.google.com/file/d/1U4iX6tvmu7DoM5TdUW7QiXqdG34QHjn6/view
https://drive.google.com/file/d/1M5PwkW471Rc2Yxkcff9-GCB1ZpJ43nFW/view"
3609,ALTA,MIXSOON Esencia Facial Soondy Centella Asiatica Calmante y Reparadora 100 ml,8809732910289,MIXSOON,"Sérum/esencia de Mixsoon. Marca coreana minimalista, con el extracto de haba negra (Bean) y Centella como ingredientes hero en fórmulas de pocos ingredientes.",100ml,https://drive.google.com/file/d/12jFqqiR03croHf2ecQWXOVBIG9OKfvcz/view?usp=drivesdk
3642,ALTA,MIXSOON Sérum Facial Soybean Milk Rico en Proteínas y Antioxidantes 50 ml,8809732912528,MIXSOON,"Sérum/esencia de Mixsoon formulado con extracto de haba/soja. extracto de haba/soja: hidrata y aporta antioxidantes. Marca coreana minimalista, con el extracto de haba negra (Bean) y Centella como ingredientes hero en fórmulas de pocos ingredientes.",50ml,No encontrado en carpetas de MIXSOON
17452,ALTA,MIXS CENTELLA Protector Solar 50 g,,MIXSOON,"Sérum/esencia de Mixsoon. Edición/combo especial en colaboración con CELIMAX. Marca coreana minimalista, con el extracto de haba negra (Bean) y Centella como ingredientes hero en fórmulas de pocos ingredientes.",,No encontrado en carpetas de MIXSOON
3578,ALTA,MIXSOON Protector Solar Centella Sun Cream Protección UVA y UVB 50 g,8809732910791,MIXSOON,"Protector solar facial de Mixsoon formulado con centella asiática (Cica). centella asiática (Cica): repara la barrera cutánea y calma irritaciones. Marca coreana minimalista, con el extracto de haba negra (Bean) y Centella como ingredientes hero en fórmulas de pocos ingredientes.",50g,No encontrado en carpetas de MIXSOON
20045,ALTA,Mixs Celimax Dr Althea Sebum,,MIXSOON,"Colorete/rubor de Mixsoon. Edición/combo especial en colaboración con ABIB, TOCOB. Marca coreana minimalista, con el extracto de haba negra (Bean) y Centella como ingredientes hero en fórmulas de pocos ingredientes.",,No encontrado en carpetas de MIXSOON
20050,ALTA,,,MIXSOON,"Producto de skincare/belleza de Mixsoon. Edición/combo especial en colaboración con ALTHEA, CELIMAX. Marca coreana minimalista, con el extracto de haba negra (Bean) y Centella como ingredientes hero en fórmulas de pocos ingredientes.",,No encontrado en carpetas de MIXSOON
23297,BAJA,MOEV Annurc Hair Streamer Pro Aceite Capilar,8809918991163,MOEV,Sérum calmante con 49% de Centella Asiática para pieles sensibles. Aporta hidratación profunda y alivia el enrojecimiento sin fragancias irritantes.,23297,"https://drive.google.com/file/d/1vZbi65SUL0-e2Fl3ifmU2mLq_TBZ0-ZQ/view
https://drive.google.com/file/d/1ziixLP0oeiqofPh_VQkXaxiq1frvGLXY/view
https://drive.google.com/file/d/1tzAifLeEMHlkrsZwvszn0YuXtYbWIAQ9/view"
23234,BAJA,MOEV Annurc Hair Streamer Pro Dispositivo Capilar,8809918991170,MOEV,"Tónico sin fragancia con 10% de Centella Asiática. Calma rojeces, refuerza la barrera cutánea y prepara la piel para una hidratación profunda.",23234,"https://drive.google.com/file/d/1_GLDg4R6xBzUpA-sFtIATvp6B5jiWZiZ/view
https://drive.google.com/file/d/1WA9taBTbXPW3SPQ4daZ504xTjsGqvVLu/view
https://drive.google.com/file/d/1lLTI7RralROk5pW_mwRfysincQIbaeNH/view
https://drive.google.com/file/d/1_WezTxb-rcvGq8lnbz-TkaOvZBYSFQty/view"
23230,BAJA,Moev Annurcatin Hair Oil Essen,8809918991347,MOEV,,23230,"https://drive.google.com/file/d/1LH60S9yjoAcDiEgeX8LPal8IxUOKIPZZ/view
https://drive.google.com/file/d/1RT6lotuacoZ0cVfN2wEefiuNXD20qyYs/view
https://drive.google.com/file/d/1q4bWsHYVBgZyqIOelZBfQeEN9YQrG9zZ/view
https://drive.google.com/file/d/1JaQqpDQNNdq6lQnuVvv36tByI1dP0IB1/view"
23233,BAJA,Moev Annurcatin Hair Tónico,8809918991231,MOEV,,23233,"https://drive.google.com/file/d/1U6BuhFsaHq8LIZ1GKIAva09sZ7HPHXct/view
https://drive.google.com/file/d/1wA54GCbN0GgzXaQOBlJwvtBXQc7f5QyW/view
https://drive.google.com/file/d/14dbKSHlNcfurvAZf3U12d0v4aLKOUbf0/view
https://drive.google.com/file/d/1cPNgjWu4V30xi1Qjo24NDKMPyzCUKaDE/view"
23228,BAJA,Moev Annurcatin Shampoo,8809494587040,MOEV,,23228,"https://drive.google.com/file/d/1dlLjJBtWHDDuwDHYmQ_PiJN3oN3igq1w/view
https://drive.google.com/file/d/1AIVbK8nKmA1SbhPWK3ylgdtsbiKjwnNv/view
https://drive.google.com/file/d/1LLetKDqWg4d53sfOml6wvRYrELuYrz52/view
https://drive.google.com/file/d/1LhwUwd7TmysByraVhsCHTpmvIez8_Fvx/view"
23229,BAJA,Moev Annurcatin Treatment,8809494587064,MOEV,,23229,"https://drive.google.com/file/d/1sPoXqJmEDM3Y2pIeNpZpIaVEbx4NgeAr/view
https://drive.google.com/file/d/1hQKl7g8U66Hm79cECkHkYrdrpSjiqJ-D/view
https://drive.google.com/file/d/1yfbyITlgqTh5gDPOf2AdWiaTMTBWWUtu/view
https://drive.google.com/file/d/1DjqjK1Jt2R2SaiG2sqElW34AGDV31ERR/view"
362,BAJA,Numbuzin 9bio Lifting Essence,8809652587639,NUMBUZIN,,362,"https://drive.google.com/file/d/1emnfQ0T3J_gNNmJDhXjh2M0R-9GA2Wzs/view
https://drive.google.com/file/d/1c3oUh0JM5MKGV33FAjRueX1zsSvn4T2o/view
https://drive.google.com/file/d/1-3BaFwHGCdFpL-Qb7PNQT1--GqFRjYZR/view
https://drive.google.com/file/d/11jqeUbiGmnQZKg0AY1yni-RuVVJanOiD/view"
384,BAJA,Numbuzin 9bio Lifting Full Facial,8809652587646,NUMBUZIN,,384,https://drive.google.com/file/d/1VNDSxhqtU_FubWLGX6mSEKJkR_dPW8re/view
377,BAJA,Numbuzin 9nad y PDRN Glow Tonner,8809652589794,NUMBUZIN,,377,"https://drive.google.com/file/d/1AmDugTMyisVLj6g7car7T4LeC14xexJe/view
https://drive.google.com/file/d/1OQhiDXLzAACyxLNKWkJvLTXY-hCiCg3j/view
https://drive.google.com/file/d/1vecDBi2tV9Q0lIXAKAO0iuS_pubs4Fen/view
https://drive.google.com/file/d/1i_eyve8-IXlfrKx6eEMRGrPdCMqZ5rr5/view"
390,BAJA,Numbuzin 9nad y Retinol Vol Eye,8809652589800,NUMBUZIN,,390,"https://drive.google.com/file/d/1kZ6kJP2R8f8xRcbh5HEvYf5FIn2lkJ-S/view
https://drive.google.com/file/d/1VbdwC_Z_swRFMNuuroAi63IdBubHdKkJ/view
https://drive.google.com/file/d/1Y_qrQIbL-IQ1UmnXhjifwKPwsBSPlAOE/view
https://drive.google.com/file/d/19m9RF8UcXOCUO3uqTyTa12eY7isv_7_E/view"
379,BAJA,Numbuzin Ask Hyalu Acti Clear,8809652588728,NUMBUZIN,,379,https://drive.google.com/file/d/1l83LglfwXgul_lbmWupHKaniEkrF5_Gv/view
388,BAJA,Numbuzin Gluta Vita Sérum,8809652581774,NUMBUZIN,,388,https://drive.google.com/file/d/1Govd5rpbE7E8yMu487_40gLbO48yMXbk/view
378,BAJA,Numbuzin Mascarilla 2 Coll Water Ron,8809652589404,NUMBUZIN,,378,https://drive.google.com/file/d/121eawZYbZWn0Ha-aGm4PgYhS0ZPgM7WT/view
383,BAJA,Numbuzin Mascarilla Gluta Vita Conce,8809652582221,NUMBUZIN,,383,https://drive.google.com/file/d/1Ean1cQ3ggctltIHpgfxuQlrKJYXWSpO1/view
382,BAJA,Numbuzin Mascarilla Tingle Softening,8809652580272,NUMBUZIN,,382,https://drive.google.com/file/d/1OHPFuF3On9WIRRTGeCzNy07IPettRjvZ/view
389,BAJA,Numbuzin NAD y Coll Eyes Patc 5 Unidades,8809652589619,NUMBUZIN,,389,"https://drive.google.com/file/d/1DtOlArbV0ZEqgwiP23qx8JbOEWqPksBt/view
https://drive.google.com/file/d/1pPglY4U_GAezkKylQHHrkG2-Va9lOZWX/view
https://drive.google.com/file/d/1KGw60xIYBk2CPhxPuJceurqGkVjdJfHr/view
https://drive.google.com/file/d/1qcF9T6VKmuD1zcYhdbDi5Xx4N3M-V5CN/view"
3700,BAJA,OBGE Bálsamo Exfoliante en Barra para Puntos Negros y Control de Sebo,8809567705623,OBGE,"Bálsamo de Obge. Marca coreana de grooming masculino: limpiadores, ceras y productos de styling capilar.",68,"https://drive.google.com/file/d/1gT5LI6c0vs7CYWwdhGXrIECwmbgA4UHP/view
https://drive.google.com/file/d/1-v_PuBZm95bd12RTU3X-B5FiP5Gcvxmm/view
https://drive.google.com/file/d/11cRxtv-jGWXUwPhmBKKvPjXJpFa7J6-M/view
https://drive.google.com/file/d/1cWIFdQkhvFR-tQghTbWQpCKIwjXNx3TA/view"
3699,BAJA,OBGE Espuma Limpiadora Profunda Cloud Deep con Ácido Salicílico 150 ml,8809567704862,OBGE,"Espuma limpiadora de Obge. Marca coreana de grooming masculino: limpiadores, ceras y productos de styling capilar.",190,"https://drive.google.com/file/d/1W7XizMUL2n4jvsrTgZGXfga3HQFB8OPU/view
https://drive.google.com/file/d/1cCQXsZGmKFBB_JOmEIgZ1Hj85wpU8yCt/view
https://drive.google.com/file/d/1_ECElBIuow98cI5LuVCnkQTZwpAypIKd/view
https://drive.google.com/file/d/1t2RXAmHsTQlCa92VqC7v1Jw50RqUkBSN/view"
3709,BAJA,OBGE Cera Capilar Matt Hard Wax Fijación Fuerte y Acabado Mate con Biotina 80 g,8809567705470,OBGE,"Cera/fijador para el cabello de Obge. Marca coreana de grooming masculino: limpiadores, ceras y productos de styling capilar.",197,"https://drive.google.com/file/d/1btPsG7W86YqtbpacnfpQJoZcLIkp-CbZ/view
https://drive.google.com/file/d/17K1qQFo7NP7vb9UDcRlkoNfLL_jU-RYk/view
https://drive.google.com/file/d/1Jr_Mg3LyoRfB1OvtJET2trLwikXPMuvw/view
https://drive.google.com/file/d/1J8amRzgTaOzGe3JjrEOQpqI-AiXVPtmn/view"
3748,BAJA,OBGE Pomada Capilar Mellow Clay con Arcilla para Fijación y Estilizado,8809567706262,OBGE,"Cera/fijador para el cabello de Obge. Marca coreana de grooming masculino: limpiadores, ceras y productos de styling capilar.",137,"https://drive.google.com/file/d/1Qf2PbiJT00XDr0QILq5sdMLKdpXY3n7I/view
https://drive.google.com/file/d/1_cvJia9Wg8YZFcu-kHN6q1LnltTnHZaB/view
https://drive.google.com/file/d/1AF0K7Wtf2Oz7KQ7YH4S4sHUZjsdbdo7Q/view
https://drive.google.com/file/d/1xlSnFzum86Y9KIaeRl9rVL3rIQsq5Gvf/view"
3792,BAJA,OBGE Pore-Zero Oil Control Loción Loción Control de Oleosidad,8809567707887,OBGE,"Loción/leche hidratante de Obge. Marca coreana de grooming masculino: limpiadores, ceras y productos de styling capilar.",101,"https://drive.google.com/file/d/1CkTF2PulRj-6erMEt8f1atUuYj_VpBrb/view
https://drive.google.com/file/d/1k5E0X2DhgPF_76Dn3uxKxNgpqnutoBop/view
https://drive.google.com/file/d/1w7ia6se3CZd1U2qJjMS7YrBEhZ4miFau/view
https://drive.google.com/file/d/1B7peIXfP8h5FGxUuQ0e2M2ND_pzrMRT0/view"
3801,BAJA,OBGE Pore-Zero Oil Control Protector Solar en Barra Protector Solar Matificante,8809567708327,OBGE,"Aceite limpiador/tratamiento de Obge. Marca coreana de grooming masculino: limpiadores, ceras y productos de styling capilar.",60,"https://drive.google.com/file/d/1oBiU02iy11o42C__YB-WzHdC9XiTAHEn/view
https://drive.google.com/file/d/1YPkDYlXVQGVqKK8T87Cksgm420AOSNCx/view
https://drive.google.com/file/d/1LVI3mhsQB2uITZoBT89VT91GuM0R2B8p/view
https://drive.google.com/file/d/1EQeIrFdhJJ_O8lLmq9JcxoTyeMBi2jYa/view"
3701,BAJA,OBGE Spray Fijador Capilar Style Setting con Fijación Natural,8809567704930,OBGE,"Fijador/spray de maquillaje de Obge. Marca coreana de grooming masculino: limpiadores, ceras y productos de styling capilar.",190,"https://drive.google.com/file/d/1JkbMgb5IDYTM06LnXwpBtyyueS1qTGeE/view
https://drive.google.com/file/d/1engUlUuysSENe232xsRucz3Adl-LQkgx/view
https://drive.google.com/file/d/18DxjurcW7OWcjTWPGD9zueSjTvMdlcK_/view"
824,BAJA,Peripera Double Longwear Co 01,8809691971840,PERIPERA,,824,"https://drive.google.com/file/d/1rK4fwJasawMsMBceWdFjjDMjZmXUKmAu/view
https://drive.google.com/file/d/1aqJYcAxSVYssHPmf8PdajQyh2jtkDHro/view
https://drive.google.com/file/d/1-iGwlwicDHaq1IvmczZCibyQMgsFkuqZ/view"
831,BAJA,Peripera Double Longwear Co 02,8809691971857,PERIPERA,,831,"https://drive.google.com/file/d/1iwPBNJGjw6Tn040iewhMjnI883l9bqRl/view
https://drive.google.com/file/d/19UkJSJfb-0WTDPd5-zKLXq2sHeZ_FiZY/view
https://drive.google.com/file/d/1ID0VE8zlnJyFMmLNSnB9zDd0u7XfGaNt/view"
833,BAJA,Peripera Ink The Velvet 017,8800255681403,PERIPERA,,833,"https://drive.google.com/file/d/1A3WFngcySzWdTesrP04ELRIKobU_p3VM/view
https://drive.google.com/file/d/1HOr1clImQo21ku31xJyAKtxuYO5UIxzl/view
https://drive.google.com/file/d/1b4XfK8JdCqSmeZLUOU-BqUx2y3b0Lkcj/view"
834,BAJA,Peripera Ink The Velvet 022,8800255681441,PERIPERA,,834,"https://drive.google.com/file/d/13CYyBytHWa4zFWun5mOwT_TEEZpqU77M/view
https://drive.google.com/file/d/1eStkoqIw5VvFwvyBIaPXNtjF2qTx-dz8/view
https://drive.google.com/file/d/10pS-RO3lAipe5xNyVr-a5IgMsGWs_tWG/view"
835,BAJA,Peripera Ink The Velvet 026,8800255681489,PERIPERA,,835,"https://drive.google.com/file/d/1fD-h3_yfN05urRC6ybNnGnR_L7CAcY-C/view
https://drive.google.com/file/d/1iRz3FEP8uTcfB8C4wnL2d_wbgHg7gGaY/view
https://drive.google.com/file/d/1RcMceH2D_WU-gYxwssKBf5bQFnjxvH2B/view"
837,BAJA,Peripera Ink The Velvet 027,8800255681496,PERIPERA,,837,"https://drive.google.com/file/d/1RSQ_BBDsmGO-_GS2X6ly7C-R48gs7YFA/view
https://drive.google.com/file/d/1hvokOw64GGZCXmfv0ZFG-qBs7EUwVrsZ/view
https://drive.google.com/file/d/1vki-LFm3PqoafbtPV_yYPiZfPyrIeKS1/view"
838,BAJA,Peripera Ink The Velvet 031,8800255681533,PERIPERA,,838,"https://drive.google.com/file/d/1Cm2Wv7DYpvqFozKovH9M130qez807Bn5/view
https://drive.google.com/file/d/1C2Qb9d1SqODrK3MT686XqhB0RvhfjUUL/view
https://drive.google.com/file/d/1_PrP6jQ0ZH8LWbT5HM7APG1SYHqbOxgy/view"
839,BAJA,Peripera Ink The Velvet 040,8800255681540,PERIPERA,,839,"https://drive.google.com/file/d/1vVFBe3A_qQ4UGbfaRCPW6UVqiJ7PfXBu/view
https://drive.google.com/file/d/1ahlzbaDVScLsDJehGFt83sZcjhXu-JKJ/view
https://drive.google.com/file/d/1jbTHmB-SqlxdkRtWQXUnnItKM1iDkBS6/view"
840,BAJA,Peripera Pure Blushed Sunsh 28,8800290369588,PERIPERA,,840,"https://drive.google.com/file/d/1g3c3_LTKT9EUFcIhVh4tzMFtNU-5V0x-/view
https://drive.google.com/file/d/1LIFS-z0XS8IUZ9g3yMME5l0JPSdiAjPR/view
https://drive.google.com/file/d/1uxrHxEVDAOarUa0cfySHBNBfOIBSdQkW/view"
842,BAJA,Peripera Pure Blushed Sunsh 30,8800290367591,PERIPERA,,842,"https://drive.google.com/file/d/1C_ue2R4kSWIk4QO4UDlVN183XisxXiE9/view
https://drive.google.com/file/d/1J23MvrMeFsSc3jz8puhpBwZE-D2co49A/view
https://drive.google.com/file/d/1IHFb3cEB-IdHn1lWzorVFRqTCtmsMdZG/view"
857,BAJA,Peripera Shading 02 Deep Brown,8809900981257,PERIPERA,,857,"https://drive.google.com/file/d/140cSJsxk4DJgTgNmjbSgNL_-6gTqiywF/view
https://drive.google.com/file/d/1SDb3_AK0aZ7-PYowmwVB4WGH1xvbZUZ4/view
https://drive.google.com/file/d/1Vz9zFepqmdcvBJLrkvxdUxV2tt4aH3Wf/view
https://drive.google.com/file/d/1lOafnhYYewSA-trcXft9ZIzzDBe9-NJn/view"
853,BAJA,Peripera Speedy Skinny B 02,8809828419641,PERIPERA,,853,"https://drive.google.com/file/d/1QiZM09rE6HLe0XCbbT0AywE5If5Q8T5-/view
https://drive.google.com/file/d/1UJwpibv0bfkp5ChcOX3E3dX2StO9L6Dw/view"
844,BAJA,Peripera Speedy Skinny B 10,8800255687764,PERIPERA,,844,"https://drive.google.com/file/d/16CMQuFWS9fu55NRxnncImMhIgzBWs_q1/view
https://drive.google.com/file/d/1Fx16C7r6D710tMr3zJV9gvpz0I13we1g/view
https://drive.google.com/file/d/1qwawjCfti0epndNIYNF9SFK0KRRnPyyD/view"
847,BAJA,Peripera Speedy Skinny B Ma 06,8809970754539,PERIPERA,,847,"https://drive.google.com/file/d/1sRolnjQcnEpDK3mXgNWhgWFg717T3GEY/view
https://drive.google.com/file/d/1Poy75k0TwWma_qEUSKDpOQtCh-n9I59i/view
https://drive.google.com/file/d/1tp87L_pK9oVCnvJ_1HZUja8NqKBUDtrv/view"
852,BAJA,Peripera Speedy Skinny B Ma 07,8800255687566,PERIPERA,"Nuup beauty es una marca que ofrece una variedad de productos para el cuidado de la piel facial. Si buscas protegerla y mantenerla en forma, esta puede ser una buena opción.

Libre de parabenos
Los productos libres de parabenos son una buena opción para el cuidado de pieles sensibles o para quienes eligen productos sin conservantes artificiales.",852,"https://drive.google.com/file/d/1u2N4rWAYSOygzIT-82WDNWzqaoxmX01D/view
https://drive.google.com/file/d/1U09Vmvec4gOftkr4M0c-N5aYWI1Afd9c/view
https://drive.google.com/file/d/1xIF67Fp-7_NFTzt11Ph1j-ztS_gvyUsw/view"
24963,BAJA,Prelude Dante Sharpenable P 41,8809672512598,PRELUDE,"REPRESENTATE OFICIAL DE SKIN1004 EN ARGENTINA

SKIN1004 con Presencia en más de 80 países
La marca con mayor sensibilidad para las texturas y sensoriales
Ingredientes puros y de calidad, traídos desde lo virgen de Madagascar

RECONOCIMIENTOS DE LA MARCA:
-´20 Best Hypoallergenic Skincare Brand of ""Korea 1st Awards""
-First Brand Awards winner ´24
-20 MM de protectores solares vendidos solamente en Corea


Bienvenidos a SKIN FREE! 
Tu tienda de confianza para la mejor cosmética coreana en Argentina. Con más de 8 años de experiencia en el rubro, ofrecemos productos prácticos y efectivos elaborados con ingredientes de punta y tecnología innovadora en cada fórmula. Nos enorgullece nuestro compromiso con el cuidado del medio ambiente y te traemos lo mejor de la cosmética coreana para que disfrutes de una rutina de belleza excepcional. ¡Descubre nuestras novedades y embellece tu piel con lo mejor del mercado!

SKIN1004 CLEANSING OIL
Este maravilloso aceite limpiador contiene extracto de Centella Asiática de Madagascar y 6 tipos de aceites vegetales naturales seleccionados para eliminar suavemente las impurezas y el maquillaje persistente.

Es el producto indispensable para lograr una DOBLE LIMPIEZA práctica y de calidad. Su formulación ofrece un sensorial sutilmente ligero y liviano, que limpia la piel en profundidad de manera efectiva, dejándola fresca y radiante.

Ideal para todo tipo de piel, especialmente las sensibles.

BENEFICIOS:
-Un limpiador a base de aceite que elimina suavemente el maquillaje, las impurezas, los aceites y el protector solar sin irritar el área ocular.
-De textura ligera, similar al agua, disuelve el sebo para prevenir la congestión de los poros, brindando una practicidad y eficacia en su uso, difícil de reemplazar.
-Producto No Comedogénico.


INGREDIENTES PRINCIPALES:
-Centella Asiática de Madagascar: conocida por sus propiedades cicatrizantes y antiinflamatorias. Ayuda a mejorar la elasticidad de la piel, reducir cicatrices y promover la regeneración celular.

¿A qué paso de la rutina corresponde?

1. ACEITE DE LIMPIEZA
2. Limpiador en espuma
3. Tónico
4. Serum
5. Crema hidratante
6. Protector solar

MODO DE USO:
-Con las manos secas, aplicar unas gotas de aceite limpiador sobre el rostro seco.
-Masajear suavemente con movimientos circulares para remover el maquillaje y las impurezas.
-Agregar un poco de agua y continuar masajeando para crear una ligera emulsión.
-Enjuagar completamente con agua tibia.

Recomendamos completar la rutina de doble limpieza junto con el limpiador en espuma SKIN1004 MADAGASCAR CENTELLA AMPOULE FOAM.
Contenido Neto: 200 ML

PRECAUCIONES:
Solo para uso externo. Evite el contacto con los ojos. Mantener fuera del alcance de los niños. Ante cualquier síntoma adverso discontinuar su uso y consultar con un médico.

INGREDIENTES:
Ethylhexyl Stearate, Cetyl Ethylhexanoate, Sorbeth-30 Tetraoleate, Centella Asiatica Extract, Caprylic/Capric Triglyceride, Citrus Aurantium Bergamia (Bergamot) Fruit Oil, Simmondsia Chinensis (Jojoba) Seed Oil, Olea Europaea (Olive) Fruit Oil, Helianthus Annuus (Sunflower) Seed Oil, Ethylhexylglycerin, Pelargonium Graveolens Flower Oil, Rosa Damascena Flower Oil, Limonene, Linalool. 

Importado por LABORATORIO BEK SRL. Legajo N° 2994. Res (ex M.S. y A.S.) ANMAT N° 155/98.

MADE IN KOREA

-Vegano
-No testeado en animales
-Dermatológicamente testeado
-Sin fragancias artificiales
-Calificación Verde de EWG
-Certificado PETA

___________________________________________
-IMPORTANTE ANTES DE REALIZAR TU COMPRA-

STOCK: todos los productos publicados cuentan con stock disponible.
COMPRA DE VARIOS PRODUCTOS: para realizar la compra de varios productos y que te lleguen juntos, te recomendamos utilizar el botón de “Agregar al carrito” que se encuentra al lado de “Comprar”, luego de verificar que están todos los productos agregados podes realizar la compra.
Si realizaste la compra de varios productos por separado, NO podremos enviártelos en un solo paquete.

METODOS DE PAGO: se abona a través de Mercado Pago de forma segura con tarjeta de crédito, tarjeta de debito, Rapipago y Pagofacil

FORMAS DE ENVIO:
1.MERCADOENVIOS: al realizar la compra, de acuerdo a su ubicación (colocando código postal) podra visualizar un calculador de costos y tiempos de entrega con el que podrá saber cuando le llegara el producto antes de realizar la compra y cual es el costo del mismo.
2.ENVIO FLEX: realizando la compra antes de las xxhrs, estarás recibiendo tu compra EN EL MISMO DIA. Servicio habilitado únicamente de lunes a viernes, valido en CABA y GBA 
3.ACORDAR CON EL VENDEDOR: esta opción es valida para aquellos que desean retirar su compra en nuestro deposito en horarios de lunes a viernes de 10 a 17hrs.
___________________________________________
¿DONDE ESTAMOS UBICADOS?
Capital Federal – Villa Crespo
___________________________________________
GARANTIA: Se pueden realizar devoluciones por arrepentimiento o falla hasta 30 días desde que te llego la compra, la compra tiene que estar en las mismas condiciones que lo recibiste, si la devolución es por arrepentimiento el producto tiene que estar cerrado en la misma bolsa que te llego. 

Staff Grupo SkinFree",24963,"https://drive.google.com/file/d/1KECX5Okz50enwkuA35oo1pXyihVv5GA_/view
https://drive.google.com/file/d/1DG2X-xIdJwWMMfwDk_PyVVAltGLfdoEX/view
https://drive.google.com/file/d/127AddgijHshLDPgge7Ct-xhgQIl8kNfX/view"
24968,BAJA,Prelude Dante Sharpenable P 43,8809672512611,PRELUDE,,24968,"https://drive.google.com/file/d/1KJlEV_Mte-cv66354L3Rl-rbey3aa__U/view
https://drive.google.com/file/d/1jEXes8HxcytrLn2WZRvH-Sz1VIh4P-4G/view
https://drive.google.com/file/d/1sumCPAyMsjmygP05TlZG6ojaRwwXlfJh/view"
25044,BAJA,Prelude Dante Triple Proof 51,8809672512628,PRELUDE,"SKIN1004 es una marca que ofrece una variedad de productos para el cuidado de la piel facial. Si buscas protegerla y mantenerla en forma, esta puede ser una buena opción.

Es hipoalergénico
Este producto disminuye las posibilidades de una reacción alérgica, por ello, puede resultar útil para aquellas personas con piel sensible o irritable.

Libre de parabenos
Los productos libres de parabenos son una buena opción para el cuidado de pieles sensibles o para quienes eligen productos sin conservantes artificiales.",25044,"https://drive.google.com/file/d/1I-JffXbECAzlBuvU_H3Yql78jeLjbl0H/view
https://drive.google.com/file/d/1t1koSljdOUp-OJmeRHR8xCviANXGk171/view
https://drive.google.com/file/d/1laxVMAHgeySsbTtsvGKIp1Bbv-8_gP0n/view"
25058,BAJA,Prelude Fairy Dust Loose Pow02,8809526847494,PRELUDE,"El Skin1004 Madagascar Centella Toning Toner de 210 ml es un tónico exfoliante diario suave, especialmente formulado para pieles sensibles. Contiene PHA y extracto de Cica de Madagascar, ingredientes conocidos por sus propiedades calmantes y revitalizantes. Con su uso constante, este tónico ayuda a reducir el enrojecimiento y a mantener una piel más brillante. Para su aplicación, simplemente debes aplicar una cantidad adecuada en un algodón o directamente en la palma de tu mano, y dar golpecitos suaves para que se absorba en la piel.",25058,"https://drive.google.com/file/d/1SWToUFJBJQz022EvbwTMEN8EPveHultX/view
https://drive.google.com/file/d/1_Wx4VqBF0vMqazudis0zeFmyYU5LeI44/view
https://drive.google.com/file/d/1tb5sllHEsGWrPx8DqYtITBvPaTw25YeO/view
https://drive.google.com/file/d/1n4YyOU2nRwoNnMjIYEEYt5Oe7CQmZqSZ/view"
25127,BAJA,Prelude Fairy Dust Loose Pow03,8809526847500,PRELUDE,,25127,"https://drive.google.com/file/d/1J72cvQO5vMW_wxgdpALCaz9UouFOvmna/view
https://drive.google.com/file/d/1GsgjQQbL6IvGSsx1-MlKJxIMIQc59wzv/view
https://drive.google.com/file/d/1lYypwP2g9k2UREMT-rIv1dOR-kQzJev9/view
https://drive.google.com/file/d/1FMjN7r7xwjdn7HbkA5mXCIEVTwei4p5D/view"
24638,BAJA,Prelude la Bella Rose Pl Tin21,8809672512383,PRELUDE,"Skin1004 es una marca que ofrece una variedad de productos para el cuidado de la piel facial. Si buscás protegerla y mantenerla en forma, esta puede ser una buena opción.

Es hipoalergénico
Este producto disminuye las posibilidades de una reacción alérgica, por ello, puede resultar útil para aquellas personas con piel sensible o irritable.

Libre de crueldad
Este producto es elaborado sin lastimar a ningún animal.

Libre de parabenos
Los productos libres de parabenos son una buena opción para el cuidado de pieles sensibles o para quienes eligen productos sin conservantes artificiales.",24638,"https://drive.google.com/file/d/1SvpeRGPwqreZcD2AloxuPKFjWY3rh7N-/view
https://drive.google.com/file/d/1W_sfMD6DDPMdZHBrGY74y0T-QCCYVYqT/view
https://drive.google.com/file/d/1updbdGaX3OhVe3GakQjWs62_Ns9RSv0J/view
https://drive.google.com/file/d/1BVrtOfYrWBoeBNIuVl5Pv_yOhFo3QEne/view"
24834,BAJA,Prelude la Bella Rose Pl Tin22,8809672512390,PRELUDE,,24834,"https://drive.google.com/file/d/1qGPg-XAmrK0mgWTApD81pKXaP0NytEyV/view
https://drive.google.com/file/d/1XSZBkm7Gcq1WXrstE-S9nXwywhbVplE-/view
https://drive.google.com/file/d/11TeqGvwpzj-TpPdXYS6WcmRU4_9sKqHr/view
https://drive.google.com/file/d/1wj7UDbeBWN4IcQqeJ3tIg8U5pApv-fKV/view"
24836,BAJA,Prelude la Bella Rose Pl Tin24,8809672512413,PRELUDE,"REPRESENTANTE OFICIAL DE SKIN1004 EN ARGENTINA 

SKIN1004 con Presencia en más de 80 países
La marca con mayor sensibilidad para las texturas y sensoriales
Ingredientes puros y de calidad, traídos desde lo virgen de Madagascar

RECONOCIMIENTOS DE LA MARCA:
-´20 Best Hypoallergenic Skincare Brand of ""Korea 1st Awards""
-First Brand Awards winner ´24
-20 MM de protectores solares vendidos solamente en Corea

Bienvenidos a SKIN FREE! 
Tu tienda de confianza para la mejor cosmética coreana en Argentina. Con más de 8 años de experiencia en el rubro, ofrecemos productos prácticos y efectivos elaborados con ingredientes de punta y tecnología innovadora en cada fórmula. Nos enorgullece nuestro compromiso con el cuidado del medio ambiente y te traemos lo mejor de la cosmética coreana para que disfrutes de una rutina de belleza excepcional. ¡Descubre nuestras novedades y embellece tu piel con lo mejor del mercado!

HYALU-CICA SILKY-FIT SUN STICK SPF50+
Este stick solar hidrata y matifica la piel, proporcionando un acabado suave y sedoso sin sensación oleosa ni pegajosa. Contiene ingredientes como Centella Asiática, numerosos extractos botánicos y Ácido Hialurónico que le aportan un valioso plus de funcionalidad hidratante y calmante.

Ideal para todo tipo de pieles, especialmente las secas.

BENEFICIOS:
-Protector solar en barra con una eficaz protección UVA/UVB de SPF 50+ y PA++++.
-Barra suave que se extiende e hidrata suavemente la piel.
-Contiene tanino, que cuida los poros y el sebo.
-La hoja de agave azul elimina las células muertas rebeldes para una piel suave.
-El derivado de la vitamina E previene el daño inflamatorio después de la exposición a los rayos UV.
 
INGREDIENTES PRINCIPALES:
-Centella Asiática de Madagascar: conocida por sus propiedades cicatrizantes y antiinflamatorias. Ayuda a mejorar la elasticidad de la piel, reducir cicatrices y promover la regeneración celular.
-Ácido Hialurónico: potente humectante que retiene la humedad en la piel. Ayuda a mantener la piel hidratada, suave y con volumen, reduciendo la apariencia de arrugas y líneas finas.

¿A qué paso de la rutina corresponde?
1. Aceite de limpieza
2. Limpiador en espuma
3. Tónico
4. Serum
5. Crema hidratante
6. PROTECTOR SOLAR
 
MODO DE USO:
-Aplicar uniformemente en las zonas expuestas a los rayos UV, como rostro, cuello, brazos y piernas.
-Para una eficaz protección, aplicar 30 minutos antes de la exposición al sol y volver a aplicar cada 2-3 horas. Reaplicar siempre, luego de sudoración intensa, nadar o bañarse, secarse con toalla y durante la exposición al sol. Es necesaria la reaplicación del producto para mantener su efectividad. Si la cantidad aplicada no es adecuada, el nivel de protección será significativamente reducido. Aplicar abundantemente antes de la exposición al sol.

Contenido Neto: 20 g

PRECAUCIONES:
Solo para uso externo. Evite utilizarlo en la zona ocular. Mantener fuera del alcance de los niños. Ante cualquier síntoma adverso discontinuar su uso y consultar con un médico.

INGREDIENTES:
Methyl Methacrylate Crosspolymer, Synthetic Wax, Coco-Caprylate/Caprate, Cetyl Ethylhexanoate, Butylene Glycol Dicaprylate/Dicaprate, Dibutyl Adipate, Butyloctyl Salicylate, Vinyl Dimethicone/Methicone Silsesquioxane Crosspolymer, Silica, Diethylamino Hydroxybenzoyl Hexyl Benzoate, Isopropyl Palmitate, Ethylhexyl Triazone, Tocopheryl Acetate, Dicaprylyl Carbonate, Diethylhexyl 2,6-Naphthalate, Vinyl Dimethicone, Polysilicone-15, Bis-Ethylhexyloxyphenol Methoxyphenyl Triazine, Ozokerite, Bisabolol, Polyglyceryl-4 Diisostearate/Polyhydroxystearate/ Sebacate, Glyceryl Caprylate, Caprylyl Glycol, Ethylhexylglycerin, Melia Azadirachta Leaf Extract, Melia Azadirachta Flower Extract, Coccinia Indica Fruit Extract, Solanum Melongena (Eggplant) Fruit Extract, Aloe Barbadensis Flower Extract, Simmondsia Chinensis (Jojoba) Seed Oil, Corallina Officinalis Extract, Ocimum Sanctum Leaf Extract, Curcuma Longa (Turmeric) Root Extract, Centella Asiatica Extract, Tocopherol, Water, Sodium Hyaluronate, Hydrolyzed Hyaluronic Acid, Agave Tequilana Leaf Extract, Butylene Glycol, 1,2-Hexanediol, Glycerin, Hyaluronic Acid, Diospyros Kaki Leaf Extract, Vitis Vinifera (Grape) Fruit Extract, Carthamus Tinctorius (Safflower) Bud Extract, Polygonum Cuspidatum Root Extract, Coffea Arabica (Coffee) Seed Extract, Castanea Crenata (Chestnut) Shell Extract, Camellia Sinensis Leaf Extract, Zanthoxylum Piperitum Fruit Extract.

Importado por LABORATORIO BEK SRL. Legajo N° 2994. Res (ex M.S. y A.S.) ANMAT N° 155/98.

 MADE IN KOREA

-Vegano
-No testeado en animales
-Dermatológicamente testeado
-Sin fragancias artificiales
-Calificación Verde de EWG
-Certificado PETA
___________________________________________
-IMPORTANTE ANTES DE REALIZAR TU COMPRA-

STOCK: todos los productos publicados cuentan con stock disponible.

COMPRA DE VARIOS PRODUCTOS: para realizar la compra de varios productos y que te lleguen juntos, te recomendamos utilizar el botón de “Agregar al carrito” que se encuentra al lado de “Comprar”, luego de verificar que están todos los productos agregados podes realizar la compra.
Si realizaste la compra de varios productos por separado, NO podremos enviártelos en un solo paquete.

METODOS DE PAGO: se abona a través de Mercado Pago de forma segura con tarjeta de crédito, tarjeta de debito, Rapipago y Pagofacil

FORMAS DE ENVIO:
1.MERCADOENVIOS: al realizar la compra, de acuerdo a su ubicación (colocando código postal) podra visualizar un calculador de costos y tiempos de entrega con el que podrá saber cuando le llegara el producto antes de realizar la compra y cual es el costo del mismo.
2.ENVIO FLEX: realizando la compra antes de las xxhrs, estarás recibiendo tu compra EN EL MISMO DIA. Servicio habilitado únicamente de lunes a viernes, valido en CABA y GBA 
3.ACORDAR CON EL VENDEDOR: esta opción es valida para aquellos que desean retirar su compra en nuestro deposito en horarios de lunes a viernes de 10 a 17hrs.
___________________________________________
¿DONDE ESTAMOS UBICADOS?
Capital Federal – Villa Crespo
___________________________________________
GARANTIA: Se pueden realizar devoluciones por arrepentimiento o falla hasta 30 días desde que te llego la compra, la compra tiene que estar en las mismas condiciones que lo recibiste, si la devolución es por arrepentimiento el producto tiene que estar cerrado en la misma bolsa que te llego. 

Staff Grupo SkinFree",24836,"https://drive.google.com/file/d/1z8sl_QfX-mzILFaN1zwJWixgSWxN1yZh/view
https://drive.google.com/file/d/1RCk4Uqhri476--N7Q5y4vuEEs-zH_B-0/view
https://drive.google.com/file/d/1z6Zw6q96e0l1xOtiLXhgfo2MObuirJYN/view
https://drive.google.com/file/d/1GEjtx3wRqyfWrIFHiGuFQf4jfo3YBYPO/view"
24838,BAJA,Prelude la Bella Rose Pl Tin25,8809672512420,PRELUDE,"REPRESENTANTE OFICIAL DE SKIN1004 EN ARGENTINA

SKIN1004 con Presencia en más de 80 países
La marca con mayor sensibilidad para las texturas y sensoriales
Ingredientes puros y de calidad, traídos desde lo virgen de Madagascar

RECONOCIMIENTOS DE LA MARCA:
-´20 Best Hypoallergenic Skincare Brand of ""Korea 1st Awards""
-First Brand Awards winner ´24
-20 MM de protectores solares vendidos solamente en Corea

Bienvenidos a SKIN FREE!
Tu tienda de confianza para la mejor cosmética coreana en Argentina. Con más de 8 años de experiencia en el rubro, ofrecemos productos prácticos y efectivos elaborados con ingredientes de punta y tecnología innovadora en cada fórmula. Nos enorgullece nuestro compromiso con el cuidado del medio ambiente y te traemos lo mejor de la cosmética coreana para que disfrutes de una rutina de belleza excepcional. ¡Descubre nuestras novedades y embellece tu piel con lo mejor del mercado!

HYALU-CICA SLEEPING PACK 100ML
Esta mascarilla nocturna está formulada con la exclusiva fórmula Hyalu-Cica + Melatonina para proporcionar una hidratación profunda durante la noche. La melatonina aumenta los niveles antioxidantes para ayudar a restaurar y mejorar el tono de la piel, al tiempo que combate los signos del envejecimiento.

Ideal para todo tipo de pieles, especialmente las secas.

BENEFICIOS:
-Textura tipo gel, ligera y humectante, que se absorbe rápidamente en la piel.
-La combinación de Centella Asiática de Madagascar y Ácido Hialurónico favorece la hidratación y equilibra la producción de sebo.
-Los Nano-liposomas proporcionan un impulso de elasticidad, mejorando la firmeza de la piel.
-La Melatonina revitaliza la piel, dejándola más radiante y luminosa.
-El extracto de Okra fortalece la barrera cutánea, mejorando la firmeza y elasticidad de la piel.

INGREDIENTES PRINCIPALES:
-Centella Asiática de Madagascar: conocida por sus propiedades cicatrizantes y antiinflamatorias. Ayuda a mejorar la elasticidad de la piel, reducir cicatrices y promover la regeneración celular.
-Ácido Hialurónico: potente humectante que retiene la humedad en la piel. Ayuda a mantener la piel hidratada, suave y con volumen, reduciendo la apariencia de arrugas y líneas finas.

¿A QUE PASO DE LA RUTINA NOCTURNA CORRESPONDE?
1. Aceite de limpieza
2. Limpiador en espuma
3. Tónico
4. Serum
5. MASCARILLA NOCTURNA

MODO DE USO:
-Aplicar una capa fina de la mascarilla en el rostro y el cuello.
-Dejar que se absorba como si fuera una crema hidratante. No necesita enjuague.

Contenido Neto: 100 ml

PRECAUCIONES:
Solo para uso externo. Evite utilizarlo en la zona ocular. Mantener fuera del alcance de los niños. Ante cualquier síntoma adverso discontinuar su uso y consultar con un médico.

INGREDIENTES:
Centella Asiatica Leaf Water (45%), Water, Butylene Glycol, Glycerin, 1,2-Hexanediol, Niacinamide, Sodium Hyaluronate, Hydrolyzed Hyaluronic Acid, Hyaluronic Acid, Carbomer, Cetearyl Olivate, Arginine, Methylpropanediol, Pullulan, Sorbitan Olivate, Caprylic/Capric Triglyceride, Panthenol, Pyrus Communis (Pear) Fruit Extract, Adenosine, Rosa Damascena Flower Water, Polyglutamic Acid, Ethylhexylglycerin, Cucumis Melo (Melon) Fruit Extract, Iris Florentina Root Extract, Hedera Helix (Ivy) Leaf/Stem Extract, Sodium Phytate, Hibiscus Esculentus Fruit Extract, Xanthan Gum, Maltodextrin, Artemisia Princeps Leaf Extract, Hydrolyzed Gardenia Florida Extract, Melatonin, Pantolactone, Pentylene Glycol, Hydrogenated Lecithin, Ceramide NP, Illicium Verum (Anise) Fruit Extract, Larix Sibirica Wood Extract, Persicaria Hydropiper Extract, Rheum Palmatum Root/Stalk Extract, Corydalis Turtschaninovii Root Extract, Asarum Sieboldii Root Extract, Chrysanthellum Indicum Extract, Coptis Japonica Root Extract, Machilus Thunbergii Bark Extract.

Importado por LABORATORIO BEK SRL. Legajo N° 2994. Res (ex M.S. y A.S.) ANMAT N° 155/98.

MADE IN KOREA

-Vegano
-No testeado en animales
-Dermatológicamente testeado
-Sin fragancias artificiales
-Calificación Verde de EWG
-Certificado PETA
___________________________________________
-IMPORTANTE ANTES DE REALIZAR TU COMPRA-

STOCK: todos los productos publicados cuentan con stock disponible.

COMPRA DE VARIOS PRODUCTOS: para realizar la compra de varios productos y que te lleguen juntos, te recomendamos utilizar el botón de “Agregar al carrito” que se encuentra al lado de “Comprar”, luego de verificar que están todos los productos agregados podes realizar la compra.
Si realizaste la compra de varios productos por separado, NO podremos enviártelos en un solo paquete.

METODOS DE PAGO: se abona a través de Mercado Pago de forma segura con tarjeta de crédito, tarjeta de debito, Rapipago y Pagofacil

FORMAS DE ENVIO:
1.MERCADOENVIOS: al realizar la compra, de acuerdo a su ubicación (colocando código postal) podra visualizar un calculador de costos y tiempos de entrega con el que podrá saber cuando le llegara el producto antes de realizar la compra y cual es el costo del mismo.
2.ENVIO FLEX: realizando la compra antes de las 13hrs, estarás recibiendo tu compra EN EL MISMO DIA. Servicio habilitado únicamente de lunes a viernes, valido en CABA y GBA
3.ACORDAR CON EL VENDEDOR: esta opción es valida para aquellos que desean retirar su compra en nuestro deposito en horarios de lunes a viernes de 10 a 17hrs.
___________________________________________
¿DONDE ESTAMOS UBICADOS?
Capital Federal – Villa Crespo
___________________________________________
GARANTIA: Se pueden realizar devoluciones por arrepentimiento o falla hasta 30 días desde que te llego la compra, la compra tiene que estar en las mismas condiciones que lo recibiste, si la devolución es por arrepentimiento el producto tiene que estar cerrado en la misma bolsa que te llego.

Staff Grupo SkinFree",24838,"https://drive.google.com/file/d/1jrmtjQIzGZ4BagZy3v2U4UU5oPYeXRKk/view
https://drive.google.com/file/d/1XKRfhQPbKsBu0M0ow1Ko9FUsGZmJuc3k/view
https://drive.google.com/file/d/1-avd6edbE9eJ0k9eW4j01BcMQQGaSdcq/view
https://drive.google.com/file/d/1-p6jky8WTlVPRzqtByvQw8OfbXc0XrTh/view"
24839,BAJA,Prelude la Bella Rose Pl Tin26,8809672512437,PRELUDE,"Skin1004 es una marca que ofrece una variedad de productos para el cuidado de la piel facial. Si buscas protegerla y mantenerla en forma, esta puede ser una buena opción.",24839,"https://drive.google.com/file/d/12z3C058bZSOynHw8pIfHaen3aWp0ThT_/view
https://drive.google.com/file/d/11BXf7T8XeXSPZqThyxoMb2UbZNWJLyoJ/view
https://drive.google.com/file/d/1Q2CYG0q6eO2E5ff17s2jyIdYadGPg9NK/view
https://drive.google.com/file/d/13k7Xl3tqOkMZm41hAo_fiLp0aEgOqnAP/view"
24844,BAJA,Prelude Nostalgia Eye Palet 71,8809526847418,PRELUDE,"Skin1004 Madagascar Centella Ampoule Kit 30ml X 4pcs incluye:

- Madagascar Centella Ampoule 30 ml: Suero calmante y reparador para la piel sensible.
- Madagascar Centella Tone Brightening Capsule Ampoule 30 ml: Ilumina y unifica el tono de la piel con cápsulas concentradas.
- Madagascar Centella Poremizing Fresh Ampoule 30 ml: Refina los poros y controla la producción de sebo para una piel más fresca.
- Madagascar Centella Tea-Trica Relief Ampoule 30 ml: Alivia y reduce las rojeces de la piel, ideal para el cuidado de imperfecciones.",24844,"https://drive.google.com/file/d/1PCd2fqT9ohHC-Vxy8PgYT9EK2oLi9rrs/view
https://drive.google.com/file/d/1cnPfWShsNJ1AEz-99zSSRkrERUcxP2rF/view
https://drive.google.com/file/d/1WQdSGdG9_pppZXehLINkx98ns1njUZ0b/view"
24845,BAJA,Prelude Nostalgia Eye Palet 72,8809526847425,PRELUDE,,24845,"https://drive.google.com/file/d/102fxy0DvfdTRcVv7xKGbri2kpNnvJmOa/view
https://drive.google.com/file/d/18Kq4GE8cUqHYkVGP6jzpF09eTyIsbgmm/view
https://drive.google.com/file/d/1yGI_YDw9r8v82VOStk6jjtYE1eHtautZ/view"
24858,BAJA,Prelude Nostalgia Eye Palet 73,8809526847432,PRELUDE,"REPRESENTANTE OFICIAL DE SKIN1004 EN ARGENTINA

SKIN1004 con Presencia en más de 80 países
La marca con mayor sensibilidad para las texturas y sensoriales
Ingredientes puros y de calidad, traídos desde lo virgen de Madagascar

RECONOCIMIENTOS DE LA MARCA:
-´20 Best Hypoallergenic Skincare Brand of ""Korea 1st Awards""
-First Brand Awards winner ´24
-20 MM de protectores solares vendidos solamente en Corea

Bienvenidos a SKIN FREE! 
Tu tienda de confianza para la mejor cosmética coreana en Argentina. Con más de 8 años de experiencia en el rubro, ofrecemos productos prácticos y efectivos elaborados con ingredientes de punta y tecnología innovadora en cada fórmula. Nos enorgullece nuestro compromiso con el cuidado del medio ambiente y te traemos lo mejor de la cosmética coreana para que disfrutes de una rutina de belleza excepcional. ¡Descubre nuestras novedades y embellece tu piel con lo mejor del mercado!

CENTELLA TRAVEL KIT
Un set completo de rutina de cuidado facial, que incluye 5 productos de 30ml de la Línea Centella, en tamaño mini, ideal para viajar y llevarlo a todos lados.

Ideal para todo tipo de piel, especialmente pieles sensibles.

-SKIN1004 MADAGASCAR CENTELLA LIGHT CLEANSING OIL 30ml: Este maravilloso aceite limpiador contiene extracto de Centella Asiática de Madagascar y 6 tipos de aceites vegetales naturales para eliminar suavemente las impurezas y el maquillaje persistente. Es el producto indispensable para lograr una DOBLE LIMPIEZA práctica y de calidad.

-SKIN1004 MADAGASCAR CENTELLA AMPOULE FOAM 30ml: Limpiador facial en espuma, destacado por su forma cosmética acuosa a base de crema, que logra generar múltiples y densas micro burbujas (efecto limpiador de partículas ultra finas). Limpia en profundidad, ayudando a equilibrar el nivel de pH de la piel, brindando beneficios calmantes e hidratantes, sin resecar la piel.

-SKIN1004 MADAGASCAR CENTELLA TONING TONER 30ml: Tónico facial de uso diario que ayuda a hidratar y a mantener una piel sana y libre de impurezas exfoliando suavemente (PHA) las células muertas. Su uso regular ayuda a reducir el enrojecimiento y a mantener una piel más luminosa.

-SKIN1004 MADAGASCAR CENTELLA AMPOULE 30ml: Está elaborado con 100% de extracto de Centella Asiática, proveniente de la naturaleza virgen de Madagascar. Delicadamente, calma, hidrata, suaviza y purifica la piel.

-SKIN1004 MADAGASCAR CENTELLA SOOTHING CREAM 30ml: Este gel liviano está formulado con extracto de CICA de Madagascar y un Complex de Ceramidas. Se absorbe rápidamente, mientras que sus propiedades brindan plena hidratación y ayudan a calmar la piel seca o sensibilizada, fortaleciendo la barrera cutánea.

MADE IN KOREA

-Vegano
-No testeado en animales
-Dermatológicamente testeado
-Sin fragancias artificiales
-Calificación Verde de EWG
-Certificado PETA

___________________________________________
-IMPORTANTE ANTES DE REALIZAR TU COMPRA-

STOCK: todos los productos publicados cuentan con stock disponible.

COMPRA DE VARIOS PRODUCTOS: para realizar la compra de varios productos y que te lleguen juntos, te recomendamos utilizar el botón de “Agregar al carrito” que se encuentra al lado de “Comprar”, luego de verificar que están todos los productos agregados podes realizar la compra.
Si realizaste la compra de varios productos por separado, NO podremos enviártelos en un solo paquete.

METODOS DE PAGO: se abona a través de Mercado Pago de forma segura con tarjeta de crédito, tarjeta de debito, Rapipago y Pagofacil

FORMAS DE ENVIO:
1.MERCADOENVIOS: al realizar la compra, de acuerdo a su ubicación (colocando código postal) podra visualizar un calculador de costos y tiempos de entrega con el que podrá saber cuando le llegara el producto antes de realizar la compra y cual es el costo del mismo.
2.ENVIO FLEX: realizando la compra antes de las xxhrs, estarás recibiendo tu compra EN EL MISMO DIA. Servicio habilitado únicamente de lunes a viernes, valido en CABA y GBA 
3.ACORDAR CON EL VENDEDOR: esta opción es valida para aquellos que desean retirar su compra en nuestro deposito en horarios de lunes a viernes de 10 a 17hrs.
___________________________________________
¿DONDE ESTAMOS UBICADOS?
Capital Federal – Villa Crespo
___________________________________________
GARANTIA: Se pueden realizar devoluciones por arrepentimiento o falla hasta 30 días desde que te llego la compra, la compra tiene que estar en las mismas condiciones que lo recibiste, si la devolución es por arrepentimiento el producto tiene que estar cerrado en la misma bolsa que te llego. 

Staff Grupo SkinFree",24858,"https://drive.google.com/file/d/1lMWD_FOwuvIKP3is_TBsWUFSWbqAUzWy/view
https://drive.google.com/file/d/1PnuSIyNTEvPzukjaiyS4JfqkD34E_kPd/view
https://drive.google.com/file/d/1173KcHQvDW-mC7opXcnc5umrAxef2hGl/view"
24960,BAJA,PRELUDE Paleta de Sombras Nostalgia Eye Palette Tono 74,8809526847449,PRELUDE,"-Descripción del Producto:  
Una mascarilla enriquecida con 8 tipos de ácido hialurónico, centella y ceramida para hidratar profundamente, rellenar y retener la humedad.

-Beneficios:  
Hidratante, fortalece la barrera de humedad, calmante.

-Modo de Uso:  
1. Limpia y tonifica el rostro.  
2. Aplica la mascarilla alineando ojos, nariz y boca.  
3. Déjala actuar entre 10 y 20 minutos.  
4. Retira y da toquecitos con los dedos para que la esencia se absorba completamente.  
5. Continúa con tu rutina habitual (serum, crema, etc.)

-Tipo de piel:  
seca, normal, mixta, sensible

-Precauciones:  
1. Uso exclusivo externo.  
2. Evitar contacto con ojos y labios. En caso de contacto, enjuagar con abundante agua.  
3. Realizar prueba de parche si tienes piel muy sensible o reactiva.  
4. Suspender su uso si aparece irritación visible (enrojecimiento, picazón, ardor).  
5. No reutilizar la hoja.  
6. Conservar en lugar fresco, seco y fuera del alcance de niños.",24960,"https://drive.google.com/file/d/1W4bi5V2dMt3QfrISqADltkRn7Ny9YgmX/view
https://drive.google.com/file/d/1VAhlLKH8kq4ZZFOWoVnFXpZgIV8vNYSZ/view
https://drive.google.com/file/d/1AnRueBNoyKJoObH5MYwhoIvinuI2s9sA/view"
24835,BAJA,Preludela Bella Rose Pl Tin23,8809672512406,PRELUDE,,24835,"https://drive.google.com/file/d/14N8EM3x-961AcV08e4Cne6Nk_43Di00S/view
https://drive.google.com/file/d/1lXsX1__K_V5wKFbjEzDrfpXEkwl7hBo3/view
https://drive.google.com/file/d/1nbp8U22pbWVHhDutRECslH3jSll8ZxES/view
https://drive.google.com/file/d/1vlqeZywhcciBGkh5mBCkR50T0QLlDNf7/view"
24568,BAJA,Purito Mighty Bamboo Pant Limpieza,8809563103652,PURITO,,24568,"https://drive.google.com/file/d/1S7k66IreiGAhw0Vndxg_B6wYUwZpcIK2/view
https://drive.google.com/file/d/1AZ_OTMLv5iWGdwsVGhiZ2NvQlRiWP-cO/view
https://drive.google.com/file/d/1c8ShK6BGN2_AEIbBzarRTXlgq_WdrPh3/view"
24557,BAJA,Purito Mighty Bamboo Pant Crea,8809563103430,PURITO,,24557,"https://drive.google.com/file/d/18S_6k7TH3Wa38UREvWeGvd64-flwdHfB/view
https://drive.google.com/file/d/10w53UWZxzCRh8-GaZXU1go1Z1tRbCW7C/view
https://drive.google.com/file/d/1wx9EfwkBiiDvl7AqNwUxFc8bTIYUuS_9/view"
24570,BAJA,Purito Oat In Calmante Gel Crea,8809563101054,PURITO,,24570,"https://drive.google.com/file/d/1-DtUZajnrkvy6lrCvNe-zlEAMYjOLyKP/view
https://drive.google.com/file/d/1ix-HzraMn9n4NKXSa29qZ4Qf0fDvVcXW/view
https://drive.google.com/file/d/16kz4HlamqCwUbU1LiMtGkIqmdaTRsKpC/view
https://drive.google.com/file/d/1c1BzbUiV8ozGZ8jOhju8eJdliT9b9AkQ/view"
24588,BAJA,Purito Oat PDRN Gentle Ref Ton,8809563103959,PURITO,"REPRESENTANTE OFICIAL DE SKIN1004 EN ARGENTINA

SKIN1004 con Presencia en más de 80 países
La marca con mayor sensibilidad para las texturas y sensoriales
Ingredientes puros y de calidad, traídos desde lo virgen de Madagascar

RECONOCIMIENTOS DE LA MARCA:
-´20 Best Hypoallergenic Skincare Brand of ""Korea 1st Awards""
-First Brand Awards winner ´24
-20 MM de protectores solares vendidos solamente en Corea

Bienvenidos a SKIN FREE!
Tu tienda de confianza para la mejor cosmética coreana en Argentina. Con más de 8 años de experiencia en el rubro, ofrecemos productos prácticos y efectivos elaborados con ingredientes de punta y tecnología innovadora en cada fórmula. Nos enorgullece nuestro compromiso con el cuidado del medio ambiente y te traemos lo mejor de la cosmética coreana para que disfrutes de una rutina de belleza excepcional. ¡Descubre nuestras novedades y embellece tu piel con lo mejor del mercado!

SKIN1004 PROBIO-CICA NOURISHING MASK (1 unidad)
Una mascarilla de tela impregnada con centella asiática fermentada de Madagascar, ceramidas y un complejo de 9 péptidos para nutrir y reafirmar profundamente.

BENEFICIOS CLAVE:
-Hidratante
-Reafirmante
-Hidratacion no pegajosa

TIPO DE PIEL
Ideal para piel Seca, Normal, Mixta, Sensible.

¿EN QUE PASO DE LA RUTINA SE USA?
Aceite de limpieza
Limpiador en espuma
Tónico
MASCARILLA
Serum y/o crema hidratante
Protector solar

INGREDIENTES PRINCIPALES:
-Extracto fermentado de Centella asiática
-Ceramida
-Multipéptidos

MODO DE USO:
-Después de limpiar tu rostro, aplicá el tónico para preparar la piel para el siguiente paso. Luego, retirá la mascarilla del sobre y colócala cuidadosamente sobre el rostro, evitando el contorno de los ojos y la boca. Dejala actuar entre 10 y 20 minutos y, al retirarla, masajeá suavemente con las yemas de los dedos para ayudar a que la ampolla restante se absorba por completo.


Contenido: 5 unidad

____________________________________________________________________________

Precauciones: Sólo para uso externo. Si entra en contacto con los ojos, enjuague con abundante agua. Mantener fuera del alcance de los niños. Ante cualquier síntoma adverso discontinuar su uso y consultar con un médico.

Ingredientes: Water, Dipropylene Glycol, Glycereth-26, Centella Asiatica Extract, Glycerin, 1,2-Hexanediol, Betaine, Butylene Glycol, Paeonia Suffruticosa Root Extract, Polyglyceryl-10 Laurate, Chamomilla Recutita (Matricaria) Flower Extract, Glyceryl Caprylate, Carbomer, Xanthan Gum, Arginine, Ethylhexylglycerin, Sodium Hyaluronate, Theobroma Cacao (Cocoa) Extract, Dextrin, Propanediol, Coptis Japonica Root Extract, Mentha Arvensis Leaf Oil, Sodium Hyaluronate Crosspolymer, Hydrolyzed Glycosaminoglycans, Benzyl Glycol, Hydrolyzed Hyaluronic Acid, Hyaluronic Acid, Raspberry Ketone, Disodium EDTA.

Importado por: LABORATORIO BEK SRL. Legajo N° 2994. Res (ex M.S. y A.S.) ANMAT N° 155/98. Aguirre 152, CABA.

MADE IN KOREA
___________________________________________
-IMPORTANTE ANTES DE REALIZAR TU COMPRA-

STOCK: todos los productos publicados cuentan con stock disponible.

COMPRA DE VARIOS PRODUCTOS: para realizar la compra de varios productos y que te lleguen juntos, te recomendamos utilizar el botón de “Agregar al carrito” que se encuentra al lado de “Comprar”, luego de verificar que están todos los productos agregados podes realizar la compra.
Si realizaste la compra de varios productos por separado, NO podremos enviártelos en un solo paquete.

METODOS DE PAGO: se abona a través de Mercado Pago de forma segura con tarjeta de crédito, tarjeta de debito, Rapipago y Pagofacil

FORMAS DE ENVIO:
1.MERCADOENVIOS: al realizar la compra, de acuerdo a su ubicación (colocando código postal) podra visualizar un calculador de costos y tiempos de entrega con el que podrá saber cuando le llegara el producto antes de realizar la compra y cual es el costo del mismo.
2.ENVIO FLEX: realizando la compra antes de las xxhrs, estarás recibiendo tu compra EN EL MISMO DIA. Servicio habilitado únicamente de lunes a viernes, valido en CABA y GBA
3.ACORDAR CON EL VENDEDOR: esta opción es valida para aquellos que desean retirar su compra en nuestro deposito en horarios de lunes a viernes de 10 a 17hrs.
___________________________________________
¿DONDE ESTAMOS UBICADOS?
Capital Federal – Villa Crespo
___________________________________________
GARANTIA: Se pueden realizar devoluciones por arrepentimiento o falla hasta 30 días desde que te llego la compra, la compra tiene que estar en las mismas condiciones que lo recibiste, si la devolución es por arrepentimiento el producto tiene que estar cerrado en la misma bolsa que te llego.

Staff Grupo SkinFree",24588,"https://drive.google.com/file/d/1fOhplKQQOpAm_Pworux8Ynw0evp9z0d4/view
https://drive.google.com/file/d/1sHRPZvIjobT2qdn-Zt8Kl83jLoJuuGnS/view
https://drive.google.com/file/d/1uFhnP7hZvMxsLF0eazR_iSJ3oT9iDq2k/view
https://drive.google.com/file/d/1gyx8Xv9WYEO_EPR1VhM3mDUViSOJGbzW/view"
24554,BAJA,Purito Releaf Centella Sérum,8809563100316,PURITO,,24554,"https://drive.google.com/file/d/138nU0p90pdZdWkaxfnfI37JBDoN0z7bl/view
https://drive.google.com/file/d/1bHihWstOcDNjAhQTY5lnb850ap1dJap9/view
https://drive.google.com/file/d/1MyYkwMDISheGyno8K2FfdisRH0klLkkO/view"
24556,BAJA,Purito Releaf Centella Tónico,8809563100347,PURITO,,24556,"https://drive.google.com/file/d/1Mi9FPsDk8wZLv4Wm7uOKtybZDL-NbikR/view
https://drive.google.com/file/d/1JuTvMnBqWaD296mqcCSlzP8g5gLCEHzi/view
https://drive.google.com/file/d/1jzRXIFmn9nMvFqnhEnLzA8MBRnXfvUVz/view"
60334,BAJA,Pyunkang Black Tea Time Rever,8809486681657,PYUNKANG,,60334,"https://drive.google.com/file/d/1TqUMTeYTXRPkp4TB2iTiZDg6_Co3mtsZ/view
https://drive.google.com/file/d/1CgxLibodfeNjIP6gKte6iR34q_-jGHqM/view
https://drive.google.com/file/d/1oB7NNwE3aIt7pYVvqNrk7nD5R7ipTZgK/view"
58715,BAJA,Pyunkang Black Tea Time Reverc,8809486681114,PYUNKANG,,58715,"https://drive.google.com/file/d/1OG0pUUZM8Xc1UIgTlLk1VvaF64GBHFe3/view
https://drive.google.com/file/d/12_o08eUFVQv6Vcb5YVyAGgo_3VD2ig1Z/view
https://drive.google.com/file/d/1moL7y-R18deO0Yqf2Fv6yfZsEhaP_peg/view"
370,BAJA,PYUNKANG YUL Bruma Facial Calmante e Hidratante Calming Moisture Mist,8809486681961,PYUNKANG,"Una mascarilla en gel con tres veces el contenido de humedad, perfecto para calmar e hidratar intensamente la piel.

INGREDIENTES CLAVE:
Extracto de Centella Asiática:  Calma y repone el nivel de hidratación de la piel.

Modo de uso: Remover la hoja protectora y aplicar la mascarilla en gel en el rostro limpio, evitando las áreas de ojos y contorno de labios. Dejar actuar por 10-20 min y después retirar con suavidad. Dar un leve masaje dando ligeros golpecitos con las yemas de los dedos para ayudar a la esencia a absorberse y luego aplique crema hidratante. No necesita enjuague.

Contenido: 1 mascarilla",370,"https://drive.google.com/file/d/1GzYHEcivLajbxDYSgHbZjttHLPwV7Nnp/view
https://drive.google.com/file/d/1Zkobi3rYoRSNWO6q0APeodMlGtGceGmd/view
https://drive.google.com/file/d/1i3A-xvvlTXi3Z05cxWO_bn7exM-7mipg/view"
53668,BAJA,Pyunkang Essence Tónico,8809486680353,PYUNKANG,,53668,"https://drive.google.com/file/d/13y4olgfcXNZcgwtHMqpAh8TdDC9fKH8O/view
https://drive.google.com/file/d/1b_ZHL6Ww1Hqi5wxYDDluy2LajOKvpRvd/view
https://drive.google.com/file/d/11sNNxYE-dvOw6WVCSK4wgtySD6aWMGHu/view"
53622,BAJA,Pyunkang Low Ph Pore Deep Limpieza,8809486680896,PYUNKANG,"Skin1004 es una marca que ofrece una variedad de productos para el cuidado de la piel facial. Si buscas protegerla y mantenerla en forma, esta puede ser una buena opción.

Es hipoalergénico
Este producto disminuye las posibilidades de una reacción alérgica, por ello, puede resultar útil para aquellas personas con piel sensible o irritable.

Libre de parabenos
Los productos libres de parabenos son una buena opción para el cuidado de pieles sensibles o para quienes eligen productos sin conservantes artificiales.",53622,"https://drive.google.com/file/d/1f53SERpQfjI8LTngoeQJXSjM3FEw7Gv5/view
https://drive.google.com/file/d/1NadA1pc6KJqpVcV6aqeucm75yQuR8g-b/view
https://drive.google.com/file/d/1dK2DiMoIDDRKNv6BRdP11eRTvI5xnPkZ/view"
52119,BAJA,Pyunkang Moisture Barrier Crea,8809486681244,PYUNKANG,"Skin1004 es una marca que ofrece una variedad de productos para el cuidado de la piel facial. Si buscas protegerla y mantenerla en forma, esta puede ser una buena opción.

Libre de parabenos
Los productos libres de parabenos son una buena opción para el cuidado de pieles sensibles o para quienes eligen productos sin conservantes artificiales.",52119,"https://drive.google.com/file/d/1TLbHEAnSy2ytcHkizww989-Edrvnnz4t/view
https://drive.google.com/file/d/1VKuWzeUyP4pCF6biHIy65lPPAUnsu_c_/view
https://drive.google.com/file/d/1b7Hup8YPvIcCU_JM3TNoMmbhbtLpCj9_/view"
374,BAJA,PYUNKANG Hidratante SOOT GEL,8809486680988,PYUNKANG,"REPRESENTANTE OFICIAL DE SKIN1004 EN ARGENTINA

SKIN1004 con Presencia en más de 80 países
La marca con mayor sensibilidad para las texturas y sensoriales
Ingredientes puros y de calidad, traídos desde lo virgen de Madagascar

RECONOCIMIENTOS DE LA MARCA:
-´20 Best Hypoallergenic Skincare Brand of ""Korea 1st Awards""
-First Brand Awards winner ´24
-20 MM de protectores solares vendidos solamente en Corea

Bienvenidos a SKIN FREE!
Tu tienda de confianza para la mejor cosmética coreana en Argentina. Con más de 8 años de experiencia en el rubro, ofrecemos productos prácticos y efectivos elaborados con ingredientes de punta y tecnología innovadora en cada fórmula. Nos enorgullece nuestro compromiso con el cuidado del medio ambiente y te traemos lo mejor de la cosmética coreana para que disfrutes de una rutina de belleza excepcional. ¡Descubre nuestras novedades y embellece tu piel con lo mejor del mercado!

SKIN1004 POREMIZING CLEAR TONER 210ml
Un tónico exfoliante con sales minerales y 4-HA (AHA, BHA, PHA, LHA) que limpia suavemente los poros y elimina las células muertas de la piel.

BENEFICIOS:
-Exfoliacion suave para eliminar residuos y células muertas
-Controla el sebo
-Purifica y afina la apariencia de los poros

TIPO DE PIEL
Mixta, grasa, con poros visibles o piel congestionada; también apta para sensible, con uso moderado

¿En qué paso de la rutina se usa?

Aceite de limpieza
Limpiador en espuma
TÓNICO
Serum
Crema hidratante
Protector solar

INGREDIENTES PRINCIPALES:
 -Extracto de Centella Asiática: La Centella Asiática contiene ingredientes activos como el ácido madecásico y el asiaticósido, que favorecen la síntesis de colágeno, promoviendo una excelente cicatrización de heridas y la regeneración de la piel. También posee propiedades calmantes que ayudan en el cuidado de la piel con problemas. Además, protege la piel de los radicales libres y revitaliza la piel cansada.
-Sales Minerales: Ayudan a eliminar las impurezas de la piel
-Ácido Cítrico, Ácido Capriloil Salicílico, Gluconolactona, Ácido Salicílico: Como complejo exfoliante, elimina eficazmente las células muertas difíciles de la piel.

Contenido Neto: 210ml

Precauciones: Sólo para uso externo. Evite utilizarlo en la zona ocular. Si entra en contacto con los ojos, enjuague con abundante agua. Mantener fuera del alcance de los niños. Ante cualquier síntoma adverso discontinuar su uso y consultar con un médico

Ingredientes: Water,Propanediol,1,2-Hexanediol, Glycerin, Centella Asiatica Extract(5,150 ppm), Hydroxyacetophenone,Betaine, Mineral Salts, Panthenol, Ethylhexylglyc- erin, Sodium Polyacryloyldimethyl Taurate, Disodium EDTA, Butylene Glycol, Salix Alba (Willow) Bark Extract, Castanea Crenata (Chestnut) Shell Extract, Lavandula Angustifolia (Lavender) Flower Extract, Hyaluronic Acid, Hydrolyzed Hyaluronic Acid, Sodium Hyaluronate, Allantoin, Citric Acid, Capryloyl Salicylic Acid, Gluconolactone, Sodium Citrate, Salicylic Acid, Glycolic Acid

Importado por: LABORATORIO BEK SRL. Legajo N° 2994. Res (ex M.S. y A.S.) ANMAT N° 155/98. Aguirre 152, CABA. Cont. Neto: 210ML / 7.10 Oz.
MADE IN KOREA
MADE IN KOREA

-Vegano
-No testeado en animales
-Dermatológicamente testeado
-Sin fragancias artificiales
-Calificación Verde de EWG
-Certificado PETA
___________________________________________
-IMPORTANTE ANTES DE REALIZAR TU COMPRA-

STOCK: todos los productos publicados cuentan con stock disponible.

COMPRA DE VARIOS PRODUCTOS: para realizar la compra de varios productos y que te lleguen juntos, te recomendamos utilizar el botón de “Agregar al carrito” que se encuentra al lado de “Comprar”, luego de verificar que están todos los productos agregados podes realizar la compra.
Si realizaste la compra de varios productos por separado, NO podremos enviártelos en un solo paquete.

METODOS DE PAGO: se abona a través de Mercado Pago de forma segura con tarjeta de crédito, tarjeta de debito, Rapipago y Pagofacil

FORMAS DE ENVIO:
1.MERCADOENVIOS: al realizar la compra, de acuerdo a su ubicación (colocando código postal) podra visualizar un calculador de costos y tiempos de entrega con el que podrá saber cuando le llegara el producto antes de realizar la compra y cual es el costo del mismo.
2.ENVIO FLEX: realizando la compra antes de las 13hrs, estarás recibiendo tu compra EN EL MISMO DIA. Servicio habilitado únicamente de lunes a viernes, valido en CABA y GBA
3.ACORDAR CON EL VENDEDOR: esta opción es valida para aquellos que desean retirar su compra en nuestro deposito en horarios de lunes a viernes de 10 a 17hrs.
___________________________________________
¿DONDE ESTAMOS UBICADOS?
Capital Federal – Villa Crespo
___________________________________________
GARANTIA: Se pueden realizar devoluciones por arrepentimiento o falla hasta 30 días desde que te llego la compra, la compra tiene que estar en las mismas condiciones que lo recibiste, si la devolución es por arrepentimiento el producto tiene que estar cerrado en la misma bolsa que te llego.

Staff Grupo SkinFree",374,"https://drive.google.com/file/d/1mvoMZ2GRwTODvs_td37LLRBx3OP-I1-o/view
https://drive.google.com/file/d/1-8VXa6RtEndoDpeMcFVLvJtiW8IrZ_Ma/view
https://drive.google.com/file/d/1lC2wqyjoFpM61ZS0RwPmGXQrCxCDmLVi/view"
387,BAJA,Pyunkang Tea Boosting Sérum,8809486682272,PYUNKANG,,387,"https://drive.google.com/file/d/1AR3ImEwuCrD_esXy26wMGVOtYAAC1td3/view
https://drive.google.com/file/d/1z5evmtsdqqZk9QBSO2L6MdR4j36xL5Yv/view
https://drive.google.com/file/d/18C2JF-wmw-QtxAY-yukeeEexQBXNKQ6R/view"
364,BAJA,Pyunkang Tea Deep Infusi Tónico,8809486682265,PYUNKANG,"REPRESENTANTE OFICIAL DE SKIN1004 EN ARGENTINA

SKIN1004 con Presencia en más de 80 países
La marca con mayor sensibilidad para las texturas y sensoriales
Ingredientes puros y de calidad, traídos desde lo virgen de Madagascar

RECONOCIMIENTOS DE LA MARCA:
-´20 Best Hypoallergenic Skincare Brand of ""Korea 1st Awards""
-First Brand Awards winner ´24
-20 MM de protectores solares vendidos solamente en Corea

Bienvenidos a SKIN FREE!
Tu tienda de confianza para la mejor cosmética coreana en Argentina. Con más de 8 años de experiencia en el rubro, ofrecemos productos prácticos y efectivos elaborados con ingredientes de punta y tecnología innovadora en cada fórmula. Nos enorgullece nuestro compromiso con el cuidado del medio ambiente y te traemos lo mejor de la cosmética coreana para que disfrutes de una rutina de belleza excepcional. ¡Descubre nuestras novedades y embellece tu piel con lo mejor del mercado!

SKIN1004 POREMIZING LIGHT GEL CREAM 75ml
Crema en gel ligera con aloe, niacinamida y adenosina que proporciona un enfriamiento instantáneo y una hidratación profunda a la piel, con un acabado suave y húmedo

BENEFICIOS:
- Hidratación ligera
- Efecto refrescante al instante
-Ayuda a minimizar los poros gracias a las sales minerales y niacinamida

TIPO DE PIEL: 
Ideal para piel mixta, grasa, propensa a acné, incluso sensible. Excelente en climas cálidos o para layering

¿En qué paso de la rutina se usa?

Aceite de limpieza
Limpiador en espuma
Tónico
Serum
CREMA HIDRATANTE
Protector solar

INGREDIENTES PRINCIPALES:
-Extracto de Centella Asiática: La Centella Asiática contiene ingredientes activos como el ácido madecásico y el asiaticósido, que ayudan en la síntesis de colágeno, promoviendo una excelente cicatrización de heridas y la regeneración de la piel. También tiene propiedades calmantes que ayudan en el cuidado de los problemas. Además, protege la piel de los radicales libres y revitaliza la piel cansada.
-Sales Minerales: Ayuda a eliminar las impurezas de la piel.
-Niacinamida: Ayuda a iluminar el tono de la piel

Contenido neto: 75ml
PRECAUCIONES:
Solo para uso externo. Evite utilizarlo en la zona ocular. Mantener fuera del alcance de los niños. Ante cualquier síntoma adverso discontinuar su uso y consultar con un médico.

INGREDIENTES:
Water, Kaolin (18%), Dipropylene Glycol, Glycerin, Titanium Dioxide (CI 77891), Butylene Glycol, Sodium Stearate, 1,2-Hexanediol, Aloe Barbadensis Leaf Extract, Phaseolus Angularis Seed Powder, Cetearyl Olivate, Propanediol, Sorbitan Olivate, Iron Oxides (CI 77491), Dimethicone, Centella Asiatica Extract, Ethylhexylglycerin, Sodium Phytate, Bentonite, Illite, Mineral Salts, Montmorillonite, Calamine.

Importado por LABORATORIO BEK SRL. Legajo N° 2994. Res (ex M.S. y A.S.) ANMAT N° 155/98.

MADE IN KOREA

-Vegano
-No testeado en animales
-Dermatológicamente testeado
-Sin fragancias artificiales
-Calificación Verde de EWG
-Certificado PETA
___________________________________________
-IMPORTANTE ANTES DE REALIZAR TU COMPRA-

STOCK: todos los productos publicados cuentan con stock disponible.

COMPRA DE VARIOS PRODUCTOS: para realizar la compra de varios productos y que te lleguen juntos, te recomendamos utilizar el botón de “Agregar al carrito” que se encuentra al lado de “Comprar”, luego de verificar que están todos los productos agregados podes realizar la compra.
Si realizaste la compra de varios productos por separado, NO podremos enviártelos en un solo paquete.

METODOS DE PAGO: se abona a través de Mercado Pago de forma segura con tarjeta de crédito, tarjeta de debito, Rapipago y Pagofacil

FORMAS DE ENVIO:
1.MERCADOENVIOS: al realizar la compra, de acuerdo a su ubicación (colocando código postal) podra visualizar un calculador de costos y tiempos de entrega con el que podrá saber cuando le llegara el producto antes de realizar la compra y cual es el costo del mismo.
2.ENVIO FLEX: realizando la compra antes de las 13hrs, estarás recibiendo tu compra EN EL MISMO DIA. Servicio habilitado únicamente de lunes a viernes, valido en CABA y GBA
3.ACORDAR CON EL VENDEDOR: esta opción es valida para aquellos que desean retirar su compra en nuestro deposito en horarios de lunes a viernes de 10 a 17hrs.
___________________________________________
¿DONDE ESTAMOS UBICADOS?
Capital Federal – Villa Crespo
___________________________________________
GARANTIA: Se pueden realizar devoluciones por arrepentimiento o falla hasta 30 días desde que te llego la compra, la compra tiene que estar en las mismas condiciones que lo recibiste, si la devolución es por arrepentimiento el producto tiene que estar cerrado en la misma bolsa que te llego.

Staff Grupo SkinFree",364,"https://drive.google.com/file/d/1VTQ6Cdg1rMQKBFF419UgSMMaHh7k_oJP/view
https://drive.google.com/file/d/1ocL3n3Lj5idELUHFIAz-eXZSsBwLbgNb/view
https://drive.google.com/file/d/1Bk9SRlFesNeWu2dORetIqv-hJVX6624W/view
https://drive.google.com/file/d/10r7ALNbV3ZN2v06zoahLx7xDedE5riIh/view"
301,BAJA,PYUNKANG YUL Crema Facial Tea Enriched con Extracto de Té,8809486682289,PYUNKANG,"Nueva formulación de barra de arcilla que es fácil de lavar y se puede aplicar convenientemente sin necesidad de ensuciarse las manos.

Contiene 5 tipos de arcilla, incluyendo 18% de caolín de alta densidad, que reduce la producción de sebo en un 87% con una sola aplicación.

Ayuda a eliminar puntos negros y puntos blancos notables profundamente incrustados en los poros.

Contiene polvo de frijol rojo finamente triturado, que exfolia suavemente las células muertas obstinadas de la piel.

Prueba completa de irritación de la piel para un uso seguro para todo tipo de piel, incluida la piel sensible.",301,"https://drive.google.com/file/d/1PiegIgUUcO15J2KKf6AUhjqEUcWekAWB/view
https://drive.google.com/file/d/1jcoNx4QEiR_7U9Ui3CAlCmx9LSUFi1wp/view
https://drive.google.com/file/d/15wr9PgZdWtbPu2dDcgc7rwxllCLt0fAO/view"
395,BAJA,Reju-all PDRN Rejuvenating Cr,8800330330011,REJU-AL,"Leloir Beauty Store es una marca que ofrece una variedad de productos para el cuidado de la piel facial. Si buscás protegerla y mantenerla en forma, esta puede ser una buena opción.

Es hipoalergénico
Este producto disminuye las posibilidades de una reacción alérgica, por ello, puede resultar útil para aquellas personas con piel sensible o irritable.

Libre de crueldad
Este producto es elaborado sin lastimar a ningún animal.

Libre de parabenos
Los productos libres de parabenos son una buena opción para el cuidado de pieles sensibles o para quienes eligen productos sin conservantes artificiales.

Es vegano
Este producto es realizado en base a elementos naturales de origen vegetal.",395,"https://drive.google.com/file/d/1xfPmI8rLxZrIEDeXKY8V6SwUOdPgw6Vb/view
https://drive.google.com/file/d/1XYram4b7Jh2y9brwDp0jJ0m7v-nOxObk/view
https://drive.google.com/file/d/1HNMaH_IMVKPd-8pk8izFf2z_tbjU1p95/view"
397,BAJA,Reju-all Retino-mela Sérum,8800330330097,REJU-AL,,397,"https://drive.google.com/file/d/1-Gu3L4sc_t_mb6tBXH49EzTxN_NiQeNP/view
https://drive.google.com/file/d/1akwgRl8VB-81BRQu6Qyydzg9Fg5VoPMG/view
https://drive.google.com/file/d/1LExQL7c2tdSyMvSQy34ows4NK6HHLDeq/view"
3648,BAJA,ROUND LAB Ampolla Facial Ultrahidratante 1025 Dokdo 45 g,8809657115479,ROUND LAB,"Noop beauty es una marca que ofrece una variedad de productos para el cuidado de la piel facial. Si buscas protegerla y mantenerla en forma, esta puede ser una buena opción.

Protección contra el paso del tiempo
Además del tratamiento para las líneas de expresión, los productos antiarrugas hidratan, reafirman y rejuvenecen la piel de tu rostro.

Es hipoalergénico
Este producto disminuye las posibilidades de una reacción alérgica, por ello, puede resultar útil para aquellas personas con piel sensible o irritable.",3648,https://drive.google.com/file/d/1UCsaEgXm6fpPSOgss4kWcOSihzqOyIiW/view
3660,BAJA,ROUND LAB Gel Facial de Limpieza 1025 Dokdo 150 ml,8809738608364,ROUND LAB,"Contiene Centella Asiática de Madagascar fermentada, Probio-cica y TECA formulados especialmente para proporcionar efectos calmantes maximizados.

Ceramida NP, similar en estructura a la barrera cutánea, y cica de alta calidad están formulados para reforzar la fuerza de la barrera cutánea al mejorar la absorción de humedad y reparar barreras cutáneas dañadas.

Contiene 5 tamaños de moléculas de ácido hialurónico para aportar hidratación a la piel desde el interior hacia afuera.

 

Tónico tipo esencia acuosa que proporciona los beneficios de la riqueza de una esencia, pero también un acabado refrescante de un tónico acuoso.

Ha completado pruebas de irritación cutánea para garantizar la seguridad en todos los tipos de piel, incluida la piel sensible.

 
CÓMO USAR: Aplica una cantidad adecuada en un algodón o directamente en la palma de la mano y da suaves palmaditas para que se absorba en la piel.",3660,https://drive.google.com/file/d/1TM1gmxL_eLcdjwmR1Kh_rbTCGCiSRL9W/view
3664,BAJA,ROUND LAB Crema Hidratante 1025 Dokdo 80 ml,8809738600245,ROUND LAB,"Skin1004 es una marca que ofrece una variedad de productos para el cuidado de la piel facial. Si buscas protegerla y mantenerla en forma, esta puede ser una buena opción.",3664,https://drive.google.com/file/d/1UCsaEgXm6fpPSOgss4kWcOSihzqOyIiW/view
3665,BAJA,ROUND LAB Tónico Facial Hidratante 1025 Dokdo 200 ml,8809657114731,ROUND LAB,,3665,https://drive.google.com/file/d/1UCsaEgXm6fpPSOgss4kWcOSihzqOyIiW/view
22809,BAJA,Round Lab 1025 Kit Dokdo,8809962540270,ROUND LAB,"SKIN1004 Madagascar es una marca que ofrece una variedad de productos para el cuidado de la piel facial. Si buscas protegerla y mantenerla en forma, esta puede ser una buena opción.

Es hipoalergénico
Este producto disminuye las posibilidades de una reacción alérgica, por ello, puede resultar útil para aquellas personas con piel sensible o irritable.

Libre de parabenos
Los productos libres de parabenos son una buena opción para el cuidado de pieles sensibles o para quienes eligen productos sin conservantes artificiales.",22809,"https://drive.google.com/file/d/1x1A4PTHjx3XmmSCBkMuYuyc4OJoE1mvJ/view
https://drive.google.com/file/d/1AOrKkVLuJNBKBEBUadHCvwVoFKez93Mj/view
https://drive.google.com/file/d/1R2VWOH5qB0s5gSKMEW7fyc5pkEApHul3/view
https://drive.google.com/file/d/12bynp_2q70blGo89npXjwJUG_K7JuuX-/view
https://drive.google.com/file/d/1SfB4Bdo_18IKSLT6L6WxyA0K9dChGUmC/view
https://drive.google.com/file/d/1PHdWGs8EjZgje2uy3lbT4HHi12_U5xc4/view"
22824,BAJA,ROUND LAB Bálsamo de Ojos Hidratante Birch con Savia de Abedul 10 g,8809962542441,ROUND LAB,"La Espuma Limpiadora Facial Centella 125ml de SKIN1004 es un producto que se basa en el poder de ingredientes limpios y naturales para ayudarte a obtener una piel radiante.

Madagascar Centella Ampoule Foam es una espuma limpiadora ligeramente ácida con pH 5 que mantiene el equilibrio en la piel mientras elimina la suciedad y el polvo que se acumula en el rostro. Su capacidad de generar espuma permite eliminar a fondo los residuos no visibles y el maquillaje.

La fórmula de este producto contiene una concentración del 33% de extracto puro de Centella Asiática de Madagascar que proporciona un fuerte cuidado calmante para reforzar la barrera cutánea, incluso en las pieles más sensibles. Además, contiene ingredientes limpiadores no irritantes extraídos del aceite de coco.

La textura cremosa de este limpiador se transforma en una rica espuma cuando se encuentra con el agua para purificar gentilmente el rostro sin causar irritaciones. 

Este producto es Cruelty Free y vegano.

MODO DE USO
Paso 1: Aplicar una cantidad adecuada sobre las manos húmedas, frotando para generar espuma.
Paso 2: Masajear suavemente el rostro.
Paso 3: Enjuagar con agua tibia.",22824,"https://drive.google.com/file/d/1cZAI_5o7T4Lo7C0JpA3qjYYsejZLt07r/view
https://drive.google.com/file/d/1xGkwQGWKFY0zFvWEjzjoa1Ar7HiYq0y1/view
https://drive.google.com/file/d/1KlzE2kA7bA6EmJtfgzuk4yR5PgtUZ9c9/view
https://drive.google.com/file/d/1DLsEre9lraR6SKXMA7z5ItGSlaz7RHEx/view
https://drive.google.com/file/d/1M-uWxCQ6rRi3y9wGOhNQU2Zu80GtEBOk/view
https://drive.google.com/file/d/1DsaC8KW0a9KYNB8JfyqHAPzIVQzbT7gv/view"
22865,BAJA,ROUND LAB Loción Corporal Hidratante Mild Up Baby con Avena 300 ml,8809962540591,ROUND LAB,"Ampolla Anti-acné Tea-trica Relief 100ml es el tratamiento ideal para pieles propensas al acné. Contiene un 9.4% de extracto de árbol de té y un 55% de extracto de centella asiática, ingredientes excelentes para aliviar la piel y combatir la producción excesiva de grasa. Este serum lucha contra el acné, alivia la piel irritada e inflamada, calma las rojeces y previene nuevas inflamaciones. Con ingredientes altamente calmantes, esta fórmula no comedogénica trata la inflamación y la irritación para un máximo alivio.

Es un producto Cruelty Free y vegano, adecuado para todo tipo de pieles, incluso las más sensibles con tendencia acneica. 

Se recomienda realizar un parche de prueba 24 horas antes de utilizar en el rostro.

MODO DE USO
Paso 1: Posterior a la limpieza, aplicar una cantidad adecuada uniformemente sobre la piel. 
Paso 2: Repetir para promover la absorción.",22865,"https://drive.google.com/file/d/1FkA4cPqIrvZJzhHsSA5fNWknJ_6O1JoU/view
https://drive.google.com/file/d/1ATu-6yheGuvOvb_4u8OKqKYntQ4tefBn/view
https://drive.google.com/file/d/17jv5iwa9zcJz2Z6V-d20Cvyq2h763Y9H/view
https://drive.google.com/file/d/15Wx9fCQZzkRMSfqAR0W9LPCxLfL9vKQk/view
https://drive.google.com/file/d/1MZpouFkbtk_T-7MSkQW6J7GJSVYJMUuw/view
https://drive.google.com/file/d/18yG1f_MS9gZxRivUKmuwId0m6Eua5j-9/view"
22890,BAJA,ROUND LAB Gel Calmante e Hidratante Mild Up Baby con Avena 150 ml,8809962540812,ROUND LAB,"REPRESENTANTE OFICIAL DE SKIN1004 EN ARGENTINA

SKIN1004 con Presencia en más de 80 países
La marca con mayor sensibilidad para las texturas y sensoriales
Ingredientes puros y de calidad, traídos desde lo virgen de Madagascar

RECONOCIMIENTOS DE LA MARCA:
-´20 Best Hypoallergenic Skincare Brand of ""Korea 1st Awards""
-First Brand Awards winner ´24
-20 MM de protectores solares vendidos solamente en Corea

Bienvenidos a SKIN FREE!
Tu tienda de confianza para la mejor cosmética coreana en Argentina. Con más de 8 años de experiencia en el rubro, ofrecemos productos prácticos y efectivos elaborados con ingredientes de punta y tecnología innovadora en cada fórmula. Nos enorgullece nuestro compromiso con el cuidado del medio ambiente y te traemos lo mejor de la cosmética coreana para que disfrutes de una rutina de belleza excepcional. ¡Descubre nuestras novedades y embellece tu piel con lo mejor del mercado!

TONE BRIGHTENING CAPSULE CREAM 75ML
Esta avanzada crema contiene micro esferas de Madecassoside concentrado y una combinación de ingredientes presentes en la Centella Asiática natural de Madagascar que iluminan y aclaran la piel apagada y con problemas de pigmentación. Mejora la desigualdad del tono causada por manchas o marcas de acné, ideal para pieles propensas a imperfecciones. Su fórmula ultraligera proporciona un delicado acabado fresco en la piel, sin dejar sensación pegajosa.

Ideal para pieles con manchas y apagadas.

BENEFICIOS:
-Crema hidratante ligera, de rápida absorción y sin sensación pegajosa.
-Enriquecida con Niacinamida y Madewhite™, que iluminan y unifican el tono de la piel.
-El Ácido tranexámico ayuda a reducir la apariencia de manchas oscuras, mejorando el tono de la piel.
-Con tecnología OIL-IN-WATER-GEL: una emulsión de aceite y agua que proporciona una hidratación profunda y duradera.
-Ayuda a mejorar la textura de la piel, reduciendo imperfecciones y manchas ocasionadas por el acné.

INGREDIENTES PRINCIPALES:
Centella Asiática de Madagascar: conocida por sus propiedades cicatrizantes y antiinflamatorias. Ayuda a mejorar la elasticidad de la piel, reducir cicatrices y promover la regeneración celular.

¿A QUE PASO DE MI RUTINA CORRESPONDE?
1. Aceite de limpieza
2. Limpiador en espuma
3. Tónico
4. Serum/Ampolla
5. CREMA HIDRATANTE
6. Protector solar

MODO DE USO:
-Aplicar una cantidad adecuada en el rostro y realizar suaves palmaditas con ambas manos para facilitar la absorción.
-Usalo como último paso de tu rutina de cuidado de la piel.

Contenido Neto: 75 ml

PRECACUCIONES:
Solo para uso externo. Evite utilizarlo en la zona ocular. Mantener fuera del alcance de los niños. Ante cualquier síntoma adverso discontinuar su uso y consultar con un médico.

INGREDIENTES:
Water, Butylene Glycol, Propanediol, Niacinamide, Isotridecyl Isononanoate, Phenyl Trimethicone, 1,2-Hexanediol, Tranexamic Acid, Diglycerin, Centella Asiatica Extract, Squalane, Butyrospermum Parkii (Shea) Butter, Polyglyceryl-3 Distearate, Xylitylglucoside, Cetyl Alcohol, Acrylates/C10-30 Alkyl Acrylate Crosspolymer, Anhydroxylitol, Polyacrylate Crosspolymer-6, Arginine, Trehalose, Zea Mays (Corn) Starch, Xylitol, Panthenol, Pentylene Glycol, Microcrystalline Cellulose, Mannitol, Glyceryl Stearate Citrate, Ethylhexylglycerin, Glycerin, Glucose,  Hydroxyethyl Urea, Madecassoside, Bisabolol, Sodium Hyaluronate, Hydrogenated Lecithin, Glyceryl Acrylate/Acrylic Acid Copolymer, Pyrus Communis (Pear) Flower Extract, Lactobacillus Ferment.

Importado por LABORATORIO BEK SRL. Legajo N° 2994. Res (ex M.S. y A.S.) ANMAT N° 155/98.

MADE IN KOREA

-Vegano
-No testeado en animales
-Dermatológicamente testeado
-Sin fragancias artificiales
-Calificación Verde de EWG
-Certificado PETA
___________________________________________
-IMPORTANTE ANTES DE REALIZAR TU COMPRA-

STOCK: todos los productos publicados cuentan con stock disponible.

COMPRA DE VARIOS PRODUCTOS: para realizar la compra de varios productos y que te lleguen juntos, te recomendamos utilizar el botón de “Agregar al carrito” que se encuentra al lado de “Comprar”, luego de verificar que están todos los productos agregados podes realizar la compra.
Si realizaste la compra de varios productos por separado, NO podremos enviártelos en un solo paquete.

METODOS DE PAGO: se abona a través de Mercado Pago de forma segura con tarjeta de crédito, tarjeta de debito, Rapipago y Pagofacil

FORMAS DE ENVIO:
1.MERCADOENVIOS: al realizar la compra, de acuerdo a su ubicación (colocando código postal) podra visualizar un calculador de costos y tiempos de entrega con el que podrá saber cuando le llegara el producto antes de realizar la compra y cual es el costo del mismo.
2.ENVIO FLEX: realizando la compra antes de las 13hrs, estarás recibiendo tu compra EN EL MISMO DIA. Servicio habilitado únicamente de lunes a viernes, valido en CABA y GBA
3.ACORDAR CON EL VENDEDOR: esta opción es valida para aquellos que desean retirar su compra en nuestro deposito en horarios de lunes a viernes de 10 a 17hrs.
___________________________________________
¿DONDE ESTAMOS UBICADOS?
Capital Federal – Villa Crespo
___________________________________________
GARANTIA: Se pueden realizar devoluciones por arrepentimiento o falla hasta 30 días desde que te llego la compra, la compra tiene que estar en las mismas condiciones que lo recibiste, si la devolución es por arrepentimiento el producto tiene que estar cerrado en la misma bolsa que te llego.

Staff Grupo SkinFree",22890,"https://drive.google.com/file/d/1-Rs68bEZBHAtnXDkUUnrLnQKhs3ZLpsy/view
https://drive.google.com/file/d/1oMoayzV0iukbDEl-fd8fimwHIfVFqkoB/view
https://drive.google.com/file/d/18n95u0JG8g3s12RRrBifPtA6QIq0wBdK/view
https://drive.google.com/file/d/1q0Y5bsHrrn19VoaJeXn4rGGh3416GWJR/view
https://drive.google.com/file/d/18DW1n_ugZTbJfs_IvHAWGt9z7myyMy8m/view
https://drive.google.com/file/d/1-LFaQ-LkP6PylIV59qxeaw-LOL3xz_fl/view"
22899,BAJA,ROUND LAB Protector Solar Mineral en Barra Mild Up Baby Óxido de Zinc 21 g,8809962541048,ROUND LAB,"Skin1004 es una marca que ofrece una variedad de productos para el cuidado de la piel facial. Si buscas protegerla y mantenerla en forma, esta puede ser una buena opción.

Es hipoalergénico
Este producto disminuye las posibilidades de una reacción alérgica, por ello, puede resultar útil para aquellas personas con piel sensible o irritable.

Libre de parabenos
Los productos libres de parabenos son una buena opción para el cuidado de pieles sensibles o para quienes eligen productos sin conservantes artificiales.",22899,"https://drive.google.com/file/d/1qMIcwNgQ8ODEdgjhOinFh0snsFOIGP5R/view
https://drive.google.com/file/d/1HCtug4hm4kSL6P6jyGmB7LZRD2MC5-NK/view
https://drive.google.com/file/d/1mS17YCB39gvXo0JlvnMqpevd1HGLyssh/view
https://drive.google.com/file/d/1uGiHtDDGTZUkCt90nA-9wJLyRcZ9kjIw/view
https://drive.google.com/file/d/1QxAIxZ6saw-ueJ4e6n6aXoX94TphtGdK/view
https://drive.google.com/file/d/1OPv1u5_mQMekxLm4RPnUB5lmPFVvBVWp/view"
22867,BAJA,ROUND LAB Protector Solar Mineral Mild Up Baby con Óxido de Zinc 60 ml,8809962540805,ROUND LAB,"REPRESENTANTE OFICIAL DE SKIN1004 EN ARGENTINA

SKIN1004 con Presencia en más de 80 países
La marca con mayor sensibilidad para las texturas y sensoriales
Ingredientes puros y de calidad, traídos desde lo virgen de Madagascar

RECONOCIMIENTOS DE LA MARCA:
-´20 Best Hypoallergenic Skincare Brand of ""Korea 1st Awards""
-First Brand Awards winner ´24
-20 MM de protectores solares vendidos solamente en Corea

Bienvenidos a SKIN FREE! 
Tu tienda de confianza para la mejor cosmética coreana en Argentina. Con más de 8 años de experiencia en el rubro, ofrecemos productos prácticos y efectivos elaborados con ingredientes de punta y tecnología innovadora en cada fórmula. Nos enorgullece nuestro compromiso con el cuidado del medio ambiente y te traemos lo mejor de la cosmética coreana para que disfrutes de una rutina de belleza excepcional. ¡Descubre nuestras novedades y embellece tu piel con lo mejor del mercado!

TONE BRIGHTENING CAPSULE AMPOULE
La ampolla contiene “MadeWhite” (Madecassoside encapsulado en microperlas), Niacinamida, Ácido Tranexámico y Centella Asiática de Madagascar que ayuda a atenuar las manchas oscuras e ilumina el tono de la piel mejorando los problemas de pigmentación. Es de textura ligera, no contiene fragancia, y se absorbe rápidamente para brindar un acabado refrescante.

Ideal para pieles con manchas y apagadas.

BENEFICIOS:
-Madewhite™ (ingrediente natural patentado) ilumina el tono de la piel y deja un brillo natural.
-El 4% de niacinamida ayuda a atenuar las manchas oscuras e ilumina el tono de la piel.
-El 2% de Ácido Tranexámico ayuda a reducir la producción de melanina y mejorar descoloramiento.
-Tecnología OIL-IN-WATER-GEL: la emulsión de aceite y agua proporciona una hidratación más profunda y prolongada.
 
INGREDIENTES PRINCIPALES:
-Centella Asiática de Madagascar: conocida por sus propiedades cicatrizantes y antiinflamatorias. Ayuda a mejorar la elasticidad de la piel, reducir cicatrices y promover la regeneración celular.

¿A qué paso de la rutina corresponde?
1. Aceite de limpieza
2. Limpiador en espuma
3. Tónico
4. SERUM/AMPOLLA
5. Crema hidratante
6. Protector solar
 
MODO DE USO:
-Aplicar una cantidad adecuada sobre la piel de manera uniforme.
-Realizar suaves masajes hasta absorber.

Contenido Neto: 50 ml

PRECAUCIONES:
Solo para uso externo. Evite utilizarlo en la zona ocular. Mantener fuera del alcance de los niños. Ante cualquier síntoma adverso discontinuar su uso y consultar con un médico.

INGREDIENTES:
Water, Butylene Glycol, Niacinamide, Glycerin, Tranexamic Acid, 1,2-Hexanediol, Betaine, Centella Asiatica Extract, Zea Mays (Corn) Starch, Xanthan Gum, Microcrystalline Cellulose, Mannitol, Panthenol, Pentylene Glycol, Ethylhexylglycerin, Hydroxyethylcellulose, Madecassoside, Acrylates/C10-30 Alkyl Acrylate Crosspolymer, Arginine, Hydrogenated Lecithin, Xylitylglucoside, Anhydroxylitol, Xylitol, Glucose, 3-O-Ethyl Ascorbic Acid, Lactobacillus Ferment.

Importado por LABORATORIO BEK SRL. Legajo N° 2994. Res (ex M.S. y A.S.) ANMAT N° 155/98.

 MADE IN KOREA

-Vegano
-No testeado en animales
-Dermatológicamente testeado
-Sin fragancias artificiales
-Calificación Verde de EWG
-Certificado PETA
___________________________________________
-IMPORTANTE ANTES DE REALIZAR TU COMPRA-

STOCK: todos los productos publicados cuentan con stock disponible.

COMPRA DE VARIOS PRODUCTOS: para realizar la compra de varios productos y que te lleguen juntos, te recomendamos utilizar el botón de “Agregar al carrito” que se encuentra al lado de “Comprar”, luego de verificar que están todos los productos agregados podes realizar la compra.
Si realizaste la compra de varios productos por separado, NO podremos enviártelos en un solo paquete.

METODOS DE PAGO: se abona a través de Mercado Pago de forma segura con tarjeta de crédito, tarjeta de debito, Rapipago y Pagofacil

FORMAS DE ENVIO:
1.MERCADOENVIOS: al realizar la compra, de acuerdo a su ubicación (colocando código postal) podra visualizar un calculador de costos y tiempos de entrega con el que podrá saber cuando le llegara el producto antes de realizar la compra y cual es el costo del mismo.
2.ENVIO FLEX: realizando la compra antes de las xxhrs, estarás recibiendo tu compra EN EL MISMO DIA. Servicio habilitado únicamente de lunes a viernes, valido en CABA y GBA 
3.ACORDAR CON EL VENDEDOR: esta opción es valida para aquellos que desean retirar su compra en nuestro deposito en horarios de lunes a viernes de 10 a 17hrs.
___________________________________________
¿DONDE ESTAMOS UBICADOS?
Capital Federal – Villa Crespo
___________________________________________
GARANTIA: Se pueden realizar devoluciones por arrepentimiento o falla hasta 30 días desde que te llego la compra, la compra tiene que estar en las mismas condiciones que lo recibiste, si la devolución es por arrepentimiento el producto tiene que estar cerrado en la misma bolsa que te llego. 

Staff Grupo SkinFree",22867,"https://drive.google.com/file/d/1TUywk15AZslz3tcfPHxs35GfTfBxlhj7/view
https://drive.google.com/file/d/18BNY3-dY109DPiSPK89Ee6svRorLFZ_d/view
https://drive.google.com/file/d/1e_tD77kopFmAKqXh6ZyBP5iadxfziXRc/view
https://drive.google.com/file/d/1zOR29NfUcpEh7-Fxvu_dAnFGOH94pjGR/view
https://drive.google.com/file/d/1cwXoGwRfj4ya2yAWbZfI6uI78ngkduZK/view
https://drive.google.com/file/d/14SlYeZgjCR1qlHAnpnMFElH1j-y7Y0sb/view"
22864,BAJA,ROUND LAB Limpiador Corporal y Capilar Mild Up Baby Head-to-Toe con Avena 300 ml,8809962540584,ROUND LAB,"Skin1004 es una marca que ofrece una variedad de productos para el cuidado de la piel facial. Si buscas protegerla y mantenerla en forma, esta puede ser una buena opción.

Es hipoalergénico
Este producto disminuye las posibilidades de una reacción alérgica, por ello, puede resultar útil para aquellas personas con piel sensible o irritable.

Libre de parabenos
Los productos libres de parabenos son una buena opción para el cuidado de pieles sensibles o para quienes eligen productos sin conservantes artificiales.",22864,"https://drive.google.com/file/d/1A-YLdzJappwJDxa7iQL7ir64Q7a6thXH/view
https://drive.google.com/file/d/1k1k3aDCrCSRBObqI4Z0YgV2wqrdz8iHT/view
https://drive.google.com/file/d/1i1Dk_jntmX0ZiO4XL7SsvTE7g8cXTEJT/view
https://drive.google.com/file/d/1JGFHNDnaBddqdWrepjNgNKRXm3g_TbT1/view
https://drive.google.com/file/d/13h3MYvtqj6u92NgfUMq0ulnq5xI9vK88/view
https://drive.google.com/file/d/1TwnETGVscmpzEgz4WcMCudWL4n-X1dFt/view"
22873,BAJA,ROUND LAB Crema Hidratante para Hombre Birch Juice Savia de Abedul 75 ml,8809962541246,ROUND LAB,,22873,"https://drive.google.com/file/d/1vrWcj7iJN0dDNsPWCRg9hF82IoLQxZwD/view
https://drive.google.com/file/d/15ScS05vKbSEobGTmpJiGQMdWcY0FHT7G/view
https://drive.google.com/file/d/11JKsvUxWWYiAZDva-O1oH7mNFupRDOKl/view
https://drive.google.com/file/d/1ts6oMy0gF2veLJW6oa7jg4oRgomB5TNX/view
https://drive.google.com/file/d/1RNyRf-26eMI0b20tMiLxi4E3Rmouh1nd/view
https://drive.google.com/file/d/1j0hAb4-JXvUQNA_vE4UVOY_WDNIDvRGJ/view"
22866,BAJA,ROUND LAB Loción Hidratante Facial para Hombre Birch Juice Savia de Abedul 200 ml,8809962541239,ROUND LAB,,22866,"https://drive.google.com/file/d/1lyUknm3XR0Wt9Np0Z2qtuqRhfUw-qOst/view
https://drive.google.com/file/d/1fpQWMhFhQcXHHuY6LzoT6sQETNBTto08/view
https://drive.google.com/file/d/1DCBagKTM_5r0ogM31TeEw3Qzn3Rbmg7N/view
https://drive.google.com/file/d/1loRtbhSnJsqo-fRAt8AN0ACeB2TzED4M/view
https://drive.google.com/file/d/1VJjtE-liXKSh3g7JkiEdqieu7B-2qiIi/view
https://drive.google.com/file/d/1PAJUZV4IV21YcES-0_uumqS-VWNaqYr_/view"
23046,BAJA,ROUND LAB Tónico Hidratante Facial para Hombre Birch Juice Savia de Abedul 200 ml,8809962541222,ROUND LAB,,23046,"https://drive.google.com/file/d/1vRJRFNFW_0gB4FXZSkRMPZYYUiG76nt0/view
https://drive.google.com/file/d/19dOlBCf-IoPkjjgTwgHByK1_MVNP2IIq/view
https://drive.google.com/file/d/1YJTV5q0ayf9j_j6F7JEx5WjYLBI1_M5w/view
https://drive.google.com/file/d/1mo7amwp_pCExwq8gVYj4zHf-LEOc_P78/view
https://drive.google.com/file/d/1SliJ7Gp0jn_7IiUtjzIrDBM6pglqNLtD/view
https://drive.google.com/file/d/1tTjDpkbr0p_C9M0eijtXovocCQp5Ug9J/view"
22845,BAJA,ROUND LAB Gel de Baño Calmante Pine Calming Cica Extracto de Pino 400 ml,8809849802408,ROUND LAB,"REPRESENTANTE OFICIAL DE SKIN1004 EN ARGENTINA

SKIN1004 con Presencia en más de 80 países
La marca con mayor sensibilidad para las texturas y sensoriales
Ingredientes puros y de calidad, traídos desde lo virgen de Madagascar

RECONOCIMIENTOS DE LA MARCA:
-´20 Best Hypoallergenic Skincare Brand of ""Korea 1st Awards""
-First Brand Awards winner ´24
-20 MM de protectores solares vendidos solamente en Corea

Bienvenidos a SKIN FREE!
Tu tienda de confianza para la mejor cosmética coreana en Argentina. Con más de 8 años de experiencia en el rubro, ofrecemos productos prácticos y efectivos elaborados con ingredientes de punta y tecnología innovadora en cada fórmula. Nos enorgullece nuestro compromiso con el cuidado del medio ambiente y te traemos lo mejor de la cosmética coreana para que disfrutes de una rutina de belleza excepcional. ¡Descubre nuestras novedades y embellece tu piel con lo mejor del mercado!

Este Kit incluye:

-HYALU-CICA WATER-FIT SERUM SPF50+ PA++++ 50ml
Protector solar serum-like FPS 50+ para uso diario, sin perfume, de textura súper liviana y rápida absorción, sin rastros de oleosidad ni pegajosidad. Su reconocida fórmula con funcionalidad cosmética contiene Hyalu-Cica, que aporta adicionalmente hidratación y protección eficaz a la piel.

-HYALU-CICA SILKY-FIT SUN STICK SPF50+ 20g
Este stick solar hidrata y matifica la piel, proporcionando un acabado suave y sedoso sin sensación oleosa ni pegajosa. Contiene ingredientes como Centella Asiática, numerosos extractos botánicos y Ácido Hialurónico que le aportan un valioso plus de funcionalidad hidratante y calmante.

BENEFICIOS:
-Protector solar con una eficaz protección UVA/UVB de SPF 50+ y PA++++.
-Con potente hidratación.
-Ultraligero, con una textura no pegajosa y similar a un suero proporciona un acabado transpirable y húmedo sin tono blanco.
-Contiene Baby Green Complex (7 tipos de extractos de brotes) para antioxidantes y minerales.

INGREDIENTES PRINCIPALES:
-Centella Asiática de Madagascar: conocida por sus propiedades cicatrizantes y antiinflamatorias. Ayuda a mejorar la elasticidad de la piel, reducir cicatrices y promover la regeneración celular.
-Ácido Hialurónico: potente humectante que retiene la humedad en la piel. Ayuda a mantener la piel hidratada, suave y con volumen, reduciendo la apariencia de arrugas y líneas finas.

¿A qué paso de la rutina corresponde?
1. Aceite de limpieza
2. Limpiador en espuma
3. Tónico
4. Serum
5. Crema hidratante
6. PROTECTOR SOLAR

MODO DE USO:
-Aplicar uniformemente en las zonas expuestas a los rayos UV, como rostro, cuello, brazos y piernas.
-Para una eficaz protección, aplicar 30 minutos antes de la exposición al sol y volver a aplicar cada 2-3 horas. Reaplicar siempre, luego de sudoración intensa, nadar o bañarse, secarse con toalla y durante la exposición al sol. Es necesaria la reaplicación del producto para mantener su efectividad. Si la cantidad aplicada no es adecuada, el nivel de protección será significativamente reducido. Aplicar abundantemente antes de la exposición al sol.
Importado por LABORATORIO BEK SRL. Legajo N° 2994. Res (ex M.S. y A.S.) ANMAT N° 155/98.

MADE IN KOREA

-Vegano
-No testeado en animales
-Dermatológicamente testeado
-Sin fragancias artificiales
-Calificación Verde de EWG
-Certificado PETA

___________________________________________
-IMPORTANTE ANTES DE REALIZAR TU COMPRA-

STOCK: todos los productos publicados cuentan con stock disponible.

COMPRA DE VARIOS PRODUCTOS: para realizar la compra de varios productos y que te lleguen juntos, te recomendamos utilizar el botón de “Agregar al carrito” que se encuentra al lado de “Comprar”, luego de verificar que están todos los productos agregados podes realizar la compra.
Si realizaste la compra de varios productos por separado, NO podremos enviártelos en un solo paquete.

METODOS DE PAGO: se abona a través de Mercado Pago de forma segura con tarjeta de crédito, tarjeta de debito, Rapipago y Pagofacil

FORMAS DE ENVIO:
1.MERCADOENVIOS: al realizar la compra, de acuerdo a su ubicación (colocando código postal) podra visualizar un calculador de costos y tiempos de entrega con el que podrá saber cuando le llegara el producto antes de realizar la compra y cual es el costo del mismo.
2.ENVIO FLEX: realizando la compra antes de las xxhrs, estarás recibiendo tu compra EN EL MISMO DIA. Servicio habilitado únicamente de lunes a viernes, valido en CABA y GBA
3.ACORDAR CON EL VENDEDOR: esta opción es valida para aquellos que desean retirar su compra en nuestro deposito en horarios de lunes a viernes de 10 a 17hrs.
___________________________________________
¿DONDE ESTAMOS UBICADOS?
Capital Federal – Villa Crespo
___________________________________________
GARANTIA: Se pueden realizar devoluciones por arrepentimiento o falla hasta 30 días desde que te llego la compra, la compra tiene que estar en las mismas condiciones que lo recibiste, si la devolución es por arrepentimiento el producto tiene que estar cerrado en la misma bolsa que te llego.

Staff Grupo SkinFree",22845,"https://drive.google.com/file/d/1wrKITzEn210EiQAUwrc6O42fRbI_CCeN/view
https://drive.google.com/file/d/1tvNcotKlEmEvcJvyX2j4KbzN4LDYExSw/view
https://drive.google.com/file/d/1HLP172XnbJZJE7UqT1INRxE_S_94f3aU/view
https://drive.google.com/file/d/1DLpUzPtFNCARmL1ENecyAGM1SLa88j5E/view
https://drive.google.com/file/d/18VwE7_JrYIyK43tab2r0F3UyA3r1ACyC/view
https://drive.google.com/file/d/1unQvQ51dzkYqPknG-H4nmVKuy6pt4hcf/view"
22856,BAJA,ROUND LAB Tónico Capilar Calmante Pine Cica con Extracto de Pino 100 ml,8809962541352,ROUND LAB,,22856,"https://drive.google.com/file/d/1Rb7I6ijxmdpfb4c6IrLEwJbowX7WN9EL/view
https://drive.google.com/file/d/1RYa5ro2Qn57ntz2MNAAnxVEhjePvrtSM/view
https://drive.google.com/file/d/1wdw2HV1GaPm8TSJV2vC2KtJF4mKoKYsO/view
https://drive.google.com/file/d/19Ip8ZayThE64v47kERRHQPwDPR974AVj/view
https://drive.google.com/file/d/1WlGaaaGCuQQKECDnIEKs7tecnJ3JDUwj/view
https://drive.google.com/file/d/17wckLzsN7xzWKTdbVghDBOkh7x9d8Q83/view"
22851,BAJA,ROUND LAB Champú Anticaída y Calmante Pine Cica Extracto de Pino 400 ml,8809962541345,ROUND LAB,,22851,"https://drive.google.com/file/d/19kesrecebUMIt6Uc1WUqwdNKizdvPFIx/view
https://drive.google.com/file/d/1QbmqlUI9zawmnhEdLcCSo20atz9sJrV4/view
https://drive.google.com/file/d/1_BmWElgEJZbRlXbQXwYU415vkBwj0vdm/view
https://drive.google.com/file/d/1wpjfOdIefVboaN6-cbbtBaXlD0Z2H-qL/view
https://drive.google.com/file/d/15g0CF-jf6ycBZ69odi9fPwkwzd7kAfM0/view
https://drive.google.com/file/d/1egNImFLpHkievMbom6iDNc3SHYcOp7VI/view"
22808,BAJA,ROUND LAB 1025 WATER GEL Mascarilla,8809743540710,ROUND LAB,,22808,"https://drive.google.com/file/d/1O7XrQrAlu-WkFi1HV1zfwkFRYCiR0Krx/view
https://drive.google.com/file/d/1csiRSnWF8QijqJlPhgvQk6L7deF-4QTA/view
https://drive.google.com/file/d/1hpnl6ofSCLIM7kzAs4baYa-jLDY0sAhq/view
https://drive.google.com/file/d/1aMfWMqCnh8sHCgl6z3vGjSClm-wLDryS/view
https://drive.google.com/file/d/1WDuaWjCAffMii1qEmnvPJMDyUUpeR8UT/view
https://drive.google.com/file/d/13rz2zwf0sv8F2TFXB9ZORmQpOc2zemYH/view"
3669,BAJA,ROUND LAB Protector Solar Ligero Birch Juice Moisturizing SPF 50 50 ml,8809782551814,ROUND LAB,,3669,https://drive.google.com/file/d/10FMdM0c_7fJkE6YoCH7lyquiW2KZY5g6/view
20044,BAJA,BEK Set Dewy Drea Pieles Secas,,ROUND LAB,,20044,
6270,BAJA,Seapuri Lashrum Eye Enha Sérum,8809889551489,SEAPURI,,6270,https://drive.google.com/file/d/1SCoHe8OMI6qDJAEfERhLjZW6P2OBXNfz/view
394,BAJA,Seapuri Scalpy Bubble Tónico,8809725625497,SEAPURI,,394,"https://drive.google.com/file/d/105VnMhiUBCWcZHu6EjdQr0iIenQX7z7Z/view
https://drive.google.com/file/d/1eXg7JgE2Ar3YjvUcC8ck5GO-h1SCsbAl/view
https://drive.google.com/file/d/1ulVOvpnWJ8y1oPTjr_Y9jGKr7D8tjuI8/view"
393,BAJA,SEAPURI SCALPY Sérum Capilar,8809934860870,SEAPURI,,393,"https://drive.google.com/file/d/1mm0qkZolDC3ZO52idQV5TbCbNJUQsjpm/view
https://drive.google.com/file/d/1i4sIPto5XQ4sUc-X-Bzia6oSUrvX9Jbi/view
https://drive.google.com/file/d/1X4E5iYy_TmWdRMJ49vuLlxNuyBflyYmS/view"
18118,ALTA,SKIN1004 Mascarilla Facial Hidratante Hyalu-Cica 23 ml 5 unidades,,SKIN1004,"Mascarilla facial de Skin1004 formulado con ácido hialurónico. ácido hialurónico: aporta hidratación profunda. Marca coreana referente en Centella Asiática de Madagascar, con tónicos, sérums y cremas calmantes de gran rotación.",,No encontrado en carpetas de SKIN1004
18123,ALTA,SKIN1004 Mascarilla Facial Poremizing Clarifying para Poros 23 ml 5 unidades,,SKIN1004,"Mascarilla facial de Skin1004. Marca coreana referente en Centella Asiática de Madagascar, con tónicos, sérums y cremas calmantes de gran rotación.",,No encontrado en carpetas de SKIN1004
18143,ALTA,SKIN1004 Mascarilla Facial Probio-Cica Nourishing Nutritiva 22 ml 5 unidades,,SKIN1004,"Mascarilla facial de Skin1004 formulado con centella asiática (Cica) y probióticos/bífidus. centella asiática (Cica): repara la barrera cutánea y calma irritaciones; probióticos/bífidus: fortalece el microbioma cutáneo. Marca coreana referente en Centella Asiática de Madagascar, con tónicos, sérums y cremas calmantes de gran rotación.",,No encontrado en carpetas de SKIN1004
18142,ALTA,SKIN1004 Mascarilla Facial Tea-Trica Relaxing para Piel Oleosa y Acneica 24 ml 5 unidades,,SKIN1004,"Mascarilla facial de Skin1004. Marca coreana referente en Centella Asiática de Madagascar, con tónicos, sérums y cremas calmantes de gran rotación.",,No encontrado en carpetas de SKIN1004
18119,ALTA,SKIN1004 Mascarilla Facial Tone Brightening Glow Iluminadora 25 ml 5 unidades,,SKIN1004,"Mascarilla facial de Skin1004. Marca coreana referente en Centella Asiática de Madagascar, con tónicos, sérums y cremas calmantes de gran rotación.",,No encontrado en carpetas de SKIN1004
18112,ALTA,SKIN1004 Mascarilla Facial Centella Watergel Sheet Ampoule 25 ml 5 unidades,8809576260502,SKIN1004,"Mascarilla facial de Skin1004. Marca coreana referente en Centella Asiática de Madagascar, con tónicos, sérums y cremas calmantes de gran rotación.",,No encontrado en carpetas de SKIN1004
84794,ALTA,SKIN1004 Crema Facial en Gel Centella Soothing para Piel Sensible 75 ml,8809576261134,SKIN1004,"Crema facial de Skin1004. Marca coreana referente en Centella Asiática de Madagascar, con tónicos, sérums y cremas calmantes de gran rotación.",75ml,No encontrado en carpetas de SKIN1004
84790,ALTA,SKIN1004 Aceite Limpiador Centella Light para Doble Limpieza Piel Sensible 200 ml,8809576261110,SKIN1004,"Limpiador facial de Skin1004. Marca coreana referente en Centella Asiática de Madagascar, con tónicos, sérums y cremas calmantes de gran rotación.",200ml,https://drive.google.com/file/d/15BehitZ7H9vvePnZ9IvCuz4PKw0CkBy6/view?usp=drivesdk
84791,ALTA,SKIN1004 Limpiador Facial en Espuma Centella Ampoule Foam Piel Sensible 125 ml,8809576261127,SKIN1004,"Limpiador facial de Skin1004. Marca coreana referente en Centella Asiática de Madagascar, con tónicos, sérums y cremas calmantes de gran rotación.",125ml,https://drive.google.com/file/d/1-1rJsSeGcqnvK2wejixRKJS_pKs6X4_p/view?usp=drivesdk
84793,ALTA,SKIN1004 Sérum Facial Centella Ampoule para Piel Sensible 55 ml,8809576260601,SKIN1004,"Sérum/esencia de Skin1004. Marca coreana referente en Centella Asiática de Madagascar, con tónicos, sérums y cremas calmantes de gran rotación.",55ml,https://drive.google.com/file/d/1MEjqOoCyjagBgvVLLGJSFPGRHrjTxuRC/view?usp=drivesdk
18109,ALTA,SKIN1004 Tónico Facial Centella Toning para Piel Sensible 210 ml,8809576261141,SKIN1004,"Tónico facial de Skin1004. Marca coreana referente en Centella Asiática de Madagascar, con tónicos, sérums y cremas calmantes de gran rotación.",210ml,No encontrado en carpetas de SKIN1004
17748,ALTA,SKIN1004 Sérum Facial Ligero Centella Hyalu-Cica First Ampoule Piel Seca 50 ml,8809913830139,SKIN1004,"Esencia facial (first essence) de Skin1004 formulado con ácido hialurónico y centella asiática (Cica). ácido hialurónico: aporta hidratación profunda; centella asiática (Cica): repara la barrera cutánea y calma irritaciones. Marca coreana referente en Centella Asiática de Madagascar, con tónicos, sérums y cremas calmantes de gran rotación.",50ml,No encontrado en carpetas de SKIN1004
1773,ALTA,SKIN1004 Mascarilla Nocturna Centella Hyalu-Cica Sleeping Pack Piel Seca 100 ml,8809576260724,SKIN1004,"Mascarilla facial de Skin1004 formulado con ácido hialurónico y centella asiática (Cica). ácido hialurónico: aporta hidratación profunda; centella asiática (Cica): repara la barrera cutánea y calma irritaciones. Marca coreana referente en Centella Asiática de Madagascar, con tónicos, sérums y cremas calmantes de gran rotación.",100ml,No encontrado en carpetas de SKIN1004
17750,ALTA,SKIN1004 Crema Facial Hidratante Centella Hyalu-Cica Moisture Piel Seca 75 ml,8809576261493,SKIN1004,"Crema facial de Skin1004 formulado con ácido hialurónico y centella asiática (Cica). ácido hialurónico: aporta hidratación profunda; centella asiática (Cica): repara la barrera cutánea y calma irritaciones. Marca coreana referente en Centella Asiática de Madagascar, con tónicos, sérums y cremas calmantes de gran rotación.",75ml,No encontrado en carpetas de SKIN1004
7516,ALTA,SKIN1004 Crema Facial Reafirmante Hyalu-Teca Madagascar Centella 50 ml,8809913834878,SKIN1004,"Crema facial de Skin1004 formulado con ácido hialurónico y centella asiática (Cica). ácido hialurónico: aporta hidratación profunda; centella asiática (Cica): repara la barrera cutánea y calma irritaciones. Marca coreana referente en Centella Asiática de Madagascar, con tónicos, sérums y cremas calmantes de gran rotación.",,No encontrado en carpetas de SKIN1004
7510,ALTA,SKIN1004 Set Madagascar Centella Edición LATAM,8809913834595,SKIN1004,"Set/kit de Skin1004 que combina varios productos de la marca para una rutina completa. Marca coreana referente en Centella Asiática de Madagascar, con tónicos, sérums y cremas calmantes de gran rotación.",,No encontrado en carpetas de SKIN1004
7518,ALTA,SKIN1004 Madagascar Centella Poremizing Kit de Viaje,8809913833482,SKIN1004,"Set/kit de Skin1004 que combina varios productos de la marca para una rutina completa. Marca coreana referente en Centella Asiática de Madagascar, con tónicos, sérums y cremas calmantes de gran rotación.",,No encontrado en carpetas de SKIN1004
7512,ALTA,SKIN1004 Ampolla Facial Reparadora Centella Teca Madagascar 50 ml,8809913834557,SKIN1004,"Ampolla/booster concentrado de Skin1004 formulado con centella asiática (Cica). centella asiática (Cica): repara la barrera cutánea y calma irritaciones. Marca coreana referente en Centella Asiática de Madagascar, con tónicos, sérums y cremas calmantes de gran rotación.",,No encontrado en carpetas de SKIN1004
7513,ALTA,SKIN1004 Crema Facial Reparadora Centella Teca Madagascar 75 ml,8809913834571,SKIN1004,"Crema facial de Skin1004 formulado con centella asiática (Cica). centella asiática (Cica): repara la barrera cutánea y calma irritaciones. Marca coreana referente en Centella Asiática de Madagascar, con tónicos, sérums y cremas calmantes de gran rotación.",,No encontrado en carpetas de SKIN1004
7514,ALTA,SKIN1004 Sérum Facial Voluminizador Hyalu-Teca Plumping Ampoule 50 ml,8809913834847,SKIN1004,"Producto de skincare/belleza de Skin1004 formulado con ácido hialurónico y centella asiática (Cica). ácido hialurónico: aporta hidratación profunda; centella asiática (Cica): repara la barrera cutánea y calma irritaciones. Marca coreana referente en Centella Asiática de Madagascar, con tónicos, sérums y cremas calmantes de gran rotación.",,No encontrado en carpetas de SKIN1004
7517,ALTA,SKIN1004 Kit Madagascar Centella para un Tono Uniforme,8809913833444,SKIN1004,"Set/kit de Skin1004 que combina varios productos de la marca para una rutina completa. Marca coreana referente en Centella Asiática de Madagascar, con tónicos, sérums y cremas calmantes de gran rotación.",,No encontrado en carpetas de SKIN1004
7515,ALTA,SKIN1004 Leche Hidratante Hyalu-Teca Glass Skin Milk Madagascar Centella 210 ml,8809913834861,SKIN1004,"Loción/leche hidratante de Skin1004 formulado con centella asiática (Cica). centella asiática (Cica): repara la barrera cutánea y calma irritaciones. Marca coreana referente en Centella Asiática de Madagascar, con tónicos, sérums y cremas calmantes de gran rotación.",,No encontrado en carpetas de SKIN1004
7511,ALTA,SKIN1004 Tónico Facial Calmante Centella Teca Soothing Madagascar 210 ml,8809913834540,SKIN1004,"Tónico facial de Skin1004 formulado con centella asiática (Cica). centella asiática (Cica): repara la barrera cutánea y calma irritaciones. Marca coreana referente en Centella Asiática de Madagascar, con tónicos, sérums y cremas calmantes de gran rotación.",,No encontrado en carpetas de SKIN1004
18452,ALTA,Sk1004 Madag Centella Cleanduo,8809576261868,SKIN1004,"Set/kit de Skin1004 que combina varios productos de la marca para una rutina completa. Marca coreana referente en Centella Asiática de Madagascar, con tónicos, sérums y cremas calmantes de gran rotación.",120ml,No encontrado en carpetas de SKIN1004
18453,ALTA,SKIN1004 Set Dúo de Limpieza Centella,8809913830641,SKIN1004,"Mascarilla facial de Skin1004 formulado con centella asiática (Cica). centella asiática (Cica): repara la barrera cutánea y calma irritaciones. Marca coreana referente en Centella Asiática de Madagascar, con tónicos, sérums y cremas calmantes de gran rotación.",325ml,No encontrado en carpetas de SKIN1004
17051,ALTA,SKIN1004 Madagascar Centella Kit de Viaje,8809576261233,SKIN1004,"Set/kit de Skin1004 que combina varios productos de la marca para una rutina completa. Marca coreana referente en Centella Asiática de Madagascar, con tónicos, sérums y cremas calmantes de gran rotación.",,No encontrado en carpetas de SKIN1004
18418,ALTA,SKIN1004 Mascarilla de Tela Hyalu-Cica Hydrating para Piel Seca 23 ml 1 unidad,8809913832034,SKIN1004,"Una mascarilla de tela enriquecida con 8 tipos de ácido hialurónico, centella asiática y ceramida para hidratar profundamente, dar volumen y retener la humedad.

Beneficios clave
· Fortalece la barrera cutánea
· Calmante
· Hidratación no pegajosa

TIPO DE PIEL

Ideal para piel Seca, Normal, Mixta, Sensible.

¿En qué paso de la rutina se usa?

Aceite de limpieza
Limpiador en espuma
Tónico
MASCARILLA
Serum y/o crema hidratante
Protector solar

Ingredientes principales

· Extracto de Centella asiática: La Centella asiática contiene ingredientes activos como el ácido madecásico y el asiaticósido, que ayudan a la síntesis de colágeno, promoviendo una excelente cicatrización de heridas y la regeneración de la piel. También tiene propiedades calmantes que ayudan en el cuidado de las arrugas. Además, protege la piel de los radicales libres y revitaliza la piel cansada.

Modo de Uso

1.Después de limpiar tu rostro, aplicá el tónico para preparar la piel para el siguiente paso. Luego, retirá la mascarilla del sobre y colócala cuidadosamente sobre el rostro, evitando el contorno de los ojos y la boca. Dejala actuar entre 10 y 20 minutos y, al retirarla, masajeá suavemente con las yemas de los dedos para ayudar a que la ampolla restante se absorba por completo.

Textura
Mascarilla de tela

Tips/Curiosidad

+La mascarilla refresca el rostro, ideal para días de calor.

Contenido: 1 unidad

Precauciones: Sólo para uso externo. Si entra en contacto con los ojos, enjuague con abundante agua. Mantener fuera del alcance de los niños. Ante cualquier síntoma adverso discontinuar su uso y consultar con un médico.

Ingredientes: Water, Butylene Glycol, Glycerin, Niacinamide, 1,2-Hexanediol, Glyceryl Glucoside, Xylitylglucoside, Anhydroxylitol, Allantoin, Carbomer, Arginine, Xylitol, Centella Asiatica Extract(1,000 ppm), Polyglyceryl-10 Laurate, Ethylhexylglycerin, Xanthan Gum, Adenosine, Glucose, Disodium EDTA, Hydrogenated Lecithin, Musa Sapientum (Banana) Flower Extract, Rosa Damascena Flower Water, Pyrus Communis (Pear) Fruit Extract, Prunus Domestica Fruit Extract, Squalane, Cucumis Melo (Melon) Fruit Extract, Hedera Helix (Ivy) Leaf/Stem Extract, Sodium Hyaluronate(3.5 ppm), Ceramide NP, Cetyl Ethylhexanoate, Cholesterol, Macadamia Ternifolia Seed Oil, Brassica Campestris (Rapeseed) Sterols, Oleic Acid, Stearic Acid, Tocopherol, Hyaluronic Acid(0.1 ppm), Hydrolyzed Hyaluronic Acid(0.1 ppm), Hydrolyzed Sodium Hyaluronate(0.1 ppm), Hydroxypropyltrimonium Hyaluronate(0.1 ppm), Potassium Hyaluronate(0.1 ppm), Sodium Hyaluronate Crosspolymer(0.1 ppm), Pentylene Glycol, Sodium Acetylated Hyaluronate(0.07 ppm).",23ml,https://acdn-us.mitiendanube.com/stores/324/065/products/2-a6bbc5a3e38b50bb1817622678210233-640-0.webp
18425,ALTA,SKIN1004 Mascarilla de Tela Poremizing Clarifying para Poros Dilatados 23 ml 1 unidad,8809913831310,SKIN1004,"Mascarilla facial de Skin1004. Marca coreana referente en Centella Asiática de Madagascar, con tónicos, sérums y cremas calmantes de gran rotación.",23ml,No encontrado en carpetas de SKIN1004
18431,ALTA,SKIN1004 Mascarilla de Tela Probio-Cica Nourishing para Piel Madura 22 ml 1 unidad,8809913832003,SKIN1004,"Mascarilla facial de Skin1004 formulado con centella asiática (Cica) y probióticos/bífidus. centella asiática (Cica): repara la barrera cutánea y calma irritaciones; probióticos/bífidus: fortalece el microbioma cutáneo. Marca coreana referente en Centella Asiática de Madagascar, con tónicos, sérums y cremas calmantes de gran rotación.",22ml,No encontrado en carpetas de SKIN1004
18454,ALTA,SKIN1004 Mascarilla de Tela Tea-Trica Relaxing para Piel Oleosa y Acneica 24 ml 1 unidad,8809913832058,SKIN1004,"Mascarilla facial de Skin1004. Marca coreana referente en Centella Asiática de Madagascar, con tónicos, sérums y cremas calmantes de gran rotación.",24ml,No encontrado en carpetas de SKIN1004
18455,ALTA,SKIN1004 Mascarilla de Tela Tone Brightening Glow para Piel Apagada y con Manchas 25 ml 1 unidad,8809913830931,SKIN1004,"Mascarilla facial de Skin1004. Marca coreana referente en Centella Asiática de Madagascar, con tónicos, sérums y cremas calmantes de gran rotación.",25ml,No encontrado en carpetas de SKIN1004
18419,ALTA,SKIN1004 Mascarilla de Tela Centella Watergel Sheet Ampoule Piel Sensible 25 ml 1 unidad,8809576260496,SKIN1004,"Una mascarilla de tela con una rica esencia de centella asiática, glicerina y manzanilla que calma e hidrata intensamente la piel.

Beneficios clave

·  Repara la piel
·  Hidratación no pegajosa
· Suave y refrescante

TIPO DE PIEL

Ideal para piel normal, sensible y mixta.

¿En qué paso de la rutina se usa?

Aceite de limpieza
Limpiador en espuma
Tónico
MASCARILLA
Serum y/o crema hidratante
Protector solar

Ingredientes principales

· Extracto de Centella asiática: La Centella asiática contiene ingredientes activos como el ácido madecásico y el asiaticósido, que ayudan a la síntesis de colágeno, promoviendo una excelente cicatrización de heridas y la regeneración de la piel. También tiene propiedades calmantes que ayudan en el cuidado de las arrugas. Además, protege la piel de los radicales libres y revitaliza la piel cansada.

Modo de Uso

1. Después de limpiar tu rostro, aplicá el tónico para preparar la piel para el siguiente paso. Luego, retirá la mascarilla del sobre y colócala cuidadosamente sobre el rostro, evitando el contorno de los ojos y la boca. Dejala actuar entre 10 y 20 minutos y, al retirarla, masajeá suavemente con las yemas de los dedos para ayudar a que la ampolla restante se absorba por completo.

Textura
Mascarilla de tela

Tips/Curiosidad

+La mascarilla refresca el rostro, ideal para días de calor.

Contenido: 1 unidad

Precauciones: Sólo para uso externo. Si entra en contacto con los ojos, enjuague con abundante agua. Mantener fuera del alcance de los niños. Ante cualquier síntoma adverso discontinuar su uso y consultar con un médico.

Ingredientes: Water, Dipropylene Glycol, Glycereth-26, Centella Asiatica Extract, Glycerin, 1,2-Hexanediol, Betaine, Butylene Glycol, Paeonia Suffruticosa Root Extract, Polyglyceryl-10 Laurate, Chamomilla Recutita (Matricaria) Flower Extract, Glyceryl Caprylate, Carbomer, Xanthan Gum, Arginine, Ethylhexylglycerin, Sodium Hyaluronate, Theobroma Cacao (Cocoa) Extract, Dextrin, Propanediol, Coptis Japonica Root Extract, Mentha Arvensis Leaf Oil, Sodium Hyaluronate Crosspolymer, Hydrolyzed Glycosaminoglycans, Benzyl Glycol, Hydrolyzed Hyaluronic Acid, Hyaluronic Acid, Raspberry Ketone, Disodium EDTA.
",25ml,https://acdn-us.mitiendanube.com/stores/324/065/products/1-9f3e0f879a2e45ade217622676589606-640-0.webp
14753,ALTA,SKIN1004 Ampolla Reafirmante LIN Matrixyl 10% Boosting Shot 30 ml,8809913832508,SKIN1004,"Ampolla/booster concentrado de Skin1004. Marca coreana referente en Centella Asiática de Madagascar, con tónicos, sérums y cremas calmantes de gran rotación.",30ml,No encontrado en carpetas de SKIN1004
14755,ALTA,SKIN1004 Ampolla Iluminadora LIN Niacinamide 10% Boosting Shot Refina Poros 30 ml,8809913832492,SKIN1004,"Ampolla/booster concentrado de Skin1004. Marca coreana referente en Centella Asiática de Madagascar, con tónicos, sérums y cremas calmantes de gran rotación.",30ml,No encontrado en carpetas de SKIN1004
14758,ALTA,SKIN1004 Tónico Facial Poremizing Clear para Piel Mixta y Oleosa 210 ml,8809576261455,SKIN1004,"Tónico facial de Skin1004. Marca coreana referente en Centella Asiática de Madagascar, con tónicos, sérums y cremas calmantes de gran rotación.",210ml,No encontrado en carpetas de SKIN1004
14760,ALTA,SKIN1004 Limpiador Facial en Espuma Poremizing Deep para Piel Mixta y Oleosa 125 ml,8809576261653,SKIN1004,"Limpiador facial de Skin1004. Marca coreana referente en Centella Asiática de Madagascar, con tónicos, sérums y cremas calmantes de gran rotación.",125ml,No encontrado en carpetas de SKIN1004
14778,ALTA,SKIN1004 Crema Facial en Gel Poremizing Light para Piel Mixta y Oleosa 75 ml,8809576261646,SKIN1004,"Crema facial de Skin1004. Marca coreana referente en Centella Asiática de Madagascar, con tónicos, sérums y cremas calmantes de gran rotación.",75ml,No encontrado en carpetas de SKIN1004
1774,ALTA,SKIN1004 Mascarilla de Arcilla en Barra Poremizing Quick Clay para Poros Dilatados 27 g,8809913830085,SKIN1004,"Mascarilla facial de Skin1004. Marca coreana referente en Centella Asiática de Madagascar, con tónicos, sérums y cremas calmantes de gran rotación.",27g,https://drive.google.com/file/d/1Ean1cQ3ggctltIHpgfxuQlrKJYXWSpO1/view?usp=drivesdk
84799,ALTA,SKIN1004 Sérum Facial Poremizing Fresh Ampoule para Poros Dilatados 50 ml,8809913830115,SKIN1004,"Una ampolla funcional que minimiza los poros con sales minerales rosas y 9 péptidos que limpia los poros y mejora la elasticidad de la piel.

Beneficios clave

· Purifica y minimiza la apariencia de los poros

· Controla el sebo

· Hidrata y mejora la textura de la piel

TIPO DE PIEL

Grasa, mixta, sensible y con poros visibles

¿En qué paso de la rutina se usa?

Aceite de limpieza
Limpiador en espuma
Tónico
SERUM/AMPOLLA
Crema hidratante
Protector solar
Ingredientes principales

· Centella Asiática de Madagascar: conocida por sus propiedades cicatrizantes y antiinflamatorias. Ayuda a mejorar la elasticidad de la piel, reducir cicatrices y promover la regeneración celular.

·  El complejo de 9 péptidos: contribuye a la síntesis de colágeno y elastina, cuidando la elasticidad de la piel.
(Acetil hexapéptido-8, acetil octapéptido-3, tripéptido de cobre-1, palmitoil pentapéptido-4, palmitoil tetrapéptido-7, palmitoil tripéptido-1, tripéptido-1, tripéptido-2)

Modo de Uso

Aplicar una cantidad adecuada sobre la piel de manera uniforme.
Realizar suaves masajes hasta absorber.
Textura

Ampolla de peso ligero a medio con oleosidad minimizada que se absorbe en la piel con un acabado no pegajoso y extra refrescante.

Tips/Curiosidades

+ La textura acuosa con contenido de aceite minimizado proporciona una explosión de humedad con un acabado no pegajoso y refrescante

Contenido Neto: 50ml

Precauciones
Solo para uso externo. Evite utilizarlo en la zona ocular. Mantener fuera del alcance de los niños. Ante cualquier síntoma adverso discontinuar su uso y consultar con un médico.

Ingredientes: Water, Butylene Glycol, Propanediol, 1,2-Hexanediol, Aloe Barbadensis Leaf Extract, Centella Asiatica Extract, Glycereth-26, Hydroxyacetophenone, Glycerin, Carbomer, Tromethamine, Panthenol, Ehylhexylglycerin, Disodium EDTA, Dipotassium Glycyrrhizate, Ammonium Polyacryloyldimethyl Taurate, Biosaccharide Gum-1, Hyaluronic Acid, Hydrolyzed Hyaluronic Acid, Sodium Hyaluronate, Hydroxyethylcellulose, Chamomilla Recutita (Matricaria) Flower Extract, Mineral Salts, Tripeptide-3, Acetyl Hexapeptide-8, Acetyl Octapeptide-3, Copper Tripeptide-1, Palmitoyl Pentapeptide-4, Palmitoyl Tetrapeptide-7, Palmitoyl Tripeptide-1, Tripeptide-1, Tripeptide-2.
Beneficios clave

· Purifica y minimiza la apariencia de los poros
· Controla el sebo
· Hidrata y mejora la textura de la piel

TIPO DE PIEL

Grasa, mixta, sensible y con poros visibles

¿En qué paso de la rutina se usa?

Aceite de limpieza
Limpiador en espuma
Tónico
SERUM/AMPOLLA
Crema hidratante
Protector solar
Ingredientes principales

· Centella Asiática de Madagascar: conocida por sus propiedades cicatrizantes y antiinflamatorias. Ayuda a mejorar la elasticidad de la piel, reducir cicatrices y promover la regeneración celular.

·  El complejo de 9 péptidos: contribuye a la síntesis de colágeno y elastina, cuidando la elasticidad de la piel.
(Acetil hexapéptido-8, acetil octapéptido-3, tripéptido de cobre-1, palmitoil pentapéptido-4, palmitoil tetrapéptido-7, palmitoil tripéptido-1, tripéptido-1, tripéptido-2)

Modo de Uso
Aplicar una cantidad adecuada sobre la piel de manera uniforme.
Realizar suaves masajes hasta absorber.

Textura
Ampolla de peso ligero a medio con oleosidad minimizada que se absorbe en la piel con un acabado no pegajoso y extra refrescante.

Tips/Curiosidades

+ La textura acuosa con contenido de aceite minimizado proporciona una explosión de humedad con un acabado no pegajoso y refrescante

Contenido Neto: 50ml

Precauciones

Solo para uso externo. Evite utilizarlo en la zona ocular. Mantener fuera del alcance de los niños. Ante cualquier síntoma adverso discontinuar su uso y consultar con un médico.

Ingredientes: Water, Butylene Glycol, Propanediol, 1,2-Hexanediol, Aloe Barbadensis Leaf Extract, Centella Asiatica Extract, Glycereth-26, Hydroxyacetophenone, Glycerin, Carbomer, Tromethamine, Panthenol, Ehylhexylglycerin, Disodium EDTA, Dipotassium Glycyrrhizate, Ammonium Polyacryloyldimethyl Taurate, Biosaccharide Gum-1, Hyaluronic Acid, Hydrolyzed Hyaluronic Acid, Sodium Hyaluronate, Hydroxyethylcellulose, Chamomilla Recutita (Matricaria) Flower Extract, Mineral Salts, Tripeptide-3, Acetyl Hexapeptide-8, Acetyl Octapeptide-3, Copper Tripeptide-1, Palmitoyl Pentapeptide-4, Palmitoyl Tetrapeptide-7, Palmitoyl Tripeptide-1, Tripeptide-1, Tripeptide-2.",50ml,https://acdn-us.mitiendanube.com/stores/324/065/products/poremizing-fresh-ampoule-91f14368771a1edeaa17429168240791-640-0.webp
14789,ALTA,SKIN1004 Contorno de Ojos Probio-Cica Bakuchiol 20 ml,8809913830177,SKIN1004,"Producto de skincare/belleza de Skin1004 formulado con centella asiática (Cica). centella asiática (Cica): repara la barrera cutánea y calma irritaciones. Marca coreana referente en Centella Asiática de Madagascar, con tónicos, sérums y cremas calmantes de gran rotación.",20ml,No encontrado en carpetas de SKIN1004
84802,ALTA,SKIN1004 CENTELLA PROBIO-CICA ENRICH CREAM 50ml | Crema Facial Hidratante - Pieles Maduras,8809576261769,SKIN1004,"Crema facial de Skin1004 formulado con probióticos/bífidus. probióticos/bífidus: fortalece el microbioma cutáneo. Marca coreana referente en Centella Asiática de Madagascar, con tónicos, sérums y cremas calmantes de gran rotación.

Una crema densa y suave con centella fermentada, manteca de karité y ceramida NP que proporciona una hidratación intensa sin sensación pesada ni pegajosa.

Beneficios clave

· Anti edad

· Repara y sella la hidratación

· Protege de factores externos como el frio o el viento

· Calmante

· Hidratación profunda

TIPO DE PIEL
Seca, normal, mixta.

¿En qué paso de la rutina se usa?

Aceite de limpieza
Limpiador en espuma
Tónico
Serum
CREMA HIDRATANTE
Protector solar
Ingredientes principales

· Centella Asiática de Madagascar fermentada: mejora la absorción y potencia los beneficios de la centella, proporcionando luminosidad y una piel más suave y radiante.

· Ácido madecásico, asiaticósido, ácido asiático: Componentes eficaces de la centella asiática para calmar la piel

Modo de Uso
Aplicar y distribuir una cantidad adecuada sobre la piel de manera uniforme y realizar suaves masajes para facilitar su absorción.
Usar como último paso de su rutina nocturna de cuidado de la piel. (En caso de uso diurno, finalizar con protector solar).
Textura
Crema espesa con una textura fibrosa que se extiende mantecosa sobre la piel con un acabado transpirable e hidratante.

Tips/Curiosidades

+ Tiene una textura rica pero no pesada. Ideal para usar de noche o en climas fríos cuando la piel necesita un mimo extra.

Contenido Neto: 50ml

Precauciones

Solo para uso externo. Evite utilizarlo en la zona ocular. Mantener fuera del alcance de los niños. Ante cualquier síntoma adverso discontinuar su uso y consultar con un médico.

Ingredientes: Water, Glycerin, Diglycerin, 1,2-Hexanediol, Butylene Glycol, Niacinamide, Polyglyceryl-3 Distearate, Caprylic/Capric Triglyceride, Neopentyl Glycol Diheptanoate, Hydrogenated Poly (C6-14 Olefin),  Isostearyl Isostearate, Pentaerythrityl Tetraisostearate, Heptyl Undecylenate, Centella Asiatica Extract, Bis-Diglyceryl Polyacyladipate-2, Glyceryl Stearate, C14-22 Alcohols, Butyrospermum Parkii (Shea) Butter, Cetearyl Alcohol, Polyglyceryl-2 Stearate, Sodium Acrylate/Sodium Acryloyldimethyl Taurate Copolymer, Glyceryl Stearate Citrate, Arginine, Stearyl Alcohol, Polyisobutene, C12-20 Alkyl Glucoside, Squalane, Sodium Polyacrylate, Acrylates/C10-30 Alkyl Acrylate Crosspolymer, Carbomer, Sodium Surfactin, Hydroxystearic Acid, Ethylhexylglycerin, Adenosine, Hydrogenated Lecithin, Sorbitan Oleate,  Caprylyl/Capryl Glucoside, Macadamia Ternifolia Seed Oil, Sodium Hyaluronate, Moringa Oleifera Seed Oil, Sodium Phytate, Ceramide NP, Dextrin, Theobroma Cacao (Cocoa) Extract, Glyceryl Acrylate/Acrylic Acid Copolymer, Polyglyceryl-10 Myristate, Phytosphingosine, Stearic Acid, Lactobacillus Ferment, Madecassic Acid, Asiaticoside, Sucrose Distearate, Asiatic Acid, Phytosterols, Lauric Acid, Polyglutamic Acid.",50ml,https://acdn-us.mitiendanube.com/stores/324/065/products/probio-cica-enrich-cream-1ac80dcbd8a4e3321f17429170133772-640-0.webp
18110,ALTA,SKIN1004 Tónico Facial Probio-Cica Essence para Piel Madura 210 ml,8809576261738,SKIN1004,"Sérum/esencia de Skin1004 formulado con probióticos/bífidus. probióticos/bífidus: fortalece el microbioma cutáneo. Marca coreana referente en Centella Asiática de Madagascar, con tónicos, sérums y cremas calmantes de gran rotación.",210ml,No encontrado en carpetas de SKIN1004
84801,ALTA,SKIN1004 Sérum Facial Probio-Cica Intensive Ampoule para Piel Madura 50 ml,8809576261752,SKIN1004,"Una ampolla intensiva con centella fermentada y ceramidas que proporciona hidratación calmante, firmeza y luminosidad a la piel.

Beneficios clave

· Serum intensivo que repara, hidrata en profundidad y protege contra agresores externos
· Mejora el tono y la vitalidad

TIPO DE PIEL
Seca, Normal, Mixta o con signos de debilitamiento (rojeces, tirantez, textura).

¿En qué paso de la rutina se usa?

Aceite de limpieza
Limpiador en espuma
Tónico
SERUM/AMPOLLA
Crema hidratante
Protector solar
? Ingredientes principales

· Centella Asiática de Madagascar fermentada: mejora la absorción y potencia los beneficios de la centella, proporcionando luminosidad y una piel más suave y radiante.

· El ácido madecásico y el asiaticósido: son componentes eficaces de la centella asiática para calmar la piel.

Modo de Uso

Aplicar una cantidad adecuada sobre la piel de manera uniforme.
Realizar suaves masajes para facilitar su absorción.
Textura

Un poco pesada y pegajosa deja un acabado suave y brillante sin residuos pegajosos.

Tips/Curiosidades

+Su fórmula contiene centella fermentada + ceramidas + probióticos, un cóctel calmante que actúa como “cura intensiva” para piel alterada.

Contenido Neto: 50ml
Precauciones
Solo para uso externo. Evite utilizarlo en la zona ocular. Mantener fuera del alcance de los niños. Ante cualquier síntoma adverso discontinuar su uso y consultar con un médico.

Ingredientes: Water, Butylene Glycol, Glycerin, Propanediol, Caprylic/Capric Triglyceride, Niacinamide, 1,2-Hexanediol, Dipropylene Glycol, Centella Asiatica Extract, Polyglyceryl-3 Distearate, Acrylates/ C10-30 Alkyl Acrylate Crosspolymer, C14-22 Alcohols, Arginine, Hydrogenated Lecithin, Hydroxystearic Acid, Betaine, Panthenol, Allantoin, Ethylhexylglycerin, Hydroxyethyl Acrylate/Sodium Acryloyldimethyl Taurate Copolymer, Adenosine, Glyceryl Stearate Citrate, Sodium Polyacrylate, C12-20 Alkyl Glucoside, Cetearyl Alcohol, Xanthan Gum, Macadamia Ternifolia Seed Oil, Sodium Hyaluronate, Sodium Phytate, Stearic Acid, Ceramide NP, Sorbitan Isostearate, Glyceryl Acrylate/Acrylic Acid Copolymer, Lactobacillus Ferment, Polyglyceryl-10 Myristate, Madecassic Acid, Asiaticoside, Phytosphingosine, Asiatic Acid, Sucrose Distearate, Polyglutamic Acid, Lauric Acid, Phytosterols.",50ml,https://acdn-us.mitiendanube.com/stores/324/065/products/probio-cica-intensive-ampoule-05ac9a5a4c519a3da617429169184357-640-0.webp
14757,ALTA,SKIN1004 Ampolla Facial Antiedad LIN Retinol 0.2% Boosting Shot Microagujas 30 ml,8809913832515,SKIN1004,"Ampolla/booster concentrado de Skin1004. Marca coreana referente en Centella Asiática de Madagascar, con tónicos, sérums y cremas calmantes de gran rotación.",30ml,No encontrado en carpetas de SKIN1004
17752,ALTA,SKIN1004 Gel Facial Hidratante Tea-Trica B5 para Piel Oleosa y con Acné 75 ml,8809913830047,SKIN1004,"Crema facial de Skin1004. Marca coreana referente en Centella Asiática de Madagascar, con tónicos, sérums y cremas calmantes de gran rotación.",75ml,No encontrado en carpetas de SKIN1004
84800,ALTA,SKIN1004 Limpiador Facial en Espuma Tea-Trica BHA para Piel Oleosa y con Acné 125 ml,8809576261714,SKIN1004,"Espuma limpiadora de Skin1004. Marca coreana referente en Centella Asiática de Madagascar, con tónicos, sérums y cremas calmantes de gran rotación.",125ml,No encontrado en carpetas de SKIN1004
18108,ALTA,SKIN1004 Sérum Facial Tea-Trica Relief Ampoule para Piel Oleosa y con Acné 100 ml,8809576261677,SKIN1004,"Bebida/infusión funcional de Skin1004. Marca coreana referente en Centella Asiática de Madagascar, con tónicos, sérums y cremas calmantes de gran rotación.",100ml,No encontrado en carpetas de SKIN1004
1776,ALTA,SKIN1004 Crema Hidratante Tone Brightening Capsule para Piel con Manchas 75 ml,8809576261615,SKIN1004,"Crema facial de Skin1004. Marca coreana referente en Centella Asiática de Madagascar, con tónicos, sérums y cremas calmantes de gran rotación.",75ml,No encontrado en carpetas de SKIN1004
1802,ALTA,SKIN1004 Limpiador Facial en Espuma Tone Brightening para Piel con Manchas 125 ml,8809576261189,SKIN1004,"Limpiador facial de Skin1004. Marca coreana referente en Centella Asiática de Madagascar, con tónicos, sérums y cremas calmantes de gran rotación.",125ml,https://drive.google.com/file/d/10w4_3KbHvbg-6n2tpy9EhOIrorWhwXT0/view?usp=drivesdk
84798,ALTA,SKIN1004 Sérum Facial Aclarador Tone Brightening Capsule Ampoule 50 ml,8809913830627,SKIN1004,"Sérum/esencia de Skin1004. Marca coreana referente en Centella Asiática de Madagascar, con tónicos, sérums y cremas calmantes de gran rotación.",50ml,https://drive.google.com/file/d/1y9YbvBQZ8JdMOlrRX0UJJPYuru_C2bN7/view?usp=drivesdk
1804,ALTA,SKIN1004 Tónico Facial Tone Brightening Boosting para Piel con Manchas 210 ml,8809576261165,SKIN1004,"Tónico facial de Skin1004. Marca coreana referente en Centella Asiática de Madagascar, con tónicos, sérums y cremas calmantes de gran rotación.",210ml,No encontrado en carpetas de SKIN1004
16991,ALTA,SK1004 COSRX MIX SUN 4 unidades,,SKIN1004,"Exfoliante de Skin1004. Edición/combo especial en colaboración con COSRX. Marca coreana referente en Centella Asiática de Madagascar, con tónicos, sérums y cremas calmantes de gran rotación.",,No encontrado en carpetas de SKIN1004
17002,ALTA,SK1004 Hidratación 2 unidades,,SKIN1004,"Protector solar facial de Skin1004. Edición/combo especial en colaboración con COSRX. Marca coreana referente en Centella Asiática de Madagascar, con tónicos, sérums y cremas calmantes de gran rotación.",,No encontrado en carpetas de SKIN1004
17454,ALTA,SK1004 MIXS y COSR Protección.SOL AM,,SKIN1004,"Set/combo (varios productos) de Skin1004. Marca coreana referente en Centella Asiática de Madagascar, con tónicos, sérums y cremas calmantes de gran rotación.",,No encontrado en carpetas de SKIN1004
16985,ALTA,SK1004 Protección SOLAR 3 unidades,,SKIN1004,"Protector solar facial de Skin1004. Edición/combo especial en colaboración con MIXS. Marca coreana referente en Centella Asiática de Madagascar, con tónicos, sérums y cremas calmantes de gran rotación.",,No encontrado en carpetas de SKIN1004
17433,ALTA,SK1004 VT EXFO 2 unidades,,SKIN1004,"Protector solar facial de Skin1004. Marca coreana referente en Centella Asiática de Madagascar, con tónicos, sérums y cremas calmantes de gran rotación.",,No encontrado en carpetas de SKIN1004
17003,ALTA,SKIN1004 Protector Solar Centella Air-Fit SPF50 con Color 50 ml,,SKIN1004,"Exfoliante de Skin1004. Edición/combo especial en colaboración con VT. Marca coreana referente en Centella Asiática de Madagascar, con tónicos, sérums y cremas calmantes de gran rotación.",,No encontrado en carpetas de SKIN1004
84795,ALTA,SKIN1004 Protector Solar Centella Air-Fit Plus SPF50+ PA++++ Filtro Físico con Color 50 ml,8809576261301,SKIN1004,"Protector solar facial de Skin1004. Marca coreana referente en Centella Asiática de Madagascar, con tónicos, sérums y cremas calmantes de gran rotación.",50ml,https://drive.google.com/file/d/1-s4kfNBi9EkxNL_NeSWWNqrRRZwp3jrS/view?usp=drivesdk
84796,ALTA,SKIN1004 Protector Solar en Sérum Hyalu-Cica Water-Fit SPF50+ PA++++ Piel Seca 50 ml,8809576261592,SKIN1004,"Protector solar facial de Skin1004 formulado con ácido hialurónico y centella asiática (Cica). ácido hialurónico: aporta hidratación profunda; centella asiática (Cica): repara la barrera cutánea y calma irritaciones. Marca coreana referente en Centella Asiática de Madagascar, con tónicos, sérums y cremas calmantes de gran rotación.",50ml,https://drive.google.com/file/d/1OBRpLT14DPBaafD6t9uLDu_q57WM_xep/view?usp=drivesdk
84797,ALTA,SKIN1004 Protector Solar en Barra Hyalu-Cica Silky-Fit 20 g,8809913830214,SKIN1004,"Protector solar facial de Skin1004 formulado con ácido hialurónico y centella asiática (Cica). ácido hialurónico: aporta hidratación profunda; centella asiática (Cica): repara la barrera cutánea y calma irritaciones. Marca coreana referente en Centella Asiática de Madagascar, con tónicos, sérums y cremas calmantes de gran rotación.",20 g,https://drive.google.com/file/d/13vu9ayK9E44IVEaOO-PXaSGyZzeK7zi8/view?usp=drivesdk
925,ALTA,Sk1004 Hyalu F50 50 ml y Poremiz,,SKIN1004,"Protector solar facial de Skin1004 formulado con ácido hialurónico. ácido hialurónico: aporta hidratación profunda. Marca coreana referente en Centella Asiática de Madagascar, con tónicos, sérums y cremas calmantes de gran rotación.",,No encontrado en carpetas de SKIN1004
926,ALTA,Sk1004 Set Clean Duo P.sensibl,,SKIN1004,"Protector solar facial de Skin1004 formulado con ácido hialurónico. ácido hialurónico: aporta hidratación profunda. Marca coreana referente en Centella Asiática de Madagascar, con tónicos, sérums y cremas calmantes de gran rotación.",,No encontrado en carpetas de SKIN1004
19813,ALTA,Sk1004 Set Glow Duo,,SKIN1004,"Set/kit de Skin1004 que combina varios productos de la marca para una rutina completa. Marca coreana referente en Centella Asiática de Madagascar, con tónicos, sérums y cremas calmantes de gran rotación.",,No encontrado en carpetas de SKIN1004
19808,ALTA,Sk1004 Set Glow Ritual,,SKIN1004,"Set/kit de Skin1004 que combina varios productos de la marca para una rutina completa. Marca coreana referente en Centella Asiática de Madagascar, con tónicos, sérums y cremas calmantes de gran rotación.",,No encontrado en carpetas de SKIN1004
19828,ALTA,Sk1004 Set Hid Inten Piel Madu,,SKIN1004,"Set/kit de Skin1004 que combina varios productos de la marca para una rutina completa. Marca coreana referente en Centella Asiática de Madagascar, con tónicos, sérums y cremas calmantes de gran rotación.",,No encontrado en carpetas de SKIN1004
19566,ALTA,Sk1004 Set Hydr P.mix y Grasas,,SKIN1004,"Set/kit de Skin1004 que combina varios productos de la marca para una rutina completa. Marca coreana referente en Centella Asiática de Madagascar, con tónicos, sérums y cremas calmantes de gran rotación.",,No encontrado en carpetas de SKIN1004
19795,ALTA,Sk1004 Set Pore Prote P.se Mix,,SKIN1004,"Set/kit de Skin1004 que combina varios productos de la marca para una rutina completa. Marca coreana referente en Centella Asiática de Madagascar, con tónicos, sérums y cremas calmantes de gran rotación.",,No encontrado en carpetas de SKIN1004
19803,ALTA,Sk1004 Set Poro Dilat P.grasa Mix,,SKIN1004,"Set/kit de Skin1004 que combina varios productos de la marca para una rutina completa. Marca coreana referente en Centella Asiática de Madagascar, con tónicos, sérums y cremas calmantes de gran rotación.",,No encontrado en carpetas de SKIN1004
19800,ALTA,Sk1004 Set Quick Easy Care,,SKIN1004,"Set/kit de Skin1004 que combina varios productos de la marca para una rutina completa. Marca coreana referente en Centella Asiática de Madagascar, con tónicos, sérums y cremas calmantes de gran rotación.",,No encontrado en carpetas de SKIN1004
19817,ALTA,Sk1004 Set Reaf Noct Piel Madu,,SKIN1004,"Set/kit de Skin1004 que combina varios productos de la marca para una rutina completa. Marca coreana referente en Centella Asiática de Madagascar, con tónicos, sérums y cremas calmantes de gran rotación.",,No encontrado en carpetas de SKIN1004
19563,ALTA,Sk1004 Set Spot Corre Piel Mix,,SKIN1004,"Set/kit de Skin1004 que combina varios productos de la marca para una rutina completa. Marca coreana referente en Centella Asiática de Madagascar, con tónicos, sérums y cremas calmantes de gran rotación.",,No encontrado en carpetas de SKIN1004
19741,ALTA,Sk1004 Set Viral Tiktok,,SKIN1004,"Set/kit de Skin1004 que combina varios productos de la marca para una rutina completa. Marca coreana referente en Centella Asiática de Madagascar, con tónicos, sérums y cremas calmantes de gran rotación.",,No encontrado en carpetas de SKIN1004
19827,ALTA,Sk1004 Set Xmas Boost y Necese,,SKIN1004,"Set/kit de Skin1004 que combina varios productos de la marca para una rutina completa. Marca coreana referente en Centella Asiática de Madagascar, con tónicos, sérums y cremas calmantes de gran rotación.",,No encontrado en carpetas de SKIN1004
19812,ALTA,Sk1004 Set Xmas P.acne y Necesse,,SKIN1004,"Set/kit de Skin1004 que combina varios productos de la marca para una rutina completa. Marca coreana referente en Centella Asiática de Madagascar, con tónicos, sérums y cremas calmantes de gran rotación.",,No encontrado en carpetas de SKIN1004
19787,ALTA,Sk1004 Set Xmas P.madu y Necesse,,SKIN1004,"Set/kit de Skin1004 que combina varios productos de la marca para una rutina completa. Marca coreana referente en Centella Asiática de Madagascar, con tónicos, sérums y cremas calmantes de gran rotación.",,No encontrado en carpetas de SKIN1004
19781,ALTA,Sk1004 Set Xmas P.opac Man y Nec,,SKIN1004,"Set/kit de Skin1004 que combina varios productos de la marca para una rutina completa. Marca coreana referente en Centella Asiática de Madagascar, con tónicos, sérums y cremas calmantes de gran rotación.",,No encontrado en carpetas de SKIN1004
19807,ALTA,Sk1004 Set Xmas P.poro Dil y Nec,,SKIN1004,"Set/kit de Skin1004 que combina varios productos de la marca para una rutina completa. Marca coreana referente en Centella Asiática de Madagascar, con tónicos, sérums y cremas calmantes de gran rotación.",,No encontrado en carpetas de SKIN1004
19804,ALTA,Sk1004 Set Xmas P.seca y Necesse,,SKIN1004,"Set/kit de Skin1004 que combina varios productos de la marca para una rutina completa. Marca coreana referente en Centella Asiática de Madagascar, con tónicos, sérums y cremas calmantes de gran rotación.",,No encontrado en carpetas de SKIN1004
19754,ALTA,Sk1004 Set Xmas P.sensible y Necesse,,SKIN1004,"Set/kit de Skin1004 que combina varios productos de la marca para una rutina completa. Marca coreana referente en Centella Asiática de Madagascar, con tónicos, sérums y cremas calmantes de gran rotación.",,No encontrado en carpetas de SKIN1004
19747,ALTA,SK1004 CENT F50 y Sérum,,SKIN1004,"Set/kit de Skin1004 que combina varios productos de la marca para una rutina completa. Marca coreana referente en Centella Asiática de Madagascar, con tónicos, sérums y cremas calmantes de gran rotación.",,No encontrado en carpetas de SKIN1004
927,ALTA,,,SKIN1004,"Protector solar facial de Skin1004. Marca coreana referente en Centella Asiática de Madagascar, con tónicos, sérums y cremas calmantes de gran rotación.",,No encontrado en carpetas de SKIN1004
24398,BAJA,Sky Damage Care Perf Nowa 100 ml,8809789571372,SKYBOTTLE,,24398,"https://drive.google.com/file/d/1qn6qllZSKwfiWCrrdziUZ9yIGZwgBdvY/view
https://drive.google.com/file/d/1bFGhArYi_W-KI0RtHLzqMqUeqS-5hJlI/view
https://drive.google.com/file/d/1LRPiOeZ5wglvQ62ifrb5xAx9ETxqxIVP/view
https://drive.google.com/file/d/1C1HZUUrbi4NhYIlobNNDXraUhUL9L1aY/view"
26031,BAJA,Sky Damage Care Perf Nowas100m,8809789571358,SKYBOTTLE,,26031,"https://drive.google.com/file/d/15Rt1eCmT62v4F_PTh0iiNG7areQ_FaPP/view
https://drive.google.com/file/d/1FKIltyu33qOizG4_9tbJzCK3J4VFcjAs/view
https://drive.google.com/file/d/1zVr63ktX6MCdYfAHcCSdxni0Ywp4i-Ww/view"
24401,BAJA,Sky Deep Moisture Perf Si 100 ml,8809789571365,SKYBOTTLE,,24401,"https://drive.google.com/file/d/1AOPRwHQ0uMe8W0dUrg601vaUAoXcO_az/view
https://drive.google.com/file/d/1iDJst0Xo3Ta4ElUA3gIbMzcJOQQkOsRs/view
https://drive.google.com/file/d/158qbj0AXMlXfVLuZRWq_rEZyR-6KxWT4/view"
24402,BAJA,Sky Glow Angeling Perfumed 65 ml,8809789571334,SKYBOTTLE,,24402,"https://drive.google.com/file/d/12JcS8WZ-pv2T-580x589ukg1WKZ1k20S/view
https://drive.google.com/file/d/11i_S-oRMDxEl3ZeNp-viFCGibL25Gi8T/view
https://drive.google.com/file/d/1I9iaydGlmsLdH7hpNtgYgqToh3zmBih0/view
https://drive.google.com/file/d/1RBYOUqEwNvbvSgxDXe1Azdlwsip7_JWu/view"
26030,BAJA,Sky Moisture Perf Nowash T100m,8809789571341,SKYBOTTLE,"Sé protagonista con la ayuda del labial Tirtir Waterism Glow. Para el día o la noche, con un nude delicado o un rojo vibrante, viví el color sin necesidad de retoques. ¡Son perfectos para cualquier ocasión!",26030,"https://drive.google.com/file/d/12nMK2fZRzZB9Oce6xJA1-h3myK9OVWqF/view
https://drive.google.com/file/d/1ZQ2Q_r8Ez0ujPwObcnYX7KL1t7QVMuFA/view
https://drive.google.com/file/d/1fYr1_56vo4oRGNP9taGcQM3QrilB7plc/view"
24404,BAJA,Sky Moisture Perfumed Hair 65 ml,8809789571327,SKYBOTTLE,"Sé protagonista con la ayuda del labial Tirtir Waterism Glow. Para el día o la noche, con un nude delicado o un rojo vibrante, viví el color sin necesidad de retoques. ¡Son perfectos para cualquier ocasión!",24404,"https://drive.google.com/file/d/1qZQndU6sDRNDrT0wBJDf_EaSe3Hmd3Yv/view
https://drive.google.com/file/d/1HWn-vZfNLIooRXU7zJZXsyUCC_UvfGzU/view
https://drive.google.com/file/d/1O0HhlG9RvX9NE0zWEiSB3HmdeGtoME6h/view
https://drive.google.com/file/d/10xUzouvp1ByvBZb_IADmn3t-CE0z3crI/view"
26034,BAJA,Sky Muhwagua Perfumed Hair100m,8809789570085,SKYBOTTLE,,26034,"https://drive.google.com/file/d/1qanBdsHJxE3QTQ1UnED5a-keKNtOAXHz/view
https://drive.google.com/file/d/1iwqvTRr5wHEHPQ2q6MJ_cilYXPWF72ip/view
https://drive.google.com/file/d/1TszuWB5tCsniVOvHOpWJZjp5ke-OM56r/view
https://drive.google.com/file/d/1yjd8aWQy2UrDobue-xCaK97aT-_oTGl_/view"
24552,BAJA,Sky Perfumed Body Deep Sp 120 ml,8809789571488,SKYBOTTLE,,24552,"https://drive.google.com/file/d/1ygdEZnxrD3bT7OefJZh-1WkEalo0R7E2/view
https://drive.google.com/file/d/1iChVVEzue3j3gYbk3wtpEsexo4gcWTtb/view
https://drive.google.com/file/d/1s9zrXyw5aEGQ4Ikg90puyNp4Fc3BopJV/view
https://drive.google.com/file/d/1Y0hMz7da1FHktu8uT21x86SO7Ye7OENS/view"
24539,BAJA,Sky Perfumed Body Milky N 120 ml,8809789571457,SKYBOTTLE,,24539,"https://drive.google.com/file/d/1l7I6hzbO3z1BjznuW8xTc3_5hfhb39jd/view
https://drive.google.com/file/d/14K3zYEGYSDueRQ8-XMhFRfpRa3hsl1GW/view
https://drive.google.com/file/d/1dopJk4ImMewwYSEyiMcIBh9YandXb3Wl/view
https://drive.google.com/file/d/1bKEAZokp_VnGWA6-1yHVVy8vnQZYimIO/view"
24538,BAJA,Sky Perfumed Body Milky P 120 ml,8809789571464,SKYBOTTLE,"Sé protagonista con la ayuda del labial Tirtir Waterism Glow. Para el día o la noche, con un nude delicado o un rojo vibrante, viví el color sin necesidad de retoques. ¡Son perfectos para cualquier ocasión!",24538,"https://drive.google.com/file/d/1-vYEZ3nh514vx2Xg0MsTLyNG14fk4RLY/view
https://drive.google.com/file/d/1P8DelXYYUNXelxsHLNVHpsuXSWAxK9pG/view
https://drive.google.com/file/d/1gegSM5TfntsKXDkwt8e3rwXoQcwwOANs/view"
25997,BAJA,Sky Perfumed Body Milky P 120 ml,8809789571501,SKYBOTTLE,,25997,https://drive.google.com/file/d/1UCsaEgXm6fpPSOgss4kWcOSihzqOyIiW/view
24540,BAJA,Sky Perfumed Body Milky T 120 ml,8809789571471,SKYBOTTLE,,24540,"https://drive.google.com/file/d/1eo75zFa_jRxGmt3ME57qqSH3UrmqcO_n/view
https://drive.google.com/file/d/1qxV6hwwOYYtj8vZwk9ollHwuxifbsi0a/view
https://drive.google.com/file/d/14fqqhti6E5krEBzIYrxQ2neQAoscd6xv/view"
24551,BAJA,Sky Perfumed Body Sherbet 120 ml,8809789571495,SKYBOTTLE,,24551,"https://drive.google.com/file/d/1SCzLllEStX9NM5JaiIWwBihvmjJ_Yvok/view
https://drive.google.com/file/d/1k7wReEeVoVXmPVcHOUG5OasFCNBTA1r9/view
https://drive.google.com/file/d/1p5DvgbCl7RoLjhQy57hfjiCDYjCikYu3/view"
26032,BAJA,Sky Starry Night Perfumed 100 ml,8809789570696,SKYBOTTLE,,26032,"https://drive.google.com/file/d/1ReEieiEKnf4RGiBIbv5LUH75g0iFglHv/view
https://drive.google.com/file/d/1EZqj0IH7NqZTNiG-AY-yEyZSbV966eRH/view
https://drive.google.com/file/d/14yo7nvBX34zLYbiAo7YCVsVabT3MuxCE/view"
26033,BAJA,Sky Vainilla Perfumed Hair100m,8809789570078,SKYBOTTLE,,26033,"https://drive.google.com/file/d/1uCaqR_-z_HADDPhNdos__7C1GJ5pHarB/view
https://drive.google.com/file/d/1w4f-bzutsZpLs2Vy0QBpVI_maIBt_-TG/view
https://drive.google.com/file/d/1SS9klRqa_Z4TWR4xImNV2ZQ75XEKwa1P/view"
26036,BAJA,Sky Viva la Pink Perfumed 100 ml,8809789570054,SKYBOTTLE,,26036,"https://drive.google.com/file/d/1iBUQgJZWQaVVbt9m8_psz2z76OolmtlQ/view
https://drive.google.com/file/d/1BDl1NV_vpsK3H26fX_5RulctJlMB5AFs/view
https://drive.google.com/file/d/11VXwCPGAPteW8SWeXpwYRYRtHINPSNY3/view
https://drive.google.com/file/d/1hroABxO5BLBuoo8KEFF71LlJuDjA9jF4/view"
26037,BAJA,Sky White Rain Perfumed Ha100m,8809789570047,SKYBOTTLE,,26037,"https://drive.google.com/file/d/1c5_1Z6OJVrfZ8sr5ABTeCPAVLqbAjPmU/view
https://drive.google.com/file/d/1U5i5Kskl48gqMxfsWIJ1PMn8-_UlIo7q/view
https://drive.google.com/file/d/1tGiODVlMBevzU3VgOMdqdXG04cTm0kVW/view
https://drive.google.com/file/d/1bkWey0kV-A4DN_PLAN5Dj0pIwNgOXjta/view"
25274,BAJA,Somebymi AHA-BHA-PHA Acne Crea,8809647390725,SOME BY ME,,25274,"https://drive.google.com/file/d/1DM5yvmSUTKcDKFIlHDZ-_amsX5UALTPb/view
https://drive.google.com/file/d/1JG4fEjo7MlJXtVZVOFaNz51UV3i0Pbj-/view
https://drive.google.com/file/d/1qRiN8rdqrClsc5Z0LEVreJZyKKZwFC_6/view"
25261,BAJA,Somebymi AHA-BHA-PHA Cr,8809326334224,SOME BY ME,"Tocobo es una marca coreana de productos para el cuidado de la piel y el maquillaje. Es una de las marcas más populares de K-Beauty.

Qué es?
Suero calmante de cica
Suero con cica fermentada contiene complejo de múltiples ácidos hialurónicos. La fórmula del suero acuoso llena la piel de hidratación, previene la evaporación del agua de la piel y la mantiene. Ayuda a calmar la piel sensible y mejora su apariencia de manera inmediata.

Modo de uso
Aplícala en áreas propensas a la sequedad, esparce sobre la piel limpia y masajea suavemente.

Tipo de piel
Sensible / Seca / Grasa / Mixta
Ingredientes
Complejo de cica Fermentada con extracto de verdolaga, madecassoside, etc- Ayuda a calmar la piel

Multi ácido hialurónico- Aporta hidratación a la piel

Árbol de té (cultivado con agricultura orgánica)- Alivia los problemas de la piel",25261,"https://drive.google.com/file/d/1uhUPcVThCekrBgddpheryQpw6Tfhby3Q/view
https://drive.google.com/file/d/1lI-8LpwkvRziRlsKfQCkw2KattT_MN6U/view
https://drive.google.com/file/d/154zTWSyqzS7TeReHlCmh06t1OHZ1wdtO/view"
25245,BAJA,Somebymi AHA-BHA-PHA Sérum 50 ml,8809525242764,SOME BY ME,,25245,"https://drive.google.com/file/d/1spS5ajG1ZGPYR4LRIyHSfpLqthca2WwR/view
https://drive.google.com/file/d/1u73zG_By4TrJ1SJaedWE0Vw1jcgS08LW/view
https://drive.google.com/file/d/1YcAKnzopyL77wGiutTj5cM7zJ546PsrY/view
https://drive.google.com/file/d/1dKZrAQJWKyn_RnWki31S5OBqO_CzYAFn/view"
25244,BAJA,Somebymi AHA-BHA-PHA Tónico 150,8809326333661,SOME BY ME,,25244,"https://drive.google.com/file/d/1piYKewmzie2p9CU7nErIvFZupQXjZPkG/view
https://drive.google.com/file/d/1h54BkbL08MicuZ1zIFCsmua6bdgqtZxr/view
https://drive.google.com/file/d/1wWOXOWn7J0Ql_xxeaadvst2z11GuxMD_/view"
25276,BAJA,Somebymi Beta Panth Repair Cr,8809647394457,SOME BY ME,"Coconut Clay Cleansing Foam - TOCOBO
Limpieza profunda que no reseca la piel

Una espuma cremosa que limpia a fondo los poros y elimina el exceso de sebo sin dejar la piel tirante. Gracias a su fórmula con un 27% de tensioactivos derivados del coco , arcilla rosada y arcilla mineral, ayuda a absorber impurezas mientras mantiene la piel hidratada y equilibrada.

Las microburbujas finísimas crean una espuma rica y suave que deja la piel fresca, lisa y lista para el siguiente paso de tu rutina. Ideal para pieles mixtas a grasas o con poros congestionados.

 Modo de uso:
Tomá una pequeña cantidad, hacé espuma con agua y masajeá suavemente sobre el rostro. Enjuagá bien con agua tibia 

 Con extracto de Saponaria Officinalis, arcillas naturales y coco para una limpieza efectiva pero gentil con la piel.

Ingredientes: Purified water, glycerin, hydrogenated palm acid (25%), potassium hydroxide, potassium cocoate (2.9%), calamine (1,000 ppm), soapy grass extract (100 ppm), bentonite (9,000 ppm), glyceryl stearate Late, Butylene Glycol, Polyquaternium-7, Acrylate/C10-30 Alkyl Acrylate Crosspolymer, Sodium Phytate, EDITA, Sodium Benzoate, Fragrance, Red No.504 (CI14700).",25276,"https://drive.google.com/file/d/1wtvNsGD9jEhn7w1cH8FMoIjHaT7uL7n5/view
https://drive.google.com/file/d/1ZfZO-PBsSyBk-s0DvL8_vmm8Hrhqvhjn/view
https://drive.google.com/file/d/1DvEa7qiuQHwP_0_b6_CjezlLWiu1kp5p/view
https://drive.google.com/file/d/1CBZs6ERIgm0BxdT5EXm9vXQnpESzjxM8/view"
25281,BAJA,Somebymi PDRN Spirul Poreless,8809647395461,SOME BY ME,,25281,"https://drive.google.com/file/d/1WKDmvp4MxxouJjC1UcM9mSIXUGglAYL_/view
https://drive.google.com/file/d/1Mmg6WNdVW2QpZEOo_TYeQgo0LfiatNjZ/view
https://drive.google.com/file/d/1xwKFqBIU5FzDstwCFkBVlTVBl1AmjCEK/view
https://drive.google.com/file/d/1FvDaFpbncu21rLHrp6BGltkfm9hepPtV/view"
25290,BAJA,Somebymi Real Mascarilla Cic Calm 20,8809647391494,SOME BY ME,"Tocobo es una marca que ofrece una variedad de productos para el cuidado de la piel facial. Si buscás protegerla y mantenerla en forma, esta puede ser una buena opción.

Es hipoalergénico
Este producto disminuye las posibilidades de una reacción alérgica, por ello, puede resultar útil para aquellas personas con piel sensible o irritable.

Libre de parabenos
Los productos libres de parabenos son una buena opción para el cuidado de pieles sensibles o para quienes eligen productos sin conservantes artificiales.",25290,"https://drive.google.com/file/d/1lG2t9HDkN2G3u9Julfq1GhriWElr1lCa/view
https://drive.google.com/file/d/1da0yF6W7awESlpNUOuB1kYoe4wWPoYwr/view
https://drive.google.com/file/d/1hmVcCDBjBzsWdG0LLwD0PbDE_A09MNnI/view"
25283,BAJA,Somebymi Real Mascarilla Glu Brig 20,8809647391463,SOME BY ME,,25283,"https://drive.google.com/file/d/1bFLBEV51GTHc9Uyimt1pnGR3kgY6MS4z/view
https://drive.google.com/file/d/1fXyjRF5vloLEXRHkXwMy0yAWS_GTn8Wz/view
https://drive.google.com/file/d/1GR0TurHlDT5CtI1CoRrJHI6HdLN_YGSV/view
https://drive.google.com/file/d/1qO37aBGZu8LAn0vqSDuNpbPkoEnX5JHS/view"
25367,BAJA,Somebymi Real Mascarilla Sup Matc Ca,8809647391517,SOME BY ME,"Aplicar y retocar tu protector solar es super práctico cuando está en barra como este Sunstick de TOCOBO. Calma la piel y controla la producción de sebo con sus complejos herbales, dejándola suave y mate a lo largo del día. Se desliza y aplica fácilmente para cuidar tu piel.

Ingredientes principales:
Extracto de algodón: Provee humedad a la piel y la protege de los agresores ambientales.
Extracto herbal AC: Calma rojeces y brotes para reducir irritación y acné.

Complejo Anti Sebum P: Controla la producción de aceite en la piel para prevenir poros obstruidos y brillo a lo largo del día.

Extracto de hoja de Morera india: La morera (hojas, corteza de tallo y flores) tiene propiedades antiinflamatorias, antitirosinasa, antioxidantes y antibacterianas útiles para proteger la piel contra el daño solar, promover el aclaramiento de la piel, tratar el acné y calmar la piel.

Ginseng root extract: la aplicación tópica de raíz de ginseng aumenta la hidratación de la piel, disminuye la textura áspera, ayuda a atenuar el tono desigual de la piel y ayuda a mejorar visiblemente las arrugas al trabajar dentro de la piel para reforzar su firmeza natural.

*Protege con FPS50+ PA++++
**Cuenta con certificado vegano.

Este producto TIENE fragancia. 

Libre de parabenos
Los productos libres de parabenos son una buena opción para el cuidado de pieles sensibles o para quienes eligen productos sin conservantes artificiales",25367,"https://drive.google.com/file/d/1g_nDnIcWdhyxfDOpgVVeXXmxaSiWUtCg/view
https://drive.google.com/file/d/1cRvvM8N2jfyS-qgDY0PqodnNPGrf4hQP/view
https://drive.google.com/file/d/1sdLYcgnM9x4PfGAk17Takgict-Y9BJcm/view
https://drive.google.com/file/d/1fNpsqxwo8t2EUphizrGZXV2gaZHW8yzE/view"
25324,BAJA,Somebymi Real Mascarilla Sup Matc Po,8809647391524,SOME BY ME,,25324,"https://drive.google.com/file/d/1_9ZH2zX5lw-bYTgIUydqyMrRZeqDb3gv/view
https://drive.google.com/file/d/1PtGdb9BkEuAddsklux0icxBoQWEntHMc/view
https://drive.google.com/file/d/1830eavfwvMQbxAkI3eCOUvbeaQdw86-0/view"
25320,BAJA,Somebymi Real Mascarilla Tea Calm 20,8809647391500,SOME BY ME,,25320,"https://drive.google.com/file/d/1d1c-Uhg0P94Y1nTXwwUlonR6MuG1ISZE/view
https://drive.google.com/file/d/1SfZTfFEWgi8toCaalnL12uXVrpb4VtHG/view
https://drive.google.com/file/d/1IqSoN1Q5V7UwiMED5lWF9yC68V4g2dtp/view"
25282,BAJA,Somebymi Real Mascarilla Vit Brig 20,8809647391456,SOME BY ME,,25282,"https://drive.google.com/file/d/12kqdwM8jSPs4Tnj7IoB9qjDZOfdWfZJ_/view
https://drive.google.com/file/d/1sIPJuug7O8yhTPEeSQZub1L2N02JoJg3/view
https://drive.google.com/file/d/1kvvH9_UVGCDiIoyZwJ9UTkRTuzJ5JUuB/view
https://drive.google.com/file/d/1VTaaCDpJlF2_mk-RWLvH6HC45miKW4ZN/view"
1318,BAJA,Sungb Coll Power Boos Cr Se30m,8809684562840,SUNGBOON,,1318,"https://drive.google.com/file/d/1g5TQKoI1TWDDf_VPSYQtyROOChAVu6qu/view
https://drive.google.com/file/d/1on_OBFx8r4C6pSq212G2ID1CPzvbk9XN/view
https://drive.google.com/file/d/1e-tMgJQipJH4kEBD2tRtqCWdSVx3xQXC/view"
1402,BAJA,Sungb Coll Power Boos Retin50m,8800253022413,SUNGBOON,,1402,"https://drive.google.com/file/d/1ipxUOydqba2PTDoNqpCEmfyG9p6hW5Ln/view
https://drive.google.com/file/d/1sYVpYWbF1KkW37MWmC7gtzYgajZ6G7Gl/view
https://drive.google.com/file/d/1TQ_bM0iXsPcTR1MGic7NBHb9JAzr7_Ki/view"
1366,BAJA,Sungb Coll Power Boost Mascarilla 37,8809684563601,SUNGBOON,,1366,"https://drive.google.com/file/d/1_TSqKYT2Jdz-csS0fYpwjL9esJZt1FUM/view
https://drive.google.com/file/d/1GnUTBj7as5NqFhrUKX3sKSvuDQIfHunF/view
https://drive.google.com/file/d/1Dq2zCQuX93Gzh73OZ7XA97aKRTGpgrE1/view"
1475,BAJA,Sungb Coll Silk Pept Int Amp40,8800253026947,SUNGBOON,,1475,"https://drive.google.com/file/d/1e5ZS8b6urgX8iaf8GosmsDN8rHgW7eP5/view
https://drive.google.com/file/d/1VXlzZCZzL9LQYvjF3vac2-q2MTdnP0sr/view
https://drive.google.com/file/d/1QGQEa4ejq5mdNqT4W7_Quq4Uk6YazdfS/view"
22254,ALTA,TIRTIR Base de Maquillaje Fluida Mask Fit Red Larga Duración 17N Vanilla 30 ml,8800288642525,TIRTIR,"Base de maquillaje de Tirtir. Marca coreana viral por su base cushion de larga duración Mask Fit, junto a una línea de skincare (Ceramic, Matcha).",,"https://drive.google.com/file/d/1K3IE33wRSVKOVxJDqAPK2KWPaX2qFwJ5/view
https://drive.google.com/file/d/14iMdJC6eV1qx1AOIIlwG5ArsYojyJgGC/view
https://drive.google.com/file/d/1JV0Q96oTeOCIpzVDwJcg5nQnWIIO_vWP/view
https://drive.google.com/file/d/1GPXJ1TG_8AIivUG4-Qw63Z-YjFEEQ8xc/view"
22258,ALTA,TIRTIR Base de Maquillaje Fluida Mask Fit Red Larga Duración 21N Ivory,8800288642549,TIRTIR,"Base de maquillaje de Tirtir. Marca coreana viral por su base cushion de larga duración Mask Fit, junto a una línea de skincare (Ceramic, Matcha).",,"https://drive.google.com/file/d/1ehR1DLoEEDZAVWrfER2fs21eq1qKxHBR/view
https://drive.google.com/file/d/1Mk4hpcB2X1a5OeW_8gmdiuxOyDEDYvAy/view
https://drive.google.com/file/d/10FiKBcl0rzjTNWlseaz7amcQ1HKAxEpI/view
https://drive.google.com/file/d/1uTkNeZ1y5qL4uqg2a4OZLrQZL5cWedk8/view"
22260,ALTA,TIRTIR Base de Maquillaje Fluida Mask Fit Red Larga Duración 23N Sand,8800288642570,TIRTIR,"Base de maquillaje de Tirtir. Marca coreana viral por su base cushion de larga duración Mask Fit, junto a una línea de skincare (Ceramic, Matcha).",,"https://drive.google.com/file/d/1lLC2WHbbkOcAqPTc5-n_UuDPcINhGYRm/view
https://drive.google.com/file/d/1sc3dtEDvZmgrhv0-kvZm8BBTgFTd4qD7/view
https://drive.google.com/file/d/1U0lA6ygY3K4TX3fE_E5n4aS6zYzPQNpL/view
https://drive.google.com/file/d/1cV35ktfinLQp2nrKSo_hk2Yn5ChCG0Xv/view"
22261,ALTA,TIRTIR Base de Maquillaje Fluida Mask Fit Red Larga Duración 24W Soft Beige,8800288642594,TIRTIR,"Base de maquillaje de Tirtir. Marca coreana viral por su base cushion de larga duración Mask Fit, junto a una línea de skincare (Ceramic, Matcha).",,"https://drive.google.com/file/d/103anwsbgBjCt74EXQ_QNOjJjysAcLsdQ/view
https://drive.google.com/file/d/1N6b6hJUh9g8E-MRmHBccRuPTwmUuJopk/view
https://drive.google.com/file/d/1a61kpIJ9Lzp_S812UEgUECrXu6nXBqig/view
https://drive.google.com/file/d/1QkDmQd-OFtR4Lh3-htPOfhvFcTfMUWxe/view"
22262,ALTA,TIRTIR Base de Maquillaje Fluida Mask Fit Red Larga Duración 27N Camel,8800288642631,TIRTIR,"Base de maquillaje de Tirtir. Marca coreana viral por su base cushion de larga duración Mask Fit, junto a una línea de skincare (Ceramic, Matcha).",,"https://drive.google.com/file/d/1hvVweFK-rdvQor056R26htpGI_V_8D0J/view
https://drive.google.com/file/d/19CBUI6IrvkZqsepwkKh8StV5O7hSNxcw/view
https://drive.google.com/file/d/1kVbiVFxwoArWn6mxlsU-bZlkzLdQnU4B/view
https://drive.google.com/file/d/1JfxyyaRe_1BxWnvFsYQcVyU5nUVDsToc/view"
22223,ALTA,TIRTIR Crema Facial Ceramic con Ceramidas 100 ml,8809679690725,TIRTIR,"Crema facial de Tirtir. Marca coreana viral por su base cushion de larga duración Mask Fit, junto a una línea de skincare (Ceramic, Matcha).",,"https://drive.google.com/file/d/1PAg3XnAi2MOpU0IF-IUQ5GDrDRi2-sVR/view
https://drive.google.com/file/d/1_WvdsZ7eQs97Ma8lCDeEmD03c2XtEPrv/view
https://drive.google.com/file/d/15zjeu4FGErhIO_tyeijBCkPe3W7cl0of/view
https://drive.google.com/file/d/16ShQvbCNgUrO5AGZd1RJlYalhm7uynE5/view
https://drive.google.com/file/d/1-K0aSq5X9xcJK0qCIw6oJh0UEbzMjMi9/view
https://drive.google.com/file/d/1Sebe3vTtOLqEp8kyCGr60tzzGyJn6G4p/view"
22239,ALTA,TIRTIR Crema Facial Ceramic Light con Ceramidas 50 ml,8809928135397,TIRTIR,"Crema facial de Tirtir. Marca coreana viral por su base cushion de larga duración Mask Fit, junto a una línea de skincare (Ceramic, Matcha).",,"https://drive.google.com/file/d/1YWxREyCCGCRRBdwrerqsjnrVEAVk55LZ/view
https://drive.google.com/file/d/1KPMPBhppJnbW2E6ea_XO7wEnUX4PlN79/view
https://drive.google.com/file/d/1oxeb6v1UPonuvScOkgyjwRykmUDXk36S/view
https://drive.google.com/file/d/16ZnRNuK6ry8L_9Rc3Wr2gVkrn5DT40Yq/view
https://drive.google.com/file/d/1N0AcISG2I3-mnjU0Nhc3GVvACUwmTOmN/view
https://drive.google.com/file/d/1F3e0KEkEAhZQH32X-i2lew4UV0jZ8QlE/view"
22181,ALTA,TIRTIR Corrector Glide & Hide Blurring Efecto Difuminado Niacinamida 1N 10 g,8800288641276,TIRTIR,"Corrector de ojeras/imperfecciones de Tirtir. Marca coreana viral por su base cushion de larga duración Mask Fit, junto a una línea de skincare (Ceramic, Matcha).",,"https://drive.google.com/file/d/1BrOvK5p2WwLDqJ-pY9q48VcUWRwJftwn/view
https://drive.google.com/file/d/1fURI6nDdOrmcW-Dcfd4Y7-cQZLEaP_5D/view
https://drive.google.com/file/d/16vsr0wBgZfJ85ovc7Fq_yUkUbYJTzqEN/view
https://drive.google.com/file/d/1QHJNAwYTSs0uM-S-yzwEkjNkvATJhMNV/view
https://drive.google.com/file/d/1bZSeykjc228sE5CvPpMwP4tVxSWMb6B4/view
https://drive.google.com/file/d/1dp-zvyz2NMTCBwe81PCRPFVb4jHuc_sE/view"
22216,ALTA,TIRTIR Corrector Glide & Hide Blurring Tono 3.5W,8800288641320,TIRTIR,"Corrector de ojeras/imperfecciones de Tirtir. Marca coreana viral por su base cushion de larga duración Mask Fit, junto a una línea de skincare (Ceramic, Matcha).",,"https://drive.google.com/file/d/1iaow7bVEs6wvpacEX6Hpsf6NLBE802Oo/view
https://drive.google.com/file/d/1EjgkvupRYsw4ROdMsHeWNOjL9Fds-XTL/view
https://drive.google.com/file/d/1bb-JRNkyQM9cUSjMeE5BKOrLts4bWkw8/view
https://drive.google.com/file/d/1T7XnMPRY720d4MRSf5rayxXXh2M65rPa/view
https://drive.google.com/file/d/1ND1eHFNAoVZxkyniUOezA9UEazUsMhsP/view
https://drive.google.com/file/d/1atYzFVI-edtxTgcUzQrTWthtokXNvuXD/view"
22210,ALTA,TIRTIR Corrector Glide & Hide Blurring Tono 3W,8800288641313,TIRTIR,"Corrector de ojeras/imperfecciones de Tirtir. Marca coreana viral por su base cushion de larga duración Mask Fit, junto a una línea de skincare (Ceramic, Matcha).",,"https://drive.google.com/file/d/1Pg_Djc6T5Wm3vL4h2_LFJV4kUXEPEhFv/view
https://drive.google.com/file/d/1Eb_YVEuky1ZmrKxGDlyKhErG4Mcd9nVu/view
https://drive.google.com/file/d/1QONlB644F6YNYNA1hnRfI4AsfleVpcUi/view
https://drive.google.com/file/d/1mVGTuZtmjrKR5lORXedBWCzuNIVNjxnT/view
https://drive.google.com/file/d/1uzlPF4SBsHN8rUOfoDXafCDsvITGGjea/view
https://drive.google.com/file/d/1N94d7Q8qopL9sMrY2z-rJgYRsnM8WLKc/view"
22222,ALTA,TIRTIR Corrector Glide & Hide Blurring Tono 4.5N,8800288641344,TIRTIR,"Corrector de ojeras/imperfecciones de Tirtir. Marca coreana viral por su base cushion de larga duración Mask Fit, junto a una línea de skincare (Ceramic, Matcha).",,"https://drive.google.com/file/d/1zsXjIWo7dn6nqvST5vN4-ubqkKDsLG0S/view
https://drive.google.com/file/d/1mcCuFixuux6EJrdIOo-SjQDXmAS_Rime/view
https://drive.google.com/file/d/16jYPcaDXIF2xZpuf6gOef7_AwBzEFeec/view
https://drive.google.com/file/d/1PA_EiwdgxM0cdyOh_8ruj8ro3Z1zcVXD/view
https://drive.google.com/file/d/1KZQi4ZzNTSPouKF2E33R6nsVGV-WBZm8/view
https://drive.google.com/file/d/1Kqz1BUK7BWp_ERJhYWuCi-p0xA6y901J/view"
22226,ALTA,TIRTIR Corrector Glide & Hide Blurring Tono 6O,8800288641368,TIRTIR,"Corrector de ojeras/imperfecciones de Tirtir. Marca coreana viral por su base cushion de larga duración Mask Fit, junto a una línea de skincare (Ceramic, Matcha).",,"https://drive.google.com/file/d/1RUtY7qKhueSTPAaLXD_fZwcQU-15Zr_j/view
https://drive.google.com/file/d/1NkIo8EEJlXVwJal3xs8vgjQBV-JDp-R-/view
https://drive.google.com/file/d/11NKdnVU8P5-kiRzJkVs7Hd9m9MdOm1pm/view
https://drive.google.com/file/d/1lGpF5d4DdU3fYriCTz3juuCLwEqL54vW/view
https://drive.google.com/file/d/1w4WvteU50oHcGjVQWdjffKjr09pyX3ID/view
https://drive.google.com/file/d/11ZjYkxL7Lgj1p3CqtWwp7GKdYCmDuawX/view"
22317,ALTA,TIRTIR Base Compacta Mask Fit All-Cover Cushion Mini Alta Cobertura 21N Ivory 4.5 g,8809928136998,TIRTIR,"Mascarilla facial de Tirtir. Marca coreana viral por su base cushion de larga duración Mask Fit, junto a una línea de skincare (Ceramic, Matcha).",,"https://drive.google.com/file/d/1Zf-4P-GfVwybRi4O8Ft6CQBJZOtjWKEs/view
https://drive.google.com/file/d/1ula0fETGuxAqHYjxnPZHzKHQIlGz-zKF/view
https://drive.google.com/file/d/1kyZ_GlrB-uMLT48RQhsF5X_fvchcdB0t/view
https://drive.google.com/file/d/1DIdV6Vtwhay3aBV82JQm2KnG1g9hZF_k/view"
22323,ALTA,TIRTIR Base Compacta Mask Fit All-Cover Cushion Mini 23N Sand,8809928137018,TIRTIR,"Mascarilla facial de Tirtir. Marca coreana viral por su base cushion de larga duración Mask Fit, junto a una línea de skincare (Ceramic, Matcha).",,"https://drive.google.com/file/d/1vN49o9igybZp7NeMzK3CUme2wL5wnqJB/view
https://drive.google.com/file/d/16N8J2-y6J-FVs9OAfxYTaJwg6hyQoZPx/view
https://drive.google.com/file/d/1fdmCeIThr6RM3Xas_sUHh-tP2AR2Ar6X/view
https://drive.google.com/file/d/1vr9xTIx3ELNB6KyF931X5cXxRWNhrcP_/view"
22362,ALTA,TIRTIR Base Compacta Mask Fit All-Cover Cushion Mini 24W Soft Beige,8809928137032,TIRTIR,"Mascarilla facial de Tirtir. Marca coreana viral por su base cushion de larga duración Mask Fit, junto a una línea de skincare (Ceramic, Matcha).",,"https://drive.google.com/file/d/1BGRNNlf_RvOVAFioRxbCEhbtTIjfK_Ro/view
https://drive.google.com/file/d/1uK5pH6-uJBYsMJKiPAdWGvAacpiqsNYz/view
https://drive.google.com/file/d/1Q-muLsGRqHxK9wUo61FCmz3YU4lvzWP0/view
https://drive.google.com/file/d/1wGFbU0p5kucyPLG3mcWtILL6g76dJr5i/view"
22432,ALTA,TIRTIR Base Compacta Mask Fit All-Cover Cushion Mini 27N Camel,8809928137063,TIRTIR,"Mascarilla facial de Tirtir. Marca coreana viral por su base cushion de larga duración Mask Fit, junto a una línea de skincare (Ceramic, Matcha).",,"https://drive.google.com/file/d/1m0V8hO2A5KXUnTUdgfyGD8Tmo6nsVp42/view
https://drive.google.com/file/d/1pDWQTtCWj5KPb-WeMrSuM18CSCxqwMdS/view
https://drive.google.com/file/d/17ecR8HmRwpMTdaT0zSaJliewF9Ogdgnw/view
https://drive.google.com/file/d/1uV2WQAxEP_wr8mJs8yfu4SVs13U0gRNI/view"
178,ALTA,TIRTIR Fijador de Maquillaje en Spray Mask Fit 80 ml,8809679699612,TIRTIR,"Fijador/spray de maquillaje de Tirtir. Marca coreana viral por su base cushion de larga duración Mask Fit, junto a una línea de skincare (Ceramic, Matcha).",,No encontrado en carpetas de TIRTIR
186,ALTA,TIRTIR Base Compacta Mask Fit Red Cushion Mini 13N Fair Ivory 4.5 g,8809928135601,TIRTIR,"Mascarilla facial de Tirtir. Marca coreana viral por su base cushion de larga duración Mask Fit, junto a una línea de skincare (Ceramic, Matcha).",,No encontrado en carpetas de TIRTIR
190,ALTA,TIRTIR Base Compacta Mask Fit Red Cushion Mini 17N Vanilla,8809928135625,TIRTIR,"Mascarilla facial de Tirtir. Marca coreana viral por su base cushion de larga duración Mask Fit, junto a una línea de skincare (Ceramic, Matcha).",,No encontrado en carpetas de TIRTIR
192,ALTA,TIRTIR Base Compacta Mask Fit Red Cushion Mini 21N Ivory,8809679697496,TIRTIR,"Mascarilla facial de Tirtir. Marca coreana viral por su base cushion de larga duración Mask Fit, junto a una línea de skincare (Ceramic, Matcha).",,No encontrado en carpetas de TIRTIR
194,ALTA,TIRTIR Base Compacta Mask Fit Red Cushion Mini 21W Natural Ivory,8809928135656,TIRTIR,"Mascarilla facial de Tirtir. Marca coreana viral por su base cushion de larga duración Mask Fit, junto a una línea de skincare (Ceramic, Matcha).",,No encontrado en carpetas de TIRTIR
196,ALTA,TIRTIR Base Compacta Mask Fit Red Cushion Mini 23N Sand,8809679697502,TIRTIR,"Mascarilla facial de Tirtir. Marca coreana viral por su base cushion de larga duración Mask Fit, junto a una línea de skincare (Ceramic, Matcha).",,No encontrado en carpetas de TIRTIR
197,ALTA,TIRTIR Base Compacta Mask Fit Red Cushion Mini 24W Soft Beige,8809928135663,TIRTIR,"Mascarilla facial de Tirtir. Marca coreana viral por su base cushion de larga duración Mask Fit, junto a una línea de skincare (Ceramic, Matcha).",,No encontrado en carpetas de TIRTIR
199,ALTA,TIRTIR Base Compacta Mask Fit Red Cushion Mini 25N Mocha,8809928133270,TIRTIR,"Mascarilla facial de Tirtir. Marca coreana viral por su base cushion de larga duración Mask Fit, junto a una línea de skincare (Ceramic, Matcha).",,No encontrado en carpetas de TIRTIR
204,ALTA,TIRTIR Base Compacta Mask Fit Red Cushion Mini 27N Camel,8809928133225,TIRTIR,"Mascarilla facial de Tirtir. Marca coreana viral por su base cushion de larga duración Mask Fit, junto a una línea de skincare (Ceramic, Matcha).",,"https://drive.google.com/file/d/1KoyifD8AvSjXBia1jbLDUQwgMuUnGAGO/view
https://drive.google.com/file/d/1J97ydbgrZH33j6hyR9WpeRKC-5lD_Xhd/view
https://drive.google.com/file/d/1pZV-IOxoDtzWRnwGIeMhSfLSmu4duU8T/view"
206,ALTA,TIRTIR Base Compacta Mask Fit Red Cushion Mini 33C Hazel,8809928135687,TIRTIR,"Mascarilla facial de Tirtir. Marca coreana viral por su base cushion de larga duración Mask Fit, junto a una línea de skincare (Ceramic, Matcha).",,No encontrado en carpetas de TIRTIR
8718,ALTA,TIRTIR Base Compacta Mask Fit Red Cushion 21N Ivory,8809928134864,TIRTIR,"Base de maquillaje cushion de Tirtir. Marca coreana viral por su base cushion de larga duración Mask Fit, junto a una línea de skincare (Ceramic, Matcha).",,No encontrado en carpetas de TIRTIR
8719,ALTA,TIRTIR Base Compacta Mask Fit Red Cushion 23N Sand,8809679696451,TIRTIR,"Base de maquillaje cushion de Tirtir. Marca coreana viral por su base cushion de larga duración Mask Fit, junto a una línea de skincare (Ceramic, Matcha).",,No encontrado en carpetas de TIRTIR
8720,ALTA,TIRTIR Base Compacta Mask Fit Red Cushion 25N Mocha,8809679696468,TIRTIR,"Base de maquillaje cushion de Tirtir. Marca coreana viral por su base cushion de larga duración Mask Fit, junto a una línea de skincare (Ceramic, Matcha).",,No encontrado en carpetas de TIRTIR
8717,ALTA,TIRTIR Base Compacta Mask Fit Red Cushion 29C Taupe Beige,8809928133263,TIRTIR,"Base de maquillaje cushion de Tirtir. Marca coreana viral por su base cushion de larga duración Mask Fit, junto a una línea de skincare (Ceramic, Matcha).",,No encontrado en carpetas de TIRTIR
8721,ALTA,TIRTIR Base Compacta Mask Fit Red Cushion Mini 29C Taupe Beige,8809928137445,TIRTIR,"Base de maquillaje cushion de Tirtir. Marca coreana viral por su base cushion de larga duración Mask Fit, junto a una línea de skincare (Ceramic, Matcha).",,No encontrado en carpetas de TIRTIR
205,ALTA,TIRTIR Base Compacta Mask Fit Red Cushion Mini 29C Taupe Beige,8809928137544,TIRTIR,"Mascarilla facial de Tirtir. Marca coreana viral por su base cushion de larga duración Mask Fit, junto a una línea de skincare (Ceramic, Matcha).",,No encontrado en carpetas de TIRTIR
22654,ALTA,TIRTIR Crema Hidratante Calmante Matcha con Matcha-PDRN 50 ml,8800288647254,TIRTIR,"Crema facial de Tirtir formulado con matcha. matcha: calma y aporta antioxidantes. Marca coreana viral por su base cushion de larga duración Mask Fit, junto a una línea de skincare (Ceramic, Matcha).",,"https://drive.google.com/file/d/1ec4bfwOax--ZdJ-pxbDKvIAMN-kPdjZh/view
https://drive.google.com/file/d/1u-R6VQRHS0jJWaxUDkxfXiW3ubVcATuR/view
https://drive.google.com/file/d/1aPRB0Ew3LXRXO3wxFJIZjOOXbb-oxVKe/view
https://drive.google.com/file/d/1c26pbX4CBONnHveLXFHwnXwccIWoJw5f/view
https://drive.google.com/file/d/1yJe6TdYxMGyWXJvH4rDaM1CDhV32aPp7/view
https://drive.google.com/file/d/18dhxW-B7zz31ZFloyzN2LFPRHk5OtFHA/view"
22559,ALTA,TIRTIR Tónico Facial Calmante Matcha Skin Toner con Matcha-PDRN 150 ml,8800288647247,TIRTIR,"Tónico facial de Tirtir formulado con matcha. matcha: calma y aporta antioxidantes. Marca coreana viral por su base cushion de larga duración Mask Fit, junto a una línea de skincare (Ceramic, Matcha).",,"https://drive.google.com/file/d/1RmKOSj0DJ8CsZ9Y1B15PfoNRskKdMSnI/view
https://drive.google.com/file/d/1FvQIJkgnHm_32em5y3oTiq5g1ubCMJbN/view
https://drive.google.com/file/d/1ZXOJB402bZsMhpX5eJy1R-7sR4m6cSCe/view
https://drive.google.com/file/d/1RuZOnX7HRwrVC7Zdyaf4hQIWlwaUcYr6/view
https://drive.google.com/file/d/1_UywJVgF5LaX63moEvr_41CeQCEXtTpm/view
https://drive.google.com/file/d/1dO6FbSHgNc2txpQCteTBHsuICuAcxJ2w/view"
304,ALTA,TIRTIR Bálsamo Labial Hidratante Water Mellow 01 Icy Blue 4 g,8809928137711,TIRTIR,"Producto para labios (bálsamo/tinta/plumper) de Tirtir. Marca coreana viral por su base cushion de larga duración Mask Fit, junto a una línea de skincare (Ceramic, Matcha).",,No encontrado en carpetas de TIRTIR
305,ALTA,TIRTIR Bálsamo Labial Hidratante Water Mellow 03 Peach Lemony,8809928137735,TIRTIR,"Producto para labios (bálsamo/tinta/plumper) de Tirtir. Marca coreana viral por su base cushion de larga duración Mask Fit, junto a una línea de skincare (Ceramic, Matcha).",,No encontrado en carpetas de TIRTIR
308,ALTA,TIRTIR Bálsamo Labial Hidratante Water Mellow 04 Greeny Apple,8809928137742,TIRTIR,"Producto para labios (bálsamo/tinta/plumper) de Tirtir. Marca coreana viral por su base cushion de larga duración Mask Fit, junto a una línea de skincare (Ceramic, Matcha).",,No encontrado en carpetas de TIRTIR
22435,ALTA,TIRTIR Bálsamo Labial Efecto Volumen Waterism Glow Melting 01 Mauve Rose 3.2 g,8809928135977,TIRTIR,"Gloss/tinta labial de Tirtir. Marca coreana viral por su base cushion de larga duración Mask Fit, junto a una línea de skincare (Ceramic, Matcha).",,"https://drive.google.com/file/d/1G8bt3pXMVqPVw3Vsj454P4sTV8rUnP6I/view
https://drive.google.com/file/d/1WKaUje6i4amdMA2I01gRfQ-FPXvP17oY/view
https://drive.google.com/file/d/1rvXElgSgBLeCEnk2bU0basrO8qUkNaBx/view
https://drive.google.com/file/d/1gNfY0IrXVtTam96A9qVP8UivFsBfw5Ff/view
https://drive.google.com/file/d/1rZIW40ptUcKqFJKGLTEn0xn7iJVI435w/view
https://drive.google.com/file/d/1soVfFsyANVoQEOa4SSvfGSN0afEYkJ-K/view"
22463,ALTA,TIRTIR Bálsamo Labial Efecto Volumen Waterism Glow Melting 05 Scotch Shot,8809928136011,TIRTIR,"Gloss/tinta labial de Tirtir. Marca coreana viral por su base cushion de larga duración Mask Fit, junto a una línea de skincare (Ceramic, Matcha).",,"https://drive.google.com/file/d/1rwMuWau0Ihf0TGwMsy2WL3iN7OeitPcT/view
https://drive.google.com/file/d/1sUQgXJ1FFWWheJCuEm1P190RxHI9Ancb/view
https://drive.google.com/file/d/12WVUoCbQ3qOPkS1ysPskYkfi0PnX-1mX/view
https://drive.google.com/file/d/15hOHjM_iBkLRUP-dLcko5cUev5_G2Ek7/view
https://drive.google.com/file/d/1EQuiiTFY7_2-Uef-K_WvYAxredt6mMSq/view
https://drive.google.com/file/d/1VAQ_X8thpEwRKKX99ffSZWtB86YraPpt/view"
22558,ALTA,TIRTIR Bálsamo Labial Efecto Volumen Waterism Glow Melting 09 Salmon Syrup,8809928136059,TIRTIR,"Gloss/tinta labial de Tirtir. Marca coreana viral por su base cushion de larga duración Mask Fit, junto a una línea de skincare (Ceramic, Matcha).",,"https://drive.google.com/file/d/1WZArcQHv3JYD2iaFh9puJFGOvp0RBcNI/view
https://drive.google.com/file/d/1MUHRiz0Ki8ghIJaTk9o-kV4d_h--aP49/view
https://drive.google.com/file/d/192O3r7aoUYwkxvcP86T9iA0RiD0vYFKg/view
https://drive.google.com/file/d/1wyhtC8bMtVnfeNCslEz2v0j3xYT1Itxd/view
https://drive.google.com/file/d/15F0ot7OeseAo5fitpapA2J3H2EMK2GMQ/view
https://drive.google.com/file/d/16Cib7nLlyOdcPFFp7Oz-H4hzYztb1fuK/view"
311,ALTA,TIRTIR Tinta Labial Hidratante Mini Waterism Glow 04 Fig Peach 1.8 g,8809928139074,TIRTIR,"Gloss/tinta labial de Tirtir. Marca coreana viral por su base cushion de larga duración Mask Fit, junto a una línea de skincare (Ceramic, Matcha).",,No encontrado en carpetas de TIRTIR
312,ALTA,TIRTIR Tinta Labial Hidratante Mini Waterism Glow 07 Cassis Plum,8809928139098,TIRTIR,"Gloss/tinta labial de Tirtir. Marca coreana viral por su base cushion de larga duración Mask Fit, junto a una línea de skincare (Ceramic, Matcha).",,No encontrado en carpetas de TIRTIR
313,ALTA,TIRTIR Tinta Labial Hidratante Mini Waterism Glow 11 Applum,8809928139135,TIRTIR,"Gloss/tinta labial de Tirtir. Marca coreana viral por su base cushion de larga duración Mask Fit, junto a una línea de skincare (Ceramic, Matcha).",,No encontrado en carpetas de TIRTIR
314,ALTA,TIRTIR Tinta Labial Hidratante Mini Waterism Glow 14 Rose Bell,8809928139166,TIRTIR,"Gloss/tinta labial de Tirtir. Marca coreana viral por su base cushion de larga duración Mask Fit, junto a una línea de skincare (Ceramic, Matcha).",,No encontrado en carpetas de TIRTIR
317,ALTA,TIRTIR Tinta Labial Hidratante Mini Waterism Glow 19 Bad Rosy,8809928138909,TIRTIR,"Gloss/tinta labial de Tirtir. Marca coreana viral por su base cushion de larga duración Mask Fit, junto a una línea de skincare (Ceramic, Matcha).",,No encontrado en carpetas de TIRTIR
14868,ALTA,TIRTIR Tinta Labial Hidratante Mini Waterism Glow 06 Honey Nut,8809928138718,TIRTIR,"Gloss/tinta labial de Tirtir. Marca coreana viral por su base cushion de larga duración Mask Fit, junto a una línea de skincare (Ceramic, Matcha).",,No encontrado en carpetas de TIRTIR
14869,ALTA,TIRTIR Tinta Labial Hidratante Mini Waterism Glow 12 Rich Rush,8809928139142,TIRTIR,"Gloss/tinta labial de Tirtir. Marca coreana viral por su base cushion de larga duración Mask Fit, junto a una línea de skincare (Ceramic, Matcha).",,No encontrado en carpetas de TIRTIR
14870,ALTA,TIRTIR Tinta Labial Hidratante Mini Waterism Glow 26 Bareble,8809928138978,TIRTIR,"Gloss/tinta labial de Tirtir. Marca coreana viral por su base cushion de larga duración Mask Fit, junto a una línea de skincare (Ceramic, Matcha).",,No encontrado en carpetas de TIRTIR
14871,ALTA,TIRTIR Tinta Labial Hidratante Mini Waterism Glow 27 Muty Rose,8809928138985,TIRTIR,"Gloss/tinta labial de Tirtir. Marca coreana viral por su base cushion de larga duración Mask Fit, junto a una línea de skincare (Ceramic, Matcha).",,No encontrado en carpetas de TIRTIR
177,ALTA,TIRTIR Ampolla Facial Ceramic Milk con Ceramidas 30 ml,8809928133805,TIRTIR,"Ampolla/booster concentrado de Tirtir. Marca coreana viral por su base cushion de larga duración Mask Fit, junto a una línea de skincare (Ceramic, Matcha).",,No encontrado en carpetas de TIRTIR
259,ALTA,TIRTIR Tónico Facial Milk Skin Toner Hidratante 150 ml,8809928131153,TIRTIR,"Tónico facial de Tirtir. Marca coreana viral por su base cushion de larga duración Mask Fit, junto a una línea de skincare (Ceramic, Matcha).",,No encontrado en carpetas de TIRTIR
358,ALTA,TIRTIR Voluminizador Labial Waterism Lip Plumper Ácido Hialurónico 3.3 g,8809928136158,TIRTIR,"Gloss/tinta labial de Tirtir. Marca coreana viral por su base cushion de larga duración Mask Fit, junto a una línea de skincare (Ceramic, Matcha).",,No encontrado en carpetas de TIRTIR
1253,ALTA,TOCOBO Aceite Labial Nutritivo Juicy Berry Plumping 00 Frozen Berry 4 g,8809835061451,TOCOBO,"Aceite labial nutritivo y glossy con efecto rellenador inmediato. Aporta brillo jugoso, suaviza pellejitos, repara la barrera labial y deja una sensación cómoda y no pegajosa, con un ligero tinte frutal.

Beneficios clave

-Hidrata y nutre en profundidad
-Aporta brillo jugoso tipo “glass lips”
-Efecto rellenador suave y inmediato
-Suaviza grietas y pellejitos

Deja los labios flexibles y protegidos

TIPO DE PIEL
Apto para todo tipo de labios.
Ideal para labios secos, deshidratados o que buscan un brillo jugoso con efecto plump natural.

¿En qué paso de la rutina se usa?
Al final de la rutina de labios o durante el día tantas veces como sea necesario.

Ingredientes principales
Aceites botánicos nutritivos → hidratación profunda
Complejo de bayas → antioxidante e iluminador
Péptidos → efecto rellenador suave

Modo de uso
Aplicar directamente sobre los labios. Puede usarse solo o encima de otro labial para un acabado glossy.

Textura / acabado
Aceite ligero, no pegajoso, acabado brillante y jugoso.

Tips / Curiosidades

Ideal para usar antes del maquillaje si buscás labios más suaves y lisos
Puede aplicarse como mascarilla nocturna para reparar labios secos

Precauciones: Sólo para uso externo. Ante cualquier síntoma adverso discontinuar su uso y consultar con un médico.Mantener fuera del alcance de los niños. Almacenar lejos de la luz solar directa. Elaborado por:  C&C INTERNATIONAL (39, Samsung 1-ro 5-gil, Hwaseong-si, Gyeonggi-do), Republic of Korea. Ingredientes: Diisostearyl Malate, Hydrogenated Polyisobutene, Polyglyceryl-2 Isostearate/Dimer Dilinoleate Copolymer, VP/Hexadecene Copolymer, Pentaerythrityl Tetraisostearate, Caprylic/Capric Triglyceride, Silica Dimethyl Silylate, Sorbitan Isostearate, Synthetic Wax, 1,2-Hexanediol, Menthoxypropanediol, Disteardimonium Hectorite, Propylene Carbonate, Tocopheryl Acetate, Vanillyl Butyl Ether, Fragrance, Benzyl Benzoate, Prunus Amygdalus Dulcis (Sweet Almond) Oil, Prunus Armeniaca (Apricot) Kernel Oil, Simmondsia Chinensis (Jojoba) Seed Oil, Oenothera Biennis (Evening Primrose) Oil, Olea Europaea (Olive) Fruit Oil, Argania Spinosa Kernel Oil, Butyrospermum Parkii (Shea) Butter, Camellia Japonica Seed Oil, Rosa Canina Fruit Extract, Mangifera Indica (Mango) Fruit Extract, Triethoxycaprylylsilane, Linalool, Water, Butylene Glycol, Vaccinium Angustifolium (Blueberry) Fruit Extract, Prunus Serotina (Wild Cherry) Fruit Extract, Hydrogenated Poly(C6-14 Olefin), Octyldodecanol, Calcium Titanium Borosilicate, Limonene, Tin Oxide (CI 77861), Tocopherol, Tourmaline Extract, Ruby Powder, Sapphire Powder, Amethyst Powder, Nephrite Powder. Puede contener: CI 77891, CI 77491, CI 77499, CI 77492, CI 15850, CI 42090, CI 19140, CI 15985, CI 45410.",4g,https://acdn-us.mitiendanube.com/stores/324/065/products/tocobo-ecom-25-4744b99c42a8ff98a117640996723970-640-0.webp
1249,ALTA,TOCOBO Aceite Labial Nutritivo Juicy Berry Plumping 04 Bitter Brown,8809835061499,TOCOBO,"Aceite labial nutritivo y glossy con efecto rellenador inmediato. Aporta brillo jugoso, suaviza pellejitos, repara la barrera labial y deja una sensación cómoda y no pegajosa, con un ligero tinte frutal.

Beneficios clave
Hidrata y nutre en profundidad
Aporta brillo jugoso tipo “glass lips”
Efecto rellenador suave y inmediato
Suaviza grietas y pellejitos

Deja los labios flexibles y protegidos

TIPO DE PIEL
Apto para todo tipo de labios.
Ideal para labios secos, deshidratados o que buscan un brillo jugoso con efecto plump natural.

¿En qué paso de la rutina se usa?
Al final de la rutina de labios o durante el día tantas veces como sea necesario.

Ingredientes principales

Aceites botánicos nutritivos → hidratación profunda
Complejo de bayas → antioxidante e iluminador
Péptidos → efecto rellenador suave

Modo de uso
Aplicar directamente sobre los labios. Puede usarse solo o encima de otro labial para un acabado glossy.

Textura / acabado
Aceite ligero, no pegajoso, acabado brillante y jugoso.

Tips / Curiosidades

Ideal para usar antes del maquillaje si buscás labios más suaves y lisos
Puede aplicarse como mascarilla nocturna para reparar labios secos


Precauciones: Sólo para uso externo. Ante cualquier síntoma adverso discontinuar su uso y consultar con un médico.Mantener fuera del alcance de los niños. Almacenar lejos de la luz solar directa. Elaborado por:  C&C INTERNATIONAL (39, Samsung 1-ro 5-gil, Hwaseong-si, Gyeonggi-do), Republic of Korea. Ingredientes: Diisostearyl Malate, Hydrogenated Polyisobutene, Polyglyceryl-2 Isostearate/Dimer Dilinoleate Copolymer, VP/Hexadecene Copolymer, Pentaerythrityl Tetraisostearate, Caprylic/Capric Triglyceride, Silica Dimethyl Silylate, Sorbitan Isostearate, Synthetic Wax, 1,2-Hexanediol, Menthoxypropanediol, Disteardimonium Hectorite, Propylene Carbonate, Tocopheryl Acetate, Vanillyl Butyl Ether, Fragrance, Benzyl Benzoate, Prunus Amygdalus Dulcis (Sweet Almond) Oil, Prunus Armeniaca (Apricot) Kernel Oil, Simmondsia Chinensis (Jojoba) Seed Oil, Oenothera Biennis (Evening Primrose) Oil, Olea Europaea (Olive) Fruit Oil, Argania Spinosa Kernel Oil, Butyrospermum Parkii (Shea) Butter, Camellia Japonica Seed Oil, Rosa Canina Fruit Extract, Mangifera Indica (Mango) Fruit Extract, Triethoxycaprylylsilane, Linalool, Water, Butylene Glycol, Vaccinium Angustifolium (Blueberry) Fruit Extract, Prunus Serotina (Wild Cherry) Fruit Extract, Hydrogenated Poly(C6-14 Olefin), Octyldodecanol, Calcium Titanium Borosilicate, Limonene, Tin Oxide (CI 77861), Tocopherol, Tourmaline Extract, Ruby Powder, Sapphire Powder, Amethyst Powder, Nephrite Powder. Puede contener: CI 77891, CI 77491, CI 77499, CI 77492, CI 15850, CI 42090, CI 19140, CI 15985, CI 45410.",4g,https://acdn-us.mitiendanube.com/stores/324/065/products/tocobo-ecom-28-cb09b542a1eab9ebb917640997087942-640-0.webp
1250,ALTA,TOCOBO Aceite Labial Nutritivo Juicy Berry Plumping 05 Rosy Girl,8809835061505,TOCOBO,"Aceite labial nutritivo y glossy con efecto rellenador inmediato. Aporta brillo jugoso, suaviza pellejitos, repara la barrera labial y deja una sensación cómoda y no pegajosa, con un ligero tinte frutal.

Beneficios clave
Hidrata y nutre en profundidad
Aporta brillo jugoso tipo “glass lips”
Efecto rellenador suave y inmediato
Suaviza grietas y pellejitos
Deja los labios flexibles y protegidos

TIPO DE PIEL
Apto para todo tipo de labios.
Ideal para labios secos, deshidratados o que buscan un brillo jugoso con efecto plump natural.

¿En qué paso de la rutina se usa?
Al final de la rutina de labios o durante el día tantas veces como sea necesario.

Ingredientes principales

Aceites botánicos nutritivos → hidratación profunda

Complejo de bayas → antioxidante e iluminador

Péptidos → efecto rellenador suave

Modo de uso
Aplicar directamente sobre los labios. Puede usarse solo o encima de otro labial para un acabado glossy.

Textura / acabado
Aceite ligero, no pegajoso, acabado brillante y jugoso.

Tips / Curiosidades

Ideal para usar antes del maquillaje si buscás labios más suaves y lisos

Puede aplicarse como mascarilla nocturna para reparar labios secos

Precauciones: Sólo para uso externo. Ante cualquier síntoma adverso discontinuar su uso y consultar con un médico.Mantener fuera del alcance de los niños. Almacenar lejos de la luz solar directa. Elaborado por:  C&C INTERNATIONAL (39, Samsung 1-ro 5-gil, Hwaseong-si, Gyeonggi-do), Republic of Korea. Ingredientes: Diisostearyl Malate, Hydrogenated Polyisobutene, Polyglyceryl-2 Isostearate/Dimer Dilinoleate Copolymer, VP/Hexadecene Copolymer, Pentaerythrityl Tetraisostearate, Caprylic/Capric Triglyceride, Silica Dimethyl Silylate, Sorbitan Isostearate, Synthetic Wax, 1,2-Hexanediol, Menthoxypropanediol, Disteardimonium Hectorite, Propylene Carbonate, Tocopheryl Acetate, Vanillyl Butyl Ether, Fragrance, Benzyl Benzoate, Prunus Amygdalus Dulcis (Sweet Almond) Oil, Prunus Armeniaca (Apricot) Kernel Oil, Simmondsia Chinensis (Jojoba) Seed Oil, Oenothera Biennis (Evening Primrose) Oil, Olea Europaea (Olive) Fruit Oil, Argania Spinosa Kernel Oil, Butyrospermum Parkii (Shea) Butter, Camellia Japonica Seed Oil, Rosa Canina Fruit Extract, Mangifera Indica (Mango) Fruit Extract, Triethoxycaprylylsilane, Linalool, Water, Butylene Glycol, Vaccinium Angustifolium (Blueberry) Fruit Extract, Prunus Serotina (Wild Cherry) Fruit Extract, Hydrogenated Poly(C6-14 Olefin), Octyldodecanol, Calcium Titanium Borosilicate, Limonene, Tin Oxide (CI 77861), Tocopherol, Tourmaline Extract, Ruby Powder, Sapphire Powder, Amethyst Powder, Nephrite Powder. Puede contener: CI 77891, CI 77491, CI 77499, CI 77492, CI 15850, CI 42090, CI 19140, CI 15985, CI 45410.",4g,https://acdn-us.mitiendanube.com/stores/324/065/products/tocobo-ecom-30-d6810890bf0669447f17640997124205-640-0.webp
1246,ALTA,TOCOBO Aceite Labial Nutritivo Juicy Berry Plumping 07 Plum Jam,8809835061529,TOCOBO,"Gloss/tinta labial de Tocobo. Marca coreana de skincare y labial, con la línea calmante Cica Calm y protectores solares y bálsamos labiales de culto (Glass Tinted).",4g,No encontrado en carpetas de TOCOBO
1642,ALTA,TOCOBO Bálsamo Labial Mate Powder Cream 031 Rose Burn,8809835060102,TOCOBO,"Producto para labios (bálsamo/tinta/plumper) de Tocobo. Marca coreana de skincare y labial, con la línea calmante Cica Calm y protectores solares y bálsamos labiales de culto (Glass Tinted).",,No encontrado en carpetas de TOCOBO
1809,ALTA,TOCOBO Bálsamo Labial Nutritivo Vitamin Nourishing Uso Diario 3.5 g,8809835060140,TOCOBO,"Producto para labios (bálsamo/tinta/plumper) de Tocobo. Marca coreana de skincare y labial, con la línea calmante Cica Calm y protectores solares y bálsamos labiales de culto (Glass Tinted).",,No encontrado en carpetas de TOCOBO
408,ALTA,TOCOBO Protector Solar en Cushion Blur Finish Niacinamida 00 Pure 13 g,8809835061772,TOCOBO,"Base de maquillaje cushion de Tocobo. Marca coreana de skincare y labial, con la línea calmante Cica Calm y protectores solares y bálsamos labiales de culto (Glass Tinted).",13g,"https://drive.google.com/file/d/1VD-sbcJE7uznS1yGL4PL1xojWknS5u3s/view
https://drive.google.com/file/d/1kyBnmt6n19rWW_mBzEZcTz-UNngTH0ZV/view
https://drive.google.com/file/d/1kTuBxj2NjzFhHU8zE9RIDUN9C187Wq8d/view
https://drive.google.com/file/d/1IJIbztafoXB1rKPLAXlXHQlDqEs_KrCJ/view
https://drive.google.com/file/d/1DdREcB-gMq_jAzVcMAi2SGrFyd0IiAeF/view
https://drive.google.com/file/d/19O3yHgrRVJcchLFLGk-24ZdOd9Z_Z8gb/view"
409,ALTA,TOCOBO Aceite Limpiador Calamine Pore Control 200 ml,8809835061857,TOCOBO,"Base de maquillaje cushion de Tocobo. Marca coreana de skincare y labial, con la línea calmante Cica Calm y protectores solares y bálsamos labiales de culto (Glass Tinted).",,No encontrado en carpetas de TOCOBO
403,ALTA,TOCOBO Aceite Limpiador Calamine Pore Control con Calamina 200 ml,8809835060348,TOCOBO,"Aceite limpiador/tratamiento de Tocobo formulado con calamina. calamina: calma e ilumina. Marca coreana de skincare y labial, con la línea calmante Cica Calm y protectores solares y bálsamos labiales de culto (Glass Tinted).",200ml,No encontrado en carpetas de TOCOBO
757,ALTA,TOCOBO Sérum Facial Calmante Cica con Centella Asiática 50 ml,8809835061086,TOCOBO,"Sérum/esencia de Tocobo formulado con centella asiática (Cica). centella asiática (Cica): repara la barrera cutánea y calma irritaciones. Marca coreana de skincare y labial, con la línea calmante Cica Calm y protectores solares y bálsamos labiales de culto (Glass Tinted).",50ml,No encontrado en carpetas de TOCOBO
1094,ALTA,TOCOBO Espuma Limpiadora Coconut Clay con Agua de Coco 150 ml,8809835060034,TOCOBO,"Limpiador facial de Tocobo. Marca coreana de skincare y labial, con la línea calmante Cica Calm y protectores solares y bálsamos labiales de culto (Glass Tinted).
Una espuma limpiadora suave pero eficaz, formulada con agua de coco y arcilla de caolín rosa, que limpia profundamente los poros sin resecar la piel. Ayuda a eliminar el exceso de sebo, impurezas y restos de maquillaje, dejando el rostro fresco, suave y equilibrado.

Beneficios clave

Limpieza profunda de poros y eliminación de impurezas.
Controla el exceso de grasa y sebo.
Mantiene la piel hidratada gracias al agua de coco.
Textura cremosa que se convierte en una rica espuma.
Deja la piel suave, fresca y equilibrada.

TIPO DE PIEL
Apto para todo tipo de piel, especialmente eficaz para pieles mixtas, grasas y con tendencia a poros dilatados o puntos negros.

¿En qué paso de la rutina se usa?

Primer paso de la rutina de mañana. Segundo paso de la rutina de noche (después del desmaquillante a base de aceite).

Ingredientes principales

Arcilla de Caolín Rosa: Absorbe el exceso de sebo y las impurezas que obstruyen los poros, dejando la piel limpia.
Agua de Coco: Rica en minerales, proporciona hidratación y evita que la piel se sienta tirante después de la limpieza.
Agentes Tensioactivos Derivados de Coco: Crean una espuma abundante para una limpieza suave sin irritar la piel.",150ml,https://acdn-us.mitiendanube.com/stores/324/065/products/tocobo-ecom-13-51cac25a939f2f324817641021954471-640-0.webp
1156,ALTA,TOCOBO Mascarilla Labial Intensiva Collagen Boosting con Colágeno 20 ml,8809835060928,TOCOBO,"Producto para labios (bálsamo/tinta/plumper) de Tocobo formulado con colágeno. colágeno: aporta firmeza y elasticidad. Marca coreana de skincare y labial, con la línea calmante Cica Calm y protectores solares y bálsamos labiales de culto (Glass Tinted).",20ml,No encontrado en carpetas de TOCOBO
1158,ALTA,TOCOBO Contorno de Ojos en Gel Collagen Brightening con Colágeno 30 ml,8809835060157,TOCOBO,"Crema facial de Tocobo formulado con colágeno. colágeno: aporta firmeza y elasticidad. Marca coreana de skincare y labial, con la línea calmante Cica Calm y protectores solares y bálsamos labiales de culto (Glass Tinted).",30ml,No encontrado en carpetas de TOCOBO
398,ALTA,TOCOBO Bálsamo Labial con Color Glass Tinted Efecto Cristal 014 Vanilla Peach 3.5 g,8809835061147,TOCOBO,"Producto para labios (bálsamo/tinta/plumper) de Tocobo. Marca coreana de skincare y labial, con la línea calmante Cica Calm y protectores solares y bálsamos labiales de culto (Glass Tinted).","3,5g","https://drive.google.com/file/d/1FfPu2HLeNYt7bee-w_H_uNPlri9cog4m/view
https://drive.google.com/file/d/1-6lh1bHqFsKj7m6IfGLWtd1C4LHhUGNg/view
https://drive.google.com/file/d/1QNkSHbU9LpqxQOMu7Jnc-kY2hbNOg4xg/view
https://drive.google.com/file/d/1ibPZNt2KZZD2evWjqq5oU7WZt0GfbPpF/view
https://drive.google.com/file/d/1ySiJFbYN8NedK-7-WE2BZ2AGMu4dO9py/view
https://drive.google.com/file/d/1f1U-dAuNZ8R4J5nSac_Fur59cJkyTv_V/view"
401,ALTA,TOCOBO Bálsamo Labial con Color Glass Tinted Efecto Cristal 017 Choco Jam,8809835063905,TOCOBO,"Producto para labios (bálsamo/tinta/plumper) de Tocobo. Marca coreana de skincare y labial, con la línea calmante Cica Calm y protectores solares y bálsamos labiales de culto (Glass Tinted).","3,5g",No encontrado en carpetas de TOCOBO
406,ALTA,TOCOBO Aceite Labial Nutritivo Juicy Berry Plumping 03 Black Cherry,8809835061475,TOCOBO,"Gloss/tinta labial de Tocobo. Marca coreana de skincare y labial, con la línea calmante Cica Calm y protectores solares y bálsamos labiales de culto (Glass Tinted).",4g,No encontrado en carpetas de TOCOBO
407,ALTA,TOCOBO Aceite Labial Nutritivo Juicy Berry Plumping 13 Choco Berry,8809835061192,TOCOBO,"Gloss/tinta labial de Tocobo. Marca coreana de skincare y labial, con la línea calmante Cica Calm y protectores solares y bálsamos labiales de culto (Glass Tinted).

Aceite labial nutritivo y glossy con efecto rellenador inmediato. Aporta brillo jugoso, suaviza pellejitos, repara la barrera labial y deja una sensación cómoda y no pegajosa, con un ligero tinte frutal.

Beneficios clave

Hidrata y nutre en profundidad
Aporta brillo jugoso tipo “glass lips”
Efecto rellenador suave y inmediato
Suaviza grietas y pellejitos
Deja los labios flexibles y protegidos

TIPO DE PIEL
Apto para todo tipo de labios.
Ideal para labios secos, deshidratados o que buscan un brillo jugoso con efecto plump natural.

¿En qué paso de la rutina se usa?
Al final de la rutina de labios o durante el día tantas veces como sea necesario.

Ingredientes principales

Aceites botánicos nutritivos → hidratación profunda
Complejo de bayas → antioxidante e iluminador
Péptidos → efecto rellenador suave

Modo de uso
Aplicar directamente sobre los labios. Puede usarse solo o encima de otro labial para un acabado glossy.

Textura / acabado
Aceite ligero, no pegajoso, acabado brillante y jugoso.

Tips / Curiosidades

Ideal para usar antes del maquillaje si buscás labios más suaves y lisos
Puede aplicarse como mascarilla nocturna para reparar labios secos

Precauciones: Sólo para uso externo. Ante cualquier síntoma adverso discontinuar su uso y consultar con un médico.Mantener fuera del alcance de los niños. Almacenar lejos de la luz solar directa. Elaborado por:  C&C INTERNATIONAL (39, Samsung 1-ro 5-gil, Hwaseong-si, Gyeonggi-do), Republic of Korea. Ingredientes: Diisostearyl Malate, Hydrogenated Polyisobutene, Polyglyceryl-2 Isostearate/Dimer Dilinoleate Copolymer, VP/Hexadecene Copolymer, Pentaerythrityl Tetraisostearate, Caprylic/Capric Triglyceride, Silica Dimethyl Silylate, Sorbitan Isostearate, Synthetic Wax, 1,2-Hexanediol, Menthoxypropanediol, Disteardimonium Hectorite, Propylene Carbonate, Tocopheryl Acetate, Vanillyl Butyl Ether, Fragrance, Benzyl Benzoate, Prunus Amygdalus Dulcis (Sweet Almond) Oil, Prunus Armeniaca (Apricot) Kernel Oil, Simmondsia Chinensis (Jojoba) Seed Oil, Oenothera Biennis (Evening Primrose) Oil, Olea Europaea (Olive) Fruit Oil, Argania Spinosa Kernel Oil, Butyrospermum Parkii (Shea) Butter, Camellia Japonica Seed Oil, Rosa Canina Fruit Extract, Mangifera Indica (Mango) Fruit Extract, Triethoxycaprylylsilane, Linalool, Water, Butylene Glycol, Vaccinium Angustifolium (Blueberry) Fruit Extract, Prunus Serotina (Wild Cherry) Fruit Extract, Hydrogenated Poly(C6-14 Olefin), Octyldodecanol, Calcium Titanium Borosilicate, Limonene, Tin Oxide (CI 77861), Tocopherol, Tourmaline Extract, Ruby Powder, Sapphire Powder, Amethyst Powder, Nephrite Powder. Puede contener: CI 77891, CI 77491, CI 77499, CI 77492, CI 15850, CI 42090, CI 19140, CI 15985, CI 45410.",4g,https://acdn-us.mitiendanube.com/stores/324/065/products/tocobo-ecom-29-8816f6612d97c0346d17640997124054-640-0.webp
1636,ALTA,TOCOBO Crema Facial Multi Ceramide con Ceramidas 50 ml,8809835060027,TOCOBO,"Crema facial de Tocobo formulado con ceramidas. ceramidas: refuerza la barrera cutánea. Marca coreana de skincare y labial, con la línea calmante Cica Calm y protectores solares y bálsamos labiales de culto (Glass Tinted).",50ml,No encontrado en carpetas de TOCOBO
402,ALTA,TOCOBO Bálsamo Labial Mate Powder Cream Acabado Soft Focus 034 Peach Tart 3.5 g,8809835061291,TOCOBO,"Producto para labios (bálsamo/tinta/plumper) de Tocobo. Marca coreana de skincare y labial, con la línea calmante Cica Calm y protectores solares y bálsamos labiales de culto (Glass Tinted).","3,5g","https://drive.google.com/file/d/1GfzQxJ9_sY0vXaSOUsnSU_ZfxUAP6jH_/view
https://drive.google.com/file/d/1J3BWY3HxBnZBsg1loNIbeiXvilWgAf9Q/view
https://drive.google.com/file/d/18M4BR22n0WOxzDYqG7qO81Kn99QV_Xd0/view
https://drive.google.com/file/d/1i8xCRpuxfcN3vY9EKwtcxCioBqtMqySC/view
https://drive.google.com/file/d/1Z1YtdQPkJmVg5lUgq0PypUM6d9WMXPlh/view
https://drive.google.com/file/d/1xFNQOqmRtatqDMztYTOiWsubQLlZUEra/view"
405,ALTA,TOCOBO Bálsamo Labial Mate Powder Cream 037 Tender Brown,8809835061321,TOCOBO,"Producto para labios (bálsamo/tinta/plumper) de Tocobo. Marca coreana de skincare y labial, con la línea calmante Cica Calm y protectores solares y bálsamos labiales de culto (Glass Tinted).","3,5g","https://drive.google.com/file/d/1wfiZWtq_PFbpS5MiH5w-PDN4V4FtGJNI/view
https://drive.google.com/file/d/1tUj3SxMJeigvN0O_HPYNWUwSeDz6fSIL/view
https://drive.google.com/file/d/1Yvu17WBawX4oAkkSHVSyPVe_A-3wJncP/view
https://drive.google.com/file/d/1BxxUu4ckr7lwd6uSsJEXtqv5XNu-zdUZ/view
https://drive.google.com/file/d/1S__bJBQ9e9xXxrGCXmDPHQRwgj0V3PO0/view
https://drive.google.com/file/d/1bk9wdcR1IciRumatdIl3IWsTlcF9pkU8/view"
1699,ALTA,TOCOBO Mascarilla Labial Brillante Vita Glazed 20 ml,8809835060225,TOCOBO,"Producto para labios (bálsamo/tinta/plumper) de Tocobo. Marca coreana de skincare y labial, con la línea calmante Cica Calm y protectores solares y bálsamos labiales de culto (Glass Tinted).",20ml,No encontrado en carpetas de TOCOBO
1199,ALTA,TOCOBO Bálsamo Labial Brillante Glow Ritual 001 Coral Water 3.5 g,8809835060133,TOCOBO,"Producto para labios (bálsamo/tinta/plumper) de Tocobo. Marca coreana de skincare y labial, con la línea calmante Cica Calm y protectores solares y bálsamos labiales de culto (Glass Tinted).",,No encontrado en carpetas de TOCOBO
410,ALTA,TOCOBO Protector Solar en Barra Mini Cica Cooling con Centella Asiática 10 g,8809835063226,TOCOBO,"Protector solar facial de Tocobo formulado con centella asiática (Cica). centella asiática (Cica): repara la barrera cutánea y calma irritaciones. Marca coreana de skincare y labial, con la línea calmante Cica Calm y protectores solares y bálsamos labiales de culto (Glass Tinted).",11g,No encontrado en carpetas de TOCOBO
961,ALTA,TOCOBO Protector Solar en Barra Cica Cooling SPF50+ PA++++ Piel Sensible,8809835060454,TOCOBO,"Protector solar facial de Tocobo formulado con centella asiática (Cica). centella asiática (Cica): repara la barrera cutánea y calma irritaciones. Marca coreana de skincare y labial, con la línea calmante Cica Calm y protectores solares y bálsamos labiales de culto (Glass Tinted).",18g,No encontrado en carpetas de TOCOBO
411,ALTA,TOCOBO Protector Solar en Barra Mate Cotton Airy Mini con Centella Asiática 11 g,8809835063240,TOCOBO,"Protector solar en stick de Tocobo. Marca coreana de skincare y labial, con la línea calmante Cica Calm y protectores solares y bálsamos labiales de culto (Glass Tinted).",11g,No encontrado en carpetas de TOCOBO
1180,ALTA,TOCOBO Protector Solar en Barra Cotton Soft SPF50+ PA++++ Piel Grasa 19 g,8809835060041,TOCOBO,"Protector solar en stick de Tocobo. Marca coreana de skincare y labial, con la línea calmante Cica Calm y protectores solares y bálsamos labiales de culto (Glass Tinted).",19g,No encontrado en carpetas de TOCOBO
20049,ALTA,Torriden-balanceful CICA Crema,,TOCOBO,"Set/kit de Tocobo que combina varios productos de la marca para una rutina completa. Marca coreana de skincare y labial, con la línea calmante Cica Calm y protectores solares y bálsamos labiales de culto (Glass Tinted).",,No encontrado en carpetas de TOCOBO
1029,ALTA,TORRIDEN Crema Hidratante Calmante Balanceful Cica con Centella Asiática 80 ml,8809784600985,TORRIDEN,"Crema facial de Torriden formulado con centella asiática (Cica). centella asiática (Cica): repara la barrera cutánea y calma irritaciones. Marca coreana centrada en ácido hialurónico de bajo peso molecular, con la línea Dive-In de hidratación profunda.",,"https://drive.google.com/file/d/1MGCMHJ_c8YLa1nmlL1B_4tbvvfLRNACp/view
https://drive.google.com/file/d/1zVkx8Nxp6vWVSUL_cmm6B_YFLryIJuER/view
https://drive.google.com/file/d/1gtU-iZf5McYqgW2hp1BTc7pOTERsRWTj/view
https://drive.google.com/file/d/1abQJmvJWF2_VQehN4ySrT42wj20qc_QW/view
https://drive.google.com/file/d/1DU4q4jLLqtRxgTgWmSptdFgk4JLqoHI7/view
https://drive.google.com/file/d/1qIikrK4PnBw_EBP_cZ270_5GDz7d8cH4/view"
1024,ALTA,TORRIDEN Sérum Calmante e Hidratante Balanceful Cica con Centella Asiática 50 ml,8809784600978,TORRIDEN,"Sérum/esencia de Torriden formulado con centella asiática (Cica). centella asiática (Cica): repara la barrera cutánea y calma irritaciones. Marca coreana centrada en ácido hialurónico de bajo peso molecular, con la línea Dive-In de hidratación profunda.",,"https://drive.google.com/file/d/1lWqnfLEhKEEmYzxJxmddE-0gV8Klzgbq/view
https://drive.google.com/file/d/1apZUuJKyNegJOcHK_1hYaLEtVV83Ox_C/view
https://drive.google.com/file/d/14_kdO6PGcPuzyzYwXKrundXkEtHdAZJO/view
https://drive.google.com/file/d/1M36ADrq2iUITqBU_C1CKMrOWW4PigUZZ/view
https://drive.google.com/file/d/1sd-kr-qBeo0Oc-hQvbkRoYW2mz4ObvWE/view"
1012,ALTA,TORRIDEN Limpiador Facial Hidratante Dive In con Ácido Hialurónico 150 ml,8809784600404,TORRIDEN,"Limpiador facial de Torriden formulado con ácido hialurónico de bajo peso molecular. ácido hialurónico de bajo peso molecular: penetra en capas profundas de la piel. Marca coreana centrada en ácido hialurónico de bajo peso molecular, con la línea Dive-In de hidratación profunda.",,"https://drive.google.com/file/d/18QtVRditj5xoKgP8d6weyw4z16xq0T1M/view
https://drive.google.com/file/d/1pfGiEYR2yTgCSd6BUeQxbcuGgAYmKzWG/view
https://drive.google.com/file/d/1Yq6316RUHeTmvWDjocs8HD9-M-zkkDfO/view
https://drive.google.com/file/d/1gTKjDW7UiQ70sJAInWyYQONs8GEWbgFb/view
https://drive.google.com/file/d/13qzkYpQ-cTpoyxNpWKWc3r9V5CbEKYIr/view
https://drive.google.com/file/d/1JpmAludw7mNbrgLnSFCXqEET8oO4m9re/view"
1020,ALTA,TORRIDEN Mascarilla Facial Dive In Hidratación Profunda Ácido Hialurónico 5D 10 unidades,8809504742865,TORRIDEN,"Mascarilla facial de Torriden formulado con ácido hialurónico de bajo peso molecular. ácido hialurónico de bajo peso molecular: penetra en capas profundas de la piel. Marca coreana centrada en ácido hialurónico de bajo peso molecular, con la línea Dive-In de hidratación profunda.",,"https://drive.google.com/file/d/1qJUhbXmJHtOEbOcypsAn3dJwlaHZMhRE/view
https://drive.google.com/file/d/1dp973RD-Q5-qEwkeH4m6zYtdi7ybsBOy/view
https://drive.google.com/file/d/1gIRTaJ-FksdHECRNveuglX8RBz1ltsO6/view
https://drive.google.com/file/d/12rzI9jDxF4rdyv__hxDdTbah_1Dq31aF/view
https://drive.google.com/file/d/1xfftiv5G4vKmasBBcsqArMCfrqwj3A9V/view
https://drive.google.com/file/d/1w40iABj3YkpNKeTq-NXtrCIHHCV_HoME/view"
1017,ALTA,TORRIDEN Sérum Hidratante Profundo Dive-In con Ácido Hialurónico 50 ml,8809504741653,TORRIDEN,"Sérum/esencia de Torriden formulado con ácido hialurónico de bajo peso molecular. ácido hialurónico de bajo peso molecular: penetra en capas profundas de la piel. Marca coreana centrada en ácido hialurónico de bajo peso molecular, con la línea Dive-In de hidratación profunda.",,"https://drive.google.com/file/d/1YRCPIo5FSaChqeu4CoduQWeVHxAWYHro/view
https://drive.google.com/file/d/1l6MXX8n5jyOi0qtcVYhTJlOQDFExGxih/view
https://drive.google.com/file/d/1AeLhGkPlzAM_uzVwBH1g7HSvob0xVXsu/view
https://drive.google.com/file/d/1VkpJAFLgJJAzdMVyIKyDtBpcMaxY4TQA/view
https://drive.google.com/file/d/1b4EUZqWeJO8iQVkZ5RmmuV3Cv9BoTp61/view
https://drive.google.com/file/d/1D2jgyraLhw1AIF4cBn1CT3k59Rh5l4OA/view"
1018,ALTA,TORRIDEN Crema Gel Hidratante y Calmante Dive-In Ácido Hialurónico 5D 100 ml,8809784600183,TORRIDEN,"Gel/sérum calmante de Torriden formulado con ácido hialurónico de bajo peso molecular. ácido hialurónico de bajo peso molecular: penetra en capas profundas de la piel. Marca coreana centrada en ácido hialurónico de bajo peso molecular, con la línea Dive-In de hidratación profunda.",,"https://drive.google.com/file/d/11pA6eTap2GDwmefGS0oCZuwu1W7SFlc0/view
https://drive.google.com/file/d/1osL-yTpHjPflIDubKyDfTBn1BhgUrTNq/view
https://drive.google.com/file/d/1RzT4ATo2s-Q336SjWjOkA7Ruf1h06t3S/view
https://drive.google.com/file/d/1WXk2Bfqaddyc6vr6fRlz71yyZu-77RAD/view
https://drive.google.com/file/d/1zdZq9kfazTd_aKUwBTl-4JJ5hD7jPvBL/view
https://drive.google.com/file/d/1ardqS1lCpojzfc4P1SnlxFPNMaEYLbHl/view"
1019,ALTA,TORRIDEN Protector Solar Facial Dive-In Mild,8809784600268,TORRIDEN,"Protector solar facial de Torriden. Marca coreana centrada en ácido hialurónico de bajo peso molecular, con la línea Dive-In de hidratación profunda.",,"https://drive.google.com/file/d/1feFWBSgDMxvHuLngMdFX7l10ADv1lKSc/view
https://drive.google.com/file/d/19g815gDbEXKkwTFoo3WQBRJ1NQxO8nb-/view
https://drive.google.com/file/d/1ECIg3VVd-Ulq1XPMJ4mcud4yrroJ-cTb/view
https://drive.google.com/file/d/1v8NfRWaqzWOlWX7m3Zj5BR-AX84x2nPW/view
https://drive.google.com/file/d/1jqb5BLAiVAxmDR42zYvqH5Mca6_zza5e/view
https://drive.google.com/file/d/1JKxNr3i77YnKV7zTvF-SqP8vA5T8UcQ7/view"
1022,ALTA,TORRIDEN Esencia Labial Reparadora Solid In con Complejo de Ceramidas 11 ml,8809784600152,TORRIDEN,"Sérum/esencia de Torriden formulado con ceramidas. ceramidas: refuerza la barrera cutánea. Marca coreana centrada en ácido hialurónico de bajo peso molecular, con la línea Dive-In de hidratación profunda.",,"https://drive.google.com/file/d/1JlB1rKSus8-gOnLd4lJm9iEkkYtKoLtf/view
https://drive.google.com/file/d/1xdv0q2RpJAyMmQoWTD5lMxNXt0F0v1ff/view
https://drive.google.com/file/d/1PKWaG1PWweU5vpKsjh_-Nfde0NAq_Hw7/view
https://drive.google.com/file/d/1RRlS85BMUaiZ_bsKTMKd6LUE5V_Kiep2/view
https://drive.google.com/file/d/1-Odh7smG6cRBQSmp9Xp5paiFEMyiNiUe/view
https://drive.google.com/file/d/1BETHT3kN9q-uZT40C69Ma4kOSYLTQqNp/view"
1824,ALTA,UNLEASHIA Base de Maquillaje Luminosa Don't Touch Glass Pink Cushion 21N Hyaline 15 g,8809647771272,UNLEASHIA,"Base de maquillaje cushion de Unleashia. Marca coreana de maquillaje cruelty-free (miembro PETA), célebre por su base cushion Hey Dew y su efecto ""glass skin"".",,"https://drive.google.com/file/d/1yB01Fml3i2BZkhhEvRVWRt27CI6cj04I/view
https://drive.google.com/file/d/1oLiwsWj-yXb6Kn-DRjL5fj9DajfeOhUt/view
https://drive.google.com/file/d/1w4lCXZq9rfHpCDI1YClzL9mx_eUKJQsg/view
https://drive.google.com/file/d/1SBJdJ01HmdHj7IxmuwZKfDFSRIghlvF_/view
https://drive.google.com/file/d/1bgtKwvbScDt9eRNpYNqKw7FhHFS_BG3Z/view
https://drive.google.com/file/d/1r7FEDGg77r6vTlYaJ4XHXL49vJdhBLRv/view"
1846,ALTA,UNLEASHIA Base de Maquillaje Don't Touch Glass Pink Cushion 23W With Care,8809647771289,UNLEASHIA,"Base de maquillaje cushion de Unleashia. Marca coreana de maquillaje cruelty-free (miembro PETA), célebre por su base cushion Hey Dew y su efecto ""glass skin"".",,"https://drive.google.com/file/d/1psVrrMkCkjyD3n6iFjXg7ZWc-BPzdJDn/view
https://drive.google.com/file/d/1vY3-anp579bayvIiywU-3RjpWhWgDod-/view
https://drive.google.com/file/d/1QAkh3fxtagNBwpN6_irdCksRrWdtgkTk/view
https://drive.google.com/file/d/1yUKt-ZKZSYcEHm4GDHNKX_kYLYC-TZIx/view
https://drive.google.com/file/d/1_k8LiUVTEY_pgcBzvGKvjiujrQdoMLov/view
https://drive.google.com/file/d/1KvGt2Giwb3ZUZL44KYKd6XS1aIwoUXMr/view"
1980,ALTA,UNLEASHIA Base de Maquillaje Don't Touch Glass Pink Cushion 25N Molten,8809647771296,UNLEASHIA,"Base de maquillaje cushion de Unleashia. Marca coreana de maquillaje cruelty-free (miembro PETA), célebre por su base cushion Hey Dew y su efecto ""glass skin"".",,No encontrado en carpetas de UNLEASHIA
1981,ALTA,UNLEASHIA Estuche para Don't Touch Glass Cushion,8809647772163,UNLEASHIA,"Base de maquillaje cushion de Unleashia. Marca coreana de maquillaje cruelty-free (miembro PETA), célebre por su base cushion Hey Dew y su efecto ""glass skin"".",,No encontrado en carpetas de UNLEASHIA
2794,ALTA,UNLEASHIA Base de Maquillaje Don't Touch Glass Pink Cushion Re-Feel 16N Luminous con Puff,8809647771999,UNLEASHIA,"Base de maquillaje cushion de Unleashia. Marca coreana de maquillaje cruelty-free (miembro PETA), célebre por su base cushion Hey Dew y su efecto ""glass skin"".",,No encontrado en carpetas de UNLEASHIA
2907,ALTA,UNLEASHIA Base de Maquillaje Don't Touch Glass Pink Cushion Re-Feel 21N Hyaline con Puff,8809647772033,UNLEASHIA,"Base de maquillaje cushion de Unleashia. Marca coreana de maquillaje cruelty-free (miembro PETA), célebre por su base cushion Hey Dew y su efecto ""glass skin"".",,No encontrado en carpetas de UNLEASHIA
2916,ALTA,UNLEASHIA Base de Maquillaje Don't Touch Glass Pink Cushion Re-Feel 23W With Care con Puff,8809647772071,UNLEASHIA,"Base de maquillaje cushion de Unleashia. Marca coreana de maquillaje cruelty-free (miembro PETA), célebre por su base cushion Hey Dew y su efecto ""glass skin"".",,No encontrado en carpetas de UNLEASHIA
2918,ALTA,UNLEASHIA Base de Maquillaje Don't Touch Glass Pink Cushion Re-Feel 25N Molten con Puff,8809647772095,UNLEASHIA,"Base de maquillaje cushion de Unleashia. Marca coreana de maquillaje cruelty-free (miembro PETA), célebre por su base cushion Hey Dew y su efecto ""glass skin"".",,No encontrado en carpetas de UNLEASHIA
3383,ALTA,UNLEASHIA Base de Maquillaje Don't Touch Glass Pink Cushion Re-Feel 30N Build Up con Puff,8809647772125,UNLEASHIA,"Base de maquillaje cushion de Unleashia. Marca coreana de maquillaje cruelty-free (miembro PETA), célebre por su base cushion Hey Dew y su efecto ""glass skin"".",,No encontrado en carpetas de UNLEASHIA
22165,ALTA,UNLEASHIA Delineador de Ojos de Precisión Easy Glide Flat N°1 Deep Black,8809647771586,UNLEASHIA,"Pestañas postizas / curvador de pestañas de Unleashia. Marca coreana de maquillaje cruelty-free (miembro PETA), célebre por su base cushion Hey Dew y su efecto ""glass skin"".",,"https://drive.google.com/file/d/1KnukatL6ROOFtglgwXiBOPyiM3IS1KW6/view
https://drive.google.com/file/d/11iLvJHTLhEBQOULFo1mJ1TpRLxYu3dzu/view
https://drive.google.com/file/d/1fTopK5-723iXkKJ_5osN8mP4uZ-I0tuz/view
https://drive.google.com/file/d/1xme-tmzDDjYGtj_Wj4VItUX3FuHOrk14/view
https://drive.google.com/file/d/12b3tK1D6YIouFaJ2jPuAF43vvEZyFe25/view
https://drive.google.com/file/d/1s6iGyiNvNSchCKhn3HGMvFbl1jnR2ndp/view"
22068,ALTA,UNLEASHIA Bálsamo Labial Vegano Glacier N°1 Snow Frost,8809647770831,UNLEASHIA,"Producto para labios (bálsamo/tinta/plumper) de Unleashia. Marca coreana de maquillaje cruelty-free (miembro PETA), célebre por su base cushion Hey Dew y su efecto ""glass skin"".",,"https://drive.google.com/file/d/1pz-GoLSL3vwjrDmT8B8V6tqE6F1VuVjE/view
https://drive.google.com/file/d/13A9xQpvzZxNcI-ELVXlerPBlP2FooI-I/view
https://drive.google.com/file/d/11DbKpiNU3D2m8N0eIak5FlbT_rbvqcf1/view
https://drive.google.com/file/d/12xHZIb-0hYVLJ8-kpZbnw2l8_hdNQ39F/view
https://drive.google.com/file/d/1bOm4f7dgUZtSCSvL0pYp8weyvM-zW3Ik/view
https://drive.google.com/file/d/1LYAT5Ubq4ZA9sDqJLAsQJnvGtYe1fLCz/view"
22069,ALTA,UNLEASHIA Bálsamo Labial Vegano Glacier N°2 Blue Lagoon,8809647770848,UNLEASHIA,"Producto para labios (bálsamo/tinta/plumper) de Unleashia. Marca coreana de maquillaje cruelty-free (miembro PETA), célebre por su base cushion Hey Dew y su efecto ""glass skin"".",,"https://drive.google.com/file/d/18A9KUKcSYYYSZnOP0ZY4aa4HLgmjyMY_/view
https://drive.google.com/file/d/1vEdRMHWfS9-UqjC5R2IymdgF1x4InDyY/view
https://drive.google.com/file/d/1ZSrSC4VAvZAK_Lpqp18XPXyYd53oTR4d/view
https://drive.google.com/file/d/1VkWyLgXnREwxDr17xtxN8JTxrOr9V_Zs/view
https://drive.google.com/file/d/1XAUJ8TtjtVqBBL_bLJxGmSB0iNjxZ0SI/view
https://drive.google.com/file/d/1e9feIDY-hlIgg0VVME7O8zU_IGd4JgvQ/view"
22102,ALTA,UNLEASHIA Bálsamo Labial Vegano Glacier N°3 Nude Bluff,8809647772460,UNLEASHIA,"Producto para labios (bálsamo/tinta/plumper) de Unleashia. Marca coreana de maquillaje cruelty-free (miembro PETA), célebre por su base cushion Hey Dew y su efecto ""glass skin"".",,"https://drive.google.com/file/d/11nWqUTLCZkrsArHVIcakpjgi4qjjsUJE/view
https://drive.google.com/file/d/1pylWT8MDId2ejql1QTh3VB9WZrcTWKiW/view
https://drive.google.com/file/d/1p0fqIOqWlg2Jk907zji5xtHX4RTrgME2/view
https://drive.google.com/file/d/1ceotRwGU7ndZ8N2KsLB0pyIZJ2gSZm3m/view
https://drive.google.com/file/d/1p2mLW0SId4K4FLeQZBg3R_JO8Z5hzwwy/view
https://drive.google.com/file/d/1fE35ZbeOP5nXQ3EVivSV4uEecSIwRwV5/view"
22012,ALTA,UNLEASHIA Paleta de Sombras Glitterpedia N°6 All of Citrus,8809647770893,UNLEASHIA,"Paleta de sombras/glitter de Unleashia. Marca coreana de maquillaje cruelty-free (miembro PETA), célebre por su base cushion Hey Dew y su efecto ""glass skin"".",,"https://drive.google.com/file/d/1n4sOOVTxYfzREsCqcYXCoh-8oqdIIEgs/view
https://drive.google.com/file/d/15XPFSdjNoFthJAIR4HLzqIQPRornLcY0/view
https://drive.google.com/file/d/1mj_1t5HpG_kCaJO8u_yLQ6nBs3h6ocEc/view
https://drive.google.com/file/d/1QTfhcpTGBrjCUcV2TJIes-LqhKRlktf4/view
https://drive.google.com/file/d/1mBcvFPswexeYvI7VhjjfzW-orwCsUbK5/view
https://drive.google.com/file/d/1wscYmAV0j2o3k-BYPhfVPrO_QpW0W5ep/view"
22016,ALTA,UNLEASHIA Paleta de Sombras Glitterpedia N°8 All of Dancing Swan,8809647773795,UNLEASHIA,"Paleta de sombras/glitter de Unleashia. Marca coreana de maquillaje cruelty-free (miembro PETA), célebre por su base cushion Hey Dew y su efecto ""glass skin"".",,"https://drive.google.com/file/d/1c87CcAPvqH25-bg3HeXWS1pzvmWJ3gKC/view
https://drive.google.com/file/d/1s5rHJiMzOb7cjyj31mwUKY29jhwQhmEU/view
https://drive.google.com/file/d/1c4mTaWpwaF_-ztK3iq0PghcMb--sS-sd/view
https://drive.google.com/file/d/1kf8UZ9HKQwBTRYgjKxOCAbfxJlofHnFc/view
https://drive.google.com/file/d/1jh6SdHHR-4CXdF-MAqVEYa2CzuIkBi3D/view
https://drive.google.com/file/d/1g_Z3y6FqpsTr92cpecrrF1xJKijbJ5z_/view"
3385,ALTA,UNLEASHIA Paleta de Sombras Vegana Glitterpedia con Glitter N°1 All of Glitter 6.2 g,8809647770657,UNLEASHIA,"Paleta de sombras/glitter de Unleashia. Marca coreana de maquillaje cruelty-free (miembro PETA), célebre por su base cushion Hey Dew y su efecto ""glass skin"".",,No encontrado en carpetas de UNLEASHIA
3509,ALTA,UNLEASHIA Paleta de Sombras Glitterpedia N°2 All of Brown,8809647770664,UNLEASHIA,"Paleta de sombras/glitter de Unleashia. Marca coreana de maquillaje cruelty-free (miembro PETA), célebre por su base cushion Hey Dew y su efecto ""glass skin"".",,No encontrado en carpetas de UNLEASHIA
3512,ALTA,UNLEASHIA Paleta de Sombras Glitterpedia N°3 All of Coralpink,8809647770671,UNLEASHIA,"Paleta de sombras/glitter de Unleashia. Marca coreana de maquillaje cruelty-free (miembro PETA), célebre por su base cushion Hey Dew y su efecto ""glass skin"".",,No encontrado en carpetas de UNLEASHIA
3517,ALTA,UNLEASHIA Paleta de Sombras Glitterpedia N°4 All of Lavender Fog,8809647770763,UNLEASHIA,"Paleta de sombras/glitter de Unleashia. Marca coreana de maquillaje cruelty-free (miembro PETA), célebre por su base cushion Hey Dew y su efecto ""glass skin"".",,No encontrado en carpetas de UNLEASHIA
3519,ALTA,UNLEASHIA Paleta de Sombras Glitterpedia N°5 All of Dusty Rose,8809647770770,UNLEASHIA,"Paleta de sombras/glitter de Unleashia. Marca coreana de maquillaje cruelty-free (miembro PETA), célebre por su base cushion Hey Dew y su efecto ""glass skin"".",,No encontrado en carpetas de UNLEASHIA
3542,ALTA,UNLEASHIA Paleta de Sombras Glitterpedia N°7 All of Peach Ade,8809647770909,UNLEASHIA,"Paleta de sombras/glitter de Unleashia. Marca coreana de maquillaje cruelty-free (miembro PETA), célebre por su base cushion Hey Dew y su efecto ""glass skin"".",,No encontrado en carpetas de UNLEASHIA
3570,ALTA,UNLEASHIA Lápiz Labial Oh! Happy Day N°1 Birthday,8809647771340,UNLEASHIA,"Producto para labios (bálsamo/tinta/plumper) de Unleashia. Marca coreana de maquillaje cruelty-free (miembro PETA), célebre por su base cushion Hey Dew y su efecto ""glass skin"".",,No encontrado en carpetas de UNLEASHIA
3573,ALTA,UNLEASHIA Lápiz Labial Oh! Happy Day N°2 Keep Smile,8809647771357,UNLEASHIA,"Producto para labios (bálsamo/tinta/plumper) de Unleashia. Marca coreana de maquillaje cruelty-free (miembro PETA), célebre por su base cushion Hey Dew y su efecto ""glass skin"".",,No encontrado en carpetas de UNLEASHIA
3579,ALTA,UNLEASHIA Lápiz Labial Oh! Happy Day N°4 Bae Bae,8809647771371,UNLEASHIA,"Producto para labios (bálsamo/tinta/plumper) de Unleashia. Marca coreana de maquillaje cruelty-free (miembro PETA), célebre por su base cushion Hey Dew y su efecto ""glass skin"".",,No encontrado en carpetas de UNLEASHIA
3604,ALTA,UNLEASHIA Lápiz Labial Oh! Happy Day N°5 Love Rose,8809647771388,UNLEASHIA,"Producto para labios (bálsamo/tinta/plumper) de Unleashia. Marca coreana de maquillaje cruelty-free (miembro PETA), célebre por su base cushion Hey Dew y su efecto ""glass skin"".",,No encontrado en carpetas de UNLEASHIA
3601,ALTA,UNLEASHIA Lápiz Labial Oh! Happy Day N°6 After Party,8809647771395,UNLEASHIA,"Producto para labios (bálsamo/tinta/plumper) de Unleashia. Marca coreana de maquillaje cruelty-free (miembro PETA), célebre por su base cushion Hey Dew y su efecto ""glass skin"".",,No encontrado en carpetas de UNLEASHIA
3603,ALTA,UNLEASHIA Lápiz Labial Oh! Happy Day N°7 Burnt Toast,8809647771401,UNLEASHIA,"Producto para labios (bálsamo/tinta/plumper) de Unleashia. Marca coreana de maquillaje cruelty-free (miembro PETA), célebre por su base cushion Hey Dew y su efecto ""glass skin"".",,No encontrado en carpetas de UNLEASHIA
3640,ALTA,UNLEASHIA Barra de Glitter para Ojos Pretty Easy N°1 Thrilled,8809647770299,UNLEASHIA,"Delineador de ojos de Unleashia. Marca coreana de maquillaje cruelty-free (miembro PETA), célebre por su base cushion Hey Dew y su efecto ""glass skin"".",,No encontrado en carpetas de UNLEASHIA
3641,ALTA,UNLEASHIA Barra de Glitter para Ojos Pretty Easy N°2 Flutter,8809647770305,UNLEASHIA,"Delineador de ojos de Unleashia. Marca coreana de maquillaje cruelty-free (miembro PETA), célebre por su base cushion Hey Dew y su efecto ""glass skin"".",,No encontrado en carpetas de UNLEASHIA
3643,ALTA,UNLEASHIA Barra de Glitter para Ojos Pretty Easy N°3 Brave,8809647770312,UNLEASHIA,"Delineador de ojos de Unleashia. Marca coreana de maquillaje cruelty-free (miembro PETA), célebre por su base cushion Hey Dew y su efecto ""glass skin"".",,No encontrado en carpetas de UNLEASHIA
3645,ALTA,UNLEASHIA Barra de Glitter para Ojos Pretty Easy N°5 Dusk,8809647770787,UNLEASHIA,"Delineador de ojos de Unleashia. Marca coreana de maquillaje cruelty-free (miembro PETA), célebre por su base cushion Hey Dew y su efecto ""glass skin"".",,No encontrado en carpetas de UNLEASHIA
3647,ALTA,UNLEASHIA Barra de Glitter para Ojos Pretty Easy N°8 Nudy Morn,8809647770817,UNLEASHIA,"Delineador de ojos de Unleashia. Marca coreana de maquillaje cruelty-free (miembro PETA), célebre por su base cushion Hey Dew y su efecto ""glass skin"".",,No encontrado en carpetas de UNLEASHIA
22155,ALTA,UNLEASHIA Recarga de Base Satinada Satin Wear Healthy-Green con Bakuchiol 21N Eburnean 15 g,8809647771661,UNLEASHIA,"Base de maquillaje cushion de Unleashia. Marca coreana de maquillaje cruelty-free (miembro PETA), célebre por su base cushion Hey Dew y su efecto ""glass skin"".",,"https://drive.google.com/file/d/1pLEw6ghQv1U6GxeZuyaVl3MQqrwys_BD/view
https://drive.google.com/file/d/1pCpIllItHnEnMVbEMRm5ysHom6kFo0NC/view
https://drive.google.com/file/d/1kiyrukgUUCS1LnQion5xYt83-J2ccQW-/view
https://drive.google.com/file/d/1TkiP95EGUQEm0Rbg3U8-TZsljZ7TxcNj/view
https://drive.google.com/file/d/1Y4QP2PISX3CgvbIvopL09tgtpt0aK3ab/view
https://drive.google.com/file/d/199iH237B-fbt48aWhkojhwb6iURhgkmC/view"
22160,ALTA,UNLEASHIA Recarga de Base Satinada Satin Wear Healthy-Green 23N Nude Beach,8809647771692,UNLEASHIA,"Base de maquillaje cushion de Unleashia. Marca coreana de maquillaje cruelty-free (miembro PETA), célebre por su base cushion Hey Dew y su efecto ""glass skin"".",,No encontrado en carpetas de UNLEASHIA
3652,ALTA,UNLEASHIA Base de Maquillaje Satinada Satin Wear Healthy-Green 21N Eburnean,8809647770978,UNLEASHIA,"Base de maquillaje cushion de Unleashia. Marca coreana de maquillaje cruelty-free (miembro PETA), célebre por su base cushion Hey Dew y su efecto ""glass skin"".",,No encontrado en carpetas de UNLEASHIA
447,ALTA,UNLEASHIA Base de Maquillaje Satinada Satin Wear Healthy-Green 23N Nude Beach,8809647773566,UNLEASHIA,"Base de maquillaje cushion de Unleashia. Marca coreana de maquillaje cruelty-free (miembro PETA), célebre por su base cushion Hey Dew y su efecto ""glass skin"".",,No encontrado en carpetas de UNLEASHIA
3654,ALTA,UNLEASHIA Base de Maquillaje Satinada Satin Wear Healthy-Green 23W Bisque,8809647770985,UNLEASHIA,"Base de maquillaje cushion de Unleashia. Marca coreana de maquillaje cruelty-free (miembro PETA), célebre por su base cushion Hey Dew y su efecto ""glass skin"".",,No encontrado en carpetas de UNLEASHIA
3662,ALTA,UNLEASHIA Estuche para Satin Wear Healthy-Green Cushion,8809647771814,UNLEASHIA,"Base de maquillaje cushion de Unleashia. Marca coreana de maquillaje cruelty-free (miembro PETA), célebre por su base cushion Hey Dew y su efecto ""glass skin"".",,No encontrado en carpetas de UNLEASHIA
3715,ALTA,UNLEASHIA Base de Maquillaje Satinada Satin Wear Healthy-Green 27W Peachtan,8809647771135,UNLEASHIA,"Base de maquillaje cushion de Unleashia. Marca coreana de maquillaje cruelty-free (miembro PETA), célebre por su base cushion Hey Dew y su efecto ""glass skin"".",,No encontrado en carpetas de UNLEASHIA
3667,ALTA,UNLEASHIA Base de Maquillaje Satinada Satin Wear Healthy-Green 14N Rosy Cheeks con Puff,8809647771616,UNLEASHIA,"Base de maquillaje cushion de Unleashia. Marca coreana de maquillaje cruelty-free (miembro PETA), célebre por su base cushion Hey Dew y su efecto ""glass skin"".",,No encontrado en carpetas de UNLEASHIA
3672,ALTA,Satin Wear Healthy-Green Cushion RE-FEEL 27W Peach Tan y Puff,8809647771739,UNLEASHIA,"Base de maquillaje cushion de Unleashia. Marca coreana de maquillaje cruelty-free (miembro PETA), célebre por su base cushion Hey Dew y su efecto ""glass skin"".",,No encontrado en carpetas de UNLEASHIA
22103,ALTA,UNLEASHIA Lápiz de Cejas Ultra Fino Shaper Defining con Ácido Hialurónico N°2 Kraft Brown,8809647770930,UNLEASHIA,"Producto para cejas de Unleashia. Marca coreana de maquillaje cruelty-free (miembro PETA), célebre por su base cushion Hey Dew y su efecto ""glass skin"".",,"https://drive.google.com/file/d/1T9zQvbQAfDPkZpCDLEt-zI71TJUxmD-c/view
https://drive.google.com/file/d/1CD59w-8jjxlJV9vpPjajKBdBEjdV_x57/view
https://drive.google.com/file/d/1NFIjz15qWEJU3FBQmBQXmfsPI0JM1l7o/view
https://drive.google.com/file/d/1H0kzxllCE92x3St8sxT7ywqlome6Jgw0/view
https://drive.google.com/file/d/13G3aB9pWJZvRPfmqQck10l3Ll5h3-xW4/view
https://drive.google.com/file/d/1p7clk9fwit2slpnzJGfIkHc1_Lanj5SP/view"
22108,ALTA,UNLEASHIA Lápiz de Cejas Ultra Fino Shaper Defining N°3 Taupe Gray,8809647770947,UNLEASHIA,"Producto para cejas de Unleashia. Marca coreana de maquillaje cruelty-free (miembro PETA), célebre por su base cushion Hey Dew y su efecto ""glass skin"".",,"https://drive.google.com/file/d/1C1egCzZPqbfBdXOa4q4wfsrVH2PpKkMU/view
https://drive.google.com/file/d/1a5hZRrxYxpBEI2t7FeIVjqglE2RJnpCX/view
https://drive.google.com/file/d/19BON1_1FFuNXYM1iw9f09ABYfsy6xS3Q/view
https://drive.google.com/file/d/1ZtUOUGlc2cq47sFxuYfEddBK59wCXQ2r/view
https://drive.google.com/file/d/1ah7yCIBs735FQVdqIoXkmanVc3b6H7RZ/view
https://drive.google.com/file/d/1jrGWz-2g6YpcCGJntfpBecAICr3vRAjm/view"
14866,ALTA,UNLEASHIA Fijador de Cejas en Pomada Shaper N°1 Clear,8809647770954,UNLEASHIA,"Producto para cejas de Unleashia. Marca coreana de maquillaje cruelty-free (miembro PETA), célebre por su base cushion Hey Dew y su efecto ""glass skin"".",,"https://drive.google.com/file/d/1kTB-Kez9149ffCVlAath02JEKhn1tJH_/view
https://drive.google.com/file/d/1asLzDvtptlGlwT2TtilN2S5S0DPbvgzj/view
https://drive.google.com/file/d/1IuiUzVw-kuiBBqkb8nw2O-2ug2Fs0vJV/view
https://drive.google.com/file/d/1I3LRv5UXUW0QuKo-F4ZO1YsNuYBO8vip/view
https://drive.google.com/file/d/1D5eFbPelfwbx0yZ9Xwa5b4kQpiICQxwS/view
https://drive.google.com/file/d/1HxjpiO30OcL5HyxpgjSuBENADwKE4Ije/view"
22173,ALTA,UNLEASHIA Bálsamo Labial con Brillo Sunset Dazzle N°6 Prague,8809647773740,UNLEASHIA,"Gloss/tinta labial de Unleashia. Marca coreana de maquillaje cruelty-free (miembro PETA), célebre por su base cushion Hey Dew y su efecto ""glass skin"".",,"https://drive.google.com/file/d/1YDf5oDttnO7Qb4-SIFUYD7_ibh9CQVOU/view
https://drive.google.com/file/d/1YbKYWHFh-OMITBbZMOn2lB4USdONQuio/view
https://drive.google.com/file/d/1q13PNL1V23VV5IWY6dCRGlWQGxzQnFD-/view
https://drive.google.com/file/d/1bniMo6AVDJ43OgYjvSXQcJuJaDztnphn/view
https://drive.google.com/file/d/1BODw_soxnDbCPVtXakcw6RYIvqQtmWBv/view"
22191,ALTA,UNLEASHIA Bálsamo Labial con Brillo Sunset Dazzle N°7 Rome,8809647773757,UNLEASHIA,"Gloss/tinta labial de Unleashia. Marca coreana de maquillaje cruelty-free (miembro PETA), célebre por su base cushion Hey Dew y su efecto ""glass skin"".",,"https://drive.google.com/file/d/1de_-ovsrHNQ8mRUCfRg3k2ujA4E6cI4j/view
https://drive.google.com/file/d/1TNTwczjbrUKvznnR0xmAOhkLh7Tr3qjA/view
https://drive.google.com/file/d/1me2ajOgSZBIh_jPigSdxa5yDWf5In9hk/view
https://drive.google.com/file/d/1z7atIik5JE5AHVtsK807zEHE7Uexd39W/view
https://drive.google.com/file/d/1iOLPPaKtzs-Jd_S4oDl5Gpg53jQ1TUKd/view"
22206,ALTA,UNLEASHIA Bálsamo Labial con Brillo Sunset Dazzle N°8 Firenze,8809647773764,UNLEASHIA,"Gloss/tinta labial de Unleashia. Marca coreana de maquillaje cruelty-free (miembro PETA), célebre por su base cushion Hey Dew y su efecto ""glass skin"".",,"https://drive.google.com/file/d/1NvalBeJb6HIhiRHhMZwBEFchE-Cd3v1f/view
https://drive.google.com/file/d/1HD2mQI9Ub3ypID-E23SrMUwp4qzfatv9/view
https://drive.google.com/file/d/1Sv2LxZwgWNN3VkWv0xmxGdlK-UkKxJZW/view
https://drive.google.com/file/d/1M_j_ZVJkKsbpQdGjVeYFlV68K62sIXSK/view
https://drive.google.com/file/d/1TdQCXyHgM8PXnK-FhfALpRf49NsjMDh5/view"
22215,ALTA,UNLEASHIA Bálsamo Labial con Brillo Sunset Dazzle N°9 Vienna,8809647773771,UNLEASHIA,"Gloss/tinta labial de Unleashia. Marca coreana de maquillaje cruelty-free (miembro PETA), célebre por su base cushion Hey Dew y su efecto ""glass skin"".",,"https://drive.google.com/file/d/1ar7x2kTtowPHY3PfTqqpk_eFo7uE4G-h/view
https://drive.google.com/file/d/1Ui98qH3NErPUNXUktIAOgNtI1fHw58G2/view
https://drive.google.com/file/d/1jBITE_5-4xETaS4eAk9IqAMgKwM-mldv/view
https://drive.google.com/file/d/1Dgcdi6cClFoRKgQ81aggXEV10Ywg72Ea/view
https://drive.google.com/file/d/1R3vbC5qm7A32xC625qf2AH_wntcjz6so/view"
22217,ALTA,UNLEASHIA Bálsamo Labial con Brillo Sunset Dazzle N°10 Boston,8809647773788,UNLEASHIA,"Gloss/tinta labial de Unleashia. Marca coreana de maquillaje cruelty-free (miembro PETA), célebre por su base cushion Hey Dew y su efecto ""glass skin"".",,"https://drive.google.com/file/d/1lh7sMdeiH_gxp6O6dwPPwymmj4_X0kgI/view
https://drive.google.com/file/d/1Du8BU0WlEC5dGNq7YqV9wvMHdzCmeqQ1/view
https://drive.google.com/file/d/1Ok0uc8OE21IWN18-WKA6D0HTFBURP6VC/view
https://drive.google.com/file/d/1NJHSqpCOR6_77zaACrxstZXAct3JGY8K/view
https://drive.google.com/file/d/1wDQjLSu4QvXgix-C6TOMqhgEeUXM8Zjf/view"
14610,ALTA,UNLEASHIA Bálsamo Labial Hidratante Sunset Dazzle con Péptidos N°0 Waikiki 10 g,8809647772477,UNLEASHIA,"Gloss/tinta labial de Unleashia. Marca coreana de maquillaje cruelty-free (miembro PETA), célebre por su base cushion Hey Dew y su efecto ""glass skin"".",,No encontrado en carpetas de UNLEASHIA
14620,ALTA,UNLEASHIA Bálsamo Labial con Brillo Sunset Dazzle N°1 Malibu,8809647772484,UNLEASHIA,"Gloss/tinta labial de Unleashia. Marca coreana de maquillaje cruelty-free (miembro PETA), célebre por su base cushion Hey Dew y su efecto ""glass skin"".",,No encontrado en carpetas de UNLEASHIA
14622,ALTA,UNLEASHIA Bálsamo Labial con Brillo Sunset Dazzle N°2 Bondi,8809647772491,UNLEASHIA,"Gloss/tinta labial de Unleashia. Marca coreana de maquillaje cruelty-free (miembro PETA), célebre por su base cushion Hey Dew y su efecto ""glass skin"".",,No encontrado en carpetas de UNLEASHIA
14623,ALTA,UNLEASHIA Bálsamo Labial con Brillo Sunset Dazzle N°3 Ibiza,8809647772507,UNLEASHIA,"Gloss/tinta labial de Unleashia. Marca coreana de maquillaje cruelty-free (miembro PETA), célebre por su base cushion Hey Dew y su efecto ""glass skin"".",,No encontrado en carpetas de UNLEASHIA
14627,ALTA,UNLEASHIA Bálsamo Labial con Brillo Sunset Dazzle N°4 Bora Bora,8809647772514,UNLEASHIA,"Gloss/tinta labial de Unleashia. Marca coreana de maquillaje cruelty-free (miembro PETA), célebre por su base cushion Hey Dew y su efecto ""glass skin"".",,No encontrado en carpetas de UNLEASHIA
14637,ALTA,UNLEASHIA Bálsamo Labial con Brillo Sunset Dazzle N°5 Amalfi,8809647772521,UNLEASHIA,"Gloss/tinta labial de Unleashia. Marca coreana de maquillaje cruelty-free (miembro PETA), célebre por su base cushion Hey Dew y su efecto ""glass skin"".",,No encontrado en carpetas de UNLEASHIA
14644,ALTA,VT COSMETICS Sérum Facial Reafirmante Collagen Reedle Shot 100,8803463007317,VT COSMETICS,"MADECA21 Teca Solution Soothing Spot Gel 15ml – Gel Facial Calmante Localizado con Complejo TECA y Ácido Salicílico
	
gel calmante hipoalergénico diseñado para zonas de piel con irritación, enrojecimiento o sensibilidad localizada. Formulado con extracto de Centella Asiatica y otros activos calmantes, este gel se absorbe fácilmente y ayuda a aliviar rápidamente las áreas sensibles, dejando la piel más confortable y equilibrada.

Modo de uso

Después de limpiar y tonificar, aplicá una cantidad adecuada sobre la zona irritada o con enrojecimiento.
Golpeá suavemente con las yemas para favorecer la absorción.
Podés usarlo mañana y noche o cada vez que lo necesites.

Calma la piel sensible o irritada.
Reducción de rojez e inflamación localizada tras su aplicación.
Textura tipo gel fresca y ligera que aporta confort en zonas problemáticas.

Importado por: LABORATORIO BEK SRL. Legajo N° 2994. Res (ex M.S. y A.S.) ANMAT N° 155/98. 

MADE IN KOREA
___________________________________________
-IMPORTANTE ANTES DE REALIZAR TU COMPRA-

STOCK: todos los productos publicados cuentan con stock disponible.

COMPRA DE VARIOS PRODUCTOS: para realizar la compra de varios productos y que te lleguen juntos, te recomendamos utilizar el botón de “Agregar al carrito” que se encuentra al lado de “Comprar”, luego de verificar que están todos los productos agregados podes realizar la compra.
Si realizaste la compra de varios productos por separado, NO podremos enviártelos en un solo paquete.

METODOS DE PAGO: se abona a través de Mercado Pago de forma segura con tarjeta de crédito, tarjeta de debito, Rapipago y Pagofacil

FORMAS DE ENVIO:
1.MERCADOENVIOS: al realizar la compra, de acuerdo a su ubicación (colocando código postal) podra visualizar un calculador de costos y tiempos de entrega con el que podrá saber cuando le llegara el producto antes de realizar la compra y cual es el costo del mismo.
2.ENVIO FLEX: realizando la compra antes de las xxhrs, estarás recibiendo tu compra EN EL MISMO DIA. Servicio habilitado únicamente de lunes a viernes, valido en CABA y GBA
3.ACORDAR CON EL VENDEDOR: esta opción es valida para aquellos que desean retirar su compra en nuestro deposito en horarios de lunes a viernes de 10 a 17hrs.
___________________________________________
¿DONDE ESTAMOS UBICADOS?
Capital Federal – Villa Crespo
___________________________________________
GARANTIA: Se pueden realizar devoluciones por arrepentimiento o falla hasta 30 días desde que te llego la compra, la compra tiene que estar en las mismas condiciones que lo recibiste, si la devolución es por arrepentimiento el producto tiene que estar cerrado en la misma bolsa que te llego.

Staff Grupo SkinFree",14644,https://drive.google.com/file/d/1hHn3GvPc3jHIvz2e86VB-5uLnu70dYNX/view
14655,ALTA,VT Cosmetics Sérum Booster Reedle Shot 100 Renovador Formato Pouch,8803463007294,VT COSMETICS,"Este potente serum retexturizante contiene Cica Reedle, micropartículas 14 veces más finas que los poros, que estimulan delicadamente la piel para maximizar la absorción de los activos. Su sinergia con RETI-A (Retinol y Vitamina A) y Bakuchiol (un retinol de origen vegetal) reduce y desobstruye los poros y mejora su apariencia a una textura suave y densa, similar a la porcelana. Está enriquecido con Polifenoles y Alantoína, alivia, hidrata intensamente y previene la pérdida de humedad.

Beneficios

Textura uniforme + glow: Cica Reedle trabaja como microagujas cosméticas que mejoran la absorción y dejan la piel más lisa y radiante.

Calma y refuerza: Centella Asiática + Centella 4X Complex reducen rojeces y ayudan a reparar la piel sensible.

Hidratación profunda: Triple Ácido Hialurónico aporta agua en distintas capas de la piel para un efecto “plump”.

Escudo antioxidante: Extracto de Propóleo Verde protege contra irritaciones y da vitalidad al rostro.

Efecto glass skin: cutis con brillo saludable, uniforme y con más elasticidad.


Todo tipo de piel, anti age

Paso de Rutina
Paso anterior: Limpieza
SERUM: Trata preocupaciones específicas como manchas, arrugas, deshidratación o sensibilidad.

Paso siguiente: Crema hidratante


Modo de Uso

1. Después de la limpieza nocturna, aplica una cantidad adecuada en todo el rostro, excluyendo las áreas de los ojos y la boca, y masajea suavemente para su absorción. 

2. Una vez que el sérum se haya absorbido, aplica una fórmula hidratante para finalizar tu rutina.

Empezar con una o dos veces por semana para acostumbrar la piel y aumentar frecuencia según tolerancia. Máximo una vez al día. 

IMPORTANTE: Es natural sentir un ligero hormigueo durante el uso, puede variar según la cantidad aplicada. 

Ingredientes: Water, Dipropylene Glycol, Glycerin, Niacinamide, Butylene Glycol, Macadamia Ternifolia Seed Oil, 1,2-Hexanediol, Ethylhexyl Palmitate, Sodium Polyacrylate, Sodium Acrylate/ Sodium Acryloyldimethyl Taurate Copolymer, Dimethyl Isos orbide, Glyceryl Stearate, Polyglyceryl-6 Stearate, Polyisobutene, Allantoin, Glycereth-26, Silica, Ethylhexylglycerin, Caprylyl Glycol, Dipotassium Glycyrrhizate, Xanthan Gum, Adenosine, Hydroxypina colone Retinoate, Caprylyl/Capryl Glucoside, Sorbitan Oleate, Polyglyceryl-6 Behenate, Sodium Hyaluronate, Lecithin, Polysorbate 20, Centella Asiatica Extract, Bakuchiol, Retinol, Helianthus Annuus (Sunower) Seed Oil, Beta-Carotene, Propolis Extract, Diospyros Kaki Leaf Extract, Vitis Vinifera (Grape) Fruit Extract, Carthamus Tinctorius (Saower) Flower Extract, Coea Arabica (Coee) Seed Extract, Polygonum Cuspidatum Root Extract, Asiaticoside, Camellia Sinensis Leaf Extract, Castanea Crenata (Chestnut) Shell Extract, Zanthoxylum Piperitum Fruit Extract, Asiatic Acid, Madecassic Acid, Madecassoside.",14655,https://acdn-us.mitiendanube.com/stores/324/065/products/reedle-shot-100-2ml-1-60f2a19a487eef7b1317588334741980-640-0.webp
14656,ALTA,VT Cosmetics Sérum Reti-A Reedle Shot 100 Tratamiento en Pouch,8803463007249,VT COSMETICS,"Este potente serum retexturizante contiene Cica Reedle, micropartículas 14 veces más finas que los poros, que estimulan delicadamente la piel para maximizar la absorción de los activos. Su sinergia con RETI-A (Retinol y Vitamina A) y Bakuchiol (un retinol de origen vegetal) reduce y desobstruye los poros y mejora su apariencia a una textura suave y densa, similar a la porcelana. Está enriquecido con Polifenoles y Alantoína, alivia, hidrata intensamente y previene la pérdida de humedad. 


Beneficios

Piel más lisa y uniforme → La tecnología CICA REEDLE con micropartículas ultrafinas mejora la penetración de los activos y estimula la renovación celular, logrando una textura tipo porcelana.

Acción anti-edad y retexturizante → La sinergia de Reti-A (Retinol + Vitamina A) con Bakuchiol (retinol vegetal) suaviza arrugas finas, mejora la firmeza y refina la apariencia de los poros.

Piel revitalizada y calmada → Los Polifenoles aportan una fuerte acción antioxidante, protegiendo la piel del daño oxidativo y aportando luminosidad.

Calma e hidratación intensiva → La Alantoína ayuda a reparar, calmar rojeces e hidratar profundamente, evitando la pérdida de agua y manteniendo la barrera cutánea fuerte.

Todo tipo, anti age

Paso de Rutina

Paso anterior: Limpieza

SERUM: Trata preocupaciones específicas como manchas, arrugas, deshidratación o sensibilidad.

Paso siguiente: Crema hidratante

Modo de Uso

1. Después de la limpieza nocturna, aplica una cantidad adecuada en todo el rostro, excluyendo las áreas de los ojos y la boca, y masajea suavemente para su absorción. 

2. Una vez que el sérum se haya absorbido, aplica una fórmula hidratante para finalizar tu rutina.

Empezar con una o dos veces por semana para acostumbrar la piel y aumentar frecuencia según tolerancia. Máximo una vez al día. 

IMPORTANTE: Es natural sentir un ligero hormigueo durante el uso, puede variar según la cantidad aplicada. 


Ingredientes: Water, Dipropylene Glycol, Glycerin, Niacinamide, Butylene Glycol, Macadamia Ternifolia Seed Oil, 1,2-Hexanediol, Ethylhexyl Palmitate, Sodium Polyacrylate, Sodium Acrylate/ Sodium Acryloyldimethyl Taurate Copolymer, Dimethyl Isos orbide, Glyceryl Stearate, Polyglyceryl-6 Stearate, Polyisobutene, Allantoin, Glycereth-26, Silica, Ethylhexylglycerin, Caprylyl Glycol, Dipotassium Glycyrrhizate, Xanthan Gum, Adenosine, Hydroxypina colone Retinoate, Caprylyl/Capryl Glucoside, Sorbitan Oleate, Polyglyceryl-6 Behenate, Sodium Hyaluronate, Lecithin, Polysorbate 20, Centella Asiatica Extract, Bakuchiol, Retinol, Helianthus Annuus (Sunower) Seed Oil, Beta-Carotene, Propolis Extract, Diospyros Kaki Leaf Extract, Vitis Vinifera (Grape) Fruit Extract, Carthamus Tinctorius (Saower) Flower Extract, Coea Arabica (Coee) Seed Extract, Polygonum Cuspidatum Root Extract, Asiaticoside, Camellia Sinensis Leaf Extract, Castanea Crenata (Chestnut) Shell Extract, Zanthoxylum Piperitum Fruit Extract, Asiatic Acid, Madecassic Acid, Madecassoside.

Precauciones
Sólo para uso externo. Evitar el contacto directo con los ojos. Si se produce contacto, enjuague bien con agua. Ante cualquier síntoma adverso discontinuar su uso y consultar con un médico. Mantener fuera del alcance de los niños. Almacenar lejos de la luz solar directa. Realizar una prueba de parche antes de usar, especialmente para piel sensible o propensa a alergias u otros problemas cutáneos. La intensidad del hormigueo varía según el tipo y condición de piel.",14656,https://acdn-us.mitiendanube.com/stores/324/065/products/reti-a-reedle-shot-100-2-ml-1-ece8acd40c4420aefc17588343801837-640-0.webp
14658,ALTA,VT COSMETICS Sérum Facial Iluminador Vita-Light Reedle Shot 100,8803463007256,VT COSMETICS,"Este potente serum retexturizante contiene Cica Reedle, micropartículas 14 veces más finas que los poros, que estimulan delicadamente la piel para maximizar la absorción de los activos. Su sinergia con RETI-A (Retinol y Vitamina A) y Bakuchiol (un retinol de origen vegetal) reduce y desobstruye los poros y mejora su apariencia a una textura suave y densa, similar a la porcelana. Está enriquecido con Polifenoles y Alantoína, alivia, hidrata intensamente y previene la pérdida de humedad. 

Beneficios

Piel más  luminosa: Las cápsulas VITA con 99% Vitamina C pura actúan directamente sobre la opacidad y las manchas, iluminando el tono desde la primera aplicación.

Efecto antimanchas y despigmentante: La Niacinamida al 5% reduce hiperpigmentación y marcas post-acné, logrando un tono uniforme.

Protección antioxidante: La Vitamina E potencia la acción de la Vitamina C, combatiendo radicales libres y previniendo el fotoenvejecimiento.

Acción aclarante intensiva: El complejo MELAZERO®V2 trabaja directamente sobre manchas oscuras y zonas con hiperpigmentación para aclarar visiblemente la piel.

Calma e hidratación profunda: El CICA HYALON aporta los beneficios de la Centella Asiática junto con Ácido Hialurónico para reparar, calmar y mantener la piel hidratada y suave.

Máxima absorción de activos: La tecnología Cica Reedle, con micropartículas 14 veces más finas que los poros, estimula suavemente la piel y mejora la penetración de todos los ingredientes.

Tipo de Piel

Todo tipo, anti age


Paso de Rutina

Paso anterior: Limpieza

SERUM: Trata preocupaciones específicas como manchas, arrugas, deshidratación o sensibilidad.

Paso siguiente: Crema hidratante


Modo de Uso

1. Después de la limpieza nocturna, aplica una cantidad adecuada en todo el rostro, excluyendo las áreas de los ojos y la boca, y masajea suavemente para su absorción. 

2. Una vez que el sérum se haya absorbido, aplica una fórmula hidratante para finalizar tu rutina.

Empezar con una o dos veces por semana para acostumbrar la piel y aumentar frecuencia según tolerancia. Máximo una vez al día. 

IMPORTANTE: Es natural sentir un ligero hormigueo durante el uso, puede variar según la cantidad aplicada. 

Ingredientes: Water, Dipropylene Glycol, Glycerin, Niacinamide, Polyglycerin-3, Caprylic/Capric Triglyceride, 1,2-Hexanediol, Betaine, Sodium Carbomer, Ammonium Acryloyldimethyltaurate/VP Copolymer, Ethylhexylglycerin, Acrylates/C10-30 Alkyl Acrylate Crosspolymer, C12-14 Alketh-12, Silica, Hydroxyethylcellulose, Caprylyl Glycol, Hydroxyacetophenone, Adenosine, Tromethamine, Butylene Glycol, Disodium EDTA, Melia Azadirachta Leaf Extract, Melia Azadirachta Flower Extract, Cyamopsis Tetragonoloba (Guar) Gum, Curcuma Longa (Turmeric) Root Extract, Agar, Xanthan Gum, Ubiquinone, Ocimum Sanctum Leaf Extract, Tocopherol, Centella Asiatica Extract, Ascorbic Acid, Glutathione, Hippophae Rhamnoides Fruit Oil, Hydrogenated Polydecene, Hippophae Rhamnoides Water, Propanediol, Corallina Ocinalis Extract, Polyglyceryl-10 Laurate, Astaxanthin, Hydrogenated Phosphatidylcholine, Disodium Phosphate, Poly sorbate 60, Retinyl Palmitate, Eriobotrya Japonica Leaf Extract, Sodium Phosphate, Sodium Lauroyl Gluta mate, Mentha Viridis (Spearmint) Extract, Sodium Hyal uronate, Propolis Extract,Ferulic Acid, Asiaticoside, Asiatic Acid, Madecassic Acid, Madecassoside.",14658,https://acdn-us.mitiendanube.com/stores/324/065/products/vita-light-reedle-shot-100-2-ml-1-9752357d43798eb59417588347705741-640-0.webp
14663,ALTA,VT COSMETICS Sérum con Microagujas Reedle Shot 300 en Sticks 2 ml 10 unidades,8803463007300,VT COSMETICS,"Este potente serum retexturizante contiene Cica Reedle, micropartículas 14 veces más finas que los poros, que estimulan la piel para maximizar la absorción de sus activos. Su fórmula está enriquecida con Extracto de Centella Asiática y  Ácido Hialurónico, que reponen la humedad en capas profundas y fortalecen la barrera cutánea, dejando un acabado suave e hidratado. Además, la Niacinamida y Madecassoside proporcionan propiedades antioxidantes y descongestivas, mientras exfolia suavemente las células muertas para revelar una piel tersa y saludable.



Beneficios

Textura más uniforme y glow: Cica Reedle actúa como microagujas cosméticas que estimulan la piel, mejoran la absorción de activos y suavizan la superficie.
Hidratación profunda + barrera fuerte: Centella Asiática + Ácido Hialurónico restauran la humedad en capas profundas y refuerzan la barrera cutánea.
Acción antioxidante + calmante: Niacinamida y Madecassoside reducen inflamación, calman rojeces y aportan vitalidad.
Exfoliación suave: elimina células muertas de forma gentil para revelar una piel más tersa, luminosa y saludable.
Efecto revitalizante: deja el rostro con un acabado hidratado, fresco y visiblemente renovado.

Todo tipo, Anti age

Paso de Rutina

Paso anterior: Limpieza

SERUM: Trata preocupaciones específicas como manchas, arrugas, deshidratación o sensibilidad.

Paso siguiente: Crema hidratante

Modo de Uso

1. Después de la limpieza nocturna, aplica una cantidad adecuada en todo el rostro, excluyendo las áreas de los ojos y la boca, y masajea suavemente para su absorción. 

2. Una vez que el sérum se haya absorbido, aplica una fórmula hidratante para finalizar tu rutina.

Empezar con una o dos veces por semana para acostumbrar la piel y aumentar frecuencia según tolerancia. Máximo una vez al día. 

IMPORTANTE: Es natural sentir un ligero hormigueo durante el uso, puede variar según la cantidad aplicada. 

Ingredientes: Water, Dipropylene Glycol, Glycerin, Niacinamide, Butylene Glycol, Macadamia Ternifolia Seed Oil, 1,2-Hexanediol, Ethylhexyl Palmitate, Silica, Sodium Polyacrylate, Sodium Acrylate/Sodium Acryloyldimethyl Taurate Copolymer, Polyisobutene, Glycereth-26, Caprylyl Glycol, Ethylhexylglycerin, Adenosine, Sodium Hyaluronate, Caprylyl/Capryl Glucoside, Sorbitan Oleate, Centella Asiatica Extract, Xanthan Gum, Propolis Extract, Asiaticoside, Asiatic Acid, Madecassic Acid, Madecassoside, Glycine, Serine, Glutamic Acid, Aspartic Acid, Leucine, Alanine, Lysine, Arginine, Tyrosine, Phenylalanine, Proline, Threonine, Valine, Isoleucine, Histidine, Cysteine, Methionine.",14663,https://acdn-us.mitiendanube.com/stores/324/065/products/reedle-shot-300-2-ml-1-89c9a44a098cf1afec17588340753557-640-0.webp
8190,ALTA,"VT COSMETICS PDRN Air Cloud Protector Solar SPF50+ PA++++ PHYTO PDRN, Niacinamida y 9 Ácidos Hialurónicos Hidratación y Protección UV 50 ml",8803463020187,VT COSMETICS,"VT PDRN Air Cloud Sunscreen SPF50+ PA++++ 50 ml. Protector solar facial de amplio espectro con PHYTO PDRN® de Ginseng, Niacinamida, Pantenol, 9 tipos de Ácido Hialurónico, Ectoína, Adenosina y Vitamina C. Protege eficazmente de los rayos UVA y UVB mientras hidrata, fortalece la barrera cutánea, mejora la elasticidad y aporta luminosidad.

Su innovadora tecnología Air Cloud deja un acabado ultraligero, sin efecto graso ni blanco. Ideal para quienes buscan protector solar coreano, protector SPF50+, protector solar hidratante, protector para piel sensible y K-Beauty original.

Su textura se siente tan liviana que parece una nube sobre la piel. Se absorbe rápidamente, no deja sensación pesada y convierte el último paso de la rutina en un momento cómodo para usar todos los días. Además de proteger del sol, ayuda a mantener la piel hidratada, calmada y con un aspecto más saludable durante toda la jornada.

¿Qué es?


Es un protector solar facial de nueva generación con SPF50+ PA++++ que combina filtros UV de amplio espectro con activos de tratamiento para proteger la piel mientras mejora la hidratación, la firmeza y la función barrera. Su fórmula incorpora PHYTO PDRN®, un PDRN de origen vegetal obtenido del ginseng, junto con ingredientes calmantes y antioxidantes.",8190,https://acdn-us.mitiendanube.com/stores/324/065/products/2003079-01-1-6cf2ebc4efc5c1b5b317858750575464-640-0.webp
14664,ALTA,VT COSMETICS Sérum con Colágeno y Microagujas Collagen Reedle Shot 100 50 ml,8803463003692,VT COSMETICS,"Serum intensidad 100 retexturizante contiene Cica Reedle, micropartículas 14 veces más finas que los poros, que estimulan delicadamente la piel para maximizar la absorción de sus activos. Su fórmula está enriquecida con colágeno de bajo peso molecular de 500 Da, que penetra profundamente para construir una base firme y elástica en la piel flácida. La sinergia con el ingrediente patentado CICA HYALON (que suma alivio, suavidad e hidratación) y el Extracto de Proteína de Leche (que hidrata el estrato córneo, equilibra el sebo y refuerza la barrera cutánea) brinda una elasticidad flexible.

Beneficios

Elasticidad y firmeza real: El Colágeno de bajo peso molecular (500 Da) penetra en profundidad, ayudando a rellenar desde adentro y a reforzar la estructura de la piel flácida.

Absorción máxima: La tecnología Cica Reedle crea microcanales 14 veces más finos que los poros, potenciando al máximo la entrada de los activos.

Calma + hidratación: El complejo patentado CICA HYALON aporta suavidad, refuerza la barrera cutánea y mantiene la piel cómoda y fresca.

Barrera equilibrada: El Extracto de Proteína de Leche nutre, hidrata el estrato córneo y ayuda a balancear la producción de sebo para una piel más saludable y uniforme.

Tipo de piel

Todo tipo, anti age


Paso de Rutina

Paso anterior: Limpieza

SERUM: Trata preocupaciones específicas como manchas, arrugas, deshidratación o sensibilidad.

Paso siguiente: Crema hidratante

Modo de uso

1. Después de la limpieza nocturna, aplica una cantidad adecuada en todo el rostro, excluyendo las áreas de los ojos y la boca, y masajea suavemente para su absorción. 

2. Una vez que el sérum se haya absorbido, aplica una fórmula hidratante para finalizar tu rutina.

Empezar con una o dos veces por semana para acostumbrar la piel y aumentar frecuencia según tolerancia. Máximo una vez al día. 

IMPORTANTE: Es natural sentir un ligero hormigueo durante el uso, puede variar según la cantidad aplicada. 


Ingredientes: Water, Dipropylene Glycol, Glycerin, Niacinamide, Butylene Glycol, Macadamia Ternifolia Seed Oil, 1,2-Hexanediol, Ethylhexyl Palmitate, Sodium Polyacrylate, Sodium Acrylate/Sodium Acryloyldimethyl Taurate Copolymer, Polyisobutene, Silica, Ammonium Acryloyldimethyltaurate/VP Copolymer, Glycereth-26, Ethylhexylglycerin, Caprylyl Glycol, Xanthan Gum, Adenosine, Sodium Hyaluronate, Caprylyl/Capryl Glucoside, Sorbitan Oleate, Tocopherol, Centella Asiatica Extract, Collagen Water, Milk Protein Extract, Collagen Extract, Asiatic Acid, Asiaticoside, Madecassic Acid, Madecassoside, Propolis Extract.


Precauciones

Sólo para uso externo. Evitar el contacto directo con los ojos. Si se produce contacto, enjuague bien con agua. Ante cualquier síntoma adverso discontinuar su uso y consultar con un médico. Mantener fuera del alcance de los niños. Almacenar lejos de la luz solar directa. Realizar una prueba de parche antes de usar, especialmente para piel sensible o propensa a alergias u otros problemas cutáneos. La intensidad del hormigueo varía según el tipo y condición de piel.",14664,https://acdn-us.mitiendanube.com/stores/324/065/products/collagen-reedle-shot-100-1-cd2ac6c96a5f7709af17588319084037-640-0.webp
23043,ALTA,VT COSMETICS Crema Regeneradora PDRN Capsule 100 con PDRN Vegetal 50 ml,8803463012816,VT COSMETICS,"Crema en cápsulas de la categoría de hidratantes intensivos para el tipo de tratamiento reafirmante, iluminador y regenerador en la zona del rostro y cuello. Formulado con PDRN (ADN de sodio) de origen vegetal, complejo de 9 tipos de Ácido Hialurónico y 9 tipos de Péptidos, ofrece el beneficio visible de una piel con mayor elasticidad, un resplandor saludable y una barrera fortalecida de forma inmediata y progresiva con el uso diario. Diseñada para todo tipo de piel, especialmente pieles con signos de fatiga, opacidad o pérdida de firmeza.


Detalles del Producto

Tipo de piel: Todo tipo de piel, ideal para pieles desvitalizadas, maduras o con barrera cutánea debilitada.

Función cosmética: Regeneración profunda, mejora de la elasticidad y luminosidad.

Textura (Vehículo): Crema de base hidratante que suspende cápsulas verdes activas que se funden al contacto con la piel.

Efecto en el cuidado de la piel: Proporciona un efecto de relleno (plumping), restaura la hidratación multinivel y calma la piel estresada.

Porque elegirlo

Tecnología de Cápsulas Activas: Cada cápsula verde contiene PDRN vegano concentrado, protegiendo la integridad del activo hasta el momento exacto de la aplicación para una máxima eficacia.

PDRN de Ginseng Silvestre: Utiliza ADN de sodio extraído del ginseng para promover la autorregeneración de la piel, ofreciendo beneficios similares a los tratamientos estéticos profesionales de forma no invasiva.

Hidratación de 9 Capas: Su complejo de ácidos hialurónicos de diferentes pesos moleculares asegura que la humedad llegue a todas las capas de la dermis, eliminando la deshidratación desde el interior.

Potencia Peptídica: Con una red de 9 péptidos diferentes, esta crema trabaja activamente en la estructura de soporte de la piel para suavizar líneas de expresión.

Porque lo amamos (Eficacia y Resultados)

Es la crema definitiva para quienes buscan una piel radiante y visiblemente más joven:

99% de los usuarios en portales de belleza globales destacan la luminosidad inmediata que aporta a la piel cansada.

96% de las opiniones en sitios de reseñas resaltan que la textura se absorbe por completo sin dejar sensación pesada, a pesar de su alta nutrición.

94% de satisfacción respecto a la mejora de la firmeza tras 2 semanas de uso constante.

Testimonio destacado: Es una experiencia increíble ver cómo las cápsulas desaparecen en tu piel. Mi rostro se siente mucho más denso y tiene ese brillo saludable de cuando descansas bien. Es mi paso favorito de la noche.

Beneficios

Regeneración Celular: El PDRN acelera la reparación de los tejidos dañados.
Brillo de Larga Duración: Unifica el tono y combate la opacidad gracias a la niacinamida y extractos botánicos.
Barrera Resiliente: Las ceramidas y el pantenol sellan la humedad y protegen contra agresores externos.
Suavidad Instantánea: La piel se siente aterciopelada y flexible tras la primera aplicación.

Modo de uso
Después de limpiar y aplicar tus sueros, utiliza la espátula incluida para tomar una cantidad adecuada de la crema, asegurándote de incluir las cápsulas verdes.
Aplica sobre el rostro y cuello mediante un suave masaje circular.

Presiona delicadamente con las palmas de las manos para ayudar a que las cápsulas se fundan por completo y los activos se absorban profundamente.



Puede utilizarse en la rutina de mañana y noche.

Cuidado y precauciones

Solo para uso externo.

Evite el contacto directo con los ojos.

Si observa alguna reacción desfavorable como irritación o sarpullido, suspenda su uso y consulte a un especialista.
Mantener el envase bien cerrado cuando no esté en uso para preservar la frescura de las cápsulas.

Conservar en un lugar fresco y seco, lejos de la luz solar directa.

Ingredientes Estrella:

Sodium DNA (PDRN Vegano): Activo derivado del ginseng que estimula la síntesis de colágeno y repara la barrera cutánea para una piel visiblemente más firme.

Complejo de 9 Péptidos: Una combinación sinérgica que incluye Copper Tripeptide-1 y Palmitoyl Pentapeptide-4 para fortalecer la elasticidad y reducir arrugas.

9-Hyaluronic Acid Complex: Diferentes formas de ácido hialurónico que hidratan de forma masiva y mantienen la piel rellena por más tiempo.


Listado INCI (Ingredientes): Water, Glycerin, Caprylic/Capric Triglyceride, Glycereth-26, Dipropylene Glycol, Niacinamide, 1,2-Hexanediol, Panthenol, Butyrospermum Parkii (Shea) Butter, Squalane, Glyceryl Glucoside, Carbomer, Arginine, Polyglyceryl-2 Stearate, C13-15 Alkane, Arachidyl Alcohol, Ammonium Acryloyldimethyltaurate/Vp Copolymer, Glyceryl Stearate, Melia Azadirachta Leaf Extract, Cetearyl Alcohol, Stearyl Alcohol, Melia Azadirachta Flower Extract, Behenyl Alcohol, C12-16 Alcohols, Arachidyl Glucoside, Tromethamine, Coccinia Indica Fruit Extract, Adenosine, Dimethicone/Vinyl Dimethicone Crosspolymer, Pentaerythrityl Tetra-Di-T-Butyl Hydroxyhydrocinnamate, Palmitic Acid, Hydrogenated Lecithin, Solanum Melongena (Eggplant) Fruit Extract, Xanthan Gum, Amber Powder, Curcuma Longa (Turmeric) Root Extract, Ocimum Sanctum Leaf Extract, Aloe Barbadensis Flower Extract, Corallina Officinalis Extract, Moringa Oleifera Seed Oil, Simmondsia Chinensis (Jojoba) Seed Oil, Butylene Glycol, Glucose, Panax Ginseng Root Extract, Sodium Dna, Dimethylsilanol Hyaluronate, Hydrolyzed Hyaluronic Acid, Hydrolyzed Sodium Hyaluronate, Sodium Hyaluronate, Potassium Hyaluronate, Hyaluronic Acid, Ceramide NP, Sodium Hyaluronate Crosspolymer, Hydroxypropyltrimonium Hyaluronate, Sodium Hyaluronate Dimethylsilanol, Sodium Acetylated Hyaluronate, Polyglyceryl-10 Laurate, Tripeptide-1, Acetyl Tetrapeptide-2, Acetyl Tetrapeptide-5, Copper Tripeptide-1, Palmitoyl Tripeptide-1, Palmitoyl Pentapeptide-4, Hexapeptide-11, Hexapeptide-9, Palmitoyl Tripeptide-5, Ethylhexylglycerin.",23043,https://acdn-us.mitiendanube.com/stores/324/065/products/8803463012816_1-f2add44a0f4ef8dca517768709814354-640-0.webp
14667,ALTA,VT COSMETICS Esencia Vegana PDRN Essence 100 30 ml,8803463004286,VT COSMETICS,"Esta esencia vegana de PDRN (100.000 ppm), extraído de ginseng coreano, revitaliza la piel para un ""encanto sin edad"". Se absorbe rápidamente aportando hidratación profunda y una luminosidad duradera gracias a su sistema Cerasome Complex Plus, Pantenol, Escualano y Alantoína. Ideal para todas las edades, no contiene fragancias y mejora la elasticidad otorgando un resplandor saludable tipo spa. 

Beneficios
PDRN 100.000 ppm (de ginseng coreano): revitaliza la piel desde adentro, promoviendo un aspecto más firme y con “encanto sin edad”.
Cerasome Complex Plus: tecnología que mejora la penetración de los activos, dejando un glow duradero y uniforme.
Pantenol: calma y protege la piel sensible, reforzando la barrera cutánea.
Escualano: aporta nutrición ligera y humectación profunda sin sensación grasa.
Alantoína: suaviza y ayuda a regenerar la piel, aportando confort inmediato.


Tipo de piel
Todo tipo, anti age

Paso de rutina
ESENCIA: Restaura el pH después de la limpieza, hidrata ligeramente y prepara la piel para los pasos siguientes.
Paso siguiente: Serum / Crema hidratante

Modo de Uso

1. Aplicar la cantidad necesaria del producto sobre el rostro limpio y seco, luego de un serum o de un tratamiento con Reedle Shot, masajeando suavemente.

2. Dar ligeros toques para favorecer su absorción.

Ingredientes: Water, Isopropyl Myristate, Caprylic/Capric Triglyceride, Cetyl Ethylhexanoate, Glycerin, Propanediol, Niacinamide, Polyglyceryl-2 Dipolyhydroxystearate, PEG-30 Dipolyhydroxystearate, Polyglyceryl-3 Diisostearate, 1,2-Hexanediol, Tocopherol, Hydroxyacetophenone, Helianthus Annuus (Sunflower) Seed Oil, Acrylates/C10-30 Alkyl Acrylate Crosspolymer, Arginine, Adenosine, Ceramide NP, Adansonia Digitata Seed Oil, Disodium EDTA, Hydrogenated Lecithin, Allantoin, Squalane, Panthenol, Polyglucuronic Acid, Ceramide AS, Ceramide NS, Ceramide AP, Ceramide EOP, Panax Ginseng Root Extract, Sodium DNA.

Precauciones

Sólo para uso externo. Evitar el contacto directo con los ojos. Si se produce contacto, enjuague bien con agua. Ante cualquier síntoma adverso discontinuar su uso y consultar con un médico. Mantener fuera del alcance de los niños. Almacenar lejos de la luz solar directa. ",14667,https://acdn-us.mitiendanube.com/stores/324/065/products/pdrn-essence-100-1-68acff593e261b999e17588328195156-640-0.webp
23140,ALTA,VT COSMETICS Bálsamo en Barra PDRN Essence Stick Colágeno y Ceramidas 10 g,8803463007393,VT COSMETICS,"Bálsamo en formato barra de la categoría de tratamientos intensivos para el tipo de tratamiento reafirmante, nutritivo y antiedad en la zona del rostro, cuello y contorno de ojos. Formulado con PDRN (ADN de sodio), Extracto de Ginseng, Colágeno y un complejo de 5 Péptidos, ofrece el beneficio visible de una piel hidratada, elástica y con líneas de expresión suavizadas de forma inmediata tras su aplicación. Diseñado para todo tipo de piel, especialmente pieles maduras o deshidratadas que buscan un efecto de luminosidad instantánea.

Detalles del Producto

Tipo de piel: Todo tipo de piel, ideal para pieles con pérdida de firmeza, secas o con líneas de expresión marcadas.
Función cosmética: Nutrición intensiva, mejora de la elasticidad y cuidado de arrugas.
Textura (Vehículo): Bálsamo sólido sedoso de fácil deslizamiento que se funde con el calor de la piel.
Efecto en el cuidado de la piel: Proporciona un brillo saludable (glow) instantáneo, suaviza la textura de la piel y crea una barrera protectora contra la pérdida de humedad.

Porque elegirlo

Cuidado Antiedad Portátil: La potencia del PDRN y los péptidos en un formato stick que puedes llevar contigo para aplicar en cualquier momento y lugar.
Regeneración con PDRN Vegano: Utiliza ADN extraído del Ginseng para promover la salud celular y la elasticidad sin ingredientes de origen animal.
Versatilidad de Uso: Es el aliado perfecto para tratar zonas específicas como el ""código de barras"" en labios, patas de gallo, cuello o cualquier área que necesite un boost de hidratación.
Acabado Glass Skin: Aporta un brillo natural inmediato sin dejar sensación pegajosa, haciendo que la piel luzca descansada y vitalizada al instante.

Porque lo amamos (Eficacia y Resultados)
Es el producto ""borrador"" de fatiga favorito por su practicidad y potencia:

97% de los usuarios en plataformas de belleza destacan que es ideal para retocar el maquillaje, evitando que los polvos se cuarteen en las líneas de expresión.
95% de las opiniones en sitios de reseñas confirman que la piel se siente más suave y elástica tras solo una semana de uso constante.
92% de satisfacción respecto a su capacidad para calmar áreas extremadamente secas de forma inmediata.

Testimonio destacado: Es mi salvación durante el día. Lo aplico en el cuello y debajo de los ojos y la piel se ve hidratada y luminosa al segundo. No se siente pesado y el efecto glow es muy elegante.

Beneficios
Elasticidad Mejorada: Estimula la producción de colágeno gracias a su complejo de péptidos.
Nutrición Profunda: La manteca de karité y el escualano reponen los lípidos necesarios para una piel sana.
Barrera Fortalecida: Contiene Ceramida NP para evitar la deshidratación a lo largo del día.
Calma y Claridad: El bisabolol ayuda a calmar la piel mientras mejora la luminosidad del tono.

Modo de uso

Desliza el bálsamo suavemente sobre las zonas deseadas (rostro, contorno de ojos, cuello o labios).
Utilízalo como el último paso de tu rutina de cuidado de la piel por la mañana y por la noche.
Reaplica durante el día cada vez que sientas la piel seca o desees un toque de luz.
Puede usarse antes del maquillaje para preparar la piel, o después de este para un acabado luminoso sin desplazar los productos.

Cuidado y precauciones

Solo para uso externo.
No aplicar sobre piel irritada o con heridas abiertas.
Evite el contacto directo con los ojos.
Mantener el envase cerrado cuando no esté en uso para evitar que el bálsamo se seque.
Almacenar en un lugar fresco para evitar que el producto se ablande excesivamente por el calor.

Ingredientes Estrella:
Sodium DNA (PDRN): Extraído del Ginseng, este activo regenerador ayuda a reparar la estructura de la piel y mejora visiblemente la firmeza.
Complejo de 5 Péptidos: Una combinación potente que incluye Copper Tripeptide-1 y Acetyl Hexapeptide-8 para trabajar en la profundidad de las arrugas y la elasticidad.
Ceramide NP y Escualano: Ingredientes clave para restaurar la barrera cutánea, garantizando que la hidratación se mantenga dentro de la piel por más tiempo.

INCI (Ingredientes): Octyldodecanol, Helianthus Annuus (Sunflower) Seed Oil, Phytosteryl/Isostearyl/Cetyl/Stearyl/Behenyl Dimer Dilinoleate, Butyrospermum Parkii (Shea) Butter, Synthetic Wax, Microcrystalline Wax, Dipentaerythrityl Hexahydroxystearate/Hexastearate/Hexarosinate, Glycerin, (-)-alpha-bisabolol, Caprylyl Glycol, Glyceryl Caprylate, Adenosine, Water, Squalane, Butylene Glycol, Ceramide NP, 1,2-Hexanediol, Polyglyceryl-10 Laurate, Ethylhexylglycerin, Copper Tripeptide-1, Hexapeptide-9, Acetyl Hexapeptide-8, Palmitoyl Pentapeptide-4, Tripeptide-1, Panax Ginseng Root Extract, Collagen Extract, Sodium DNA.",23140,"https://drive.google.com/file/d/1P4cBHqK40526TDHQ-TuiLVaRVnNupQxC/view
https://drive.google.com/file/d/1C8qBwknlxSRGuxk7kT_BRVfj0t1VPxV_/view
https://drive.google.com/file/d/1uD3x0RqnliZLQHTwS_hyaQXjhezRMVu-/view
https://drive.google.com/file/d/1f4h8RSjJ3dVft-enc_i64qkvPKy_7N9g/view
https://drive.google.com/file/d/1At_FXYWvp5ztgEksNaP3gvtkJErqNdG-/view
https://drive.google.com/file/d/1BRZ5RDMjdZp6ix4mDq3rmtKamDLMvBZZ/view"
8188,ALTA,VT COSMETICS Parches de Hidrogel para Contorno de Ojos PDRN Retinal y Colágeno 60 unidades,8803463017934,VT COSMETICS,"VT PDRN Hydrogel Eye Patch 60 parches. Parches de hidrogel para contorno de ojos con PDRN (Sodium DNA), Niacinamida, Retinal, Complejo de Péptidos, Cafeína, Ácido Hialurónico Multimolecular, Adenosina y Extracto de Ginseng. Ayudan a hidratar profundamente, reducir bolsas y ojeras, suavizar arrugas y líneas de expresión, mejorar la firmeza y aportar luminosidad al contorno de ojos. También pueden utilizarse sobre surcos nasogenianos, entrecejo y otras zonas con líneas finas. Ideales para quienes buscan eye patches coreanos, tratamiento para ojeras, parches reafirmantes para ojos, skincare coreano y K-Beauty original.

Estos parches de hidrogel se adaptan perfectamente al contorno de ojos gracias a su diseño 3D en relieve, que mejora el contacto con la piel y favorece la absorción de los activos. Su fórmula combina ingredientes reparadores, hidratantes y antiedad para dejar la mirada más descansada, luminosa y firme desde las primeras aplicaciones.

¿Qué es?

Es un tratamiento intensivo en formato hidrogel para el contorno de ojos que combina PDRN, retinal, péptidos y ácido hialurónico para hidratar, reafirmar y mejorar la apariencia de arrugas, bolsas y ojeras. Puede aplicarse también sobre otras zonas con líneas de expresión.",8188,https://acdn-us.mitiendanube.com/stores/324/065/products/2003080-01-1-7b0c03a9be7dc7498617858740864890-640-0.webp
23138,ALTA,VT COSMETICS Mascarilla de Hidrogel PDRN Regeneradora Escualano y Niacinamida 1 unidad,8803463007515,VT COSMETICS,"Mascarilla de hidrogel de la categoría de tratamientos intensivos para el tipo de tratamiento antiedad, reafirmante y regenerador en la zona del rostro. Formulado con PDRN extraído de Ginseng silvestre, Niacinamida y Adenosina, ofrece el beneficio visible de una piel profundamente hidratada, firme y con un brillo saludable de forma inmediata tras sus 20 a 40 minutos de uso. Diseñado para todo tipo de piel, especialmente aquellas que presentan pérdida de elasticidad o fatiga.

Detalles del Producto

Tipo de piel: Todo tipo de piel, ideal para pieles maduras, opacas o con falta de firmeza.
Función cosmética: Regeneración cutánea, mejora de la elasticidad y luminosidad intensiva.
Textura (Vehículo): Hidrogel premium que se adhiere como una segunda piel, facilitando la absorción de los activos por temperatura.
Efecto en el cuidado de la piel: Promueve la síntesis de colágeno, calma la barrera cutánea y proporciona un efecto de relleno (plumping) inmediato.

Porque elegirlo

Tecnología PDRN de Origen Vegetal: A diferencia del PDRN tradicional de origen animal, VT Cosmetics utiliza PDRN extraído del Ginseng silvestre, garantizando una regeneración celular potente, ética y de alta pureza.
Adherencia Superior de Hidrogel: Su material de hidrogel no solo refresca la piel al contacto, sino que crea un sello que evita la evaporación de la esencia, permitiendo que los nutrientes penetren profundamente.
Cuidado Integral Antiedad: No solo trabaja en la hidratación; su fórmula está cargada con activos que abordan arrugas, manchas y firmeza en un solo paso.
Suministro de Nutrientes Constante: La estructura de la mascarilla permite un tiempo de exposición prolongado (hasta 40 minutos) sin secarse, maximizando los resultados.

Porque lo amamos (Eficacia y Resultados)

Es la mascarilla de elección para quienes buscan resultados de clínica estética en la comodidad de su hogar:
98% de los usuarios en sitios de reseñas coreanos destacan una mejora visible en la luminosidad de la piel tras un solo uso.
95% de las opiniones en plataformas de K-Beauty resaltan que la piel se siente significativamente más firme y ""elástica"" al retirar el hidrogel.
92% de satisfacción respecto a su capacidad para calmar pieles estresadas y reducir la apariencia de poros por deshidratación.

Testimonio destacado: Es mi mascarilla de eventos especiales. El hidrogel se siente increíblemente fresco y, al retirarlo, mi cara se ve descansada, firme y con un brillo que dura días. Es la mejor inversión para pieles cansadas.
Beneficios

Regeneración Celular: El PDRN ayuda a reparar los tejidos dañados y fortalecer la dermis.
Luminosidad Dual: La niacinamida unifica el tono mientras los extractos botánicos reavivan el brillo natural.
Hidratación de Larga Duración: La manteca de karité y el escualano sellan la humedad para una piel flexible.
Calma y Reparación: El pantenol y la centella asiática reducen cualquier signo de irritación.

Modo de uso

Después de la limpieza facial, utiliza un tónico para equilibrar el pH y unificar la textura de la piel.
Retira la mascarilla del empaque y aplícala sobre el rostro, asegurándote de que el contorno de los ojos quede bien centrado.
Relájate y deja actuar el hidrogel de 20 a 40 minutos.
Retira la mascarilla y realiza suaves toques con las yemas de los dedos sobre la esencia restante hasta su total absorción.

Cuidado y precauciones

Solo para uso externo.
No aplicar sobre áreas con heridas, eccemas o dermatitis.
Evite el contacto directo con los ojos.
Mantener alejado de la luz solar directa y de temperaturas extremas.
Mantener fuera del alcance de los niños.

Ingredientes Estrella: ADN Sódico (PDRN de Ginseng silvestre): Un ingrediente regenerador de última generación que estimula la renovación celular y mejora drásticamente la elasticidad de la piel.
Niacinamida: Conocida como Vitamina B3, ayuda a fortalecer la barrera cutánea, reduce la apariencia de los poros y unifica el tono de la piel.
Escualano y Manteca de Karité: Dúo nutritivo que proporciona lípidos esenciales para suavizar la piel y evitar la pérdida de agua transepidérmica.

Listado INCI (Ingredientes): Agua purificada, dipropilenglicol, glicerina, metilpropanodiol, cetil etilhexanoato, niacinamida, goma de algarrobo, polvo de musgo irlandés, extracto de musgo irlandés, estearato de glicerilo, betaína, estearato de PEG-100, pantenol, butilenglicol, extracto de raíz de peonía, extracto de centella asiática, goma de celulosa, manteca de karité, 1,2-hexanodiol, poliacrilato de sodio, cloruro de potasio, polisorbato 60, extracto de flor de matricaria, etilhexilglicerina, caprilato de glicerilo, polideceno hidrogenado, dextrina, sacarosa, EDTA disódico, adenosina, extracto de gardenia, extracto de cártamo, trideceth-6, pantolactona, escualano, fermento de Lactobacillus, extracto de ginseng silvestre, ADN sódico (0,05 ppm), ácido poliglucurónico.",23138,https://acdn-us.mitiendanube.com/stores/324/065/products/8803463007515_1-2841390492f4e4ed7a17768710635528-640-0.webp
7847,ALTA,VT COSMETICS Contorno de Ojos PDRN Reedle Shot Eye Lifter 15 ml,8803463012199,VT COSMETICS,"Contorno de ojos VT PDRN Reedle Shot Eye Lifter 15 ml. Crema para contorno de ojos con PDRN, CICA REEDLE, Colágeno, Péptidos, Ceramidas, Ácido Hialurónico, Niacinamida, Ácido Tranexámico y Glutatión. Ayuda a reafirmar la piel, mejorar la elasticidad, suavizar líneas de expresión y patas de gallo, hidratar profundamente e iluminar la zona de las ojeras. Incorpora un innovador aplicador metálico con microvibración automática de hasta 12.000 vibraciones por minuto que potencia la absorción de los activos y brinda un masaje descongestivo. Ideal para quienes buscan contorno de ojos antiedad, crema para ojeras, eye cream coreana, PDRN, péptidos, cuidado de bolsas y arrugas, skincare coreano y K Beauty original.",7847,
22872,ALTA,VT COSMETICS Ampolla Capilar Revitalizante Reedle Shot Hair Boosting PDRN y Biotina 15 ml,8803463009762,VT COSMETICS,"Ampolla fluida de la categoría de cuidado capilar para el tipo de tratamiento anticaída y fortalecedor en la zona del cuero cabelludo. Formulado con Tecnología Reedle Shot (Sílice), PDRN (ADN de sodio), Cafeína y un complejo de 11 Factores de Crecimiento (EGF/FGF), ofrece el beneficio visible de un cuero cabelludo revitalizado y una fibra capilar con mayor densidad de forma progresiva tras su uso constante. Diseñado para todo tipo de piel cabelluda, especialmente aquellas con debilidad capilar o pérdida de densidad.

Detalles del Producto
Tipo de piel: Todo tipo de cuero cabelludo, especialmente aquellos con tendencia a la caída o debilitamiento.
Función cosmética: Tratamiento intensivo para el fortalecimiento del folículo y estimulación del cuero cabelludo.
Textura (Vehículo): Esencia acuosa ligera de rápida absorción que no deja residuo graso ni apelmaza el cabello.
Efecto en el cuidado capilar: Mejora la microcirculación, entrega nutrientes profundamente en el folículo y promueve un entorno saludable para el crecimiento.

Porque elegirlo

Tecnología Reedle Shot Capilar: Por primera vez, la famosa tecnología de micro-agujas naturales de VT llega al cuero cabelludo para crear canales de absorción que permiten que los activos penetren directamente donde nace el cabello.

Fórmula de Alto Rendimiento: Combina PDRN vegetal con cafeína y biotina para despertar los folículos inactivos y fortalecer la estructura capilar desde la raíz.
Aplicador de Precisión: Su diseño permite depositar el producto exactamente en las zonas de mayor preocupación, facilitando un masaje localizado que potencia la eficacia del tratamiento.
Complejo Multipeptídico: Contiene una vasta red de péptidos y factores de crecimiento que trabajan en la regeneración y protección del cuero cabelludo estresado.
Porque lo amamos (Eficacia y Resultados)

Es el aliado definitivo para quienes buscan recuperar la fuerza de su melena con tecnología de vanguardia:

97% de los usuarios en plataformas de K-Beauty destacan que el producto no ensucia el cabello, permitiendo su uso diario incluso en cabellos finos.
95% de las opiniones resaltan una sensación de frescor inmediato y una disminución de la tirantez en el cuero cabelludo.
91% de satisfacción tras 4 semanas de uso, reportando un cabello que se siente más firme y con menor desprendimiento durante el cepillado.

Testimonio destacado: He probado muchos tónicos, pero este es diferente. Sientes un cosquilleo muy ligero que te indica que está activando la zona. No me deja el pelo pegajoso y he notado que las zonas donde tenía menos densidad se ven mucho más sanas.

Beneficios

Estimulación Activa: La cafeína y el Reedle Shot trabajan juntos para energizar el cuero cabelludo.
Densidad y Fuerza: El PDRN y la Biotina mejoran la resistencia de la fibra capilar.
Calma y Equilibrio: El extracto de Centella Asiática y el Romero mantienen el cuero cabelludo libre de irritaciones.
Nutrición Profunda: Los aminoácidos y péptidos restauran la vitalidad folicular.

Modo de uso

Gira el botón ubicado en la parte inferior del envase para desbloquear el mecanismo.
Posiciona la punta del aplicador directamente sobre las áreas del cuero cabelludo donde te preocupe la pérdida de cabello o debilidad.
Presiona el botón inferior para dispensar la cantidad adecuada de producto.
Masajea suavemente con las yemas de los dedos para favorecer la absorción.
Asegúrate de girar el botón a la posición de bloqueo (lock) después de cada uso para evitar derrames.

Cuidado y precauciones

Al contener tecnología Reedle Shot, es normal sentir un ligero hormigueo tras la aplicación; esto indica la activación de los canales de absorción.
Solo para uso externo en el cuero cabelludo. No ingerir.
Evite el contacto con los ojos; si ocurre, aclare con abundante agua.
No utilizar sobre cuero cabelludo con heridas abiertas, infecciones o psoriasis activa.
Mantener en un lugar fresco y fuera del alcance de los niños.

Ingredientes Estrella:

Silica (Reedle): Micro-agujas de origen mineral que facilitan la entrega de nutrientes en las capas profundas del cuero cabelludo.
Sodium DNA (PDRN): Extraído del Ginseng, ayuda a la recuperación celular y fortalece el entorno del folículo piloso.
Caffeine (Cafeína): Un potente estimulante que mejora la circulación sanguínea local, ayudando a prolongar la fase de crecimiento del cabello.

INCI (Ingredientes): Water, Alcohol Denat., C12-13 Alketh-9, Silica, Caffeine, Glycerin, PPG-2-Deceth-12, Carbomer, Caprylyl Glycol, Methyl Diisopropyl Propionamide, Tromethamine, Centella Asiatica Extract, 1,2-Hexanediol, Disodium EDTA, Niacinamide, Butylene Glycol, Citric Acid, Glycine Soja (Soybean) Seed Extract, Panax Ginseng Root Extract, Rosmarinus Officinalis (Rosemary) Extract, Sodium Hyaluronate, Glycine, Serine, Glutamic Acid, Propolis Extract, Hydroxypropyl Cyclodextrin, Lecithin, Aspartic Acid, Leucine, Asiaticoside, Biotin, Sodium DNA, Acetyl Hexapeptide8, Alanine, Lysine, Arginine, Tyrosine, Phenylalanine, Asiatic Acid, Madecassic Acid, Madecassoside, Proline, Threonine, Valine, Isoleucine, Angelica Gigas Root Extract, Camellia Sinensis Leaf Extract, Curcuma Longa (Turmeric) Root Extract, Eclipta Prostrata Extract, Histidine, Polygonum Multiflorum Root Extract, Scutellaria Baicalensis Root Extract, Swertia Japonica Extract, Thuja Orientalis Leaf Extract, Cysteine, Methionine, Ascorbic Acid Polypeptide, Carthamus Tinctorius (Safflower) Flower Extract, Ethylhexylglycerin, Forsythia Suspensa Fruit Extract, Ginkgo Biloba Leaf Extract, Glycine Soja (Soybean) Seed Extract, Glycyrrhiza Uralensis (Licorice) Root Extract, Schisandra Chinensis Fruit Extract, Zingiber Officinale (Ginger) Root Extract, Artemisia Princeps Leaf Extract, Acorus Gramineus Extract, Cornus Officinalis Fruit Extract, Chrysanthemum Zawadskii Extract, Dipotassium Glycyrrhizate, Ficus Carica (Fig) Fruit Extract, Ganoderma Lucidum (Mushroom) Extract, Houttuynia Cordata Extract, Sophora Flavescens Root Extract, Aspergillus Ferment, Ceramide NP, Acetyl Tetrapeptide-5, Acetyl Tetrapeptide-9, Acetyl Tetrapeptide-3, Acetyl Tetrapeptide-2, Acetyl Octapeptide-3, Copper Tripeptide1, Carnosine, Nonapeptide-1, Palmitoyl Pentapeptide-4, Palmitoyl Tripeptide-1, Palmitoyl Tripeptide5, sh-Polypeptide-22, sh-Oligopeptide-1, sh-Polypeptide-1, sh-Polypeptide-9, sh-Oligopeptide-2, shPolypeptide-11, sh-Polypeptide-3, sh-Polypeptide-16, sh-Polypeptide-62.",22872,"https://drive.google.com/file/d/1WGUQ64fN3Qda3BcH-es97jO8pM2jpTPd/view
https://drive.google.com/file/d/1miD4HIefUNXqaWm99dXvhzD9DWJEwHlW/view
https://drive.google.com/file/d/1e266HB9hh2HAo57yJ-7EXtlZr1kMHREW/view
https://drive.google.com/file/d/1t3KItdcu1DiU-SvMk71UrdHuKBMm5x2L/view
https://drive.google.com/file/d/1V97fjCxiDvvpfynRL5XDTrEmM9ARUL1O/view
https://drive.google.com/file/d/1SuhH4-Hor1DPDYEIoTQ7TYMh1uYOxFBe/view"
22891,ALTA,VT COSMETICS Shampoo Anticaída PDRN Reedle Shot para Cuero Cabelludo 200 ml,8803463010744,VT COSMETICS,"Champú de la categoría de cuidado capilar para el tipo de tratamiento fortalecedor y revitalizante en la zona del cuero cabelludo. Formulado con Tecnología Reedle Shot (Sílice), PDRN (ADN de sodio), Mentol y Ácido Salicílico, ofrece el beneficio visible de un cuero cabelludo limpio, fresco y con una base más fuerte para el crecimiento capilar de forma progresiva con el uso constante. Diseñado para todo tipo de cuero cabelludo, especialmente aquellos con tendencia al debilitamiento, falta de vitalidad o acumulación de impurezas.

Detalles del Producto
Tipo de piel: Todo tipo de cuero cabelludo, ideal para cueros cabelludos grasos, con picazón o cabello fino.
Función cosmética: Limpieza profunda de poros, exfoliación suave y estimulación folicular.
Textura (Vehículo): Gel denso y perlado que genera una espuma rica y refrescante.
Efecto en el cuidado capilar: Desintoxica el cuero cabelludo, alivia la irritación por calor y mejora la absorción de tratamientos posteriores gracias a la tecnología Reedle.

Porque elegirlo

Limpieza con Tecnología Reedle: Al igual que los famosos tratamientos faciales de la marca, este champú utiliza micro-agujas naturales de sílice para asegurar que los activos penetren en los poros del cuero cabelludo, eliminando residuos que el champú común no alcanza.

Triple Acción Exfoliante y Calmante: El ácido salicílico limpia los folículos obstruidos mientras el mentol y la centella asiática calman y refrescan instantáneamente la zona.

Nutrición PDRN: Contiene ADN de sodio derivado del Ginseng, un ingrediente de alta gama que ayuda a regenerar y fortalecer la barrera del cuero cabelludo.

Control de Sebo y Residuos: Su fórmula equilibrada remueve el exceso de grasa y las células muertas, dejando el cabello con más cuerpo y volumen desde la raíz.


Porque lo amamos (Eficacia y Resultados)

Es la solución perfecta para quienes sienten que su cuero cabelludo está ""asfixiado"" o cansado:
98% de los usuarios en plataformas de K-Beauty reportan una sensación de frescura y limpieza profunda sin precedentes después del primer lavado.
95% de las opiniones destacan una reducción notable en la picazón y el exceso de grasa al finalizar el día.
91% de satisfacción respecto a la vitalidad del cabello, mencionando que la raíz se siente más levantada y saludable.

Testimonio destacado: He probado muchos champús para el cuero cabelludo, pero este realmente se siente diferente. El ligero cosquilleo del mentol junto con la tecnología Reedle hace que mi cabeza se sienta ligera y limpia por mucho más tiempo. Es un detox total.

Beneficios

Desobstrucción de Poros: Limpia profundamente para permitir que el cabello crezca sin obstáculos.
Efecto Refrescante: El mentol baja la temperatura del cuero cabelludo, aliviando el estrés térmico.
Fortalecimiento desde la Base: El PDRN vegetal nutre el folículo para un cabello más resistente.
Cuidado de la Barrera: Gracias al pantenol y la niacinamida, mantiene el cuero cabelludo hidratado y sano.

Modo de uso

Humedece el cuero cabelludo y el cabello completamente con agua tibia.
Aplica una cantidad adecuada en la palma de la mano, frota hasta crear espuma y distribuye por el cuero cabelludo.
Masajea suavemente con las yemas de los dedos, asegurándote de cubrir todas las áreas.
Tip de experto: Deja actuar la espuma de 2 a 3 minutos antes de enjuagar. Esto permite que los activos y la tecnología Reedle Shot actúen profundamente para crear un entorno saludable.
Enjuaga con abundante agua tibia.

Cuidado y precauciones

Solo para uso externo.
Debido a la tecnología Reedle Shot, es posible sentir un cosquilleo muy leve; esto es normal y parte de la estimulación del producto.
Evite el contacto con los ojos; en caso de contacto, aclare inmediatamente.
No utilice sobre cuero cabelludo con heridas abiertas o irritación extrema.
Mantener fuera del alcance de los niños.

Ingredientes Estrella:

Sodium DNA (PDRN): Ingrediente regenerativo que fortalece la barrera del cuero cabelludo y mejora la salud del folículo piloso.
Silica (Reedle): Micro-agujas naturales que exfolian físicamente de forma microscópica y facilitan la penetración de los ingredientes activos.
Salicylic Acid (Ácido Salicílico): Exfoliante químico BHA que disuelve el sebo y las células muertas que obstruyen los poros capilares.

Listado INCI (Ingredientes): Water, Sodium Laureth Sulfate, Ammonium Lauryl Sulfate, Cocamidopropyl Betaine, Glycol Distearate, Sodium Chloride, Menthol, Cocamide MEA, Sodium Benzoate, Fragrance, Guar Hydroxypropyltrimonium Chloride, Dexpanthenol, PPG-3 Caprylyl Ether, Salicylic Acid, Trihydroxystearin, Cetyl Alcohol, Citric Acid, Ethylhexylglycerin, Lauryl Alcohol, Niacinamide, Arginine, Ammonium Sulfate, Disodium EDTA, Butylene Glycol, Glacier Water, Myristyl Alcohol, Stearyl Alcohol, Propanediol, 1,2-Hexanediol, Piroctone Olamine, Centella Asiatica Extract, Eucommia Ulmoides Bark Extract, Aspalathus Linearis Extract, Azadirachta Indica Leaf Extract, Eclipta Prostrata Extract, Houttuynia Cordata Extract, Urtica Dioica (Nettle) Leaf Extract, Camellia Sinensis Leaf Extract, Mentha Suaveolens Leaf Extract, Thymus Vulgaris (Thyme) Leaf Extract, Silica, Panax Ginseng Root Extract, Sodium Hyaluronate, Propolis Extract, Asiaticoside, Sodium DNA (0.5ppb), Asiatic Acid, Madecassic Acid, Madecassoside.",22891,"https://drive.google.com/file/d/1uk62R41TNh12bw0n1H2IZ0gjIr2Tj5Sl/view
https://drive.google.com/file/d/1QNIiFBDDnthYhaMY8heHLUtR8d2pA_zh/view
https://drive.google.com/file/d/1JlPYeTCkVwWz37uZL6vf8DLVz6nJcq92/view
https://drive.google.com/file/d/1vw8IsCOIruOaIjOkfivN7z3Xq1SqS2Mq/view
https://drive.google.com/file/d/1koe0SkjL7-rVjpGqOLsKSLthANUP-HFR/view
https://drive.google.com/file/d/1SPz7ZJ5eJh9M7I5WoB_aY_mBYo2oBui7/view"
23226,ALTA,VT COSMETICS Mascarilla de Hidrogel Calmante Pro Cica Reedle Shot 100 de 2 Pasos,8803463007362,VT COSMETICS,"Mascarilla de hidrogel de la categoría de tratamientos intensivos para el tipo de tratamiento calmante, regenerador y de mejora de la textura en la zona del rostro. Formulado con CICA Reedle (Sílice y extracto de Centella), Niacinamida y Madecassoside, ofrece el beneficio visible de una piel intensamente aliviada, poros menos visibles y una barrera fortalecida de forma inmediata tras sus 20 a 40 minutos de uso (o hasta 3 horas para cuidado intensivo). Diseñado para todo tipo de piel, especialmente pieles sensibles, con imperfecciones o textura irregular.

Detalles del Producto

Tipo de piel: Todo tipo de piel, incluyendo piel sensible, reactiva o con tendencia al acné.
Función cosmética: Tratamiento calmante intensivo, reparador de la barrera cutánea y perfeccionador de textura.
Textura (Vehículo): Hidrogel de alta adherencia que se vuelve más delgado a medida que la piel absorbe los activos.
Efecto en el cuidado de la piel: Reduce rojeces, acelera la recuperación de la piel estresada y suaviza la superficie cutánea mediante la tecnología Reedle Shot.

Porque elegirlo
Tecnología Reedle Shot Suave: Esta mascarilla utiliza micro-agujas naturales (Reedles) derivadas de la sílice para crear canales de absorción en la piel, permitiendo que los activos de la Cica penetren de forma mucho más efectiva sin irritar.
Formato de Hidrogel Avanzado: A diferencia de las mascarillas de tela comunes, el hidrogel se fusiona con la temperatura de la piel, entregando los ingredientes de manera constante y profunda.
Sistema de Cuidado Pro Cica: Combina los beneficios del Reedle Shot con un complejo concentrado de Centella Asiática y Árbol de Té para calmar la inflamación al instante.
Versatilidad de Tiempo: Su diseño permite un uso estándar de 40 minutos o un tratamiento profundo de hasta 3 horas, ideal para días donde la piel necesita un rescate total.

Porque lo amamos (Eficacia y Resultados)
Es la solución definitiva para calmar la piel mientras se trabaja en su textura global:
98% de los usuarios en sitios de reseñas coreanos confirman una reducción inmediata en la temperatura de la piel y en las rojeces visibles.
96% de las opiniones en plataformas de K-Beauty destacan que la piel se siente increíblemente suave y con los poros más difuminados tras el uso.
93% de satisfacción respecto a su adherencia, mencionando que la mascarilla no se desliza, permitiendo realizar otras actividades.

Testimonio destacado: Es mi mascarilla de confianza cuando tengo un brote o la piel irritada. La sensación del Reedle Shot es un cosquilleo muy ligero que te asegura que el producto está trabajando. Después de usarla por 2 horas, mi cara parece otra: descansada, hidratada y sin rojeces.

Beneficios
Alivio Instantáneo: Calma la irritación y las sensaciones de ardor en la piel estresada.
Textura Refinada: Ayuda a que la piel se vea más lisa y uniforme.
Hidratación Prolongada: El hidrogel evita la evaporación, manteniendo la humedad por horas.
Reparación de Barrera: Contiene ceramidas y beta-glucano para fortalecer las defensas naturales de la piel.

Modo de uso

Tras la limpieza y el tónico, retira las dos piezas de la mascarilla de hidrogel.
Aplica primero la parte inferior de la mascarilla ajustándola a la boca y luego la parte superior alrededor de los ojos.
Ajusta para un calce perfecto durante los primeros minutos.
Tip de belleza: Utiliza los parches circulares sobrantes de los orificios de ojos y boca en áreas que necesiten cuidado extra (manchas, líneas de expresión o granitos).
Deja actuar de 20 a 40 minutos. Para un tratamiento intensivo, puedes dejarla actuar de 2 a 3 horas hasta que el hidrogel se vuelva transparente.
Retira y masajea suavemente la esencia restante.
Cuidado y precauciones
Solo para uso externo.

Al contener la tecnología Reedle Shot, es normal sentir un ligero hormigueo o cosquilleo tras la aplicación; esto es parte del proceso de absorción.
No utilizar sobre piel con heridas abiertas o dermatitis severa.
Evite el contacto directo con los ojos.
Mantener en un lugar fresco y seco, lejos de la luz solar directa.

Ingredientes Estrella:
Silica (Reedle): Micro-componente mineral que ayuda a abrir canales en la piel para mejorar la entrega de ingredientes activos y refinar la textura.
Centella Asiatica Extract & Madecassoside: Potente complejo calmante que regenera la piel dañada, reduce la inflamación y fortalece la barrera cutánea.
Niacinamide & Ceramide NP: Trabajan en conjunto para iluminar el tono de la piel, reducir manchas y restaurar los lípidos esenciales que mantienen la piel sana.

Listado INCI (Ingredientes): Water, Dipropylene Glycol, Glycerin, Niacinamide, Butylene Glycol, Macadamia Integrifolia Seed Oil, 1,2-Hexanediol, Ethylhexyl Palmitate, Sodium Polyacrylate, Sodium Acrylate/Sodium Acryloyldimethyl Taurate Copolymer, Polyisobutene, Silica, Glycereth-26, Ethylhexylglycerin, Caprylyl Glycol, Adenosine, Sodium Hyaluronate, Caprylyl/Capryl Glucoside, Sorbitan Olivate, Centella Asiatica Extract, Simmondsia Chinensis (Jojoba) Seed Oil, Hydrogenated Lecithin, Beta-Sitosterol, Xanthan Gum, Polyquaternium-51, Allantoin, Prunus Yedoensis Extract, Apium Graveolens (Celery) Extract, Disodium EDTA, Anastatica Hierochuntica Extract, DNA, Ceramide NP, Madecassoside, Asiaticoside, Beta-Glucan, Madecassic Acid, Asiatic Acid, Melaleuca Alternifolia (Tea Tree) Leaf Extract, Propolis Extract.",23226,https://acdn-us.mitiendanube.com/stores/324/065/products/8803463007867_1-bd19e5650af09dbe6717768709083236-640-0.webp
14686,ALTA,VT COSMETICS Sérum con Microagujas Red Booster Reedle Shot 100 Sangre de Dragón,8803463009175,VT COSMETICS,"Este potente serum de intensidad 100 retexturizante contiene Cica Reedle, micropartículas 14 veces más finas que los poros, que estimulan delicadamente la piel para maximizar la absorción de los activos. Su fórmula está enriquecida con ""Sangre de Dragón"", un ingrediente vital que nutre, mejora la elasticidad y la claridad de la piel, ofreciendo una potente acción antioxidante y calmante. La sinergia con Cicahyalon, Pantenol, Arbutina, Tocoferol y Ceramida NP potencia la hidratación, alivia, aclara y fortalece la barrera cutánea, promoviendo una piel más firme, resistente y efecto glass skin.

Beneficios

Máxima absorción: gracias a la tecnología Cica Reedle, con microagujas minerales 14x más finas que los poros, que crean microcanales y potencian el efecto de los activos.

“Sangre de Dragón”: ingrediente botánico con poderosa acción antioxidante y regeneradora, que nutre, mejora la elasticidad y aporta claridad a la piel.

Cicahyalon + Pantenol: calma al instante, hidrata en profundidad y fortalece la barrera cutánea para un confort duradero.

Arbutina + Tocoferol: trabajan en conjunto para iluminar, unificar el tono y proteger contra radicales libres.

Ceramida NP: sella la hidratación y refuerza la barrera de la piel, previniendo resequedad y sensibilidad.

Todo tipo, incluso piel propensa al acne y la inflamacion

Paso de Rutina

Paso anterior: Limpieza

SERUM: Trata preocupaciones específicas como manchas, arrugas, deshidratación o sensibilidad.

Paso siguiente: Crema hidratante

Modo de uso

1. Después de la limpieza nocturna, aplica una cantidad adecuada en todo el rostro, excluyendo las áreas de los ojos y la boca, y masajea suavemente para su absorción. 

2. Una vez que el sérum se haya absorbido, aplica una fórmula hidratante para finalizar tu rutina.

Empezar con una o dos veces por semana para acostumbrar la piel y aumentar frecuencia según tolerancia. Máximo una vez al día. 

IMPORTANTE: Es natural sentir un ligero hormigueo durante el uso, puede variar según la cantidad aplicada. 

Ingredientes: Water, Glycerin, Butylene Glycol, Dipropylene Glycol, Niacinamide, Propanediol, Diethoxyethyl Succinate, 1,2-Hexanediol, Sodium Carbomer, C12-14 Alketh-12, Eclipta Prostrata Extract, Ammonium Acryloyldimethyltaurate/VP Copolymer, Silica, Dextrin, Theobroma Cacao (Cocoa) Extract, Hydroxyacetophenone, Xanthan Gum, Ammonium Polyacryloyldimethyl Taurate, Croton Lechleri Resin Powder, Melia Azadirachta Leaf Extract, Caprylyl Glycol, Ethylhexylglycerin, Adenosine, Tromethamine, Tetrahydroxypropyl Ethylenediamine, Disodium EDTA, Malachite Extract, Moringa Oleifera Seed Oil, t-Butyl Alcohol, Centella Asiatica Extract, Panthenol, Arbutin, Arginine, Glycine, Tocopherol, Hydrogenated Lecithin, Sodium Hyaluronate, Ceramide NP, Glycosphingolipids, Madecassic Acid, Madecassoside, Propolis Extract, Asiaticoside, Asiatic Acid.

Importado por LABORATORIO BEK SRL. Legajo N° 2994. Res (ex M.S. y A.S.) ANMAT N° 155/98.

50ml

Precauciones

Sólo para uso externo. Evitar el contacto directo con los ojos. Si se produce contacto, enjuague bien con agua. Ante cualquier síntoma adverso discontinuar su uso y consultar con un médico. Mantener fuera del alcance de los niños. Almacenar lejos de la luz solar directa. Realizar una prueba de parche antes de usar, especialmente para piel sensible o propensa a alergias u otros problemas cutáneos. La intensidad del hormigueo varía según el tipo y condición de piel.",14686,https://acdn-us.mitiendanube.com/stores/324/065/products/red-booster-reedle-shot-1-9893e0f0b87fc7531417588323254759-640-0.webp
14687,ALTA,VT COSMETICS Sérum con Microagujas Reedle Shot 100 Intensidad 100 50 ml,8809695678363,VT COSMETICS,"Este potente serum de intensidad 100 retexturizante contiene Cica Reedle, micropartículas 14 veces más finas que los poros, que estimulan delicadamente la piel para maximizar la absorción de los activos. Su sinergia con Centella Asiática, Triple Ácido Hialurónico, Centella 4X Complex y Extracto de Propóleo Verde logra una potente acción descongestiva e hidratante. Es ideal para quienes buscan lograr una textura suave y un ""glass skin"" radiante.

Beneficios

Textura uniforme + glow: Cica Reedle trabaja como microagujas cosméticas que mejoran la absorción y dejan la piel más lisa y radiante.
Calma y refuerza: Centella Asiática + Centella 4X Complex reducen rojeces y ayudan a reparar la piel sensible.
Hidratación profunda: Triple Ácido Hialurónico aporta agua en distintas capas de la piel para un efecto “plump”.
Escudo antioxidante: Extracto de Propóleo Verde protege contra irritaciones y da vitalidad al rostro.
Efecto glass skin: cutis con brillo saludable, uniforme y con más elasticidad.


Tipo de Piel
todo tipo piel, anti age.
Paso de rutina
Paso anterior: Limpieza

SERUM: Trata preocupaciones específicas como manchas, arrugas, deshidratación o sensibilidad.

Paso siguiente: Crema hidratante

Modo de uso

1. Después de la limpieza nocturna, aplica una cantidad adecuada en todo el rostro, excluyendo las áreas de los ojos y la boca, y masajea suavemente para su absorción. 

2. Una vez que el sérum se haya absorbido, aplica una fórmula hidratante para finalizar tu rutina.

Empezar con una o dos veces por semana para acostumbrar la piel y aumentar frecuencia según tolerancia. Máximo una vez al día. 

IMPORTANTE: Es natural sentir un ligero hormigueo durante el uso, puede variar según la cantidad aplicada. 

Ingredientes: Water, Dipropylene Glycol, Glycerin, Niacinamide, Butylene Glycol, Macadamia Ternifolia Seed Oil, 1,2-Hexanediol, Ethylhexyl Palmitate, Sodium Polyacrylate, Sodium Acrylate/Sodium Acryloyldimethyl Taurate Copolymer, Polyisobutene, Silica, Glycereth-26, Caprylyl Glycol, Ethylhexylglycerin, Adenosine, Sodium Hyaluronate, Caprylyl/Capryl Glucoside, Sorbitan Oleate, Centella Asiatica Extract, Xanthan Gum, Propolis Extract, Asiaticoside, Asiatic Acid, Madecassic Acid, Madecassoside, Glycine, Serine, Glutamic Acid, Aspartic Acid, Leucine, Alanine, Lysine, Arginine, Tyrosine, Phenylalanine, Proline, Threonine, Valine, Isoleucine, Histidine, Cysteine, Methionine.

Importado por LABORATORIO BEK SRL. Legajo N° 2994. Res (ex M.S. y A.S.) ANMAT N° 155/98.

50ml

Precauciones

Sólo para uso externo. Evitar el contacto directo con los ojos. Si se produce contacto, enjuague bien con agua. Ante cualquier síntoma adverso discontinuar su uso y consultar con un médico. Mantener fuera del alcance de los niños. Almacenar lejos de la luz solar directa. Realizar una prueba de parche antes de usar, especialmente para piel sensible o propensa a alergias u otros problemas cutáneos. La intensidad del hormigueo varía según el tipo y condición de piel.",14687,https://acdn-us.mitiendanube.com/stores/324/065/products/reedle-shot-100-1-ed42b06044f5d884db17588300185170-640-0.webp
14688,ALTA,VT COSMETICS Esencia Retexturizante Reedle Shot 300 Efecto Microneedling 50 ml,8809695678431,VT COSMETICS,"Serum de intensidad 300 retexturizante contiene Cica Reedle, micropartículas 14 veces más finas que los poros, que estimulan delicadamente la piel para maximizar la absorción de los activos. Su sinergia con Centella Asiática, Triple Ácido Hialurónico, Centella 4X Complex y Extracto de Propóleo Verde logra una potente acción descongestiva e hidratante. Es ideal para quienes buscan lograr una textura suave y un ""glass skin"" radiante.


Beneficios
Textura uniforme + glow: Cica Reedle trabaja como microagujas cosméticas que mejoran la absorción y dejan la piel más lisa y radiante.

Calma y refuerza: Centella Asiática + Centella 4X Complex reducen rojeces y ayudan a reparar la piel sensible.

Hidratación profunda: Triple Ácido Hialurónico aporta agua en distintas capas de la piel para un efecto “plump”.

Escudo antioxidante: Extracto de Propóleo Verde protege contra irritaciones y da vitalidad al rostro.

Efecto glass skin: cutis con brillo saludable, uniforme y con más elasticidad.

Tipo de piel

Todo tipo, anti age

Paso de la rutina

Paso anterior: Limpieza

SERUM: Trata preocupaciones específicas como manchas, arrugas, deshidratación o sensibilidad.

Paso siguiente: Crema hidratante

Modo de uso

1. Después de la limpieza nocturna, aplica una cantidad adecuada en todo el rostro, excluyendo las áreas de los ojos y la boca, y masajea suavemente para su absorción. 

2. Una vez que el sérum se haya absorbido, aplica una fórmula hidratante para finalizar tu rutina.

Empezar con una o dos veces por semana para acostumbrar la piel y aumentar frecuencia según tolerancia. Máximo una vez al día. 

IMPORTANTE: Es natural sentir un ligero hormigueo durante el uso, puede variar según la cantidad aplicada. 

Ingredientes: Water, Dipropylene Glycol, Glycerin, Niacinamide, Butylene Glycol, Macadamia Ternifolia Seed Oil, 1,2-Hexanediol, Ethylhexyl Palmitate, Sodium Polyacrylate, Sodium Acrylate/Sodium Acryloyldimethyl Taurate Copolymer, Polyisobutene, Silica, Glycereth-26, Caprylyl Glycol, Ethylhexylglycerin, Adenosine, Sodium Hyaluronate, Caprylyl/Capryl Glucoside, Sorbitan Oleate, Centella Asiatica Extract, Xanthan Gum, Propolis Extract, Asiaticoside, Asiatic Acid, Madecassic Acid, Madecassoside, Glycine, Serine, Glutamic Acid, Aspartic Acid, Leucine, Alanine, Lysine, Arginine, Tyrosine, Phenylalanine, Proline, Threonine, Valine, Isoleucine, Histidine, Cysteine, Methionine.

50ml

Precauciones

Sólo para uso externo. Evitar el contacto directo con los ojos. Si se produce contacto, enjuague bien con agua. Ante cualquier síntoma adverso discontinuar su uso y consultar con un médico. Mantener fuera del alcance de los niños. Almacenar lejos de la luz solar directa. Realizar una prueba de parche antes de usar, especialmente para piel sensible o propensa a alergias u otros problemas cutáneos. La intensidad del hormigueo varía según el tipo y condición de piel.",14688,https://acdn-us.mitiendanube.com/stores/324/065/products/reedle-shot-300-1-8d3e7ba96f6ece6e2117588303681339-640-0.webp
14691,ALTA,VT COSMETICS Sérum con Microagujas Reedle Shot 50 Intensidad 50 50 ml,8809559626196,VT COSMETICS,"Este potente serum de intensidad 50 retexturizante contiene Cica Reedle, micropartículas 14 veces más finas que los poros, que estimulan delicadamente la piel para maximizar la absorción de activos y unificar la iluminación y textura. Su fórmula está enriquecida con Centella Asiática y Extracto de Aloe Vera para disminuir rojeces, aliviar la piel y promover la producción de colágeno. Además, está infundido con Aquaporina y Astaxantina para hidratar intensamente, añadir vitalidad y energía. Ideal para todo tipo de piel. Deja el cutis revitalizado y con una apariencia más uniforme. 

Beneficios

Textura uniforme + glow: Cica Reedle trabaja como microagujas cosméticas que mejoran la absorción y dejan la piel más lisa y radiante.
Calma y refuerza: Centella Asiática + Centella 4X Complex reducen rojeces y ayudan a reparar la piel sensible.
Hidratación profunda: Triple Ácido Hialurónico aporta agua en distintas capas de la piel para un efecto “plump”.
Escudo antioxidante: Extracto de Propóleo Verde protege contra irritaciones y da vitalidad al rostro.
Efecto glass skin: cutis con brillo saludable, uniforme y con más elasticidad.

Todo tipo piel, anti age.

Paso de Rutina
Paso anterior: Limpieza

SERUM: Trata preocupaciones específicas como manchas, arrugas, deshidratación o sensibilidad.

Paso siguiente: Crema hidratante

Modo de uso

1. Después de la limpieza nocturna, aplica una cantidad adecuada en todo el rostro, excluyendo las áreas de los ojos y la boca, y masajea suavemente para su absorción. 

2. Una vez que el sérum se haya absorbido, aplica una fórmula hidratante para finalizar tu rutina.

Empezar con una o dos veces por semana para acostumbrar la piel y aumentar frecuencia según tolerancia. Máximo una vez al día. 

IMPORTANTE: Es natural sentir un ligero hormigueo durante el uso, puede variar según la cantidad aplicada. 

Ingredientes: Water, Dipropylene Glycol, Glycerin, Niacinamide, Butylene Glycol, Macadamia Ternifolia Seed Oil, 1,2-Hexanediol, Ethylhexyl Palmitate, Sodium Polyacrylate, Sodium Acrylate/Sodium Acryloyldimethyl Taurate Copolymer, Polyisobutene, Glycereth-26, Silica, Caprylyl Glycol, Ethylhexylglycerin, Adenosine, Sodi um Hyaluronate, Caprylyl/Capryl Glucoside, Sorbitan Oleate, Centella Asiatica Extract, Glyceryl Glucoside, Xanthan Gum, Aloe Barbadensis Leaf Extract, Astaxanthin, Glucose, Propolis Extract, Asiaticoside, Asiatic Acid, Madecassic Acid, Madecassoside

50ml

Precauciones

Sólo para uso externo. Evitar el contacto directo con los ojos. Si se produce contacto, enjuague bien con agua. Ante cualquier síntoma adverso discontinuar su uso y consultar con un médico. Mantener fuera del alcance de los niños. Almacenar lejos de la luz solar directa. Realizar una prueba de parche antes de usar, especialmente para piel sensible o propensa a alergias u otros problemas cutáneos. La intensidad del hormigueo varía según el tipo y condición de piel.",14691,
14693,ALTA,VT COSMETICS Contorno de Ojos Reafirmante Reedle Shot con Microagujas 15 ml,8809695679544,VT COSMETICS,"Esta crema para ojos con CICA REEDLE™, micropartículas 14 veces más finas que los poros, que estimulan delicadamente la piel para maximizar la absorción de colágeno, ácido hialurónico y péptidos, que reafirman, hidratan y reducen los signos del envejecimiento. La niacinamida combate las ojeras, y el aplicador metálico vibratorio potencia la eficacia para un efecto lifting, revitalizante y luminoso. 

Ingredientes principales

CICA REEDLE™: microagujitas 14x más finas que tus poros, estimulan la piel y hacen que absorba mejor todos los activos.
Colágeno + Ácido Hialurónico + Péptidos: reafirman, hidratan y devuelven elasticidad, para un contorno suave como porcelana.
Niacinamida: despídete de las ojeras y dale luz a tu mirada.
Madecassoside + Aloe Vera: alivio y reparación al instante, calma y frescura asegurada.
Aplicador metálico vibratorio: masajea, descongestiona y aporta un efecto lifting glow (como si tus ojos estuvieran listos para el escenario).

Tipo de piel

Todo tipo, anti age

Paso de Rutina
CONTORNO DE OJOS: Hidrata profundamente, reduce las líneas de expresión y fortalece la piel.

Modo de Uso

1. Luego de la limpieza nocturna, aplicar el producto en el contorno de ojos, comisuras de los labios o entrecejo, presionando el tubo.

2. Usar la punta metálica vibratoria y masajear suavemente con movimientos circulares hasta su completa absorción.

Emplear protector solar durante el día.

Ingredientes: Water, Niacinamide, Glycerin, Propanediol, 1,2-Hexanediol, Caprylic/Capric Triglyceride, Glyceryl Polymethacrylate, Squalane, Panthenol, Bisabolol, Tromethamine, Ammonium Acryloyldimethyltaurate/ VP Copolymer, Carbomer, Acrylates/C10-30 Alkyl Acrylate Crosspolymer, Xanthan Gum, Ethylhexylglycerin, Adenosine, Butylene Glycol, Disodium EDTA, Pantolactone, Coptis Japonica Root Extract, Tocopherol, Centella Asiatica Extract, Ferulic Acid, Sodium Hyaluronate, Beta-Glucan, Eriobotrya Japonica Leaf Extract, Hydrogenated Lecithin, Polyglyceryl-10 Stearate, Ascorbic Acid, Mentha Viridis (Spearmint) Extract, Sodium Ascorbyl Phosphate, Biotin, Folic Acid, Pyridoxine, Glutathione, Silica, Glycine Soja (Soybean) Oil, Asiatic Acid, Asiaticoside, Madecassic Acid, Madecassoside, Propolis Extract, Cyanocobalamin, Retinol, Beta-Carotene, Inositol, Linoleic Acid, Riboflavin, Thiamine, HCl.",14693,https://drive.google.com/file/d/18RFeFhd9_Gfqx8oAujfrFe3_1QenvepU/view
23141,ALTA,VT COSMETICS Labial Voluminizador Reedle Shot Lip Plumper Beginner Acabado Glossy 3.3 g,8803463006518,VT COSMETICS,"Gloss fluido de la categoría de cuidado labial para el tipo de tratamiento voluminizador inicial e hidratante en la zona de los labios. Formulado con Extracto de Centella Asiática, Aceite de Jojoba y Ácido Hialurónico, ofrece el beneficio visible de unos labios con volumen natural, hidratados y suaves de forma inmediata tras su aplicación. Diseñado para todo tipo de piel, especialmente para quienes inician en el uso de productos voluminizadores y buscan un efecto sutil sin irritación excesiva.

Detalles del Producto

Tipo de piel: Todo tipo de piel, ideal para quienes buscan su primer voluminizador.

Función cosmética: Voluminizador labial de baja intensidad (plumper), hidratación y suavidad.

Textura (Vehículo): Gel fluido brillante y confortable que se desliza suavemente sobre los labios.

Efecto en el cuidado de la piel: Mejora la textura de los labios secos, aporta un brillo jugoso y define levemente el contorno labial.

Porque elegirlo

Iniciación Perfecta: A diferencia de las versiones intensas, el nivel Beginner ofrece una sensación de hormigueo suave y tolerable, ideal para quienes tienen labios sensibles o nunca han usado un plumper.
Hidratación Dual: Combina el poder del Ácido Hialurónico para retener humedad con el Aceite de Jojoba para nutrir profundamente, evitando que los labios se agrieten.
Efecto Visual Inmediato: Gracias a su acabado gloss de alta refracción, los labios se ven ópticamente más llenos y lisos desde el primer segundo.
Cuidado Botánico: No solo da volumen; su fórmula incluye ingredientes derivados de la Centella Asiática para reparar la barrera de la piel labial.

Porque lo amamos (Eficacia y Resultados)

Es el favorito para el uso diario por su equilibrio entre cuidado y estética:

97% de los usuarios primerizos reportan que la sensación de calor es cómoda y desaparece rápidamente, dejando los labios muy suaves.
95% de las opiniones en portales de belleza destacan que es excelente como base antes del labial, ya que rellena las líneas finas.
90% de satisfacción respecto a la hidratación, mencionando que se siente como un tratamiento nutritivo más que como un simple brillo.

Testimonio destacado: Me daba miedo usar voluminizadores por el ardor, pero esta versión Beginner es perfecta. Sientes un frescor suave y mis labios se ven mucho más jugosos y sanos. No puedo salir sin él.


Beneficios

Volumen Natural: Define los labios de forma sutil y elegante.

Suavidad Extrema: Elimina la apariencia de labios resecos y escamosos.

Brillo Saludable: Acabado de cristal que realza el color natural de la piel.

Reparación Continua: Sus extractos botánicos trabajan para mantener la salud labial a largo plazo.


Modo de uso

Aplica una capa generosa sobre los labios limpios y secos.

Para un resultado óptimo, espera entre 2 y 3 minutos antes de aplicar tu labial de color habitual.

Utilízalo regularmente para mantener la hidratación y potenciar el efecto voluminizador.

Cuidado y precauciones

Es normal sentir un ligero hormigueo o sensación de calor al inicio; esto indica que los activos están estimulando la circulación en el área.

Solo para uso externo en los labios.

No aplicar sobre piel irritada o con heridas abiertas.

En caso de presentar una reacción alérgica persistente, retire el producto y suspenda su uso.

Mantener en un lugar fresco y alejado del alcance de los niños.

Ingredientes Estrella:

Centella Asiática Extract: Conocida por sus propiedades regeneradoras y calmantes, ayuda a proteger la piel sensible de los labios de las agresiones externas.

Sodium Hyaluronate: Una forma de Ácido Hialurónico que penetra fácilmente para hidratar y dar un aspecto de relleno inmediato por hidratación.

Simmondsia Chinensis (Jojoba) Seed Oil: Un aceite vegetal que imita el sebo natural humano, proporcionando una nutrición intensa sin sensación pesada.

Listado INCI (Ingredientes): Hydrogenated Polyisobutene, Polyglyceryl-2 Triisostearate, Diisostearyl Malate, Dimer Dilinoleyl Diisostearate, Phytosteryl/Isostearyl/Cetyl /Stearyl/Behenyl Dimer Dilinoleate, Menthyl Lactate, Sorbitan Isostearate, Vanillyl Butyl Ether, Silica, Tocopheryl Acetate, Simmondsia Chinensis (Jojoba) Seed Oil, Caprylic/Capric Triglyceride, Centella Asiática Extract, Water, Butylene Glycol, 1,2-Hexanediol, Sodium Hyaluronate, Anemarrhena Asphodeloides Root Extract, Madecassic Acid, Asiatic Acid, Madecassoside, Asiaticoside, Propolis Extract, Fragrance.",23141,https://acdn-us.mitiendanube.com/stores/324/065/products/8803463006518-87636c0130c161775d17730795403134-640-0.webp
23045,ALTA,VT COSMETICS Voluminizador de Labios Reedle Shot Lip Plumper,8803463008567,VT COSMETICS,"Este potente serum de intensidad 50 retexturizante contiene Cica Reedle, micropartículas 14 veces más finas que los poros, que estimulan delicadamente la piel para maximizar la absorción de activos y unificar la iluminación y textura. Su fórmula está enriquecida con Centella Asiática y Extracto de Aloe Vera para disminuir rojeces, aliviar la piel y promover la producción de colágeno. Además, está infundido con Aquaporina y Astaxantina para hidratar intensamente, añadir vitalidad y energía. Ideal para todo tipo de piel. Deja el cutis revitalizado y con una apariencia más uniforme. 

Beneficios
Textura uniforme + glow: Cica Reedle trabaja como microagujas cosméticas que mejoran la absorción y dejan la piel más lisa y radiante.
Calma y refuerza: Centella Asiática + Centella 4X Complex reducen rojeces y ayudan a reparar la piel sensible.
Hidratación profunda: Triple Ácido Hialurónico aporta agua en distintas capas de la piel para un efecto “plump”.
Escudo antioxidante: Extracto de Propóleo Verde protege contra irritaciones y da vitalidad al rostro.
Efecto glass skin: cutis con brillo saludable, uniforme y con más elasticidad.


Tipo de Piel
Todo tipo piel, anti age.
Paso de Rutina
Paso anterior: Limpieza
SERUM: Trata preocupaciones específicas como manchas, arrugas, deshidratación o sensibilidad.
Paso siguiente: Crema hidratante

Modo de uso
1. Después de la limpieza nocturna, aplica una cantidad adecuada en todo el rostro, excluyendo las áreas de los ojos y la boca, y masajea suavemente para su absorción. 

2. Una vez que el sérum se haya absorbido, aplica una fórmula hidratante para finalizar tu rutina.

Empezar con una o dos veces por semana para acostumbrar la piel y aumentar frecuencia según tolerancia. Máximo una vez al día. 

IMPORTANTE: Es natural sentir un ligero hormigueo durante el uso, puede variar según la cantidad aplicada. 


Ingredientes: Water, Dipropylene Glycol, Glycerin, Niacinamide, Butylene Glycol, Macadamia Ternifolia Seed Oil, 1,2-Hexanediol, Ethylhexyl Palmitate, Sodium Polyacrylate, Sodium Acrylate/Sodium Acryloyldimethyl Taurate Copolymer, Polyisobutene, Glycereth-26, Silica, Caprylyl Glycol, Ethylhexylglycerin, Adenosine, Sodi um Hyaluronate, Caprylyl/Capryl Glucoside, Sorbitan Oleate, Centella Asiatica Extract, Glyceryl Glucoside, Xanthan Gum, Aloe Barbadensis Leaf Extract, Astaxanthin, Glucose, Propolis Extract, Asiaticoside, Asiatic Acid, Madecassic Acid, Madecassoside

50ml

Precauciones
Sólo para uso externo. Evitar el contacto directo con los ojos. Si se produce contacto, enjuague bien con agua. Ante cualquier síntoma adverso discontinuar su uso y consultar con un médico. Mantener fuera del alcance de los niños. Almacenar lejos de la luz solar directa. Realizar una prueba de parche antes de usar, especialmente para piel sensible o propensa a alergias u otros problemas cutáneos. La intensidad del hormigueo varía según el tipo y condición de piel.",23045,https://acdn-us.mitiendanube.com/stores/324/065/products/reedle-shot-50-1-f7d3c4cae7778b556d17588292028444-640-0.webp
23151,ALTA,VT COSMETICS Labial Voluminizador Reedle Shot Lip Plumper Expert Alta Eficacia 3.3 g,8803463006501,VT COSMETICS,"Gloss fluido de la categoría de cuidado labial para el tipo de tratamiento voluminizador y regenerador en la zona de los labios. Formulado con Extracto de Centella Asiática, Ácido Hialurónico y Extracto de Raíz de Anemarrhena Asphodeloides, ofrece el beneficio visible de unos labios con mayor volumen, hidratados y de textura suave de forma inmediata tras su aplicación. Diseñado para todo tipo de piel, especialmente para quienes buscan un efecto de relleno (plumping) avanzado y duradero.

Detalles del Producto

Tipo de piel: Todo tipo de piel.
Función cosmética: Voluminizador labial (plumping), hidratación intensiva y calma cutánea.
Textura (Vehículo): Gel fluido brillante de alta adherencia sin sensación excesivamente pegajosa.
Efecto en el cuidado de la piel: Mejora la elasticidad de los labios, redefine el contorno y aporta un brillo radiante.

Porque elegirlo

Tecnología Expert Plumping: A diferencia de los voluminizadores convencionales, esta versión Expert utiliza una combinación avanzada de agentes térmicos y botánicos para maximizar el volumen de manera segura.
Cuidado Reedle Shot: Incorpora la filosofía de VT Cosmetics para mejorar la penetración de los activos, asegurando que los componentes hidratantes como el ácido hialurónico lleguen donde más se necesitan.
Efecto de Relleno Natural: Contiene extracto de raíz de Anemarrhena Asphodeloides, un ingrediente conocido en la cosmética coreana por ayudar a mejorar la densidad y el volumen de la piel de forma progresiva.
Nutrición Profunda: No solo aporta volumen; su base de aceites de jojoba y vitamina E cuida la delicada piel de los labios, evitando la descamación.

Porque lo amamos (Eficacia y Resultados)

Es el producto ideal para conseguir unos labios con más cuerpo y definición sin procedimientos invasivos:

98% de los usuarios en plataformas de K-Beauty reportan un aumento visible en el volumen labial a los pocos minutos de la aplicación.
96% de las opiniones en sitios web de reseñas destacan la suavidad extrema que deja en los labios incluso después de retirar el producto.
91% de satisfacción respecto a la duración del efecto brillante y la mejora en la textura de las líneas finas de los labios.

Testimonio destacado: He probado muchos voluminizadores, pero este nivel Expert de VT es otro nivel. Sientes un cosquilleo activo y al instante mis labios se ven más llenos y con un color natural precioso. Es perfecto para usar antes de mi labial favorito.

Beneficios
Volumen Inmediato: Define y rellena la apariencia de los labios en minutos.

Hidratación Dual: Retiene la humedad gracias al ácido hialurónico y al aceite de jojoba.

Calma y Repara: Gracias al complejo de centella asiática (Madecassoside, Asiaticoside), ayuda a mantener los labios sanos.

Acabado Profesional: Proporciona un brillo tipo espejo que hace que los labios luzcan más jóvenes.

Modo de uso

Aplica una capa generosa sobre los labios limpios y secos.
Para obtener los mejores resultados, espera de 2 a 3 minutos para que los activos voluminizadores actúen antes de aplicar cualquier color o labial.

Utilízalo regularmente para mantener y mejorar el efecto de relleno a largo plazo.
Cuidado y precauciones

Es normal experimentar una sensación de hormigueo o calor intenso durante los primeros minutos; es la señal de que los activos voluminizadores están trabajando.
Solo para uso externo en el área de los labios.
No aplicar sobre piel irritada, con cortes o con herpes labial activo.
Si la irritación persiste o es excesiva, retire el producto y suspenda su uso.
Mantener en un lugar fresco y fuera del alcance de los niños.

Ingredientes Estrella:
Centella Asiática Extract: Un complejo regenerador (que incluye Madecassoside y Ácido Asiático) encargado de calmar la piel y fortalecer la barrera de los labios.
Sodium Hyaluronate: Atrae la humedad a la superficie labial, proporcionando un efecto de relleno por hidratación y suavizando las arrugas finas.
Anemarrhena Asphodeloides Root Extract: Un extracto botánico clave que ayuda a dar una apariencia de mayor volumen y densidad a los tejidos.


Listado INCI (Ingredientes): Hydrogenated Polyisobutene, Polyglyceryl-2 Triisostearate, Diisostearyl Malate, Dimer Dilinoleyl Diisostearate, Phytosteryl/Isostearyl/Cetyl/Stearyl/Behenyl Dimer Dilinoleate, Menthyl Lactate, Vanillyl Butyl Ether, Sorbitan Isostearate, Silica, Centella Asiatica Extract, Tocopheryl Acetate, Simmondsia Chinensis (Jojoba) Seed Oil, Caprylic/Capric Triglyceride, Water, Butylene Glycol, 1,2-Hexanediol, Sodium Hyaluronate, Anemarrhena Asphodeloides Root Extract, Madecassic Acid, Asiatic Acid, Madecassoside, Asiaticoside, Propolis Extract, Fragrance.",23151,"https://drive.google.com/file/d/1nSk803swQHbvdHJ6cVxwOVp32hYTI9Sb/view
https://drive.google.com/file/d/1lw1cYW5mdLn83ubltYzr44NVPL6J3495/view
https://drive.google.com/file/d/1TMDwN70yu_aUpDpBEyjjwBaZZRPX66zQ/view
https://drive.google.com/file/d/1q5Qx_ktqfbQyLHYa9w12VcWlkHVqW_zy/view
https://drive.google.com/file/d/14LuDSc9OAF8P1jZUFt9qu9a4hUtbzeFC/view
https://drive.google.com/file/d/1SSbZpg1pS6tOq58IftRaBxTrCblI92h_/view"
23049,ALTA,VT COSMETICS Reedle Shot Lip Plumper 3.3g - Labial Voluminizador con Cica Reedle y Ácido Hialurónico,8803463009373,VT COSMETICS,"Voluminizador de labios de la categoría de tratamiento y maquillaje híbrido para el tipo de tratamiento reafirmante y ultra hidratante en la zona de los labios. Formulado con tecnología Cica Reedle (micro-agujas naturales), Ácido Hialurónico y Aceite de Jojoba, ofrece el beneficio visible de unos labios más carnosos, definidos y con un brillo cristalino de forma inmediata. Diseñado para todo tipo de piel, ideal para quienes buscan el efecto de un procedimiento estético con la suavidad de un gloss nutritivo.


Detalles del Producto

Tipo de piel: Todo tipo de piel.
Función cosmética: Voluminizador labial de alto brillo con tratamiento reparador.
Textura (Vehículo): Gloss fundente, ligero y no pegajoso que se desliza suavemente sobre la piel.
Efecto en el cuidado de la piel: Mejora la microcirculación para un volumen real, suaviza la textura rugosa y aporta una hidratación profunda que previene la descamación.
Porque elegirlo

Tecnología Reedle Shot: Inspirado en el microneedling, utiliza micro-estímulos naturales para facilitar la absorción de activos y potenciar el volumen desde el interior.
Acabado Multidimensional: Ya sea con partículas de glitter rosa y dorado o con el viral tono ""bunny tongue"", logra una superficie lisa que refleja la luz intensamente.
Cuidado y Belleza: No es solo un brillo; su fórmula con Vitamina E y extractos botánicos actúa como un tratamiento antiedad para el contorno de los labios.
Versatilidad Total: Su textura equilibrada permite usarlo como paso final del maquillaje o solo para un look natural, saludable y lleno de luz.

Porque lo amamos (Eficacia y Resultados)

Es el favorito por su capacidad de dar resultados visibles sin la irritación agresiva de otros voluminizadores:

98% de los usuarios notan los labios más suaves y las líneas finas difuminadas tras la primera aplicación.

95% de las opiniones resaltan que el brillo es superior a cualquier gloss convencional, con un efecto ""espejo"" duradero.

92% de satisfacción con la sensación de hormigueo suave, indicando una activación efectiva del volumen sin dolor.

Testimonio destacado: El acabado Usagi Pink es el rosa perfecto; deja mis labios con ese aspecto jugoso y saludable que dura horas sin sentirse pegajoso.

Beneficios por Variante

Twinkle (Crystal Shimmer): Un acabado festivo con destellos rosas y dorados que capturan la luz, ideal para labios que quieren ser el centro de atención.

Usagi Pink (Bunny Tongue): El tono tendencia que recrea la luminosidad natural y juvenil de los labios con un sutil velo rosado y brillo intenso.


Modo de uso

Aplica una capa generosa sobre los labios limpios y secos.

Espera unos segundos para sentir el suave efecto térmico/cosquilleo que indica la activación de la tecnología Reedle Shot.

Puedes reaplicar sobre tu labial favorito para añadir una dimensión 3D y extra de hidratación.

Cuidado y precauciones

Es normal experimentar una ligera sensación de hormigueo debido a los activos voluminizadores.
No aplicar sobre piel lastimada o con irritaciones graves.
Mantener alejado de la luz solar directa para preservar los aceites nutritivos.

Ingredientes Estrella
Cica Reedle: Micro-partículas minerales que estimulan la piel para mejorar la elasticidad y la absorción de los nutrientes.
Ácido Hialurónico: Atrae y retiene la humedad, rellenando visualmente las líneas de expresión de los labios.
Aceite de Jojoba & Vitamina E: Una combinación potente que sella la hidratación y protege la piel contra el estrés oxidativo.

Listado INCI (Unificado): Hydrogenated Polyisobutene, Diisostearyl Malate, Caprylic/Capric Triglyceride, Silica Dimethyl Silylate, Silica, Sorbitan Isostearate, 1,2-Hexanediol, Synthetic Fluorphlogopite, Vanillyl Butyl Ether, Titanium Dioxide (CI 77891), Fragrance, Tocopheryl Acetate, Simmondsia Chinensis (Jojoba) Seed Oil, Sodium Hyaluronate, Centella Asiatica Extract, Silica (Cica Reedle), [+/- Red 7 Lake (CI 15850), Red 27 (CI 45410), Iron Oxides, Tin Oxide].",23049,"https://drive.google.com/file/d/1EJ7eSpO_DdR0-j_znCYbD3W16fbKb4jm/view
https://drive.google.com/file/d/1utPu5CG7Z_LeZbDdHWetW12EUCLJMO9O/view
https://drive.google.com/file/d/1vUNbgV0Cw7zU1TpIunlWIrE3cOz5iM7S/view
https://drive.google.com/file/d/1qy4ZAsd8iba0-p0j5fXnYGS_laRJHRAN/view
https://drive.google.com/file/d/1j9YdBFGs_xeigN7yt0-Tpg4T9P--Lkn9/view
https://drive.google.com/file/d/1Z6bKb57eecbyeTBnu2ZxMgLRdjlu6pNL/view"
23047,ALTA,VT COSMETICS Reedle Shot Lip Plumper 3.3g - Labial Voluminizador con Cica Reedle y Ácido Hialurónico,8803463008598,VT COSMETICS,"Voluminizador de labios de la categoría de tratamiento y maquillaje híbrido para el tipo de tratamiento reafirmante y ultra hidratante en la zona de los labios. Formulado con tecnología Cica Reedle (micro-agujas naturales), Ácido Hialurónico y Aceite de Jojoba, ofrece el beneficio visible de unos labios más carnosos, definidos y con un brillo cristalino de forma inmediata. Diseñado para todo tipo de piel, ideal para quienes buscan el efecto de un procedimiento estético con la suavidad de un gloss nutritivo.

Detalles del Producto

Tipo de piel: Todo tipo de piel.

Función cosmética: Voluminizador labial de alto brillo con tratamiento reparador.

Textura (Vehículo): Gloss fundente, ligero y no pegajoso que se desliza suavemente sobre la piel.

Efecto en el cuidado de la piel: Mejora la microcirculación para un volumen real, suaviza la textura rugosa y aporta una hidratación profunda que previene la descamación.

Porque elegirlo

Tecnología Reedle Shot: Inspirado en el microneedling, utiliza micro-estímulos naturales para facilitar la absorción de activos y potenciar el volumen desde el interior.
Acabado Multidimensional: Ya sea con partículas de glitter rosa y dorado o con el viral tono ""bunny tongue"", logra una superficie lisa que refleja la luz intensamente.
Cuidado y Belleza: No es solo un brillo; su fórmula con Vitamina E y extractos botánicos actúa como un tratamiento antiedad para el contorno de los labios.
Versatilidad Total: Su textura equilibrada permite usarlo como paso final del maquillaje o solo para un look natural, saludable y lleno de luz.


Porque lo amamos (Eficacia y Resultados)

Es el favorito por su capacidad de dar resultados visibles sin la irritación agresiva de otros voluminizadores:
98% de los usuarios notan los labios más suaves y las líneas finas difuminadas tras la primera aplicación.
95% de las opiniones resaltan que el brillo es superior a cualquier gloss convencional, con un efecto ""espejo"" duradero.
92% de satisfacción con la sensación de hormigueo suave, indicando una activación efectiva del volumen sin dolor.

Testimonio destacado: El acabado Usagi Pink es el rosa perfecto; deja mis labios con ese aspecto jugoso y saludable que dura horas sin sentirse pegajoso.

Beneficios por Variante

Twinkle (Crystal Shimmer): Un acabado festivo con destellos rosas y dorados que capturan la luz, ideal para labios que quieren ser el centro de atención.
Usagi Pink (Bunny Tongue): El tono tendencia que recrea la luminosidad natural y juvenil de los labios con un sutil velo rosado y brillo intenso.

Modo de uso

Aplica una capa generosa sobre los labios limpios y secos.
Espera unos segundos para sentir el suave efecto térmico/cosquilleo que indica la activación de la tecnología Reedle Shot.
Puedes reaplicar sobre tu labial favorito para añadir una dimensión 3D y extra de hidratación.

Cuidado y precauciones

Es normal experimentar una ligera sensación de hormigueo debido a los activos voluminizadores.
No aplicar sobre piel lastimada o con irritaciones graves.
Mantener alejado de la luz solar directa para preservar los aceites nutritivos.

Ingredientes Estrella

Cica Reedle: Micro-partículas minerales que estimulan la piel para mejorar la elasticidad y la absorción de los nutrientes.
Ácido Hialurónico: Atrae y retiene la humedad, rellenando visualmente las líneas de expresión de los labios.
Aceite de Jojoba & Vitamina E: Una combinación potente que sella la hidratación y protege la piel contra el estrés oxidativo.

Listado INCI (Unificado): Hydrogenated Polyisobutene, Diisostearyl Malate, Caprylic/Capric Triglyceride, Silica Dimethyl Silylate, Silica, Sorbitan Isostearate, 1,2-Hexanediol, Synthetic Fluorphlogopite, Vanillyl Butyl Ether, Titanium Dioxide (CI 77891), Fragrance, Tocopheryl Acetate, Simmondsia Chinensis (Jojoba) Seed Oil, Sodium Hyaluronate, Centella Asiatica Extract, Silica (Cica Reedle), [+/- Red 7 Lake (CI 15850), Red 27 (CI 45410), Iron Oxides, Tin Oxide].",23047,https://acdn-us.mitiendanube.com/stores/324/065/products/8803463008598-eac78fe487f3e6c4c517730791767036-640-0.webp
23048,ALTA,VT COSMETICS Reedle Shot Lip Plumper 3.3g - Labial Voluminizador con Cica Reedle y Ácido Hialurónico,8803463009366,VT COSMETICS,"Voluminizador de labios de la categoría de tratamiento y maquillaje híbrido para el tipo de tratamiento reafirmante y ultra hidratante en la zona de los labios. Formulado con tecnología Cica Reedle (micro-agujas naturales), Ácido Hialurónico y Aceite de Jojoba, ofrece el beneficio visible de unos labios más carnosos, definidos y con un brillo cristalino de forma inmediata. Diseñado para todo tipo de piel, ideal para quienes buscan el efecto de un procedimiento estético con la suavidad de un gloss nutritivo.

Tipo de piel: Todo tipo de piel.

Función cosmética: Voluminizador labial de alto brillo con tratamiento reparador.

Textura (Vehículo): Gloss fundente, ligero y no pegajoso que se desliza suavemente sobre la piel.

Efecto en el cuidado de la piel: Mejora la microcirculación para un volumen real, suaviza la textura rugosa y aporta una hidratación profunda que previene la descamación.


Porque elegirlo

Tecnología Reedle Shot: Inspirado en el microneedling, utiliza micro-estímulos naturales para facilitar la absorción de activos y potenciar el volumen desde el interior.
Acabado Multidimensional: Ya sea con partículas de glitter rosa y dorado o con el viral tono ""bunny tongue"", logra una superficie lisa que refleja la luz intensamente.
Cuidado y Belleza: No es solo un brillo; su fórmula con Vitamina E y extractos botánicos actúa como un tratamiento antiedad para el contorno de los labios.
Versatilidad Total: Su textura equilibrada permite usarlo como paso final del maquillaje o solo para un look natural, saludable y lleno de luz.


Porque lo amamos (Eficacia y Resultados)

Es el favorito por su capacidad de dar resultados visibles sin la irritación agresiva de otros voluminizadores:
98% de los usuarios notan los labios más suaves y las líneas finas difuminadas tras la primera aplicación.
95% de las opiniones resaltan que el brillo es superior a cualquier gloss convencional, con un efecto ""espejo"" duradero.
92% de satisfacción con la sensación de hormigueo suave, indicando una activación efectiva del volumen sin dolor.

Testimonio destacado: El acabado Usagi Pink es el rosa perfecto; deja mis labios con ese aspecto jugoso y saludable que dura horas sin sentirse pegajoso.

Beneficios por Variante
Twinkle (Crystal Shimmer): Un acabado festivo con destellos rosas y dorados que capturan la luz, ideal para labios que quieren ser el centro de atención.
Usagi Pink (Bunny Tongue): El tono tendencia que recrea la luminosidad natural y juvenil de los labios con un sutil velo rosado y brillo intenso.

Modo de uso

Aplica una capa generosa sobre los labios limpios y secos.
Espera unos segundos para sentir el suave efecto térmico/cosquilleo que indica la activación de la tecnología Reedle Shot.
Puedes reaplicar sobre tu labial favorito para añadir una dimensión 3D y extra de hidratación.

Cuidado y precauciones

Es normal experimentar una ligera sensación de hormigueo debido a los activos voluminizadores.
No aplicar sobre piel lastimada o con irritaciones graves.
Mantener alejado de la luz solar directa para preservar los aceites nutritivos.

Ingredientes Estrella

Cica Reedle: Micro-partículas minerales que estimulan la piel para mejorar la elasticidad y la absorción de los nutrientes.
Ácido Hialurónico: Atrae y retiene la humedad, rellenando visualmente las líneas de expresión de los labios.
Aceite de Jojoba & Vitamina E: Una combinación potente que sella la hidratación y protege la piel contra el estrés oxidativo.

Ingredientes: Hydrogenated Polyisobutene, Diisostearyl Malate, Caprylic/Capric Triglyceride, Silica Dimethyl Silylate, Silica, Sorbitan Isostearate, 1,2-Hexanediol, Synthetic Fluorphlogopite, Vanillyl Butyl Ether, Titanium Dioxide (CI 77891), Fragrance, Tocopheryl Acetate, Simmondsia Chinensis (Jojoba) Seed Oil, Sodium Hyaluronate, Centella Asiatica Extract, Silica (Cica Reedle), [+/- Red 7 Lake (CI 15850), Red 27 (CI 45410), Iron Oxides, Tin Oxide].",23048,https://acdn-us.mitiendanube.com/stores/324/065/products/8803463009373_1_rose_berry-c49b2c58054193303917768712529692-640-0.webp
14697,ALTA,VT COSMETICS Sérum con Retinol y Microagujas Reti-A Reedle Shot 100 50 ml,8803463006396,VT COSMETICS,,14697,https://drive.google.com/file/d/1hHn3GvPc3jHIvz2e86VB-5uLnu70dYNX/view
8187,ALTA,VT COSMETICS Crema Facial Reafirmante Retinal Peptide Capsule 9 Péptidos y Niacinamida,8803463017880,VT COSMETICS,,8187,
8552,ALTA,VT COSMETICS Crema Facial Antiedad Retinal Pro 0.1 con PDRN EGF y NMN 20 ml,8803463019174,VT COSMETICS,"Crema facial de Vt Cosmetics formulado con retinol/retinal. retinol/retinal: estimula la renovación celular anti-edad. Marca coreana asociada a colaboraciones K-pop, reconocida por su línea Reedle Shot (microagujas) y Retinal Pro.",,No encontrado en carpetas de VT COSMETICS
14698,ALTA,VT COSMETICS VITA-LIGHT REEDLE SHOT 100 50ml Sérum Iluminador Vita-Light Reedle Shot 100 con Vitamina C 50 ml,8803463006402,VT COSMETICS,"Este potente serum retexturizante contiene Cica Reedle, micropartículas 14 veces más finas que los poros, que estimulan delicadamente la piel para maximizar la absorción de los activos. Su fórmula está enriquecida con cápsulas VITA que contienen 99% Vitamina C pura, potenciando la estabilidad y la eficacia para lograr una piel más clara y radiante. La sinergia con  5% de Vitamina B3 (Niacinamida), Vitamina E y MELAZERO®V2 proporciona intensos efectos hidratantes y aclarantes, mientras CICA HYALON complementa sus beneficios sumando alivio, suavidad e hidratación. 

Beneficios
Piel más luminosa: Las cápsulas VITA con 99% Vitamina C pura actúan directamente sobre la opacidad y las manchas, iluminando el tono desde la primera aplicación.
Efecto antimanchas y despigmentante: La Niacinamida al 5% reduce hiperpigmentación y marcas post-acné, logrando un tono uniforme.
Protección antioxidante: La Vitamina E potencia la acción de la Vitamina C, combatiendo radicales libres y previniendo el fotoenvejecimiento.
Acción aclarante intensiva: El complejo MELAZERO®V2 trabaja directamente sobre manchas oscuras y zonas con hiperpigmentación para aclarar visiblemente la piel.
Calma e hidratación profunda: El CICA HYALON aporta los beneficios de la Centella Asiática junto con Ácido Hialurónico para reparar, calmar y mantener la piel hidratada y suave.
Máxima absorción de activos: La tecnología Cica Reedle, con micropartículas 14 veces más finas que los poros, estimula suavemente la piel y mejora la penetración de todos los ingredientes.

Todo tipo de piel, Anti age


Paso de Rutina
Paso anterior: Limpieza
SERUM: Trata preocupaciones específicas como manchas, arrugas, deshidratación o sensibilidad.
Paso siguiente: Crema hidratante

Modo de Uso

1. Después de la limpieza nocturna, aplica una cantidad adecuada en todo el rostro, excluyendo las áreas de los ojos y la boca, y masajea suavemente para su absorción. 

2. Una vez que el sérum se haya absorbido, aplica una fórmula hidratante para finalizar tu rutina.

Empezar con una o dos veces por semana para acostumbrar la piel y aumentar frecuencia según tolerancia. Máximo una vez al día. 

IMPORTANTE: Es natural sentir un ligero hormigueo durante el uso, puede variar según la cantidad aplicada. 

Ingredientes: Water, Dipropylene Glycol, Glycerin, Niacinamide, Polyglycerin-3, Caprylic/Capric Triglyceride, 1,2-Hexanediol, Betaine, Sodium Carbomer, Ammonium Acryloyldimethyltaurate/VP Copolymer, Silica, Ethylhexylglycerin, Acrylates/C10-30 Alkyl

Acrylate Crosspolymer, C12-14 Alketh-12, Hydroxyethylcellulose, Caprylyl Glycol, Hydroxyacetophenone, Adenosine, Tromethamine, Butylene Glycol, Disodium EDTA, Melia Azadirachta Leaf Extract, Melia Azadirachta Flower Extract, Cyamopsis Tetragonoloba (Guar) Gum, Curcuma Longa (Turmeric) Root Extract, Agar, Xanthan Gum, Ubiquinone, Centella Asiatica Extract, Ocimum Sanctum Leaf Extract, Tocopherol, Ascorbic Acid, Glutathione, Hippophae Rhamnoides Fruit Oil, Hydrogenated Polydecene, Hippophae Rhamnoides Water, Propanediol, Corallina Ocinalis Extract, Polyglyceryl-10 Laurate, Astaxanthin, Hydrogenated Phosphatidylcholine, Disodium Phosphate, Polysorbate 60, Retinyl Palmitate, Eriobotrya Japonica Leaf Extract, Sodium Phosphate, Sodium Lauroyl Glutamate, Mentha Viridis (Spearmint) Extract, Sodium Hyaluronate, Propolis Extract, Ferulic Acid, Asiaticoside, Asiatic Acid, Madecassic Acid, Madecassoside. ",14698,https://acdn-us.mitiendanube.com/stores/324/065/products/vita-light-reedle-shot-100-1-0b316b26537268497217588312913755-640-0.webp
17070,ALTA,VT CONTORNO OJOS 2 unidades,,VT COSMETICS,,17070,https://drive.google.com/file/d/1UCsaEgXm6fpPSOgss4kWcOSihzqOyIiW/view
1451,ALTA,VT COSRX CONTORNO 2 unidades,,VT COSMETICS,,1451,https://drive.google.com/file/d/1UCsaEgXm6fpPSOgss4kWcOSihzqOyIiW/view
17068,ALTA,VT EXFOLIACION 2 unidades,,VT COSMETICS,,17068,https://drive.google.com/file/d/1UCsaEgXm6fpPSOgss4kWcOSihzqOyIiW/view
17008,ALTA,VT MIXSOON Sérum 2 unidades,,VT COSMETICS,,17008,https://drive.google.com/file/d/1UCsaEgXm6fpPSOgss4kWcOSihzqOyIiW/view
4146,ALTA,Vt Set Vt y Eqq y Ksec Ageing Bala,,VT COSMETICS,,4146,
20047,ALTA,BEK SET COLLAGEN Reafirmante,,VT COSMETICS,,20047,
20043,ALTA,Vt Eqqua Seoul Well-ageing Bal,,VT COSMETICS,,20043,
20016,ALTA,Vt Lifting Set Dúo y Glas Skin,,VT COSMETICS,,20016,
20048,ALTA,Vt Medic Celimax Lifting Renew,,VT COSMETICS,,20048,
20042,ALTA,Vt Reedle Power Set,,VT COSMETICS,,20042,
1474,BAJA,WAKEMAKE Bálsamo Labial en Barra Soft Blurring Tono 13 Bold Nude,8800316297437,WAKEMAKE,Bálsamo de Wakemake.,,"https://drive.google.com/file/d/1NZaRuRaC9djh3z3UkzQRlVybFT9zAS62/view
https://drive.google.com/file/d/1NEVuEPOtXpty9Jg-FLXed3hgLv98aiYO/view
https://drive.google.com/file/d/1iltlKDdc6gXxhr4n9kc8KRBoX3ksd3mq/view"
1242,BAJA,WAKEMAKE Bálsamo Labial en Barra Soft Blurring Tono 01 Love Fever,8800276319439,WAKEMAKE,Bálsamo de Wakemake.,,"https://drive.google.com/file/d/1wsVYVi8-8XOTob4xVOxxC_04EID6TyE0/view
https://drive.google.com/file/d/1bRnpRiu0lvsJOcUVnwqqkI4UY5H9-406/view
https://drive.google.com/file/d/1Rul9c0X2ji4c8zRvlUqEhzDqk8SmAQDf/view"
1378,BAJA,WAKEMAKE Bálsamo Labial en Barra Soft Blurring Tono 08 Maple Coral,8800276319507,WAKEMAKE,Bálsamo de Wakemake.,,"https://drive.google.com/file/d/1x3yuq01vx3M5ZfaifIvS3a--n6_mT_8i/view
https://drive.google.com/file/d/1h9yiRGpTRgrUN23vTeBlhG4e0yR5W5bH/view
https://drive.google.com/file/d/1Be1UjF1gJOEEYqe0vqxRzSPgDuhLEzri/view"
1312,BAJA,WAKEMAKE Bálsamo Labial en Barra Soft Blurring Tono 02 Milk Apricot,8800276319446,WAKEMAKE,Loción/leche hidratante de Wakemake.,,"https://drive.google.com/file/d/1Cf3HxiT_2Ytj7VIxyjAcOIbvispsuuBl/view
https://drive.google.com/file/d/1k3N7NchlFReNRnZ5B3vCH2RXn5o0ApcI/view
https://drive.google.com/file/d/1qoPpEizbGY2LnDsml3v8v3zHXWbKCxVR/view"
1322,BAJA,WAKEMAKE Bálsamo en Barra Difuminador Soft Blurring 04 Peach Bebe,8800276319460,WAKEMAKE,Bálsamo de Wakemake formulado con extracto de durazno. extracto de durazno: nutre y calma la piel.,,"https://drive.google.com/file/d/1IAX5Q-qdBRdq865KC5Gq0W3I61Izoe4i/view
https://drive.google.com/file/d/1c130b118DRGxUZF1qnAGrNPMp_KrKJCV/view
https://drive.google.com/file/d/1Si5caO3aw0Rma9Y-koqmCA_NcOsQ3waG/view"
1395,BAJA,WAKEMAKE Bálsamo Labial en Barra Soft Blurring Tono 11 Rose Bang,8800276319538,WAKEMAKE,Bálsamo de Wakemake.,,"https://drive.google.com/file/d/11htxUSk_E_fmJekKbSsrKDRpqXwbn-9k/view
https://drive.google.com/file/d/1q2eiQn2ay0YBDP_mFDsiXH1Jws-SPYyC/view
https://drive.google.com/file/d/1XWCS1HsuISRpSHlTIGVOBkBv7dfbpBcA/view"
1793,BAJA,WAKEMAKE Corrector Defining Cover Tono 13 Porcelain,8809639176870,WAKEMAKE,Completar,,"https://drive.google.com/file/d/1ZUgF9WfAlbFmwhIt_GNH_ZzGOy6wlF5y/view
https://drive.google.com/file/d/1mOAx7gTbsnWttctLz2Z0parhQJq1K3Oj/view"
1842,BAJA,WAKEMAKE Corrector Defining Cover Tono 20 Ivory,8809639176894,WAKEMAKE,Completar,,"https://drive.google.com/file/d/1Hx_zRjN_5RrKXcM1GdD6KeIpWDLo1ImO/view
https://drive.google.com/file/d/1xZuIZqUKrNcah7sGT5Ld1L3kqRge2b1O/view"
1949,BAJA,WAKEMAKE Corrector Defining Cover Tono 23 Natural Beige,8809639176931,WAKEMAKE,Completar,,"https://drive.google.com/file/d/14xibzZSy5XbNb8wDdXsZ8HsNjzUG98tw/view
https://drive.google.com/file/d/12BIzsJR8UqAdJi5_NZzWnjE-rV8875T8/view"
1495,BAJA,WAKEMAKE Paleta de Sombras Soft Blurring Tono 02 Lively Blurring,8809864769021,WAKEMAKE,Completar,,"https://drive.google.com/file/d/189W_4TNfpRPcDHyNVXKepBCbeccevJz4/view
https://drive.google.com/file/d/1ZmN72b5n3foEFaMqs81buB-Sc3oW4SYC/view
https://drive.google.com/file/d/1mefpPJfVrC_DytvJZeHkHm7sUYZ5I0Pm/view"
1518,BAJA,WAKEMAKE Paleta de Sombras Soft Blurring Tono 26 Mute Rose Blurring,8800316291787,WAKEMAKE,Completar,,"https://drive.google.com/file/d/1_EETFPs2mZQBG1Kpg21brNc-Vn5qkA5U/view
https://drive.google.com/file/d/1XvUFrq6Z540qDeGCORPGg-Sclcf16SSi/view
https://drive.google.com/file/d/1df5Cjj84-oK_VVO6eUq328801es1iZdU/view"
1517,BAJA,WAKEMAKE Paleta de Sombras Soft Blurring Tono 03 Sunset Blurring,8809864769038,WAKEMAKE,Completar,,"https://drive.google.com/file/d/1wyGQSlb7sYiQ5MDAH5h0bfowpjUvtwkI/view
https://drive.google.com/file/d/1DONkqx_Tp8qQj1MeuElZotfdgcBF0QC0/view"
1762,BAJA,WAKEMAKE Contorno Facial Mix Blurring Volume Tono 01 Neutral Warm,8800276314083,WAKEMAKE,Completar,,"https://drive.google.com/file/d/1RDHXWao6yIcyF3TO8wQRYxELj5PEcLYT/view
https://drive.google.com/file/d/1EeOaC-2fAt1HdJ0Dkcl9HxVRZvnlBfC-/view"
1763,BAJA,WAKEMAKE Contorno Facial Mix Blurring Volume Tono 02 Neutral Cool,8800276314090,WAKEMAKE,Completar,,"https://drive.google.com/file/d/1LiCpMXBGtfLHrK48075EVn60LuK9xime/view
https://drive.google.com/file/d/10OT-01gLADREagPuCLvxKpSWCVpEtp_l/view"
1667,BAJA,WAKEMAKE Delineador Líquido Real Defining Brush Tono 01 True Black,8809435502927,WAKEMAKE,Completar,,"https://drive.google.com/file/d/1drgrg_Bv9RIqTKoW7nYWkkJE2fD_fCJJ/view
https://drive.google.com/file/d/1rnTsDFJi5HnC1msJXKOssmfhCbqOg6WS/view
https://drive.google.com/file/d/1LWWpy2sCHrySGVhBL1SoE-3QCB0iksSX/view"
1668,BAJA,WAKEMAKE Delineador Líquido Real Defining Brush Tono 02 Deep Brown,8809435502934,WAKEMAKE,Completar,,"https://drive.google.com/file/d/13nEQoTEwzJwqC74z2a8FjJp7MIarF5we/view
https://drive.google.com/file/d/1ybRx-d5LGGDMkfbkgNhIbPefamUh_FCv/view
https://drive.google.com/file/d/12hWXpTvjXnJ4QnOMFQr9by0kSqPW9Cfh/view"
1581,BAJA,WAKEMAKE Máscara de Pestañas Real Defining Lash Tono 01 Define Fixing,8800276315738,WAKEMAKE,Completar,,"https://drive.google.com/file/d/15mIj3uUWgsGY-UBFGa5K13DItl5yyCUD/view
https://drive.google.com/file/d/1eGvaPz08-iTnhT9fkvjI4_3wUNXRdahS/view
https://drive.google.com/file/d/1WY-tDZLWdzhvhwFf-ol0JBWhP-GFnjGn/view"
1627,BAJA,WAKEMAKE Máscara de Pestañas Real Defining Lash Tono 02 Define Tension,8800276315745,WAKEMAKE,Completar,,"https://drive.google.com/file/d/1HEM440tGNXaocVzXF5DN3SqLmag8_f1_/view
https://drive.google.com/file/d/1SV_x2ppk__UbXyQepCZAAEw25WOW1SfV/view
https://drive.google.com/file/d/1ftRCJiH8NBpwAK2rEoWqOthXvfWxJCgU/view"
1709,BAJA,WAKEMAKE Lápiz Delineador Real Defining Tono 01 Natural Black,8800276315622,WAKEMAKE,Completar,,"https://drive.google.com/file/d/1MJf1C6xeSwIGJcYG8MQYLOfOYcP4_CqY/view
https://drive.google.com/file/d/1bf_VoRG_rNFsk0vD3no4t3GNJeyIpC_-/view
https://drive.google.com/file/d/1L5NULGrhXyvaESvRSkpYd60-mJSimQhB/view"
1710,BAJA,WAKEMAKE Lápiz Delineador Real Defining Tono 02 Deep Brown,8800276315639,WAKEMAKE,Completar,,"https://drive.google.com/file/d/19xD8_4N8O53aPBvIzIaeBqSFF-yY32XK/view
https://drive.google.com/file/d/1inbq0DEqEK68jpGLIj8dHweYB4dnWdlR/view
https://drive.google.com/file/d/1FrC7m4bdu3vY3WDy0trYbzwVuslrVX9K/view"
1768,BAJA,WAKEMAKE Rubor Líquido Shaking Blur Tono 01 Blur,8809526848118,WAKEMAKE,Completar,,"https://drive.google.com/file/d/1__8bo79fvw51EEMKRvBiV7SxalMdwM5W/view
https://drive.google.com/file/d/1KE5Ls_cKXAmsFWRb_zrAneYZpgquvkSD/view"
1769,BAJA,WAKEMAKE Rubor Líquido Shaking Blur Tono 04 Berryway,8809526848149,WAKEMAKE,Completar,,"https://drive.google.com/file/d/1r2NmRXFekPn17WuW6RwTeNcsVoUWZ-ON/view
https://drive.google.com/file/d/14Mp8ojrVRB0qZScAxoe3gbxOyf1x0pzu/view"
1792,BAJA,WAKEMAKE Rubor Líquido Shaking Blur Tono 07 Peach Up,8809526848477,WAKEMAKE,Completar,,"https://drive.google.com/file/d/1P6L-lnjjXbYwEcQCA-qfHbqkCBFFFVLq/view
https://drive.google.com/file/d/1SLxRaxSCEnK1AWBPvAedbmWLG3AY9ska/view"
1766,BAJA,WAKEMAKE Rubor Sheer Breeze Tono 02 Salmon Coral,8809506708579,WAKEMAKE,Completar,,"https://drive.google.com/file/d/1_5xgeVoapAyET2tYsvuw-Qv_9cIQiSqR/view
https://drive.google.com/file/d/1fd8rphU27uV5VTyICKDhZunVpMWxwMtD/view
https://drive.google.com/file/d/1x2Wn71zzgE9Pvl-AAw8Pe56suoEPadk-/view"
1767,BAJA,WAKEMAKE Rubor Sheer Breeze Tono 06 Beige Rose,8809506709460,WAKEMAKE,Completar,,"https://drive.google.com/file/d/1dcE8nlxEnxuESejbwTlFhiL92qVRlmxX/view
https://drive.google.com/file/d/1TnXILZHy4CqK3TMp77SC7BCahpSz0a0S/view
https://drive.google.com/file/d/1T3UY1taDiD-_BTITMob-hNW7SP864vQx/view"
2044,BAJA,WAKEMAKE Base BB Spatula Conceal Tono Beige,8800316291602,WAKEMAKE,Completar,,"https://drive.google.com/file/d/1f14huoitJbAqnbQDWcs83PgKNpEHxu3z/view
https://drive.google.com/file/d/1ALcbbxDCLSTPhAC0Wvi52OI7v8nfuOd0/view
https://drive.google.com/file/d/1NwBxi2vPIbau-lnKACQQbQ59Hn9aWSyT/view
https://drive.google.com/file/d/1NuiU6SYDbz8Z79a07TiBxVhLHlxLB2JG/view"
1984,BAJA,WAKEMAKE Base BB Spatula Conceal Tono Porcelaine,8800316291596,WAKEMAKE,Completar,,"https://drive.google.com/file/d/1QpGXx2MY3ZWuJWO1BJe57jBY8Rkg_-zv/view
https://drive.google.com/file/d/1HgJoH6cvlWhVq-o31dJwOsRuG0jYuBfg/view
https://drive.google.com/file/d/1RrSPSXUzLRks00parLeTiWH-K-UTVHCW/view
https://drive.google.com/file/d/1aH_xzxch9_7k9nkw5-2uKrgwQP_feCPO/view"
2041,BAJA,WAKEMAKE Base BB Spatula Conceal Tono Vanilla,8800316291619,WAKEMAKE,Completar,,"https://drive.google.com/file/d/1WSN6TOCtoVwsJfHr8k3K4UedUUBKzm1u/view
https://drive.google.com/file/d/1EVkf7WWtRecou8shvv3FtSgukTB_BL7y/view
https://drive.google.com/file/d/140Y9JKm7HddU3DyV0Ym1J_QXHREoMhXu/view
https://drive.google.com/file/d/1fBW9KOT98ssPx4tiXvD1AYF3RXa1gI83/view"
2050,BAJA,WAKEMAKE Brocha Ancha para Base Spatula Wide,8809689210951,WAKEMAKE,Completar,,"https://drive.google.com/file/d/1k2ztvoBUer_I3eWB4Cd103FvLRXdJRBz/view
https://drive.google.com/file/d/1gYaDinwqHZ3Q8LNFH4LIRnA15mfPHkW7/view"
1711,BAJA,WAKEMAKE Stay Fixer Finish Polvo 01 Pale Clear,8809971488808,WAKEMAKE,Completar,,"https://drive.google.com/file/d/1jmHZCP5fkLF9XYWmDdYo2haEIQCkahwn/view
https://drive.google.com/file/d/1m3GPIGQNZjGZvHONvB2Zy1ock93Llu1Q/view"
1761,BAJA,WAKEMAKE Stay Fixer Finish Polvo 03 Satin Pink,8809971488822,WAKEMAKE,"Polvos sueltos selladores y correctores de color con sílice y caolín. Controlan el exceso de brillo y difuminan la apariencia de los poros, dejando un acabado mate sedoso y equilibrando el tono del rostro con un efecto natural.",,https://drive.google.com/file/d/1smZcRSJCA5YqYjrLM9LAbawKS0J5kRTc/viewhttps://drive.google.com/file/d/10PK_EiwPPEjVs-1UqtFvrZchOe7euXfk/view