id,product_id,sku,image_url,display_order,is_primary
1,1,758,https://www.skinko.com.ar/cdn/shop/files/PDRNCOLLAGENLIPMASKGLAZEDJELLY_1_ca75a3c0-592c-4f06-a331-755ef9249aff.jpg?v=1779221723&width=1000,1,True
2,2,310,https://www.skinko.com.ar/cdn/shop/files/OLLAGENEYECREMEJERICHOROSETUBE30ml_1_3d5d3997-d6a9-455d-9031-3852ecf9ad33.jpg?v=1779221546&width=1000,1,True
3,3,316,https://www.farmaelglobo.com/8565-large_default/abib-collagen-eye-patch-jerich-rose-jelly-60-uds.jpg,1,True
4,3,316,https://www.farmaelglobo.com/6010-large_default/abib-collagen-eye-patch-jerich-rose-jelly-60-uds.jpg,2,False
5,4,369,https://www.skinko.com.ar/cdn/shop/files/GLUTATHIOSOMEDARKSPOTSERUMVITADROP50ml_1_2317d3de-6d87-4596-9fc7-43cca70cef86.jpg?v=1779221668&width=1000,1,True
6,5,636,https://dcdn-us.mitiendanube.com/stores/006/694/294/products/d_nq_np_959636-mla83013815289_032025-f-b819f97709de2b9c6617835578285327-1024-1024.webp,1,True
7,6,23056,https://www.skinko.com.ar/cdn/shop/files/8809864752320_1_8cde3cd6-6359-4dd6-a5a5-ae841c5bfbf9.jpg?v=1779221579&width=4096,1,True
8,7,23070,https://www.skinko.com.ar/cdn/shop/files/8809864762305_1_6d7d4c3b-5036-4466-bee9-45767f266ed2.jpg?v=1779221617&width=4096,1,True
9,8,23055,https://drive.google.com/file/d/1oTE6_TXPehuEOjzRZ4BATCv9Kisd1gpX/view,1,True
10,8,23055,https://drive.google.com/file/d/1BFiyN5kk4kbvYbN_-5DgMQwW5iLb89gj/view,2,False
11,8,23055,https://drive.google.com/file/d/1ZM3FAzPDgPl8d_kZzmbA0j5eGebdOqLt/view,3,False
12,9,6137,https://qf7962per0zy30wx-75646009562.shopifypreview.com/cdn/shop/files/PDRNRETINALEYEPATCHGLOWJELLY_1_1.jpg?v=1781096795&width=4096,1,True
13,10,16808,https://http2.mlstatic.com/D_NQ_NP_2X_944127-MLA108880109331_032026-F.webp,1,True
14,11,175,https://www.skinko.com.ar/cdn/shop/files/AIRYSUNSTICKSMOOTHINGBAR23g_1_a52dc3eb-50ad-426f-a9cd-9f94bb0b871f.jpg?v=1779221491&width=4096,1,True
15,13,8630,https://www.skinko.com.ar/cdn/shop/files/2003067-01.jpg?v=1787057350&width=4096,1,True
16,14,16998,https://cdn.farmacialeloir.com.ar/img/articulos/2025/05/imagen1_rutina_anua_peach_iluminadora_facial_piel_sensible_imagen1.jpg,1,True
17,16,1716,https://acdn-us.mitiendanube.com/stores/324/065/products/16-3d7156f6d7b5b4d21817446438765715-1024-1024.webp,1,True
18,17,1717,https://acdn-us.mitiendanube.com/stores/324/065/products/40-cd534259093b221e8d17446439387554-640-0.webp,1,True
19,18,1721,https://drive.google.com/file/d/1OQSzz0QZgRVDNxBDVrCDSB0tH33JFQW1/view?usp=drivesdk,1,True
20,18,1721,https://acdn-us.mitiendanube.com/stores/324/065/products/44-9ef61c41b151dec65017446439028080-640-0.webp,2,False
21,18,1721,https://acdn-us.mitiendanube.com/stores/324/065/products/45-ec00ef31704180cd7017446439027493-640-0.webp,3,False
22,19,1732,https://acdn-us.mitiendanube.com/stores/324/065/products/skinfree-2-e86c99ff9e4d9e9d5117708999687721-1024-1024.webp,1,True
23,20,17067,https://acdn-us.mitiendanube.com/stores/324/065/products/daily-lotion-21408dbf033a0bae0217623572394876-1024-1024.webp,1,True
24,21,17726,https://acdn-us.mitiendanube.com/stores/324/065/products/daily-lotion-21408dbf033a0bae0217623572394876-640-0.webp,1,True
25,22,1743,https://acdn-us.mitiendanube.com/stores/324/065/products/anua-heartleaf-1b2116926e8f20ba4717558029744240-640-0.webp,1,True
26,23,1734,https://acdn-us.mitiendanube.com/stores/324/065/products/31-efc570943e49f7a04f17446436417980-1024-1024.webp,1,True
27,24,1735,https://acdn-us.mitiendanube.com/stores/324/065/products/28-46a9093ff8095e95cc17446436636122-640-0.webp,1,True
28,25,1747,https://acdn-us.mitiendanube.com/stores/324/065/products/quercetinol-11e58270d4af95fe9917473357590961-640-0.webp,1,True
29,25,1747,https://acdn-us.mitiendanube.com/stores/324/065/products/4-12fdbcc52e47bb096017446438023858-640-0.webp,2,False
30,25,1747,https://acdn-us.mitiendanube.com/stores/324/065/products/5-d188af49669003b27517446438031722-640-0.webp,3,False
31,25,1747,https://acdn-us.mitiendanube.com/stores/324/065/products/6-7ee6e848d2b763399917446438032571-640-0.webp,4,False
32,26,1738,https://acdn-us.mitiendanube.com/stores/324/065/products/37-0df9c3ad2578189efb17446439188402-640-0.webp,1,True
33,27,1741,https://d2eebw31vcx88p.cloudfront.net/unishop/uploads-r/p/796a6ed4ac1ec3320564043eec23786a7d961972.jpg.webp,1,True
34,28,7769,https://acdn-us.mitiendanube.com/stores/324/065/products/ss_heartleaf_toner250_-343d926f3b11417ab117551794016820-640-0.webp,1,True
35,28,7769,https://acdn-us.mitiendanube.com/stores/324/065/products/250422_anua_284483-1-1-c36f78b6b230ed4f2517551794746170-640-0.webp,2,False
36,28,7769,https://acdn-us.mitiendanube.com/stores/324/065/products/0511anua04209-1-81faab45c710ff01ec17551794730956-640-0.webp,3,False
37,29,1125,https://acdn-us.mitiendanube.com/stores/324/065/products/1-1-9d1f4c3e45364b6df917564930201170-640-0.webp,1,True
38,30,4746,https://drive.google.com/file/d/1JQHupj1I2rnVML6Rl8q_nv8fmCfYfqf0/view,1,True
39,30,4746,https://drive.google.com/file/d/1G95RY6Yq_VrYXWZ7sLJs02FgeK29JbU9/view,2,False
40,30,4746,https://drive.google.com/file/d/1qDLRcgLLJrfgDyxAzX3Rj00hb8IxJ1g-/view,3,False
41,31,8629,https://acdn-us.mitiendanube.com/stores/324/065/products/anua-us-golden-honmoon-barrier-collagen-mask-4ea-1218701103-0d6f3b60ee6cb9479317782602287936-640-0.webp,1,True
42,32,4759,https://drive.google.com/file/d/1KEd_Y6Omg5Ym_G_c3H92T07IR6k8JMwa/view,1,True
43,32,4759,https://drive.google.com/file/d/1WMEO3us7IzFJBIJ_oA3f7VrGQYpIEShO/view,2,False
44,32,4759,https://drive.google.com/file/d/1ftdMRREcD33hNQqths19Cub2APud0hvK/view,3,False
45,32,4759,https://drive.google.com/file/d/1lMXZG71NS_sTx9hL2DqGj680rYuns4xl/view,4,False
46,32,4759,https://drive.google.com/file/d/1tLedpCMcyxfEWM77iGi7OeHEhmnBgSqX/view,5,False
47,32,4759,https://drive.google.com/file/d/14vaPUEX8jScNTBvr6JXS2i48FOOIvBTH/view,6,False
48,33,4760,https://drive.google.com/file/d/1fXL-6omriWBnbzKnKZAOjtXW2WNZiDAa/view,1,True
49,33,4760,https://drive.google.com/file/d/1kZOESjjtzZb9OhdUampk-hUajj12SJRv/view,2,False
50,33,4760,https://drive.google.com/file/d/10uvwGKBtY7xBtrv75C5bCczDMCsFVtig/view,3,False
51,33,4760,https://drive.google.com/file/d/1ouDRyE0T2bc93HKPdOKZI1M_bnBWx2Ph/view,4,False
52,33,4760,https://drive.google.com/file/d/1DTReM3dsEt04DfA0bNSdzt43KZUfDR_R/view,5,False
53,33,4760,https://drive.google.com/file/d/1IWvtIY-GfjCyDYcVSBtEAgTP2HwASI3V/view,6,False
54,34,4745,https://drive.google.com/file/d/1b0VSGKfkr4ltY0CeMyggDC14wSz0yK8T/view,1,True
55,34,4745,https://drive.google.com/file/d/1JgY-v01An1r4w4_Ron1Y40qARBwmLFTz/view,2,False
56,34,4745,https://drive.google.com/file/d/1OcRogIiWsu1ZzDKNsnYeQJGSPToZ_Ivn/view,3,False
57,35,8653,https://acdn-us.mitiendanube.com/stores/324/065/products/2003065-01-1-e65b2702d03c9c12c217870601307132-640-0.webp,1,True
58,36,4757,https://drive.google.com/file/d/1_-R3uC7NObilIRe30Y-kyivJtv7T3FlC/view,1,True
59,36,4757,https://drive.google.com/file/d/1znpSjac1pdtPY6Rp46n2_TpviwfCq4uJ/view,2,False
60,36,4757,https://acdn-us.mitiendanube.com/stores/324/065/products/detail_invisible-glow-finish-sunscreen-stick_02-skinfree-6cd7e62d2d70c30b5417798887019098-640-0.webp,3,False
61,36,4757,https://acdn-us.mitiendanube.com/stores/324/065/products/detail_invisible-glow-finish-sunscreen-stick_03-skinfree-8a0814fe83ece9687417798887019057-640-0.webp,4,False
62,36,4757,https://acdn-us.mitiendanube.com/stores/324/065/products/detail_invisible-glow-finish-sunscreen-stick_04-skinfree-e90f05b50b86ffa68a17798887025028-640-0.webp,5,False
63,37,8654,https://acdn-us.mitiendanube.com/stores/324/065/products/2003066-01-1-458194a66cf92d084e17870606807516-640-0.webp,1,True
64,38,4754,https://drive.google.com/file/d/19zzm1cJUIzK_Ht9uX8roDzQDNYS431sF/view,1,True
65,38,4754,https://drive.google.com/file/d/1rK7tZPkv0BKcWtE8sZPg1zZXFqwW3nY9/view,2,False
66,38,4754,https://drive.google.com/file/d/1aL1uohSl-D1rXMQ3suP-xp4MCr9IqSRw/view,3,False
67,39,4749,https://drive.google.com/file/d/1mtcJiMIUaOU5ON278AYeOq64SglLej75/view,1,True
68,39,4749,https://drive.google.com/file/d/1NXPE0gU5Tb4Y3DPqSljd8hlZIAn5L0za/view,2,False
69,39,4749,https://drive.google.com/file/d/15DFE4XhBt99uOtGsqRzG9tLP6IX2WPrj/view,3,False
70,40,4744,https://drive.google.com/file/d/14aLabX71646C55TKpNWudUNHeHkxA3ef/view,1,True
71,40,4744,https://drive.google.com/file/d/1KJxf0dTkECvjbrPYY1a8HTnDuzxBmSXl/view,2,False
72,40,4744,https://drive.google.com/file/d/14YhsPeK4FmUbNAJx6tTDtYA41-lqiFJW/view,3,False
73,41,4747,https://drive.google.com/file/d/1s1ao8VB4egUmpDyE_-W-eZ-tlGgcJlye/view,1,True
74,41,4747,https://drive.google.com/file/d/1Z-p60RZolPXlwJ9BFlH-TPZt_ULO4Z4j/view,2,False
75,42,4748,https://drive.google.com/file/d/10wldpf5wY7WaCqWNfap7qs2g3ueNyhmV/view,1,True
76,42,4748,https://drive.google.com/file/d/1M-bVu4bgin5ysNEjE3dd_O75V-sy_hFF/view,2,False
77,42,4748,https://drive.google.com/file/d/1bO9O_vGU_fPlx5iO2XZYgFf6TBp3F_1W/view,3,False
78,43,4742,https://acdn-us.mitiendanube.com/stores/324/065/products/ak141008anua_kdh_patch_ultrathinspotcoverpatch_pkg_sidea-c7439f91adbe5ea9bd17782588563630-640-0.webp,1,True
79,43,4742,https://acdn-us.mitiendanube.com/stores/324/065/products/detail_spotcoverpatch_case_01-skinfree-865503199835f3122417798859824764-640-0.webp,2,False
80,43,4742,https://acdn-us.mitiendanube.com/stores/324/065/products/detail_spotcoverpatch_case_02-skinfree-d5571eb87fe0cf028b17798859822735-640-0.webp,3,False
81,43,4742,http://acdn-us.mitiendanube.com/stores/324/065/products/detail_spotcoverpatch_case_03-skinfree-3c49c76ad035fb379e17798859826148-640-0.webp,4,False
82,43,4742,https://acdn-us.mitiendanube.com/stores/324/065/products/detail_spotcoverpatch_case_04-skinfree-b7086344b10d61203917798859828561-640-0.webp,5,False
83,44,4743,https://acdn-us.mitiendanube.com/stores/324/065/products/ak100009-kdh-55-__-1154821944d31382ae17782589727534-640-0.webp,1,True
84,44,4743,https://acdn-us.mitiendanube.com/stores/324/065/products/ak100009-55-55__-1-9a1c1006a06f9d254817782589780948-640-0.webp,2,False
85,44,4743,https://acdn-us.mitiendanube.com/stores/324/065/products/detail_spotcoverpatch_rumi_01-skinfree-42a677fca3ea70ad7817798860808068-640-0.webp,3,False
86,44,4743,https://acdn-us.mitiendanube.com/stores/324/065/products/detail_spotcoverpatch_rumi_02-skinfree-3973440a8e016608e517798860804644-640-0.webp,4,False
87,44,4743,https://acdn-us.mitiendanube.com/stores/324/065/products/detail_spotcoverpatch_rumi_03-skinfree-bb011a761541e0b1bb17798860808086-640-0.webp,5,False
88,45,8628,https://acdn-us.mitiendanube.com/stores/324/065/products/8800307377377_1-a21abae9d0421e3a6417781714065796-640-0.webp,1,True
89,46,4758,https://drive.google.com/file/d/11TMQP32ZfKy_LMfdscODatwJgi4MEifO/view,1,True
90,46,4758,https://drive.google.com/file/d/1PuPMhi9BY8dyxFqU4e1UmUyoAa-5q-P2/view,2,False
91,46,4758,https://acdn-us.mitiendanube.com/stores/324/065/products/detail_zerocastmoisturizingfinishsunscreen_02-skinfree-1b59a4ed33683b737517798888868217-640-0.webp,3,False
92,46,4758,https://acdn-us.mitiendanube.com/stores/324/065/products/detail_zerocastmoisturizingfinishsunscreen_03-skinfree-1368548750b86bbb7617798888863422-640-0.webp,4,False
93,46,4758,https://acdn-us.mitiendanube.com/stores/324/065/products/detail_zerocastmoisturizingfinishsunscreen_04-skinfree-25970bc8c4af59559817798888861152-640-0.webp,5,False
94,46,4758,https://acdn-us.mitiendanube.com/stores/324/065/products/detail_zerocastmoisturizingfinishsunscreen_05-skinfree-4b66ca64c91ca8e51517798888860480-640-0.webp,6,False
95,48,16995,https://acdn-us.mitiendanube.com/stores/324/065/products/8800307371672_3-ff418e6e16c6ed359017781700739373-1024-1024.webp,1,True
96,49,4739,https://acdn-us.mitiendanube.com/stores/324/065/products/8800307371672_1-1-9a3e40d937d190272d17781700684564-640-0.webp,1,True
97,50,4738,https://www.dodoskin.com/cdn/shop/files/AnuaPDRNCollagenMeltingNeckPatch4ea-1.jpg?v=1769993165&width=1200,1,True
98,51,4737,https://acdn-us.mitiendanube.com/stores/004/603/822/products/anua-pdrn-collagen-melting-patch-for-glass-skin-4ea-c013f2ef774b7f034117846578439470-1024-1024.webp,1,True
99,52,4731,https://acdn-us.mitiendanube.com/stores/324/065/products/8800307372983_1-24cc8d3c1d7dd9c05217781694484958-640-0.webp,1,True
100,53,4734,https://acdn-us.mitiendanube.com/stores/324/065/products/8800307373331_1-f386ef91977e48f6c717781698762611-640-0.webp,1,True
101,54,4733,https://acdn-us.mitiendanube.com/stores/324/065/products/8800307374390_1-b1f40c1afd788662b117781698080685-640-0.webp,1,True
102,55,4732,https://acdn-us.mitiendanube.com/stores/324/065/products/8800307374499_1-a4720f0cf270c2f91a17781699932807-640-0.webp,1,True
103,56,1748,https://acdn-us.mitiendanube.com/stores/324/065/products/25-c8eb78f6022b51499417446436942903-640-0.webp,1,True
104,57,1705,https://acdn-us.mitiendanube.com/stores/324/065/products/22-090a7c6a251ae9a8af17446436830148-640-0.webp,1,True
105,57,1705,https://acdn-us.mitiendanube.com/stores/324/065/products/23-20e71d43511851008617446436834291-640-0.webp,2,False
106,57,1705,https://acdn-us.mitiendanube.com/stores/324/065/products/24-3bc012272fbc0a2c1f17446436835235-640-0.webp,3,False
107,58,1715,https://acdn-us.mitiendanube.com/stores/324/065/products/19-78bed28a6e2771440817446435948152-640-0.webp,1,True
108,58,1715,https://acdn-us.mitiendanube.com/stores/324/065/products/20-94db96799ac91a987017446436017494-640-0.webp,2,False
109,58,1715,https://drive.google.com/file/d/1EjBYuzYd8xu6lf7IEIiSN0sYSXU-qLx1/view?usp=drivesdk,3,False
110,59,1157,https://acdn-us.mitiendanube.com/stores/324/065/products/3-1-74220eb32a8feaca1717564933641818-640-0.webp,1,True
111,60,1162,https://acdn-us.mitiendanube.com/stores/324/065/products/2-1-02e205cdffa2c96a1917564939408036-640-0.webp,1,True
112,61,17727,https://acdn-us.mitiendanube.com/stores/324/065/products/__250ml-2_-138cb51ae57a5fa8f517603593919844-640-0.webp,1,True
113,61,17727,https://acdn-us.mitiendanube.com/stores/324/065/products/anua12586_01-f0f23506c5531255d217603594475680-640-0.webp,2,False
114,62,1770,https://acdn-us.mitiendanube.com/stores/324/065/products/13-b57ed908c73bac060217446437491848-640-0.webp,1,True
115,62,1770,https://acdn-us.mitiendanube.com/stores/324/065/products/14-b546544a1ab3ff632e17446437493674-640-0.webp,2,False
116,62,1770,https://acdn-us.mitiendanube.com/stores/324/065/products/15-253a1e900bb53bbd7517446437496537-640-0.webp,3,False
117,63,1771,https://acdn-us.mitiendanube.com/stores/324/065/products/10-c787912e14c656aae017446437249305-640-0.webp,1,True
118,64,1772,https://acdn-us.mitiendanube.com/stores/324/065/products/7-811cdfedae1e6dd0a417446440507407-640-0.webp,1,True
119,64,1772,https://acdn-us.mitiendanube.com/stores/324/065/products/8-70719b6915dfaf6ff917446440513891-640-0.webp,2,False
120,64,1772,https://acdn-us.mitiendanube.com/stores/324/065/products/9-9195c88b4c416cd47117446440510531-640-0.webp,3,False
121,66,1701,https://drive.google.com/file/d/1UMyaltS2KFdvuekxTcyiKFMq2eYOWwDH/view?usp=drivesdk,1,True
122,66,1701,https://acdn-us.mitiendanube.com/stores/324/065/products/53-d030fea418c25d7eb317454995214020-640-0.webp,2,False
123,66,1701,https://acdn-us.mitiendanube.com/stores/324/065/products/54-791993127478efb43317454995217492-640-0.webp,3,False
124,66,1701,https://acdn-us.mitiendanube.com/stores/324/065/products/anua-web-374a77711f5654a9e517454995571289-640-0.webp,4,False
125,72,1739,https://acdn-us.mitiendanube.com/stores/324/065/products/34-87920a692df8a4ad4b17446439533409-1024-1024.webp,1,True
126,75,19562,https://acdn-us.mitiendanube.com/stores/324/065/products/double-cleansing-04fa7aaf52970ba69517473348670890-640-0.webp,1,True
127,75,19562,https://acdn-us.mitiendanube.com/stores/324/065/products/31-9861f22dabd885ae8c17468166638205-640-0.webp,2,False
128,77,19490,https://acdn-us.mitiendanube.com/stores/324/065/products/rice-d15335f289142eb54717618264590835-640-0.webp,1,True
129,79,19481,https://acdn-us.mitiendanube.com/stores/324/065/products/rosacea-417f0a661b19376fd917618262749543-640-0.webp,1,True
130,80,19567,https://acdn-us.mitiendanube.com/stores/324/065/products/anti-age-ebea11073f83b053e517618261007804-640-0.webp,1,True
131,83,8146,https://www.skinko.com.ar/cdn/shop/files/download_4.jpg?v=1785762724&width=4096,1,True
132,84,8149,https://drive.google.com/file/d/14Mp8ojrVRB0qZScAxoe3gbxOyf1x0pzu/view,1,True
133,85,8147,https://www.skinko.com.ar/cdn/shop/files/download_10.jpg?v=1785766781&width=4096,1,True
134,86,8162,https://drive.google.com/file/d/1aNIOjkbTQX28Hv5cqHVO62O51HNUiaiv/view,1,True
135,87,8148,https://drive.google.com/file/d/1RcMceH2D_WU-gYxwssKBf5bQFnjxvH2B/view,1,True
136,88,8142,https://drive.google.com/file/d/1CBC4RwElGaK2zt3E-N9Ry0a0nmkUr0Oo/view,1,True
137,89,8145,https://drive.google.com/file/d/1_1_9z6u23uLJ3jz8tu4tdCTUcJ97-69c/view,1,True
138,90,8144,https://www.skinko.com.ar/cdn/shop/files/8144.png?v=1786048813&width=4096,1,True
139,91,8143,https://youngmi.mx/cdn/shop/files/APLB_-_Glutathione_Niacinamide_Facial_Cream_55_ML-removebg.jpg?v=1774465390,1,True
140,92,23705,https://drive.google.com/file/d/16rbLg1FXwt1xFarzd70rrryY37JoiM7a/view,1,True
141,92,23705,https://drive.google.com/file/d/1nFQ1_S5I5mKvBJS5FGgxzao3m4Fr-Jmh/view,2,False
142,92,23705,https://drive.google.com/file/d/1xodiNx23f3WLJ9o_2uX_8DFt8HIHfs_s/view,3,False
143,93,23397,https://drive.google.com/file/d/1uHaq5xKwDeHHp2F8Ua3HArZPhF7SRugc/view,1,True
144,93,23397,https://drive.google.com/file/d/1OvK4ps5awyYEAJuOifHKzwkebOFLPpiC/view,2,False
145,93,23397,https://drive.google.com/file/d/1OOBYtAFMAifDZ9j1D_0MJi9AqEo65H34/view,3,False
146,94,23464,https://drive.google.com/file/d/14Z93C-iqc6d3QgJkDlkprLHUIAm7sAgt/view,1,True
147,94,23464,https://drive.google.com/file/d/1mbVeLkVOgeUt0LyljMQDUhETa8MTALk9/view,2,False
148,94,23464,https://drive.google.com/file/d/1FNMxulneWA3BCXJH1bxmYDU4tRseB1gL/view,3,False
149,95,23675,https://drive.google.com/file/d/1XkCC58UXa1wNxgsAq0jUOq6S7HBmo0Fd/view,1,True
150,95,23675,https://drive.google.com/file/d/14-Fb2X0r6AfSKS4ZnUwICj1V6yBkDMzq/view,2,False
151,95,23675,https://drive.google.com/file/d/1suvELVwOsz5PpJqqtoQTNfAFAJaL40s-/view,3,False
152,96,23431,https://drive.google.com/file/d/1PBh_UZsmG-4arDYP6U4A38Mhc_vqEotX/view,1,True
153,96,23431,https://drive.google.com/file/d/17ctD1zGBBhZrhlgZVk6xJL5v7tKv7kh5/view,2,False
154,96,23431,https://drive.google.com/file/d/1Vu3KQfhHuhg4UHsyLlkpXI8852ii88Jz/view,3,False
155,97,23699,https://drive.google.com/file/d/1xgozIO90puiJYDg_v60GA1ABGrgqMrEz/view,1,True
156,97,23699,https://drive.google.com/file/d/1by1-PplArcSt7S1-bCLp92-5z_8pLsTZ/view,2,False
157,97,23699,https://drive.google.com/file/d/17nbFMb6-81kDxm1U5GxwSJsXWWI6MIAe/view,3,False
158,98,23466,https://drive.google.com/file/d/1Ty9_yJXtbOPmuUhmbukwiY0euA7aKy_y/view,1,True
159,98,23466,https://drive.google.com/file/d/1Lc-sQtpLZO8gE10wVRzggQcR9itaB_PP/view,2,False
160,98,23466,https://drive.google.com/file/d/1oyRmhWconAqIWKppsDlqn7Wwjl_V_KDc/view,3,False
161,99,8169,https://acdn-us.mitiendanube.com/stores/324/065/products/medidas-skinko-web-10-0255a66a21ebc31fc517873419216488-640-0.webp,1,True
162,100,23709,https://drive.google.com/file/d/1s6lgMvLxxIEabu86Xsnqa0GQhXYkO8gJ/view,1,True
163,100,23709,https://drive.google.com/file/d/14LDXGn8PNzvRDstbnpQqkNWFHHsasKXK/view,2,False
164,100,23709,https://drive.google.com/file/d/1e-7-0ZKPq9XypQIR27TtKZHxuNdjvfkk/view,3,False
165,101,23707,https://drive.google.com/file/d/1W1yjYJmnXhqffZE7-KfXArOVoBlbkewF/view,1,True
166,101,23707,https://drive.google.com/file/d/17BKRB-5xvfti3Fg4qk6Tk5eKnHbgPyxN/view,2,False
167,101,23707,https://drive.google.com/file/d/1hBPaGbC9lx71Y3IZx8dKxvfunvSaPqzt/view,3,False
168,102,23751,https://drive.google.com/file/d/1SrMVRkkMC09cDjDFPe1QmWVbNKwNHH3b/view,1,True
169,102,23751,https://drive.google.com/file/d/1D4MPDinHNieVqPHJ8snqpq2N3GcRcOMi/view,2,False
170,102,23751,https://drive.google.com/file/d/1Tsfu6ge-b0pATiUMm6OUf6XU2ZgjF818/view,3,False
171,103,23725,https://drive.google.com/file/d/1j3Rx9fg2fhBamw7lhBOYMn76DyVJQDNE/viewhttps://drive.google.com/file/d/11ycbR6OztBFAXr7HS-vPLQYXk61qr1vT/viewhttps://drive.google.com/file/d/1dcTeJga85iH4BqKGUnaPSn4_VnlT4VEW/viewhttps://drive.google.com/file/d/1Rbf5zOlMQDSXbH-jUAZTxVm6L8LzmMWZ/viewhttps://drive.google.com/file/d/1K1FAzEFdQ1UTBSiBw55n27x0TSPWOEe8/viewhttps://drive.google.com/file/d/1WfM-uIXwZnVZUJ96BMal8v8MUD3cKwky/view,1,True
172,104,30023,https://drive.google.com/file/d/1_NNcmrYFqIQOdmHMkGqDQzAxXG-z8KpH/view,1,True
173,104,30023,https://drive.google.com/file/d/1dHhmSXd4Lu9ma4ia_9dOYkYq7tn8ac_4/view,2,False
174,104,30023,https://drive.google.com/file/d/1KZq2VL92Nd1ZIkx_DbxnXlCv02Jzgsqr/view,3,False
175,104,30023,https://drive.google.com/file/d/1HwRvd9jpRbRP97TlemOVpUvUTmNFaW8M/view,4,False
176,104,30023,https://drive.google.com/file/d/1xmUr8ATKga74hIqqlYWWjf8fW1weZf2k/view,5,False
177,104,30023,https://drive.google.com/file/d/1LBFxadWQtHercatugt-tJu1xJeZNBtdr/view,6,False
178,105,29815,https://drive.google.com/file/d/1FDsqmBza05Fl74pnTY8F-W_CebigNL9a/view,1,True
179,105,29815,https://drive.google.com/file/d/1awuY23gL9G8VmNtXsZrdtFRFEF3XvmaQ/view,2,False
180,105,29815,https://drive.google.com/file/d/11FFSfzrWvBHMRH9mjHRH4cDvsJisHgPN/view,3,False
181,105,29815,https://drive.google.com/file/d/1iibIwMaC-HG2KPr7rr-FA0D_LTL7jCWJ/view,4,False
182,106,30021,https://drive.google.com/file/d/1r_mlnaKbqNNr1o4vDt-KQp8VAYuOWh7u/view,1,True
183,106,30021,https://drive.google.com/file/d/1KaDsu0556q3X38Y4ZxuQHRS2aeZyUy_s/view,2,False
184,106,30021,https://drive.google.com/file/d/1TyqD19OcqSLCXFJZbSPMmqm4Jq5kbTXn/view,3,False
185,107,30026,https://drive.google.com/file/d/14wyi4xxntCQfQScHh9Gf3DI94S9wecnJ/view,1,True
186,107,30026,https://drive.google.com/file/d/1_2a0OnmK_ZTIZ65rtrjHFA70V7Sceo-O/view,2,False
187,107,30026,https://drive.google.com/file/d/1Qgkw-HBzDepcdB6AgiVWkboejsSEdo0N/view,3,False
188,107,30026,https://drive.google.com/file/d/1oxMxAP-wfypJVtxIzhLJDneA8p_L2qZ1/view,4,False
189,108,30022,https://drive.google.com/file/d/1U_wWoKYXQU0KPySC8F3EVnPfReZJw5g6/view,1,True
190,108,30022,https://drive.google.com/file/d/1j_8oDM-WeVmD5ZUP7Sd5r5CxIdZvVTtA/view,2,False
191,108,30022,https://drive.google.com/file/d/1LUEmPctbutT4crEXj8zquMrxuLI-QL4w/view,3,False
192,108,30022,https://drive.google.com/file/d/1Pm0zMu1WjKntIMhCZ0i32OzrsaQ8qxKt/view,4,False
193,109,30025,https://drive.google.com/file/d/1nYf5xNfPsVu9f4oJpmUtHffpsb5qddFE/view,1,True
194,109,30025,https://drive.google.com/file/d/1nGk1rtOvgoCzEUqI3F50fR9DBJjMIq6q/view,2,False
195,109,30025,https://drive.google.com/file/d/1iA6GQzDOAo8bORxehEzwRAc3aih6Q3E0/view,3,False
196,110,29608,https://drive.google.com/file/d/1O9r8Iv3BQ_aNFg0CF31rzmZuxoJ09I3L/view,1,True
197,110,29608,https://drive.google.com/file/d/1oMLdiGrYXSEQ8y0Tq_0FJ5BCE2VLoYBD/view,2,False
198,110,29608,https://drive.google.com/file/d/1mjie2E5a8tsUHwa-7BGvQ4IPiTqG_96y/view,3,False
199,110,29608,https://drive.google.com/file/d/1NNCmT69L0HTck2swdfXXskzzUlI7h6QR/view,4,False
200,111,26682,https://drive.google.com/file/d/1fqrtTtI_lM5gJ2c2riez7SThL1Gqmfkw/view,1,True
201,111,26682,https://drive.google.com/file/d/1GIzfZ-AbfhuI_Twzvpd_n58o_hQ-9sdo/view,2,False
202,111,26682,https://drive.google.com/file/d/1KccWsXGQA23jwZfgup2CUaNHsZGVUpCv/view,3,False
203,112,26794,https://drive.google.com/file/d/18PblUrQGFxwEl274UkW1SaM1oVTjfL0v/view,1,True
204,112,26794,https://drive.google.com/file/d/1oU6z0f3p7TK4wvHS8ZDLkRicVeTsH60x/view,2,False
205,112,26794,https://drive.google.com/file/d/14EJx_Wo474pTKMxj6UmxSOJoHmCTyDJM/view,3,False
206,114,26737,https://drive.google.com/file/d/10_S7L0cKAaZ_9D4myWHzJTkZe9c-PufU/view,1,True
207,114,26737,https://drive.google.com/file/d/1QZU9YYyJQ_VW95QOYMRLqbZVIcpbz9FS/view,2,False
208,114,26737,https://drive.google.com/file/d/1Or3QrTOgHojQfRf8H-P_go-rc6bgle6e/view,3,False
209,114,26737,https://drive.google.com/file/d/1xMiOFkyzjDs8tkX_9rfSfV6uprCUoIQc/view,4,False
210,115,26736,https://drive.google.com/file/d/1jTzm9YHDa6Hr8uGo4aSFb9qGU_kZlLCA/view,1,True
211,115,26736,https://drive.google.com/file/d/1x0OvYlX-krAEAmdJwfmn3Bu5G5nz4G43/view,2,False
212,115,26736,https://drive.google.com/file/d/1sU6NzQXO7thk1G_QSvxHLZlHT4__rzMY/view,3,False
213,115,26736,https://drive.google.com/file/d/16EDpOnOBAU6vGn0NHbVQH_OoXU3axeNY/view,4,False
214,116,26804,https://drive.google.com/file/d/1LaI3oeTwY4fU-eDg0CB-UdlDbzpdEKCX/view,1,True
215,116,26804,https://drive.google.com/file/d/198p93MQvTtSQdFz9RFhwa2ybp-YI3rQj/view,2,False
216,116,26804,https://drive.google.com/file/d/1MBb0smdaxIu0czA2fj8S6FwPkDovRSif/view,3,False
217,116,26804,https://drive.google.com/file/d/19dBATnU9jW1HAixWZpvgY9wArtLSancJ/view,4,False
218,117,26743,https://drive.google.com/file/d/1hsXL47iFv_aoG7dT6BVJVkkG_4ELLba9/view,1,True
219,117,26743,https://drive.google.com/file/d/1XgSpNW89_ZNanfhqz-bg7_wRF0nLaEDY/view,2,False
220,117,26743,https://drive.google.com/file/d/16JcYc3tDD_jzXmOXSgrdHHg7vzuyUfN1/view,3,False
221,117,26743,https://drive.google.com/file/d/1SNMi3Tw-ks8Uz43-ci_o-1J84LW4uR-n/view,4,False
222,118,5355,https://drive.google.com/file/d/1Q11nuxGZHCHgVXn7JJWsZ3e93mIARzTJ/view,1,True
223,118,5355,https://drive.google.com/file/d/1tdTcD13WbTpY7lpJuD3Uv-MhQdWXyqWO/view,2,False
224,119,627,https://drive.google.com/file/d/1LqCoCljGeeVAbu3OF4Ui74lF8TtZlAL2/view,1,True
225,119,627,https://drive.google.com/file/d/1Y7Axbj4bIEoU836OmDXPZEmfjwv9uUh8/view,2,False
226,119,627,https://drive.google.com/file/d/1WLjWPcWtvA7OpCTaAdAAufDpZUfjlKj5/view,3,False
227,120,614,https://drive.google.com/file/d/1HZhi_IzL3WGQYheqwAKnA51U_v_LxNLu/view,1,True
228,120,614,https://drive.google.com/file/d/1_j6aHNUHNj7tsjHWKzwCjkhNq5woafdn/view,2,False
229,120,614,https://drive.google.com/file/d/1HQCsev25bCPAUH7dXA_6rg8h_JZ0cBas/view,3,False
230,120,614,https://drive.google.com/file/d/1alZxqO9r2Mp05uD4aRlba7ji1fWkK2ku/view,4,False
231,121,599,https://drive.google.com/file/d/1SifmVM7tqtCq-I4RCaNP71RGsWH43iLb/view,1,True
232,121,599,https://drive.google.com/file/d/1E3MQK0XnBYx2Hn9tumXV1lvSRxDVgqo4/view,2,False
233,121,599,https://drive.google.com/file/d/1Fr3micpIQFgaC3HUyQEW340h_S2ZuWPu/view,3,False
234,122,604,https://drive.google.com/file/d/10WcxY1dzcnzqMeuJnaXHwILB4ja2VSAZ/view,1,True
235,122,604,https://drive.google.com/file/d/16-T8I44i95QSZzIVGUFgB2Q9m5cboGb7/view,2,False
236,122,604,https://drive.google.com/file/d/16fZEzqnlD1Qfk9TxVKwEVWUTnfeva6sK/view,3,False
237,122,604,https://drive.google.com/file/d/1ctyIlA8NCUhD3yJYhKexHgU2AyBV2FRc/view,4,False
238,123,613,https://drive.google.com/file/d/1T78RzKUXLBGcv4qbtbB93tB5Eq9K_9Nf/view,1,True
239,123,613,https://drive.google.com/file/d/10nD-78wiBGs-WIAw39jQ81Z0honf9OAS/view,2,False
240,123,613,https://drive.google.com/file/d/1x_sWfXJFkJABBqQvdlgv-2ynbU5ZUG5N/view,3,False
241,123,613,https://drive.google.com/file/d/1DVresMSDXOqtQxHf2usF0-DPQNZ9DwkN/view,4,False
242,124,3023,https://drive.google.com/file/d/1ULg4NxFMLK4NEzD0RkT3m0dcTdVxZq6i/view,1,True
243,125,3103,https://drive.google.com/file/d/1gyx8Xv9WYEO_EPR1VhM3mDUViSOJGbzW/view,1,True
244,126,3009,https://drive.google.com/file/d/12Uz6NuC3QevVSfAjT7N0sCrU7spRURMu/view,1,True
245,133,24381,https://drive.google.com/file/d/10BalRMhddwIEhxIJ6OlbwNjoZmBODTp1/view,1,True
246,133,24381,https://drive.google.com/file/d/1TOPYOjyXpkM5gdhKm_H_WLVdXS7jomor/view,2,False
247,133,24381,https://drive.google.com/file/d/1LzPeg47wHFRheaylXxPCJLve1AMkDI-d/view,3,False
248,133,24381,https://drive.google.com/file/d/101OgspTurGL4gChQAWQkOITsq1KkH4s5/view,4,False
249,133,24381,https://drive.google.com/file/d/178Z9rA0Dbx-6-tM9WvEYa9495yRu3_6-/view,5,False
250,133,24381,https://drive.google.com/file/d/1NcNKtsDLUmGrppxNvCMGm2vWbRsdCu70/view,6,False
251,134,1181,https://acdn-us.mitiendanube.com/stores/324/065/products/boj-ecom-7-52ded6bbcb8f0bca6317636696073994-640-0.webp,1,True
252,135,23044,https://drive.google.com/file/d/1tw-ayz5xmUmHdob_kPV6ZPKRca1QElMD/view,1,True
253,135,23044,https://drive.google.com/file/d/1oOKENblUsrYPUfcDowr80c0FMeGVQiGb/view,2,False
254,135,23044,https://drive.google.com/file/d/1FXYjHh1iLWzVA0BH37lf9r7Jz77mlScI/view,3,False
255,135,23044,https://drive.google.com/file/d/181jHRNtM5PHU4Dccy5paPzYoMY2kkk0K/view,4,False
256,135,23044,https://drive.google.com/file/d/1AKjHCsZukWNaWgLyroge9a-3xVzfpH86/view,5,False
257,135,23044,https://drive.google.com/file/d/1_8RJ_dDVqt0zFR8iL4VTll2IRaxBZ5Y8/view,6,False
258,136,1247,https://acdn-us.mitiendanube.com/stores/324/065/products/boj-ecom-10-e9db148306e86c562317636697421119-640-0.webp,1,True
259,136,1247,https://acdn-us.mitiendanube.com/stores/324/065/products/boj-ecom-11-3e5ad806557161d8bf17636697421960-640-0.webp,2,False
260,136,1247,https://acdn-us.mitiendanube.com/stores/324/065/products/boj-ecom-12-1b19f5518a327c809117636697426104-640-0.webp,3,False
261,138,24385,https://drive.google.com/file/d/1ZSPm09UlXBvc_KMn-bYcbmG_oRbjCyMo/view,1,True
262,138,24385,https://drive.google.com/file/d/1vk2SPLPLN_ERNSCDAWQFdqekUatpfq1s/view,2,False
263,138,24385,https://drive.google.com/file/d/1I_RduftDvcK9QfQYXzjnv2ZevCog0UOT/view,3,False
264,139,1639,https://acdn-us.mitiendanube.com/stores/324/065/products/boj-ecom-16-ceee2305a49d53e92617636701393079-640-0.webp,1,True
265,139,1639,https://acdn-us.mitiendanube.com/stores/324/065/products/boj-ecom-17-5496a0265576adc96b17636701393647-640-0.webp,2,False
266,139,1639,https://acdn-us.mitiendanube.com/stores/324/065/products/boj-ecom-18-a75a48ab33acfca1ce17636701394420-640-0.webp,3,False
267,140,1649,https://acdn-us.mitiendanube.com/stores/324/065/products/8809968130895_2-a158f1be32a9c3072517768786693294-640-0.webp,1,True
268,140,1649,https://acdn-us.mitiendanube.com/stores/324/065/products/8809968130895_1-e1b23835ca41b474fd17768786692153-640-0.webp,2,False
269,140,1649,https://acdn-us.mitiendanube.com/stores/324/065/products/8809968130895_4-b652640a840f118cce17768786692299-640-0.webp,3,False
270,140,1649,https://acdn-us.mitiendanube.com/stores/324/065/products/8809968130895_3-fe83b339e27454bdfd17768786691854-640-0.webp,4,False
271,141,24383,https://drive.google.com/file/d/1Lh211EzS0tkGPF--lwRjkwmCk7gY_5gA/view,1,True
272,141,24383,https://drive.google.com/file/d/1DtNrjm5uqJeRhLiK5MdjriZWWXc4DB4Q/view,2,False
273,141,24383,https://drive.google.com/file/d/1Ob5pVIo_ZiG5PbFOweyFseWZpVwvJROg/view,3,False
274,141,24383,https://drive.google.com/file/d/1V3EbhgXPCQGD2UbQhE39rH77m3vkh1Xz/view,4,False
275,141,24383,https://drive.google.com/file/d/1QUBdeRf00AoiJDKgTNvBHv92CAvAQWCs/view,5,False
276,141,24383,https://drive.google.com/file/d/14tqGC99jUL3-8zjfqFJosbz4QdNVMZ7l/view,6,False
277,142,1822,https://drive.google.com/file/d/1FascImTh1-0wlygE7LEp3wVqyjgteGp7/view,1,True
278,143,1845,https://acdn-us.mitiendanube.com/stores/324/065/products/boj-ecom-25-77e1fd1e7eacb2fb9717636707097311-640-0.webp,1,True
279,143,1845,https://acdn-us.mitiendanube.com/stores/324/065/products/boj-ecom-27-b733068d175e43a8da17636707100574-640-0.webp,2,False
280,143,1845,https://acdn-us.mitiendanube.com/stores/324/065/products/boj-ecom-26-422db1a3ac8ad1bfc017636707098791-640-0.webp,3,False
281,145,2917,https://acdn-us.mitiendanube.com/stores/324/065/products/boj-ecom-4-806edeea7f4c593abb17636713066516-640-0.webp,1,True
282,145,2917,https://drive.google.com/file/d/1-LyfKmPX0uzLc5yxO7fCUHgcNDD--sZ3/view,2,False
283,145,2917,https://acdn-us.mitiendanube.com/stores/324/065/products/boj-ecom-6-659324f3ef70f9a9a917636713071570-640-0.webp,3,False
284,146,3412,https://drive.google.com/file/d/1P6hsDKW0oc4RnE3wrhM10zK4nKcXIaEd/view,1,True
285,147,24384,https://drive.google.com/file/d/1Nmcdh0cqz6JFVxRdBQxR7bPUBAePREIR/view,1,True
286,147,24384,https://drive.google.com/file/d/1LiW8vadh3hjvyiAtoe208ZhqQnPlOZPC/view,2,False
287,147,24384,https://drive.google.com/file/d/1jANlWTRofW_ezKKoCD943wPo4frFBniV/view,3,False
288,147,24384,https://drive.google.com/file/d/1d0ar0IkqApyg_BEMmJWjcEHQWNIec_IJ/view,4,False
289,147,24384,https://drive.google.com/file/d/1FMuYujQdNDVfIBVD6NeCkTAWXtSDWrJ7/view,5,False
290,147,24384,https://drive.google.com/file/d/1cYBKRrxHRnJ-K4eMFWgNF4IIDviUwOLL/view,6,False
291,148,448,https://drive.google.com/file/d/1JmV2AXd-TIO43qCMog6h4qltORhLhxq8/view,1,True
292,148,448,https://drive.google.com/file/d/1tKQmyc3bcRBCuNlttMHHr84GUqMt2uBI/view,2,False
293,148,448,https://drive.google.com/file/d/11qfeq7CcDc2XsULzfM0qIzi3lTrivhH3/view,3,False
294,152,1974,https://drive.google.com/file/d/1hHn3GvPc3jHIvz2e86VB-5uLnu70dYNX/view,1,True
295,153,2793,https://drive.google.com/file/d/1t1lz-tQ6VsyzRtMWTPtL7Q8e0Be-EZLa/view,1,True
296,156,3516,https://acdn-us.mitiendanube.com/stores/324/065/products/dbsdbssds-bde5103e70d3414df217775814258467-640-0.webp,1,True
297,157,3518,https://acdn-us.mitiendanube.com/stores/324/065/products/fxdvbdzh-cfbb471ebe89dfa5fd17775806849548-640-0.webp,1,True
298,157,3518,https://acdn-us.mitiendanube.com/stores/324/065/products/dgbdfb-27167f7a8908864f3517775806849115-640-0.webp,2,False
299,157,3518,https://acdn-us.mitiendanube.com/stores/324/065/products/vcf-rdb-4b0a6e09b27d1cd83e17775807045262-640-0.webp,3,False
300,158,24388,https://drive.google.com/file/d/1RP8vHfmdHzNbvMi0QZJNSu369vI7xj_Z/view,1,True
301,158,24388,https://drive.google.com/file/d/16bivOySxQzvsUrDSMGbowvqVL6W1rSH8/view,2,False
302,158,24388,https://drive.google.com/file/d/1IXD6GwFsj7ACsUWy6AAbJWdPwpwgCKr5/view,3,False
303,159,24386,https://drive.google.com/file/d/1vI3-_e6kMggwHLQPsiOi3IGsvSY1l-6T/view,1,True
304,159,24386,https://drive.google.com/file/d/1mXHci_fXKrkaw6Yny8zFiq9nqVqae5ix/view,2,False
305,159,24386,https://drive.google.com/file/d/1Zth5EeuCVZz-neYiZ9rW0vCqghT0GdqJ/view,3,False
306,161,3691,https://drive.google.com/file/d/1bzZaHdw6eKE9KlLLaVfd5IVZW4QU4BXO/view,1,True
307,161,3691,https://drive.google.com/file/d/1Aq41b0uUQUPDfRTwZ4rXTPGT9pwtLWVD/view,2,False
308,161,3691,https://drive.google.com/file/d/1l23jgwWgduuvI264iqWmUCwFcA0K1kPt/view,3,False
309,161,3691,https://drive.google.com/file/d/1Xa9BYQkG3LL7T24t0TWsdLy7CPBcyyAv/view,4,False
310,162,3690,https://drive.google.com/file/d/1Bf9LKhyVCEMXcdzlNY_yDN7tupzGZKQk/view,1,True
311,162,3690,https://drive.google.com/file/d/1paEtW06-UBOQUYrwEQ19bqj0LeFkcCp4/view,2,False
312,162,3690,https://drive.google.com/file/d/1JBh8mJRPzZ26HcAXqwnqesW1Iyj9v3gB/view,3,False
313,162,3690,https://drive.google.com/file/d/1OrnX1g7rgdr1UT3xBKcjgbJA1LZi9Jwl/view,4,False
314,163,3692,https://drive.google.com/file/d/1-4f1PZZ2ZEf5qFO4Gr8UodQmKiTA_f9R/view,1,True
315,163,3692,https://drive.google.com/file/d/19TBsswt2qcUlM5p3b1kJG-5YihFWqIyr/view,2,False
316,163,3692,https://drive.google.com/file/d/1VikdFdZc0k9BmMdHRxhx3W1ymC3rhGXE/view,3,False
317,163,3692,https://drive.google.com/file/d/1XjAETomWm4Q6wuXDHrZDPNMax-c2_2jB/view,4,False
318,164,3693,https://drive.google.com/file/d/1Poxioz5_EiO30NPYV5s6sPxa40Kqkr9M/view,1,True
319,164,3693,https://drive.google.com/file/d/1np4qnBMuMJNG-X4fajtCtUD9PFFCGe6V/view,2,False
320,164,3693,https://drive.google.com/file/d/1JlD_4yHVr7qmMQKjeBxXQOtsNXYkZDKz/view,3,False
321,164,3693,https://drive.google.com/file/d/1VZwOyVSoQVYObIDS8-BfHPEzBKbq3VNZ/view,4,False
322,165,3694,https://drive.google.com/file/d/1ONn9TPGdmPlvJmyJdu7y6kgK3OSJzWG_/view,1,True
323,165,3694,https://drive.google.com/file/d/1abthIW4IkvoaZvWe-SgpTEUL5UuOAUT-/view,2,False
324,165,3694,https://drive.google.com/file/d/1pOUpdkjrxqjBsBCDVEnp1XnomIs7aYo4/view,3,False
325,166,3695,https://drive.google.com/file/d/1xW370r0e75iR-o5iPteX3psAGeqCAOKE/view,1,True
326,166,3695,https://drive.google.com/file/d/13KAptS7Ri5TmcoJmmAmAtpaSjr0_md37/view,2,False
327,166,3695,https://drive.google.com/file/d/1CFHJZYsxCOGrSoSf_UHJaOSJE2Ds8mqw/view,3,False
328,166,3695,https://drive.google.com/file/d/10Gt_mn4VRU4KJZl_X4GeKZRmIdrlTnJq/view,4,False
329,167,3963,https://drive.google.com/file/d/17LlLN0RQNKnYxa4M2vQghv4kjTfm-6Ik/view,1,True
330,167,3963,https://drive.google.com/file/d/1D_TragcueWsiETkfolYcHRFQbhR9iF-w/view,2,False
331,167,3963,https://drive.google.com/file/d/1OEAprTg9_aIqUojPXzxTWceiJ3RAnKcw/view,3,False
332,168,3966,https://drive.google.com/file/d/1pTFMjPnJ8g4XWJ686An5zaq258LbMzWO/view,1,True
333,168,3966,https://drive.google.com/file/d/1hLEw6zmkESHC4eokSJ3GWtzUFtqhz-kh/view,2,False
334,168,3966,https://drive.google.com/file/d/1XJwi6paVNjlQ4yzBIM1JLR73HNblAMrN/view,3,False
335,169,3697,https://drive.google.com/file/d/17kMQ5mbhIlg2RMb6t5J1stdDQj3pF8f6/view,1,True
336,169,3697,https://drive.google.com/file/d/17F4Zu6ISvtcLl77hpSxh-1QKMSp602eu/view,2,False
337,169,3697,https://drive.google.com/file/d/1i5mVSbUnnpA0PcRQmW9jpZuZXl341sOQ/view,3,False
338,170,3698,https://drive.google.com/file/d/1lZkumD0C4c556zR0ZRETBx4iAMvR_DVQ/view,1,True
339,170,3698,https://drive.google.com/file/d/1ksrbj5_iN_hD4D9mcK4KOoTVRz68Wthi/view,2,False
340,170,3698,https://drive.google.com/file/d/1pXfXbarfhdW9zYR7fgQFj4dqqfKbgf3F/view,3,False
341,171,3696,https://drive.google.com/file/d/14DYg5oQyG6hRxHitJEVNJXhVCJaQm_3w/view,1,True
342,171,3696,https://drive.google.com/file/d/1rgrDNQ185rr_RjdYWBRtZe57I35GBHgo/view,2,False
343,171,3696,https://drive.google.com/file/d/1NOjlM22jh-AS910pvg7bUxZ3HRdPWJud/view,3,False
344,172,4004,https://drive.google.com/file/d/1ma4t5CKbKY_tuEoCOWq5hAN1rwOtGRoN/view,1,True
345,172,4004,https://drive.google.com/file/d/1BP4CaHh8zTvQb-6rNb88mdAWClC7n56Z/view,2,False
346,172,4004,https://drive.google.com/file/d/1cifTKhMnhgMo9Jg0SYdMHjqUQUvzgRLh/view,3,False
347,173,4046,https://drive.google.com/file/d/1pOyC2YjnH2bvcKzKr1T29uk7Q2NnEH0E/view,1,True
348,173,4046,https://drive.google.com/file/d/1IA1v3BRFUYLB5GgJqpbtTl1fbp1qBSbU/view,2,False
349,173,4046,https://drive.google.com/file/d/1jzPPNyajvoWA76PL3E1rANU_P35KI3-c/view,3,False
350,174,4048,https://drive.google.com/file/d/1Q-MlSxmw0QLdosaACurEuEjm_DeAm-qt/viewhttps://drive.google.com/file/d/1f7LzuJb5pf57CmRERn_k9XUR2nddplNp/viewhttps://drive.google.com/file/d/13avpyhGQ81shyE5JIJpzYoZMKsc16S4j/viewhttps://drive.google.com/file/d/1U7vnHlvBYttT18mzYBhnZdGcYa2BiZDy/view,1,True
351,175,4049,https://drive.google.com/file/d/1YGtDCVMjmWV9YPPNyveuNUmNgc39L38j/view,1,True
352,175,4049,https://drive.google.com/file/d/1cLmIBTpDI-V-DWEYu4MJHejXL0y-Wrpk/view,2,False
353,175,4049,https://drive.google.com/file/d/1esuUcDviYqPSYHQOWKgO3b4-4qrlouTN/view,3,False
354,175,4049,https://drive.google.com/file/d/1ACN1SqrAs6paeoQQ1-LLAhbfaUKIEuqL/view,4,False
355,176,4006,https://drive.google.com/file/d/1Rpnsc2ZhGrED4h6iGa7vTh_9KaZdogkl/view,1,True
356,176,4006,https://drive.google.com/file/d/1puIvia1N52pv07SDWBH-xcKmAAm-Xm6W/view,2,False
357,176,4006,https://drive.google.com/file/d/1unhh25nd7jMbYQCdAb332K0QAJwjxZtl/view,3,False
358,177,4003,https://drive.google.com/file/d/1IfC-GW5B8UruZanMCSkfRRZ_iuPbvbs5/view,1,True
359,177,4003,https://drive.google.com/file/d/10_srZbU8JFaF8sTaaNdIk5QmC_YjSjPo/view,2,False
360,177,4003,https://drive.google.com/file/d/1J_t8sYOhSHUS0uX3wqoLHDqJ-mf2lQIO/view,3,False
361,177,4003,https://drive.google.com/file/d/1nfOUHI3tEJMQVAB2tCN06H0DNugO7w5X/view,4,False
362,178,4047,https://drive.google.com/file/d/10xcIItIh698_8jo_Z1e3ESS2nJdJhYNG/view,1,True
363,178,4047,https://drive.google.com/file/d/1kM-yrci3N53xwkYP9evz5glsqg8NIWna/view,2,False
364,178,4047,https://drive.google.com/file/d/17UKGAd_8goAF7fWrY15bZf_3lx0TUMze/view,3,False
365,179,3996,https://drive.google.com/file/d/1RP0c_jDG7v47LX3BaTDQqzMEWYrlplTi/view,1,True
366,179,3996,https://drive.google.com/file/d/165tNfglKGeZ1oCpytdh4UyQr-fc7MW0z/view,2,False
367,179,3996,https://drive.google.com/file/d/1HeAHO9-yT8IN-bkMgmZoIl8XUdJIKQ9Z/view,3,False
368,180,3995,https://drive.google.com/file/d/1-f7rAlV1YTyctxFDZ0en17GyvfOZppde/view,1,True
369,180,3995,https://drive.google.com/file/d/1bQtGstrBqeBdV-5BHn0n-KEF-xynKKWG/view,2,False
370,180,3995,https://drive.google.com/file/d/1CAKeLmCIF0J8_TZCh1bHqkTMH5EBRD15/view,3,False
371,181,4002,https://drive.google.com/file/d/1jdwxctA_VDnf-A7mnaT1arpPmWHdZaOh/view,1,True
372,181,4002,https://drive.google.com/file/d/1a-lS4_pYZXvKhsoW-waIlisxd7pEdWtQ/view,2,False
373,181,4002,https://drive.google.com/file/d/1qgW8kxMZts-_4x0C6OXQvCcJbGblJQWN/view,3,False
374,186,22715,https://drive.google.com/file/d/1QBBEba0DpM3ij_rcbkYJos1EgXBuwdrL/view,1,True
375,186,22715,https://drive.google.com/file/d/1-M7JIc1tQuKrRvoZif5jrd-7vK_csKeg/view,2,False
376,186,22715,https://drive.google.com/file/d/1muoRrAjIrMKKE9oOEY3a8nzToElDfFEl/view,3,False
377,187,22739,https://drive.google.com/file/d/1TI2ORYM8up2fs5o-vlZnQND1M5G3uHOK/view,1,True
378,187,22739,https://drive.google.com/file/d/1xCKkVeKRgiUrEYgNAkTTHF8w0r7TJfGN/view,2,False
379,187,22739,https://drive.google.com/file/d/1V5rCKZbgTHdfJLVIuQ_BIrc6Vve-Y18Q/view,3,False
380,188,22318,https://drive.google.com/file/d/1QirvpS32qCzYFAv0sjBlCdmaip_d0Rey/view,1,True
381,188,22318,https://drive.google.com/file/d/1qdLKrMufbtPRys9hDDptEdvSdlIuQsYt/view,2,False
382,189,22405,https://drive.google.com/file/d/1SKXoJdwC7Fv4g5Bf4T4ql5XcnZZn9BvJ/view,1,True
383,189,22405,https://drive.google.com/file/d/1hj3iLnQSFVqZtohxVVfiYH0QqENAjl_g/view,2,False
384,190,22434,https://drive.google.com/file/d/1E_QxHWNkwjQUEWQPLq60_88-1-o03sTB/viewhttps://drive.google.com/file/d/1MA2cmVTj-RwjhyYy-gEvivbEavScLjO2/viewhttps://drive.google.com/file/d/1e5NoevrQ9ogcBwHVwXNlBGJWAFVlSTe4/viewhttps://drive.google.com/file/d/1LZhC0WA7S6pZLXstQzgyg7k2VpuHPTOF/view,1,True
385,191,22316,https://drive.google.com/file/d/1OMYeHn0knef5bZ94ogxEaGjTgwrNmmc8/view,1,True
386,191,22316,https://drive.google.com/file/d/1-12o5eEOAWRbdEaIGAz7L4lMityJ78lS/view,2,False
387,192,22701,https://drive.google.com/file/d/1m2Hrz2LKeole_Gb81Ja5jXYXv-49qIrZ/view,1,True
388,192,22701,https://drive.google.com/file/d/1qcq9M5xrgLHL4fLmbQkMjUocbZ6920OP/view,2,False
389,192,22701,https://drive.google.com/file/d/1hlangFntAAjpIbJ6D8RrmADW5UU_fvuo/view,3,False
390,192,22701,https://drive.google.com/file/d/15_8wU21avi-rqlPuINDFJ7EtB09SawAi/view,4,False
391,193,22702,https://drive.google.com/file/d/1LiJn_79jPpxuJ-dULX5SPksOhRbp47fT/view,1,True
392,193,22702,https://drive.google.com/file/d/1OhD2T07-FOwAxq4LsHXNSMfH44RejmKf/view,2,False
393,193,22702,https://drive.google.com/file/d/1SZSg8mHgKaktR05uImrLTLodcIeK6JLc/view,3,False
394,194,22740,https://drive.google.com/file/d/1-itcklybovBjLLWHqVeDiyXXjg4nRUnl/view,1,True
395,194,22740,https://drive.google.com/file/d/1rzzUNuGDJ-4gZVYSqcjm5osrgGkTWS8n/view,2,False
396,194,22740,https://drive.google.com/file/d/1xVLHEk8YHQNI_0yyJhdZsu0OrbRgV7-O/view,3,False
397,195,22743,https://drive.google.com/file/d/1OZZlhnDglv-JQclwlrrxy54UOf93XCcm/viewhttps://drive.google.com/file/d/1C8L4deVMs4rxPqMs3-RWr8Rh1RQFNJYo/viewhttps://drive.google.com/file/d/1bxHZL7NAoqdHZVq3q7oyXQLX5YLeJ6bF/viewhttps://drive.google.com/file/d/1ZGvm7KrZr6xraKrmDmY22xn7xltob1pc/viewhttps://drive.google.com/file/d/1C-cR3Y4rD3hFfRGsNyVIaS3HJ-bhMK_g/viewhttps://drive.google.com/file/d/1nnoPshumqkfpZJ61JGumtoLQg9TqkH2x/view,1,True
398,196,22764,https://drive.google.com/file/d/1ZDSVFKgGpdHs6X6L8cBuaPhM4GbiKVsI/view,1,True
399,196,22764,https://drive.google.com/file/d/1E_JKSVd0_D3KcnJXluKei3rxDvuBDp4m/view,2,False
400,196,22764,https://drive.google.com/file/d/1nxtauaYtDdtWzX99r7kZpqS6-rMHohND/view,3,False
401,196,22764,https://drive.google.com/file/d/1uWe11Az9t8z0Vaursf3ifIG_Ai65xdRk/view,4,False
402,196,22764,https://drive.google.com/file/d/1v2Z_rNZ2VE68EglC7Kf5UJ11oYhCEpFD/view,5,False
403,196,22764,https://drive.google.com/file/d/1Mv0RlSEhLUJF3_pJlj4L9mo8vhYHlqlC/view,6,False
404,197,22766,https://drive.google.com/file/d/1dHy0sVoiX2hFW0SndDpHOCqsyCBbH8lU/view,1,True
405,197,22766,https://drive.google.com/file/d/1XRv7rOd8x99PPa5Gc9JH1--lP00pxVPz/view,2,False
406,197,22766,https://drive.google.com/file/d/1194wl0d7yaXG0fnhobFpOqLXZrDAkm4B/view,3,False
407,197,22766,https://drive.google.com/file/d/1x_jhd2lVuL7dOuHF-DD4uq7mdUAqaAz8/view,4,False
408,197,22766,https://drive.google.com/file/d/1je0b6-jt-ufBeKO1IYNvavJyNfY0vGfx/view,5,False
409,197,22766,https://drive.google.com/file/d/1onzE-6Uihv-pTqR1tqnmwknf9F7tGF56/view,6,False
410,198,22767,https://drive.google.com/file/d/1yssafPzuJdHSyMrh-EZ_okHFp4xt3UJs/view,1,True
411,198,22767,https://drive.google.com/file/d/1MYA77yScCs7s7Ui-vAlayeqrs5N-LiUG/view,2,False
412,198,22767,https://drive.google.com/file/d/1O0_K1t7DZMA2lI_yCM5woS62V9zMshW8/view,3,False
413,198,22767,https://drive.google.com/file/d/1PNMmr0cdqX9kh8--y_xAejU6C8fAPEEn/view,4,False
414,198,22767,https://drive.google.com/file/d/1nxXU0g_LzfH01rGqFfgQEipo935gtbOh/view,5,False
415,198,22767,https://drive.google.com/file/d/1sUosLo4__5HvzMJvItSNdTIHmMKZOaBf/view,6,False
416,199,21972,https://drive.google.com/file/d/1ELKWf3P1hGxkLBoWXttK_7SiC3fRSg-V/viewhttps://drive.google.com/file/d/1-XY0nNp4pgxwS7sW5305Nh88ZMDozOtb/viewhttps://drive.google.com/file/d/1Q5DlSLpeIMJjsP5Z5LUOEswmbkMhdFja/viewhttps://drive.google.com/file/d/1qyroPrgicuiDgOnN2PlntoakfGLGVC5x/viewhttps://drive.google.com/file/d/1uYR4kYmaejF11Ni9s0VgCed31mo54Yle/viewhttps://drive.google.com/file/d/1IEZWv0Ezdh5K7BDp6i69Fs66Rn9UbfO_/view,1,True
417,200,22437,https://drive.google.com/file/d/1lHA1sDrb7-QczJ3CAKWwGmj3FjxaiJar/view,1,True
418,200,22437,https://drive.google.com/file/d/1QWZT-a1TAJsZWEQwwMFHDDq6ECYUs9ek/view,2,False
419,200,22437,https://drive.google.com/file/d/1s_Z_i4vTzj90BUOWDkMiRT2rNB1QNaLY/view,3,False
420,200,22437,https://drive.google.com/file/d/1JwhCrdG0RqPQibfe1wU7pKm392y-O7D8/view,4,False
421,200,22437,https://drive.google.com/file/d/136nNgtw3ZqHFNup9gQrGyg8sIw5EQqZo/view,5,False
422,200,22437,https://drive.google.com/file/d/1nuopy9EbN-UTykHOkz6HU1_aKgorPMH1/view,6,False
423,201,22663,https://drive.google.com/file/d/1KbCOdHTS-P1Y3i43gdvJVYNWQytNFu4K/view,1,True
424,201,22663,https://drive.google.com/file/d/1RB0e9QwxJUDvs1a8XXFKY-jWEphAI7IU/view,2,False
425,201,22663,https://drive.google.com/file/d/179Fsr9zfKei1wY28UeRQASy4D8FZyCyy/view,3,False
426,201,22663,https://drive.google.com/file/d/1ab6cMYjprBn4Ila3dd7DVgPdkgEQ7Ozm/view,4,False
427,201,22663,https://drive.google.com/file/d/1PCDmKTX56TtUiYxY3PmDY0XA7k4IWnzR/view,5,False
428,201,22663,https://drive.google.com/file/d/1SJaOQIBOUT_ph1s6y_DFinH8gii8Xyfd/view,6,False
429,202,22666,https://drive.google.com/file/d/1bGKmb8f5-pcupAC3u6Poe7_ZiWhvvKsW/view,1,True
430,202,22666,https://drive.google.com/file/d/1bHQHvia2IetQ6dLW3hX90U9RcqjPY01C/view,2,False
431,202,22666,https://drive.google.com/file/d/1M5XQQETdzHzT6Z4bGpS7DHfBRc0HU7J4/view,3,False
432,202,22666,https://drive.google.com/file/d/1qiPzvsjHUXva39z5PNGTq2X-f9OkI__G/view,4,False
433,202,22666,https://drive.google.com/file/d/10aQjYLSZApsp9TDaDn8drq1GHu87Wa1I/view,5,False
434,202,22666,https://drive.google.com/file/d/14PYh6r77VBsWPpv4EHkiRn4JipEPZqQk/view,6,False
435,203,21952,https://drive.google.com/file/d/1V86KJOSeRdAHj1QCB-7-HxSy3XV1_7Zh/view,1,True
436,203,21952,https://drive.google.com/file/d/1zEwxY2I0rkjHJUqViW3a-23oXkmSteYF/view,2,False
437,203,21952,https://drive.google.com/file/d/1KvC_qRQ8rFEf_8MuAX-3ZC6SD64uBsdS/view,3,False
438,204,21974,https://drive.google.com/file/d/1Z6DYk4GocGKrVbVSHBs5F4cZYjrnWNZa/view,1,True
439,204,21974,https://drive.google.com/file/d/1osWfl6BiO-DclRBHiyDTIAl-unNHQKXJ/view,2,False
440,204,21974,https://drive.google.com/file/d/1r6iFXCzNw407N3q7ahPBEKh_M6e_DEnZ/view,3,False
441,205,21988,https://drive.google.com/file/d/1t4D-GOt033kOGFJEK_2H-SHM7KPEqJwf/view,1,True
442,205,21988,https://drive.google.com/file/d/1iI5bvWWgLZ5ngC1IQ3sot3FhkoT-lN5V/view,2,False
443,205,21988,https://drive.google.com/file/d/1lWWw63p7XHPck6yofEDCuwlbfnxqB16b/view,3,False
444,206,21991,https://drive.google.com/file/d/19nSpJieLnvo41F5BH40uhIo_7hLDqBU0/view,1,True
445,206,21991,https://drive.google.com/file/d/1VbA1RhjV561-zztSHXSMLDKoMnxFX7nG/view,2,False
446,206,21991,https://drive.google.com/file/d/1frs8CszNGeMaRRJH5cZFV-9TXQ2QjE3z/view,3,False
447,207,21969,https://drive.google.com/file/d/1Csiw3wZIyoaDtsKYGcLoAZd8B8JiO80m/view,1,True
448,207,21969,https://drive.google.com/file/d/1y2OULBnA8cZU8Zdi6NLoUTuIJ-cje6gA/view,2,False
449,207,21969,https://drive.google.com/file/d/1CWtkNj_wy09mgh16dv7iIMEUWKV3688W/view,3,False
450,207,21969,https://drive.google.com/file/d/1iklnht0uWZ20CHUlhggNjyHu5pJwDPFZ/view,4,False
451,208,21971,https://drive.google.com/file/d/17ZAbsNl-1TiEb9Setlwi7dTSlkYgQMiy/view,1,True
452,208,21971,https://drive.google.com/file/d/1xk30-N_Cd2-ZC9eORyCarZcR7F9_zrtV/view,2,False
453,208,21971,https://drive.google.com/file/d/1Wp7VgHd--7ual7enHLOLrx7_SbQgdHXi/view,3,False
454,209,22711,https://drive.google.com/file/d/14LOMTOhG15N-HOl7v7SHDWRZxPG1lO79/view,1,True
455,209,22711,https://drive.google.com/file/d/1yRTgByYpgHAM5H7KUoJhJxmK17fxDt06/view,2,False
456,209,22711,https://drive.google.com/file/d/1OfNqabWia5loHTiB_n90AFVoJSwoX26P/view,3,False
457,209,22711,https://drive.google.com/file/d/1qwJN_aZe5pWHKbnTjEYTDS54rLvB4-Sj/view,4,False
458,209,22711,https://drive.google.com/file/d/1xSDd3mixX9n_Dy-hgz1hW9RZGni91oua/view,5,False
459,209,22711,https://drive.google.com/file/d/1NOPm0PabYThDxehMLd7xvPTdjExdGd-O/view,6,False
460,210,22712,https://www.skinko.com.ar/cdn/shop/files/8809647773054_No.2_Amberose_1.jpg?v=1776884672&width=4096,1,True
461,211,22713,https://acdn-us.mitiendanube.com/stores/324/065/products/8809647772224_no-0_icesugar_1-6ea1bb5ec4a37d57b617768847273815-640-0.webp,1,True
462,212,22714,https://drive.google.com/file/d/10tBcrpDD7-HusMRe58d8mdsPTNkJtRJc/view,1,True
463,212,22714,https://drive.google.com/file/d/1Tur_0JtavRpMS5elW0PemfwrWnmUmHe8/view,2,False
464,212,22714,https://drive.google.com/file/d/19qYi24vafxJR0C0HVuIWC6it9egiYuAQ/view,3,False
465,212,22714,https://drive.google.com/file/d/1sOG2NWsQUOLrtNIoRMMLWSTxNyQ990SZ/view,4,False
466,212,22714,https://drive.google.com/file/d/1oDSd6nPrS94po_2B5qHkHMMxYwWtPHlf/view,5,False
467,212,22714,https://drive.google.com/file/d/14akRf8BsYWmzD3x4N4Ss47vkQhq6Gsap/view,6,False
468,213,22709,https://drive.google.com/file/d/1Y5qroAoRpdW-m_rMmaKAq8DZq1KlySOq/view,1,True
469,213,22709,https://drive.google.com/file/d/1xA-1TMOwRWnLFx41uRjX2T3FNU3rK02u/view,2,False
470,213,22709,https://drive.google.com/file/d/1tdLdyf9SFP5aGtS576swE54ALYeBLRN3/view,3,False
471,213,22709,https://drive.google.com/file/d/1YbBb277CU9hxWuBWoWVMUelNRRWZV5Hg/view,4,False
472,213,22709,https://drive.google.com/file/d/1IVxHO1LB8E7LvgMrahl9TvYJSAOfffiT/view,5,False
473,213,22709,https://drive.google.com/file/d/1SvxCGQnvMSfQsHJ8mNva7Bz0FI9JHVou/view,6,False
474,214,22708,https://drive.google.com/file/d/13U8UWOF5KQAvmDCScUgZpx-MW75r-J0-/view,1,True
475,214,22708,https://drive.google.com/file/d/16Ldf-jg9KXLRfqJUrRLlxYSJNHTmJYjR/view,2,False
476,214,22708,https://drive.google.com/file/d/1c80pBfp7TdTv5dcauRHskfN40n3qnUZa/view,3,False
477,214,22708,https://drive.google.com/file/d/1fbPZLHD0PVVlJw5X7VV18GwJbL8c9IxO/view,4,False
478,214,22708,https://drive.google.com/file/d/10oRnDmp7tyG4wDL5tMqrlJFYB3URZxWC/view,5,False
479,214,22708,https://drive.google.com/file/d/1LBTLA5wi_C95fdWvKHJ7cVAv3rehypq6/view,6,False
480,215,22706,https://drive.google.com/file/d/1eF-lDixG6ICDKOlH093NFrDLxwW2_kln/view,1,True
481,215,22706,https://drive.google.com/file/d/1h7meeREeK1AxdMepja9quToz9RJ21k8E/view,2,False
482,215,22706,https://drive.google.com/file/d/1hdBlKBJDYNbLzFhFzDUTN4ygKw-VrLpC/view,3,False
483,215,22706,https://drive.google.com/file/d/10jmZyFxi50PBDcyDtmLksdkc9NW0wbGC/view,4,False
484,215,22706,https://drive.google.com/file/d/1PytEP7MFd2NHSczz3mrj12USv7baK245/view,5,False
485,215,22706,https://drive.google.com/file/d/18F2rOyyItH2MUgQxn_Xc_S9eEw9ZnKLX/view,6,False
486,216,3599,https://acdn-us.mitiendanube.com/stores/324/065/products/poredark-spot-brightening-serum-1-33af4888c1b49c76e917587453803358-640-0.webp,1,True
487,216,3599,https://acdn-us.mitiendanube.com/stores/324/065/products/poredark-spot-brightening-serum-2-f240ecd71a86bd28d217587453802959-640-0.webp,2,False
488,216,3599,https://acdn-us.mitiendanube.com/stores/324/065/products/poredark-spot-brightening-serum-3-ff0529c1efcbebe05417587453802325-640-0.webp,3,False
489,217,21937,https://acdn-us.mitiendanube.com/stores/324/065/products/skinfree-dual-barrier-mild-gel-cleanser-1-634137feaa5126578617721966136017-640-0.webp,1,True
490,217,21937,https://acdn-us.mitiendanube.com/stores/324/065/products/skinfree-dual-barrier-mild-gel-cleanser-2-ce9545a994318f21ae17721966138051-640-0.webp,2,False
491,217,21937,https://acdn-us.mitiendanube.com/stores/324/065/products/skinfree-dual-barrier-mild-gel-cleanser-3-8c055048a9820157b617721966137944-640-0.webp,3,False
492,217,21937,https://acdn-us.mitiendanube.com/stores/324/065/products/skinfree-dual-barrier-mild-gel-cleanser-4-c46cb7817d7b6f8f2717721966138919-640-0.webp,4,False
493,217,21937,https://acdn-us.mitiendanube.com/stores/324/065/products/skinfree-dual-barrier-mild-gel-cleanser-5-f9439ce353b129752f17721966143354-640-0.webp,5,False
494,218,21938,https://acdn-us.mitiendanube.com/stores/324/065/products/skinfree-dual-barrier-creamy-toner-1-b1dd24751551a0f85d17721990945349-640-0.webp,1,True
495,218,21938,https://acdn-us.mitiendanube.com/stores/324/065/products/skinfree-dual-barrier-creamy-toner-2-6126eb07a31538832917721990950970-640-0.webp,2,False
496,218,21938,https://acdn-us.mitiendanube.com/stores/324/065/products/skinfree-dual-barrier-creamy-toner-3-6c27a7c99ad8d7684b17721990947370-640-0.webp,3,False
497,218,21938,https://acdn-us.mitiendanube.com/stores/324/065/products/skinfree-dual-barrier-creamy-toner-4-66e4ea6fc36a93565f17721990948073-640-0.webp,4,False
498,218,21938,https://acdn-us.mitiendanube.com/stores/324/065/products/skinfree-dual-barrier-creamy-toner-5-529b60c8b3ff6ef9c917721990946165-640-0.webp,5,False
499,219,21939,https://acdn-us.mitiendanube.com/stores/324/065/products/skinfree-dual-barrier-skin-wearable-cream-1-52058a39dfc26d9e0417721992207810-640-0.webp,1,True
500,220,21897,https://acdn-us.mitiendanube.com/stores/324/065/products/skinfree-ji-woo-gae-heartleaf-bha-peeling-pad-1-cb2664ef3b6b8cb73c17721963597509-640-0.webp,1,True
501,220,21897,https://acdn-us.mitiendanube.com/stores/324/065/products/skinfree-ji-woo-gae-heartleaf-bha-peeling-pad-2-b55f96458ca1e3f57817721963598473-640-0.webp,2,False
502,220,21897,https://acdn-us.mitiendanube.com/stores/324/065/products/skinfree-ji-woo-gae-heartleaf-bha-peeling-pad-3-ed27a43b98e7b68fda17721963601732-640-0.webp,3,False
503,220,21897,https://acdn-us.mitiendanube.com/stores/324/065/products/skinfree-ji-woo-gae-heartleaf-bha-peeling-pad-4-04420da9ed4367b8de17721963598795-640-0.webp,4,False
504,220,21897,https://acdn-us.mitiendanube.com/stores/324/065/products/skinfree-ji-woo-gae-heartleaf-bha-peeling-pad-5-7d18792aea7bb1e15e17721963598141-640-0.webp,5,False
505,221,21944,https://acdn-us.mitiendanube.com/stores/324/065/products/skinfree-the-real-noni-starter-kit-1-7f69aa714159c9d59717722145330616-640-0.webp,1,True
506,221,21944,https://acdn-us.mitiendanube.com/stores/324/065/products/skinfree-the-real-noni-starter-kit-2-86c8599d6f2471789617722145329450-640-0.webp,2,False
507,221,21944,https://acdn-us.mitiendanube.com/stores/324/065/products/skinfree-the-real-noni-starter-kit-3-e711e287faf9571c3c17722145331138-640-0.webp,3,False
508,221,21944,https://acdn-us.mitiendanube.com/stores/324/065/products/skinfree-the-real-noni-starter-kit-4-a44596c129675ab0ad17722145336020-640-0.webp,4,False
509,222,8551,https://acdn-us.mitiendanube.com/stores/324/065/products/61v9gc28mul-_sl1500_-df524a23aa9ef55dc417860224864085-640-0.webp,1,True
510,223,21940,https://acdn-us.mitiendanube.com/stores/324/065/products/skinfree-oil-control-mattifying-sun-stick-1-aec05438d558ae966e17722124752985-640-0.webp,1,True
511,223,21940,https://acdn-us.mitiendanube.com/stores/324/065/products/skinfree-oil-control-mattifying-sun-stick-2-dc9d567759ec5a4ee717722124752750-640-0.webp,2,False
512,223,21940,https://acdn-us.mitiendanube.com/stores/324/065/products/skinfree-oil-control-mattifying-sun-stick-3-458a6eb71b7df38ec717722124759793-640-0.webp,3,False
513,223,21940,https://acdn-us.mitiendanube.com/stores/324/065/products/skinfree-oil-control-mattifying-sun-stick-4-a0fdef7e135258f49817722124756635-640-0.webp,4,False
514,223,21940,https://acdn-us.mitiendanube.com/stores/324/065/products/skinfree-oil-control-mattifying-sun-stick-5-8099cb727e65198abb17722124754115-640-0.webp,5,False
515,224,8518,https://acdn-us.mitiendanube.com/stores/324/065/products/medidas-skinko-web-5-0382b08c74fb64092417870639089454-640-0.webp,1,True
516,224,8518,https://acdn-us.mitiendanube.com/stores/324/065/products/medidas-skinko-web-8ab44282fa079c766a17870639087834-640-0.webp,2,False
517,224,8518,https://acdn-us.mitiendanube.com/stores/324/065/products/medidas-skinko-web-1-d218a08106e56352c017870639088227-640-0.webp,3,False
518,224,8518,https://acdn-us.mitiendanube.com/stores/324/065/products/medidas-skinko-web-2-8cbb4937c7f4e5febd17870639088119-640-0.webp,4,False
519,225,21943,https://acdn-us.mitiendanube.com/stores/324/065/products/skinfree-poredark-spot-brightening-cream-mask-x1-1-55415840d54892cf8117722138752653-640-0.webp,1,True
520,225,21943,https://acdn-us.mitiendanube.com/stores/324/065/products/skinfree-poredark-spot-brightening-cream-mask-x1-2-9e669fec1579fb598917722138754274-640-0.webp,2,False
521,225,21943,https://acdn-us.mitiendanube.com/stores/324/065/products/skinfree-poredark-spot-brightening-cream-mask-x1-3-01ee4449d5033fae2017722138757077-640-0.webp,3,False
522,225,21943,https://acdn-us.mitiendanube.com/stores/324/065/products/skinfree-poredark-spot-brightening-cream-mask-x1-4-00be1583f1335283bf17722138754405-640-0.webp,4,False
523,225,21943,https://acdn-us.mitiendanube.com/stores/324/065/products/skinfree-poredark-spot-brightening-cream-mask-x1-5-8beeb02902e51be95817722138938972-640-0.webp,5,False
524,226,21941,https://acdn-us.mitiendanube.com/stores/324/065/products/skinfree-poredark-spot-brightening-pad-1-0831e0812639510f8017722131421026-640-0.webp,1,True
525,226,21941,https://acdn-us.mitiendanube.com/stores/324/065/products/skinfree-poredark-spot-brightening-pad-2-a0f7fa0406e22c6ec517722131423662-640-0.webp,2,False
526,226,21941,https://acdn-us.mitiendanube.com/stores/324/065/products/skinfree-poredark-spot-brightening-pad-3-26774eb836e0275a5d17722131424303-640-0.webp,3,False
527,226,21941,https://acdn-us.mitiendanube.com/stores/324/065/products/skinfree-poredark-spot-brightening-pad-4-9ee84652c3e0c4d08417722131425802-640-0.webp,4,False
528,226,21941,https://acdn-us.mitiendanube.com/stores/324/065/products/skinfree-poredark-spot-brightening-pad-5-cf82ec2e173323276917722131423518-640-0.webp,5,False
529,227,21942,https://acdn-us.mitiendanube.com/stores/324/065/products/skinfree-poredark-spot-brightening-care-sunscreen-1-00717513379187c46b17722135493322-640-0.webp,1,True
530,227,21942,https://acdn-us.mitiendanube.com/stores/324/065/products/skinfree-poredark-spot-brightening-care-sunscreen-2-8eef6886e2c0a978d817722135495014-640-0.webp,2,False
531,227,21942,https://acdn-us.mitiendanube.com/stores/324/065/products/skinfree-poredark-spot-brightening-care-sunscreen-3-81b83e50a99705229417722135499882-640-0.webp,3,False
532,227,21942,https://acdn-us.mitiendanube.com/stores/324/065/products/skinfree-poredark-spot-brightening-care-sunscreen-4-0ac9b45fc73cc6c4d017722135496957-640-0.webp,4,False
533,227,21942,https://acdn-us.mitiendanube.com/stores/324/065/products/skinfree-poredark-spot-brightening-care-sunscreen-5-5801b014f93e51b58117722135495090-640-0.webp,5,False
534,228,8203,https://acdn-us.mitiendanube.com/stores/324/065/products/medidas-skinko-web-4-82f755567d4fe7c34e17870633049580-640-0.webp,1,True
535,228,8203,https://acdn-us.mitiendanube.com/stores/324/065/products/medidas-skinko-web-3-575827a3cc2fd5487a17870635029751-640-0.webp,2,False
536,229,3605,https://acdn-us.mitiendanube.com/stores/324/065/products/the-real-noni-acne-bubble-cleanser-1-4c7cec4bccdaa4f38417736734404780-640-0.webp,1,True
537,229,3605,https://acdn-us.mitiendanube.com/stores/324/065/products/the-real-noni-acne-bubble-cleanser-3-53edc9f8e4e192eb9217736734406874-640-0.webp,2,False
538,230,21883,https://acdn-us.mitiendanube.com/stores/324/065/products/skinfree-the-real-noni-energy-repair-cream-1-1c411e44890f4ddf9b17721958621791-640-0.webp,1,True
539,230,21883,https://acdn-us.mitiendanube.com/stores/324/065/products/skinfree-the-real-noni-energy-repair-cream-2-1e0b95b9d68945a05d17721958625053-640-0.webp,2,False
540,230,21883,https://acdn-us.mitiendanube.com/stores/324/065/products/skinfree-the-real-noni-energy-repair-cream-3-2fdab3238f71362f7917721958626992-640-0.webp,3,False
541,230,21883,https://acdn-us.mitiendanube.com/stores/324/065/products/skinfree-the-real-noni-energy-repair-cream-4-b4d279222a7af74e1017721958625383-640-0.webp,4,False
542,230,21883,https://acdn-us.mitiendanube.com/stores/324/065/products/skinfree-the-real-noni-energy-repair-cream-5-8487a8ede333c06c4e17721958625234-640-0.webp,5,False
543,231,21885,https://acdn-us.mitiendanube.com/stores/324/065/products/skinfree-the-real-noni-energy-ampoule-mask-1ea-1-19bec5adc5c3f4ac1617721961978840-640-0.webp,1,True
544,231,21885,https://acdn-us.mitiendanube.com/stores/324/065/products/skinfree-the-real-noni-energy-ampoule-mask-1ea-2-37560d54c886277e7a17721961980088-640-0.webp,2,False
545,231,21885,https://acdn-us.mitiendanube.com/stores/324/065/products/skinfree-the-real-noni-energy-ampoule-mask-1ea-3-3613aa8efc032c10c417721961979252-640-0.webp,3,False
546,231,21885,https://acdn-us.mitiendanube.com/stores/324/065/products/skinfree-the-real-noni-energy-ampoule-mask-1ea-4-be5266715189a07ca617721961979216-640-0.webp,4,False
547,231,21885,https://acdn-us.mitiendanube.com/stores/324/065/products/skinfree-the-real-noni-energy-ampoule-mask-1ea-5-b1062b88a57eb1ef6517721961977996-640-0.webp,5,False
548,232,3608,https://acdn-us.mitiendanube.com/stores/324/065/products/the-real-noni-energy-ampoule-1-401db6dffb37aa80dc17587432257785-640-0.webp,1,True
549,233,21864,https://acdn-us.mitiendanube.com/stores/324/065/products/skinfree-the-real-noni-moisture-balancing-toner-1-f031aa48015617a2c817721960626561-640-0.webp,1,True
550,233,21864,https://acdn-us.mitiendanube.com/stores/324/065/products/skinfree-the-real-noni-moisture-balancing-toner-2-bc5eded52b9ee042f917721960627044-640-0.webp,2,False
551,233,21864,https://acdn-us.mitiendanube.com/stores/324/065/products/skinfree-the-real-noni-moisture-balancing-toner-3-83508dabf757b21d5d17721960625703-640-0.webp,3,False
552,233,21864,https://acdn-us.mitiendanube.com/stores/324/065/products/skinfree-the-real-noni-moisture-balancing-toner-4-57d0559978670c2baf17721960626327-640-0.webp,4,False
553,233,21864,https://acdn-us.mitiendanube.com/stores/324/065/products/skinfree-the-real-noni-moisture-balancing-toner-5-8d91d7c5f745e242a217721960625612-640-0.webp,5,False
554,234,3644,https://drive.google.com/file/d/1-d6rXfMd4KuLlApgt1JCon3JYWO-n8Vk/view?usp=drivesdk,1,True
555,234,3644,https://acdn-us.mitiendanube.com/stores/324/065/products/the-vita-a-retinal-shot-tightening-booster-2-ea1f578e35b7eb8b6817587436772977-640-0.webp,2,False
556,234,3644,https://acdn-us.mitiendanube.com/stores/324/065/products/the-vita-a-retinal-shot-tightening-booster-3-efe31a8ede13873fc517587436771362-640-0.webp,3,False
557,235,3650,https://acdn-us.mitiendanube.com/stores/324/065/products/the-vita-a-retinol-shot-tightening-serum-1-8fc911a07449e43e6017587462582608-640-0.webp,1,True
558,235,3650,https://acdn-us.mitiendanube.com/stores/324/065/products/the-vita-a-retinol-shot-tightening-serum-2-f98d6842970e87cd7117587462585181-640-0.webp,2,False
559,235,3650,https://acdn-us.mitiendanube.com/stores/324/065/products/the-vita-a-retinol-shot-tightening-serum-3-edbff395602350893a17587462583121-640-0.webp,3,False
560,237,27249,https://acdn-us.mitiendanube.com/stores/324/065/products/skinfree-dual-barrier-creamy-toner-the-real-noni-energy-ampoule-255016e6bcfc84ee6d17722152905537-640-0.webp,1,True
561,238,27256,https://acdn-us.mitiendanube.com/stores/324/065/products/skinfree-pore-dark-spot-brightening-mask-retinal-booster-6fdc103ad41403f89117722156018381-640-0.webp,1,True
562,239,27266,https://acdn-us.mitiendanube.com/stores/324/065/products/skinko-poredark-spot-brightening-pad-poredark-spot-brightening-care-sunscreen-77677325d22618dde117722160607065-640-0.webp,1,True
563,240,27273,https://acdn-us.mitiendanube.com/stores/324/065/products/skinko-toner-noni-cream-noni-mask-noni-13bf9e39394d50e5f417722162659552-640-0.webp,1,True
564,241,3566,https://acdn-us.mitiendanube.com/stores/324/065/products/oil-control-light-sunscreen-1-fd3202042038bfda3217587466345345-640-0.webp,1,True
565,241,3566,https://acdn-us.mitiendanube.com/stores/324/065/products/oil-control-light-sunscreen-2-65fae4d991ef94c46017587466347037-640-0.webp,2,False
566,241,3566,https://acdn-us.mitiendanube.com/stores/324/065/products/oil-control-light-sunscreen-3-9684c554781bba592d17587466351192-640-0.webp,3,False
567,242,23752,https://drive.google.com/file/d/1ouTBKjaGfZB2_cEM94e8ZNbe_NKHJkq7/view,1,True
568,242,23752,https://drive.google.com/file/d/13h1Hf6bBo75OJcL3_WOkcUGFB_Z4vWjz/view,2,False
569,242,23752,https://drive.google.com/file/d/1eSausNqtYnPD6NbVgKapp7dS4bUzD9pD/view,3,False
570,243,24256,https://drive.google.com/file/d/18jOh0rbq7o4lNpfibANQ4bM4sHUzg4fR/view,1,True
571,243,24256,https://drive.google.com/file/d/1utiwBDmBT5xaL6Xk9ZumwYNOKLR7IfWO/view,2,False
572,243,24256,https://drive.google.com/file/d/1kG_wUMoVcjTNphB1KwfVZpRwnM-GuYb6/view,3,False
573,244,24244,https://drive.google.com/file/d/1yEu43yNyXQN_D7WZdA_OOPI1h7oa5xj7/view,1,True
574,244,24244,https://drive.google.com/file/d/1DNbVqOATBluLsCkpPCNImALL7HYys00K/view,2,False
575,244,24244,https://drive.google.com/file/d/1VdVFZSlThdbr38hO2v8LrkGvY6Xc04MI/view,3,False
576,245,23895,https://drive.google.com/file/d/1VUTDBXEPGXec1bG3SU0DIPXDDkxzyTuX/view,1,True
577,245,23895,https://drive.google.com/file/d/1SsScPjRIkmJhqS7HhLlZ-oUmEJ_1BwUu/view,2,False
578,245,23895,https://drive.google.com/file/d/12ejxJ9Zla2kxdERRc0Outt6hup0k91db/view,3,False
579,246,23921,https://drive.google.com/file/d/1dZt-o3zAgy3wWiZgeqe-n5PmC8a6ezMa/view,1,True
580,246,23921,https://drive.google.com/file/d/1uZpHlXVfvw4FC1iXCBl8uzbzVxG7jnbb/view,2,False
581,246,23921,https://drive.google.com/file/d/1TQwqnyWsIXj-2egVDvh_RlsiITtOsD8l/view,3,False
582,247,7842,https://drive.google.com/file/d/1UCsaEgXm6fpPSOgss4kWcOSihzqOyIiW/view,1,True
583,248,24371,https://drive.google.com/file/d/1vsSfLDOCUVsusYEYPMSX9qozgCHgDkCO/view,1,True
584,248,24371,https://drive.google.com/file/d/159q3w6qBNgu8rtNbzVzCvVH6jOERlT4M/view,2,False
585,248,24371,https://drive.google.com/file/d/1OwEOuY3lEKuRqkCEwNLHYIDt6YL3yv67/view,3,False
586,248,24371,https://drive.google.com/file/d/12cVEU19rrFjR3yieZvCFhjBWwA6HXDaY/view,4,False
587,248,24371,https://drive.google.com/file/d/1imvS8d_bnQxSOFe6PW3a917JEHsKO8kD/view,5,False
588,248,24371,https://drive.google.com/file/d/1KJh8y0rUbmNaahTbvrCUqwo8sKQqEPM2/view,6,False
589,249,24378,https://drive.google.com/file/d/15umK0TGghOe5BZRYWDCEgpQPvF04MiEb/view,1,True
590,249,24378,https://drive.google.com/file/d/1rTmCBgYGDnQjAmOoPU2sImvQmuEVUgx6/view,2,False
591,249,24378,https://drive.google.com/file/d/1A3C8WbjHfKf-WmZkfmgJ1hGJsEHk5-lw/view,3,False
592,250,8178,https://drive.google.com/file/d/1UCsaEgXm6fpPSOgss4kWcOSihzqOyIiW/view,1,True
593,251,8179,https://drive.google.com/file/d/1UCsaEgXm6fpPSOgss4kWcOSihzqOyIiW/view,1,True
594,252,23766,https://acdn-us.mitiendanube.com/stores/324/065/products/8806109100809_1-d216ce386f2b1cefa417739658981736-640-0.webp,1,True
595,252,23766,https://acdn-us.mitiendanube.com/stores/324/065/products/8806109100809_6-aad6fa01c251553f2917767037491236-640-0.webp,2,False
596,252,23766,https://acdn-us.mitiendanube.com/stores/324/065/products/8806109100809_5-de30a6a20b6e6e65fd17767037495474-640-0.webp,3,False
597,252,23766,https://acdn-us.mitiendanube.com/stores/324/065/products/8806109100809_4-e80de11d6246167b1717767037493236-640-0.webp,4,False
598,252,23766,https://acdn-us.mitiendanube.com/stores/324/065/products/8806109100809_3-b099bb19724a544f4817767037496267-640-0.webp,5,False
599,252,23766,https://acdn-us.mitiendanube.com/stores/324/065/products/8806109100809_2-5f0bff0cc0439307d017767037492573-640-0.webp,6,False
600,253,23929,https://drive.google.com/file/d/12M0rKP3CgxYgpAk2wXOidLww_YiqinPs/view,1,True
601,253,23929,https://drive.google.com/file/d/1H0C3ywgJzsV1_lXZpvnQHkAEYEMaqYac/view,2,False
602,253,23929,https://drive.google.com/file/d/16ovUY-ADf65584VF7FnrttriSGOtdecs/view,3,False
603,254,8170,https://drive.google.com/file/d/1UCsaEgXm6fpPSOgss4kWcOSihzqOyIiW/view,1,True
604,255,23919,https://drive.google.com/file/d/1GDtM17FD0SOJYlrtITCgN2bSVB_amtce/view,1,True
605,255,23919,https://drive.google.com/file/d/1i38ZY2Zl7S900xJzSOBg9SPWqNW0jDiS/view,2,False
606,255,23919,https://drive.google.com/file/d/1LBMyawkKkM4AbE3NVEpeoDar6j-pKMMy/view,3,False
607,256,7643,https://drive.google.com/file/d/1IPYOWH78PVvvjj4QFQFpoVlcWqwIQD1o/view,1,True
608,258,7629,https://drive.google.com/file/d/1hCGvzORT205fOB1YhNfmvbus5KoMb3Ap/view,1,True
609,259,7628,https://drive.google.com/file/d/1_EJylc4WdvwcW0jT815W18noQzix6YKT/view,1,True
610,260,7642,https://drive.google.com/file/d/1u73zG_By4TrJ1SJaedWE0Vw1jcgS08LW/view,1,True
611,261,7644,https://drive.google.com/file/d/1dKZrAQJWKyn_RnWki31S5OBqO_CzYAFn/view,1,True
612,262,7630,https://drive.google.com/file/d/1VA0qv4ERn91iZ8gS90EU7AwV_R1l1ipL/view,1,True
613,263,7641,https://drive.google.com/file/d/1spS5ajG1ZGPYR4LRIyHSfpLqthca2WwR/view,1,True
614,264,7626,https://drive.google.com/file/d/10w4_3KbHvbg-6n2tpy9EhOIrorWhwXT0/view,1,True
615,266,7619,https://drive.google.com/file/d/1g_fkKkNoUei2SppvU1Mtze_Q8mocuH3C/view,1,True
616,271,6501,https://drive.google.com/file/d/1TD2Nyf4nBbbzBI3LErYLngFoRa452t8p/view,1,True
617,272,6503,https://drive.google.com/file/d/197OtFzR_BbLgIIvDn8yKi8F0DnMF1W8d/view,1,True
618,273,6504,https://drive.google.com/file/d/1Y6_PQ7HHt6iQx5hNsFVN-2pvXfc8zjAr/view,1,True
619,274,6502,https://drive.google.com/file/d/1YAYsmwG22FM8F2gRI0Nf9wY5f8xzWkB_/view,1,True
620,275,18422,https://acdn-us.mitiendanube.com/stores/324/065/products/115-7ea8885975854b889a17430901128161-640-0.webp,1,True
621,276,18430,https://acdn-us.mitiendanube.com/stores/324/065/products/118-2850365cf7b0b8b3d017430902428435-640-0.webp,1,True
622,277,18335,https://acdn-us.mitiendanube.com/stores/324/065/products/124-ed031f2ebe9446d2d617430902511775-640-0.webp,1,True
623,277,18335,https://acdn-us.mitiendanube.com/stores/324/065/products/125-9584130f7caa08f4db17430902517963-640-0.webp,2,False
624,277,18335,https://acdn-us.mitiendanube.com/stores/324/065/products/126-d720cf3986d5c4ef0417430902519790-640-0.webp,3,False
625,278,18351,https://acdn-us.mitiendanube.com/stores/324/065/products/121-7275e3d4d86ff9447017430902153696-640-0.webp,1,True
626,278,18351,https://acdn-us.mitiendanube.com/stores/324/065/products/122-9996e70c08cb93b42317430902166810-640-0.webp,2,False
627,278,18351,https://acdn-us.mitiendanube.com/stores/324/065/products/123-64d747782bd8772ba417430902162623-640-0.webp,3,False
628,279,97612,https://sandraselmaonline.com.ar/wp-content/uploads/2025/01/Hair-curling-essence-Coony-1.jpg,1,True
629,281,18353,https://acdn-us.mitiendanube.com/stores/324/065/products/acne-control-serum-7314b0f3d38ce3cb2017429218551777-640-0.webp,1,True
630,282,96564,https://acdn-us.mitiendanube.com/stores/324/065/products/aloe-vera-e0f6fc3fffa8edb23117429219911213-640-0.webp,1,True
631,282,96564,https://acdn-us.mitiendanube.com/stores/324/065/products/dsc07646blanco11-956cf5da60d7be0c7716443291552058-640-0.webp,2,False
632,283,96566,https://acdn-us.mitiendanube.com/stores/324/065/products/hair-serum-cda161ecc4b63f597517429277449404-640-0.webp,1,True
633,283,96566,https://acdn-us.mitiendanube.com/stores/324/065/products/mesa-de-trabajo-71-bcc769edd47d7b811516464261710660-640-0.webp,2,False
634,283,96566,https://acdn-us.mitiendanube.com/stores/324/065/products/mesa-de-trabajo-61-3b40b5c4634644255416464261827793-640-0.webp,3,False
635,284,95608,https://acdn-us.mitiendanube.com/stores/324/065/products/hair-treatment-58500f869313cb78a517429276447133-640-0.webp,1,True
636,284,95608,https://acdn-us.mitiendanube.com/stores/324/065/products/h411-29eb9a267d52b97d2616352792947681-640-0.webp,2,False
637,284,95608,https://acdn-us.mitiendanube.com/stores/324/065/products/h2-11-4eed57388147fc7ae416352792924257-640-0.webp,3,False
638,285,20586,https://acdn-us.mitiendanube.com/stores/324/065/products/body-lotion-b9bcca5619a5c29a5317429223837953-640-0.webp,1,True
639,285,20586,https://acdn-us.mitiendanube.com/stores/324/065/products/coony5956-bb11075f024a5a341f16989286675536-640-0.webp,2,False
640,285,20586,https://acdn-us.mitiendanube.com/stores/324/065/products/coony5185-ec8c96b4c25143725416989288054715-640-0.webp,3,False
641,286,96565,https://acdn-us.mitiendanube.com/stores/324/065/products/centella-pad-658cd70d092101b8c017429220246686-640-0.webp,1,True
642,286,96565,https://acdn-us.mitiendanube.com/stores/324/065/products/mesa-de-trabajo-41-75fe9feed5e8437f7a16469203246164-640-0.webp,2,False
643,287,99700,https://acdn-us.mitiendanube.com/stores/324/065/products/lip-balm-63ccf9e505a0c52c4a17429277261767-640-0.webp,1,True
644,287,99700,https://acdn-us.mitiendanube.com/stores/324/065/products/21-e80f55ca6ec3a8e5b116763172476034-640-0.webp,2,False
645,287,99700,https://acdn-us.mitiendanube.com/stores/324/065/products/31-67f0eea95e4cfb77c316763172476121-640-0.webp,3,False
646,288,99701,https://acdn-us.mitiendanube.com/stores/324/065/products/cicamomille-52e96dadd2bab8049317429218154895-640-0.webp,1,True
647,288,99701,https://acdn-us.mitiendanube.com/stores/324/065/products/61-9d086b8943dae7711516763146614901-640-0.webp,2,False
648,288,99701,https://acdn-us.mitiendanube.com/stores/324/065/products/81-cafc27bc73646c1d8a16763146617462-640-0.webp,3,False
649,288,99701,https://acdn-us.mitiendanube.com/stores/324/065/products/71-3987caa2f94581e5a316763146617007-640-0.webp,4,False
650,289,95004,https://acdn-us.mitiendanube.com/stores/324/065/products/sleeping-846137c92844abe94917429275258830-640-0.webp,1,True
651,289,95004,https://acdn-us.mitiendanube.com/stores/324/065/products/dsc03815-copia1-dc8786da80179f087c16248963554297-640-0.webp,2,False
652,290,95002,https://acdn-us.mitiendanube.com/stores/324/065/products/arcilla-volcanica-0698fcc5af2a56bdf917429218804469-640-0.webp,1,True
653,290,95002,https://acdn-us.mitiendanube.com/stores/324/065/products/dsc013811-132104bceb21280bc516383863687744-640-0.webp,2,False
654,290,95002,https://acdn-us.mitiendanube.com/stores/324/065/products/dsc0140011-6be63c0948e96c1cef16383863689297-640-0.webp,3,False
655,291,97611,https://acdn-us.mitiendanube.com/stores/324/065/products/eye-cream-dbba27f3ddb767e98117429224619906-640-0.webp,1,True
656,291,97611,https://acdn-us.mitiendanube.com/stores/324/065/products/31-84b85a51d21615741916896267866354-640-0.webp,2,False
657,291,97611,https://acdn-us.mitiendanube.com/stores/324/065/products/221-ec2457f07904d5b3fe16896267867541-640-0.webp,3,False
658,292,95001,https://acdn-us.mitiendanube.com/stores/324/065/products/foam-bfaa2a0ad388df764017429276979284-640-0.webp,1,True
659,292,95001,https://acdn-us.mitiendanube.com/stores/324/065/products/dsc033471-8b1ab785d6d22d2e0216248891791047-640-0.webp,2,False
660,292,95001,https://acdn-us.mitiendanube.com/stores/324/065/products/dsc033631-41f5e8f71a8a2cd11916248891803820-640-0.webp,3,False
661,292,95001,https://acdn-us.mitiendanube.com/stores/324/065/products/dsc0144011-ffb1d461a9214ef89816383884007327-640-0.webp,4,False
662,292,95001,https://acdn-us.mitiendanube.com/stores/324/065/products/dsc014411-4776d7bb63833f9d6416383884009826-640-0.webp,5,False
663,293,20592,https://acdn-us.mitiendanube.com/stores/324/065/products/multiactive-4c7a80b013f545510417429217833916-640-0.webp,1,True
664,293,20592,https://acdn-us.mitiendanube.com/stores/324/065/products/coony5021-b5f4ab49075824343d16989279782034-640-0.webp,2,False
665,293,20592,https://acdn-us.mitiendanube.com/stores/324/065/products/coony5412-6398bedc6ceb9720a6169892789454081-7a1c57236aa518fb8916989281849915-640-0.webp,3,False
666,294,20588,https://acdn-us.mitiendanube.com/stores/324/065/products/retinol-85ae4c113eb199213a17429275934751-640-0.webp,1,True
667,294,20588,https://acdn-us.mitiendanube.com/stores/324/065/products/coony5535-475ae895836b7d23df169892832628891-25b9f6c0d03cd7cbdf16989284213750-640-0.webp,2,False
668,294,20588,https://acdn-us.mitiendanube.com/stores/324/065/products/coony0226-7a76ce5bb1b5b3490116989284066234-640-0.webp,3,False
669,295,85000,https://acdn-us.mitiendanube.com/stores/324/065/products/mesa-de-trabajo-9-f808210fdf1ec6c36517429213941101-640-0.webp,1,True
670,295,85000,https://acdn-us.mitiendanube.com/stores/324/065/products/dsc002021-5f63237287291687f316206807457587-640-0.webp,2,False
671,296,95003,https://acdn-us.mitiendanube.com/stores/324/065/products/arcilla-verde-477c2131e890b761e917429218983095-640-0.webp,1,True
672,297,17734,https://acdn-us.mitiendanube.com/stores/324/065/products/nano-collagen-melting-film-941ae0f7247e10c08817429225670961-640-0.webp,1,True
673,297,17734,https://acdn-us.mitiendanube.com/stores/324/065/products/nano-collagen-melting-film-pack-primario-2-cc453b333fe788b5ad17386925263969-640-0.webp,2,False
674,298,17747,https://acdn-us.mitiendanube.com/stores/324/065/products/sos-acne-spot-treatment-ccb9c45fe54badff3e17429221391008-640-0.webp,1,True
675,298,17747,https://acdn-us.mitiendanube.com/stores/324/065/products/sos-2-5e18463ab078c5246317386913918152-640-0.webp,2,False
676,298,17747,https://acdn-us.mitiendanube.com/stores/324/065/products/sos-3-ae3811f61820984efa17386913952261-640-0.webp,3,False
677,298,17747,https://acdn-us.mitiendanube.com/stores/324/065/products/sosb-6a18f4d3baf7da0d2e17386917560951-640-0.webp,4,False
678,298,17747,https://acdn-us.mitiendanube.com/stores/324/065/products/skf-347-fb6025d348e4efbd8917386913926700-640-0.webp,5,False
679,299,17741,https://acdn-us.mitiendanube.com/stores/324/065/products/mist-33db426e530964dedc17429276692337-640-0.webp,1,True
680,299,17741,https://acdn-us.mitiendanube.com/stores/324/065/products/mist-12b-6762c054fa83921fee17386935036479-640-0.webp,2,False
681,299,17741,https://acdn-us.mitiendanube.com/stores/324/065/products/skf-723-55f830c852229d402717386935095609-640-0.webp,3,False
682,299,17741,https://acdn-us.mitiendanube.com/stores/324/065/products/skf-695-5b9a9f8d05bfc11a0c17386935103687-640-0.webp,4,False
683,300,19235,https://sandraselmaonline.com.ar/wp-content/uploads/2025/01/Masajeador-capilar-cuero-cabelludo-blanco-Coony.jpg,1,True
684,303,95263,https://acdn-us.mitiendanube.com/stores/324/065/products/espatula-cead9cffc6117886a517006709204970-640-0.webp,1,True
685,303,95263,https://acdn-us.mitiendanube.com/stores/324/065/products/dsc0123711-fa627381317bbdc67016383858852033-640-0.webp,2,False
686,303,95263,https://acdn-us.mitiendanube.com/stores/324/065/products/dsc01237_b11-42f1eacfef2f4584da16383858849147-640-0.webp,3,False
687,303,95263,https://acdn-us.mitiendanube.com/stores/324/065/products/dsc0124121-11dca7e64dfdd3fdad16383858849788-640-0.webp,4,False
688,304,11878,https://acdn-us.mitiendanube.com/stores/324/065/products/coony7405v2-c7bbdc14e2fb764ff317006709084216-640-0.webp,1,True
689,305,18361,https://acdn-us.mitiendanube.com/stores/324/065/products/led-mask-26c28fc7001bdbb6cf17006705984257-640-0.webp,1,True
690,305,18361,https://acdn-us.mitiendanube.com/stores/324/065/products/dsc0165111-8c8b527708e5fff4fe16383885727539-640-0.webp,2,False
691,305,18361,https://acdn-us.mitiendanube.com/stores/324/065/products/dsc016521-950289dceddfae8d2f16383884579696-640-0.webp,3,False
692,305,18361,https://acdn-us.mitiendanube.com/stores/324/065/products/21-a31f8c91c577e40d3a16352875402859-640-0.webp,4,False
693,305,18361,https://acdn-us.mitiendanube.com/stores/324/065/products/31-b93680c90bed14d02216352875410526-640-0.webp,5,False
694,306,94675,https://acdn-us.mitiendanube.com/stores/324/065/products/spoons-c5180a5ae8f37d9b4717006709568432-640-0.webp,1,True
695,306,94675,https://acdn-us.mitiendanube.com/stores/324/065/products/pack-spoons1-13b0981d5e54f8c98b16178894330266-640-0.webp,2,False
696,306,94675,https://acdn-us.mitiendanube.com/stores/324/065/products/spoons1-a3533380cb934efc0b16178894332475-640-0.webp,3,False
697,308,94674,https://acdn-us.mitiendanube.com/stores/324/065/products/snowball-9fb0102edc9e7e898117006709790805-640-0.webp,1,True
698,308,94674,https://acdn-us.mitiendanube.com/stores/324/065/products/packaging-snow1-b23da764effdd142c716178890231085-640-0.webp,2,False
699,308,94674,https://acdn-us.mitiendanube.com/stores/324/065/products/snowball1-e5be0a9ee0d9a4978d16178890232051-640-0.webp,3,False
700,310,19680,https://acdn-us.mitiendanube.com/stores/324/065/products/piel-oleosa-321fd867968fa252d717564100090950-640-0.webp,1,True
701,311,19649,https://acdn-us.mitiendanube.com/stores/324/065/products/skincare-pm-10ea49500dd65601fa17564101132303-640-0.webp,1,True
702,312,19570,https://acdn-us.mitiendanube.com/stores/324/065/products/anti-age-coony-93fa6a15646aafd88117564095814662-640-0.webp,1,True
703,314,19480,https://acdn-us.mitiendanube.com/stores/324/065/products/doble-limpieza-e5b2e91073329c111117564099656964-640-0.webp,1,True
704,315,19479,https://acdn-us.mitiendanube.com/stores/324/065/products/set-puntas-fuertes-8ec4d6f174232015f517564101008669-640-0.webp,1,True
705,316,19482,https://acdn-us.mitiendanube.com/stores/324/065/products/eye-zone-b8320b7226b2f40e9717564099812996-640-0.webp,1,True
706,318,95609,https://cdn.farmacialeloir.com.ar/img/articulos/2021/10/coony_nails_cuticle_nutritive_mask_imagen1.jpg,1,True
707,319,88410,https://cdn.farmacialeloir.com.ar/img/articulos/coony_deluxe_lip_care_gel_patch.jpg,1,True
708,325,18380,https://drive.google.com/file/d/1UCsaEgXm6fpPSOgss4kWcOSihzqOyIiW/view,1,True
709,331,85007,https://acdn-us.mitiendanube.com/stores/324/065/products/hand-patch-325fc9d22db12c25c217429274583266-640-0.webp,1,True
710,331,85007,https://acdn-us.mitiendanube.com/stores/324/065/products/dsc022971-0f7f976608c76f153516383867355968-640-0.webp,2,False
711,332,85008,https://acdn-us.mitiendanube.com/stores/324/065/products/foot-patch-ecc7578c7758da0f4917429274779984-640-0.webp,1,True
712,332,85008,https://acdn-us.mitiendanube.com/stores/324/065/products/dsc0007321-c0c2078a947fde3d1d16206804989282-640-0.webp,2,False
713,333,86317,https://acdn-us.mitiendanube.com/stores/324/065/products/peeling-239231e7098ce9a2f817429274155177-640-0.webp,1,True
714,333,86317,https://acdn-us.mitiendanube.com/stores/324/065/products/coony2-921-631b0d22ef98d67ac916412303309759-640-0.webp,2,False
715,333,86317,https://acdn-us.mitiendanube.com/stores/324/065/products/a1-e2c999ea83329c43b916206812033323-640-0.webp,3,False
716,333,86317,https://acdn-us.mitiendanube.com/stores/324/065/products/c1-3603536ca9c82b384116206812031817-640-0.webp,4,False
717,334,85001,https://acdn-us.mitiendanube.com/stores/324/065/products/mesa-de-trabajo-10-cae4178eaee282f85817429225067423-640-0.webp,1,True
718,334,85001,https://acdn-us.mitiendanube.com/stores/324/065/products/mesa-de-trabajo-10-cae4178eaee282f85817429225067423-640-0.webp,2,False
719,335,84997,https://acdn-us.mitiendanube.com/stores/324/065/products/mesa-de-trabajo-11-cadc0b048dda99f57d17429213340553-640-0.webp,1,True
720,335,84997,https://acdn-us.mitiendanube.com/stores/324/065/products/ca11-14046f5e0650602f8215815230233008-640-0.webp,2,False
721,336,84996,https://acdn-us.mitiendanube.com/stores/324/065/products/mesa-de-trabajo-6-5985e0f782f81c848217429212494023-640-0.webp,1,True
722,336,84996,https://acdn-us.mitiendanube.com/stores/324/065/products/cs2a1-40123db4c338f0fee815815233725129-640-0.webp,2,False
723,337,97664,https://acdn-us.mitiendanube.com/stores/324/065/products/mesa-de-trabajo-14-b527f3119d7e494ebe17429212881232-640-0.webp,1,True
724,338,85200,https://acdn-us.mitiendanube.com/stores/324/065/products/mesa-de-trabajo-4-d1c32b2ea83c83c4af17429213765337-640-0.webp,1,True
725,339,84998,https://acdn-us.mitiendanube.com/stores/324/065/products/mesa-de-trabajo-7-b5ef096b761324deca17429213556272-640-0.webp,1,True
726,339,84998,https://acdn-us.mitiendanube.com/stores/324/065/products/ca661-329b0f31ec1c8b5c5315815225239837-640-0.webp,2,False
727,340,85006,https://acdn-us.mitiendanube.com/stores/324/065/products/mesa-de-trabajo-3-495385f93012c09f4917429212677249-640-0.webp,1,True
728,340,85006,https://acdn-us.mitiendanube.com/stores/324/065/products/cjul111-a933b85a9508ce3c7d15815214691287-640-0.webp,2,False
729,341,85005,https://acdn-us.mitiendanube.com/stores/324/065/products/mesa-de-trabajo-5-39b466d4f38b13f2aa17429216910446-640-0.webp,1,True
730,342,85002,https://acdn-us.mitiendanube.com/stores/324/065/products/mesa-de-trabajo-8-60e8ae55d28027240217429213106118-640-0.webp,1,True
731,342,85002,https://acdn-us.mitiendanube.com/stores/324/065/products/ca51-12f6a29c646906637e15815150249599-640-0.webp,2,False
732,343,97665,https://acdn-us.mitiendanube.com/stores/324/065/products/mesa-de-trabajo-2-875ccb168236fac84f17429214133815-640-0.webp,1,True
733,344,85003,https://acdn-us.mitiendanube.com/stores/324/065/products/mesa-de-trabajo-12-391cc6c69e9fbadf5417429216733189-640-0.webp,1,True
734,344,85003,https://acdn-us.mitiendanube.com/stores/324/065/products/coony-mask21-316832d3d596d23e5c15815189591239-640-0.webp,2,False
735,345,84999,https://acdn-us.mitiendanube.com/stores/324/065/products/mesa-de-trabajo-13-ebf852d12723d7170117429215976035-640-0.webp,1,True
736,345,84999,https://acdn-us.mitiendanube.com/stores/324/065/products/cjun10-primero1-f1ddbbdc699d04670415815220187634-640-0.webp,2,False
737,345,84999,https://acdn-us.mitiendanube.com/stores/324/065/products/cjun13d1-0f3e968db88ac207ad15815220189147-640-0.webp,3,False
738,346,92355,https://cdn.farmacialeloir.com.ar/img/articulos/coony_temi_soft_peeling_pad_piel_renovada_imagen1.jpg,1,True
739,347,92356,https://acdn-us.mitiendanube.com/stores/324/065/products/acne-patch-75aaee44a588ab2e4d17429218330769-640-0.webp,1,True
740,347,92356,https://acdn-us.mitiendanube.com/stores/324/065/products/122_mesa-de-trabajo-11-728092910ba591b14b16565086808286-640-0.webp,2,False
741,347,92356,https://acdn-us.mitiendanube.com/stores/324/065/products/12-_mesa-de-trabajo-11-599bbce9f72a511e7f16565081379474-640-0.webp,3,False
742,348,88411,https://acdn-us.mitiendanube.com/stores/324/065/products/nose-strips-2ca3725df89303288117429275488537-640-0.webp,1,True
743,348,88411,https://acdn-us.mitiendanube.com/stores/324/065/products/dsc093891-769eec1bd373ebc38f16383893421092-640-0.webp,2,False
744,348,88411,https://acdn-us.mitiendanube.com/stores/324/065/products/dsc093931-de98f6e73ad724fa0516383893421051-640-0.webp,3,False
745,348,88411,https://acdn-us.mitiendanube.com/stores/324/065/products/dsc095501-70dad35609f59035f616383893419727-640-0.webp,4,False
746,349,88409,https://acdn-us.mitiendanube.com/stores/324/065/products/parches-de-ojeras-298fb2b9be15b4c93017429219321317-640-0.webp,1,True
747,349,88409,https://acdn-us.mitiendanube.com/stores/324/065/products/dsc003081-8c70d35b062090aa1516270484206461-640-0.webp,2,False
748,352,95008,https://acdn-us.mitiendanube.com/stores/324/065/products/compressed-192d9e4d15694e05e517006709039164-640-0.webp,1,True
749,352,95008,https://acdn-us.mitiendanube.com/stores/324/065/products/artboard-51-e63adfbb28a167310116208311168561-640-0.webp,2,False
750,353,95007,https://cdn.farmacialeloir.com.ar/img/articulos/2021/05/coony_express_brush_cleaner_imagen1.jpg,1,True
751,354,96793,https://acdn-us.mitiendanube.com/stores/324/065/products/make-up-7c1802affe506e408a17006709176746-640-0.webp,1,True
752,354,96793,https://acdn-us.mitiendanube.com/stores/324/065/products/21-7a1c3aa2dd7f659fc416230875427769-640-0.webp,2,False
753,354,96793,https://acdn-us.mitiendanube.com/stores/324/065/products/sin-titulo-11-fae0459927e872f2e416230875428932-640-0.webp,3,False
754,354,96793,https://acdn-us.mitiendanube.com/stores/324/065/products/dsc0236611-c165224fb2c182745b16383869712120-640-0.webp,4,False
755,355,95006,https://acdn-us.mitiendanube.com/stores/324/065/products/anti-derrame-9c2e8bbf515ac7a5b717006709227992-640-0.webp,1,True
756,355,95006,https://acdn-us.mitiendanube.com/stores/324/065/products/dsc012341-a2bb64b5b1fb508cee16383857883101-640-0.webp,2,False
757,355,95006,https://acdn-us.mitiendanube.com/stores/324/065/products/dsc01236_b11-07620b9a5f124dd73b16383857883859-640-0.webp,3,False
758,356,95005,https://acdn-us.mitiendanube.com/stores/324/065/products/swabs-e45d67198d405ae7b817006709503660-640-0.webp,1,True
759,356,95005,https://acdn-us.mitiendanube.com/stores/324/065/products/silicone-swabs-with-mirror1-e17e52576c4a46b0d716208288742157-640-0.webp,2,False
760,356,95005,https://acdn-us.mitiendanube.com/stores/324/065/products/dibujos-preventa-021-7c87b86e7a0934a6f516216196355065-640-0.webp,3,False
761,356,95005,https://acdn-us.mitiendanube.com/stores/324/065/products/dsc013171-0130139932c55e99b216383861158438-640-0.webp,4,False
762,367,4044,https://acdn-us.mitiendanube.com/stores/324/065/products/mask-addict-c61d4ec30f464e4afd17564099948515-640-0.webp,1,True
763,368,4043,https://acdn-us.mitiendanube.com/stores/324/065/products/snowball-8ea13467647920ee7717564101335566-640-0.webp,1,True
764,369,20062,https://acdn-us.mitiendanube.com/stores/324/065/products/skinfree_snail-mucin-1-c787c1e6ed2cb453cb17695158344153-640-0.webp,1,True
765,369,20062,https://acdn-us.mitiendanube.com/stores/324/065/products/skinfree_snail-mucin-2-7537d31d55369a642c17695158351868-640-0.webp,2,False
766,369,20062,https://acdn-us.mitiendanube.com/stores/324/065/products/skinfree_snail-mucin-3-5708dbb569f725e2d417695158353175-640-0.webp,3,False
767,369,20062,https://acdn-us.mitiendanube.com/stores/324/065/products/skinfree_snail-mucin-4-d3ba41c12e3d09fe6e17695158345588-640-0.webp,4,False
768,369,20062,https://acdn-us.mitiendanube.com/stores/324/065/products/skinfree_snail-mucin-5-a692aeb30ac1830d5517695158344508-640-0.webp,5,False
769,369,20062,https://acdn-us.mitiendanube.com/stores/324/065/products/skinfree_snail-mucin-6-540aee911103622c4b17695158346248-640-0.webp,6,False
770,369,20062,https://acdn-us.mitiendanube.com/stores/324/065/products/skinfree_snail-mucin-7-3059a01264e56734cb17695158350564-640-0.webp,7,False
771,370,3651,https://www.skinko.com.ar/cdn/shop/files/ADVANCEDSNAIL92ALLINONECREAM-1.jpg?v=1757639314&width=1000,1,True
772,370,3651,https://acdn-us.mitiendanube.com/stores/324/065/products/advanced-snail-92-all-in-one-cream-2-ca61811344a051710117588202273208-640-0.webp,2,False
773,370,3651,https://acdn-us.mitiendanube.com/stores/324/065/products/advanced-snail-92-all-in-one-cream-3-1-984d5b172de0ac8a6b17588202308787-640-0.webp,3,False
774,371,14601,https://acdn-us.mitiendanube.com/stores/324/065/products/advanced-snail-96-mucin-power-essence-1-69fad222057a82a57517582253186218-640-0.webp,1,True
775,372,14603,https://acdn-us.mitiendanube.com/stores/324/065/products/advanced-snail-peptide-eye-cream-1-88fbe5c0ab35f70bfa17582254339816-640-0.webp,1,True
776,372,14603,https://acdn-us.mitiendanube.com/stores/324/065/products/advanced-snail-peptide-eye-cream-2_-fadb5d0727074396f417582254378586-640-0.webp,2,False
777,372,14603,https://acdn-us.mitiendanube.com/stores/324/065/products/advanced-snail-peptide-eye-cream-3-5f4f53a945d160313b17582254399019-640-0.webp,3,False
778,372,14603,https://acdn-us.mitiendanube.com/stores/324/065/products/advanced-snail-peptide-eye-cream-4_-a96e71afba0ae01a2517582254417095-640-0.webp,4,False
779,372,14603,https://acdn-us.mitiendanube.com/stores/324/065/products/advanced-snail-peptide-eye-cream-5_-991c55897c4f6cf0e417582254437859-640-0.webp,5,False
780,373,14641,https://acdn-us.mitiendanube.com/stores/324/065/products/aha_bha-clarifying-treatment-toner-1-397a5fd1b283be61b217582531943689-640-0.webp,1,True
781,373,14641,https://acdn-us.mitiendanube.com/stores/324/065/products/aha_bha-clarifying-treatment-toner-2-2bda87386d0455ede517582531977126-640-0.webp,2,False
782,373,14641,https://acdn-us.mitiendanube.com/stores/324/065/products/aha_bha-clarifying-treatment-toner-3-6112ed563618d31a3417582532818792-640-0.webp,3,False
783,373,14641,https://acdn-us.mitiendanube.com/stores/324/065/products/aha_bha-clarifying-treatment-toner-4-46ea06671b35c90d0117582532839286-640-0.webp,4,False
784,374,14654,https://acdn-us.mitiendanube.com/stores/324/065/products/bha-blackhead-power-liquid-1-1b4dd2473732b530c617582529550778-640-0.webp,1,True
785,374,14654,https://acdn-us.mitiendanube.com/stores/324/065/products/bha-blackhead-power-liquid-3-128d6e6e137444e97017582529601684-640-0.webp,2,False
786,374,14654,https://acdn-us.mitiendanube.com/stores/324/065/products/bha-blackhead-power-liquid-2-455a257290e3967d5417582529581286-640-0.webp,3,False
787,374,14654,https://acdn-us.mitiendanube.com/stores/324/065/products/bha-blackhead-power-liquid-4-493be5138bb3e5e89117582529637485-640-0.webp,4,False
788,374,14654,https://acdn-us.mitiendanube.com/stores/324/065/products/bha-blackhead-power-liquid-5-73751643087e200cba17582529787654-640-0.webp,5,False
789,375,20064,https://acdn-us.mitiendanube.com/stores/324/065/products/skinfree_ceramidas-mist-1-91c148786d36df8e5617695154023274-640-0.webp,1,True
790,375,20064,https://acdn-us.mitiendanube.com/stores/324/065/products/skinfree_ceramidas-mist-2-bc0c3526c88c00f10f17695154031834-640-0.webp,2,False
791,375,20064,https://acdn-us.mitiendanube.com/stores/324/065/products/skinfree_ceramidas-mist-3-3f1e41801304f4291517695154039241-640-0.webp,3,False
792,375,20064,https://acdn-us.mitiendanube.com/stores/324/065/products/skinfree_ceramidas-mist-4-3eef6dcc2cf446bf6c17695154038325-640-0.webp,4,False
793,375,20064,https://acdn-us.mitiendanube.com/stores/324/065/products/skinfree_ceramidas-mist-5-aae72a10211119f47917695154033935-640-0.webp,5,False
794,375,20064,https://acdn-us.mitiendanube.com/stores/324/065/products/skinfree_ceramidas-mist-6-efc4b5ac619c60430c17695154027041-640-0.webp,6,False
795,375,20064,https://acdn-us.mitiendanube.com/stores/324/065/products/skinfree_ceramidas-mist-7-13f19b4eac32dd3dcf17695154035596-640-0.webp,7,False
796,375,20064,https://acdn-us.mitiendanube.com/stores/324/065/products/skinfree_ceramidas-mist-8-b40b7d06a6539d88b517695154027185-640-0.webp,8,False
797,376,20061,https://acdn-us.mitiendanube.com/stores/324/065/products/skinfree_ceramidas-cream-1-21d7730cbc7ef1045e17695152459801-640-0.webp,1,True
798,376,20061,https://acdn-us.mitiendanube.com/stores/324/065/products/skinfree_ceramidas-cream-2-e86445548a4575d21317695152474385-640-0.webp,2,False
799,376,20061,https://acdn-us.mitiendanube.com/stores/324/065/products/skinfree_ceramidas-cream-3-d35a09d1c054e5bf8717695152460699-640-0.webp,3,False
800,376,20061,https://acdn-us.mitiendanube.com/stores/324/065/products/skinfree_ceramidas-cream-4-1c40b4e7ea25bb784617695152467791-640-0.webp,4,False
801,376,20061,https://acdn-us.mitiendanube.com/stores/324/065/products/skinfree_ceramidas-cream-5-b9149e2fcc0642d8e917695152462669-640-0.webp,5,False
802,376,20061,https://acdn-us.mitiendanube.com/stores/324/065/products/skinfree_ceramidas-cream-6-3125e4183d3f31a4f217695152462585-640-0.webp,6,False
803,376,20061,https://acdn-us.mitiendanube.com/stores/324/065/products/skinfree_ceramidas-cream-7-018440060ca9d7857117695152466332-640-0.webp,7,False
804,376,20061,https://acdn-us.mitiendanube.com/stores/324/065/products/skinfree_ceramidas-cream-8-d0e31560c0735aa77e17695152465844-640-0.webp,8,False
805,377,14659,https://acdn-us.mitiendanube.com/stores/324/065/products/hyaluronic-acid-intensive-cream-1_-97e38f36e4aa822fbc17582259056236-640-0.webp,1,True
806,377,14659,https://acdn-us.mitiendanube.com/stores/324/065/products/hyaluronic-acid-intensive-cream-2-dbc2416cb4d41f820917582259111895-640-0.webp,2,False
807,377,14659,https://acdn-us.mitiendanube.com/stores/324/065/products/hyaluronic-acid-intensive-cream-3-ba819b51995a0ea7e617582259137248-640-0.webp,3,False
808,378,14665,https://acdn-us.mitiendanube.com/stores/324/065/products/low-ph-good-morning-gel-cleanser-2-6bb975fb7f98fa7e3b17582538561053-640-0.webp,1,True
809,379,14689,https://acdn-us.mitiendanube.com/stores/324/065/products/master-patch-clear-fit-cad_es-1-80fc7f8ce61a8d2af317582546249026-640-0.webp,1,True
810,379,14689,https://acdn-us.mitiendanube.com/stores/324/065/products/master-patch-clear-fit-cad_es-3-eb832d7f40e69540b717582546285464-640-0.webp,2,False
811,379,14689,https://acdn-us.mitiendanube.com/stores/324/065/products/master-patch-clear-fit-cad_es2-d7cadb41752291265e17582546299001-640-0.webp,3,False
812,380,14692,https://drive.google.com/file/d/1Govd5rpbE7E8yMu487_40gLbO48yMXbk/view?usp=drivesdk,1,True
813,380,14692,https://acdn-us.mitiendanube.com/stores/324/065/products/master-patch-intensive-2_-db08d74c8acd00cc2717582543179271-640-0.webp,2,False
814,380,14692,https://acdn-us.mitiendanube.com/stores/324/065/products/master-patch-intensive-3-178bdf801573b1f1d217582543193414-640-0.webp,3,False
815,381,14696,https://acdn-us.mitiendanube.com/stores/324/065/products/master-patch-x-large-1-29d9e269f56f08ffbd17582541544458-640-0.webp,1,True
816,381,14696,https://acdn-us.mitiendanube.com/stores/324/065/products/master-patch-x-large-2-845ab3b92fceb48d6b17582541584115-640-0.webp,2,False
817,381,14696,https://acdn-us.mitiendanube.com/stores/324/065/products/master-patch-x-large-3-bf97e07c13e57824b017582541611555-640-0.webp,3,False
818,382,14699,https://acdn-us.mitiendanube.com/stores/324/065/products/master-patch-original-fit-cad_es-2-df51ab31aec66206f017582544651753-640-0.webp,1,True
819,383,14701,https://acdn-us.mitiendanube.com/stores/324/065/products/salicylic-acid-daily-gentle-cleanser-1-52899ce41ec1c161f717582540170794-640-0.webp,1,True
820,383,14701,https://acdn-us.mitiendanube.com/stores/324/065/products/salicylic-acid-daily-gentle-cleanser-2-cd16849f23a10012e317582540196566-640-0.webp,2,False
821,383,14701,https://acdn-us.mitiendanube.com/stores/324/065/products/salicylic-acid-daily-gentle-cleanser-3-bd13b30505415637a017582540217899-640-0.webp,3,False
822,384,14704,https://drive.google.com/file/d/1Qd_H3AhFk7SAYpdBuQ6BeLO2A3U6z96_/view?usp=drivesdk,1,True
823,384,14704,https://acdn-us.mitiendanube.com/stores/324/065/products/the-6-peptide-skin-booster-serum-485d3e30a128915fc717582561884385-640-0.webp,2,False
824,384,14704,https://acdn-us.mitiendanube.com/stores/324/065/products/the-6-peptide-skin-booster-6-c9854e704dc6e83a7d17582561930937-640-0.webp,3,False
825,384,14704,https://acdn-us.mitiendanube.com/stores/324/065/products/the-6-peptide-skin-booster-5-6e81f1a3b989f5500817582561957345-640-0.webp,4,False
826,384,14704,https://acdn-us.mitiendanube.com/stores/324/065/products/the-6-peptide-skin-booster-4-319a9b3290758aa68417582561988134-640-0.webp,5,False
827,384,14704,https://acdn-us.mitiendanube.com/stores/324/065/products/the-6-peptide-skin-booster-3-88944e37756685ce9717582562017233-640-0.webp,6,False
828,384,14704,https://acdn-us.mitiendanube.com/stores/324/065/products/the-6-peptide-skin-booster-2-0959483c653f00b81917582562038261-640-0.webp,7,False
829,384,14704,https://acdn-us.mitiendanube.com/stores/324/065/products/the-6-peptide-skin-booster-1-727d637b000df8f13817582562059626-640-0.webp,8,False
830,385,14714,https://acdn-us.mitiendanube.com/stores/324/065/products/the-alpha-arbutin-2-discoloration-serum-1-fbe74f3fa754d81d8117582551738428-640-0.webp,1,True
831,385,14714,https://acdn-us.mitiendanube.com/stores/324/065/products/the-alpha-arbutin-2-discoloration-serum-2-bf7e939f22add6820317582551766242-640-0.webp,2,False
832,385,14714,https://acdn-us.mitiendanube.com/stores/324/065/products/the-alpha-arbutin-2-discoloration-serum-3-y-4-01-69ddea6dd9b444897117582551804973-640-0.webp,3,False
833,385,14714,https://acdn-us.mitiendanube.com/stores/324/065/products/the-alpha-arbutin-2-discoloration-serum-3-y-4-02-3898a89edc104226c817582551819086-640-0.webp,4,False
834,386,14715,https://acdn-us.mitiendanube.com/stores/324/065/products/the-hyaluronic-acid-3-serum-1-7400cba9c53a6a3dc117582553837599-640-0.webp,1,True
835,386,14715,https://acdn-us.mitiendanube.com/stores/324/065/products/the-hyaluronic-acid-3-serum-2-1c60aaef47bac9846b17582553866725-640-0.webp,2,False
836,386,14715,https://acdn-us.mitiendanube.com/stores/324/065/products/the-hyaluronic-acid-3-serum-3-0d67a594447af7eb4e17582553885621-640-0.webp,3,False
837,386,14715,https://acdn-us.mitiendanube.com/stores/324/065/products/the-hyaluronic-acid-3-serum-4-c7a39524c8f4c1c67817582553909030-640-0.webp,4,False
838,387,14720,https://acdn-us.mitiendanube.com/stores/324/065/products/the-peptide-collagen-lifting-glow-hydrogel-mask_-637d14e389bc953c6f17582563858085-640-0.webp,1,True
839,388,14717,https://acdn-us.mitiendanube.com/stores/324/065/products/the-niacinamide-15-serum-6effc0305f1e74c6d117582560142126-640-0.webp,1,True
840,388,14717,https://acdn-us.mitiendanube.com/stores/324/065/products/the-niacinamide-15-serum-3-ed69c0bde99c52e78f17582560194964-640-0.webp,2,False
841,388,14717,https://acdn-us.mitiendanube.com/stores/324/065/products/the-niacinamide-15-serum-2-22b335586c76a3c25017582560230114-640-0.webp,3,False
842,388,14717,https://acdn-us.mitiendanube.com/stores/324/065/products/the-niacinamide-15-serum-1-dfef5961daeddaacda17582560263885-640-0.webp,4,False
843,388,14717,https://acdn-us.mitiendanube.com/stores/324/065/products/the-niacinamide-15-serum-1-b882040cf6f589dc7f17582560285667-640-0.webp,5,False
844,389,14719,https://acdn-us.mitiendanube.com/stores/324/065/products/the-peptide-collagen-hydrogel-eye-patch-8a4ba3f39ae4d8fbba17582565628386-640-0.webp,1,True
845,389,14719,https://acdn-us.mitiendanube.com/stores/324/065/products/the-peptide-collagen-hydrogel-eye-patch-3-8e7efbe47da98adb7517582565654098-640-0.webp,2,False
846,389,14719,https://acdn-us.mitiendanube.com/stores/324/065/products/the-peptide-collagen-hydrogel-eye-patch-1-2-34a52acd523966693a17582565689193-640-0.webp,3,False
847,389,14719,https://acdn-us.mitiendanube.com/stores/324/065/products/the-peptide-collagen-hydrogel-eye-patch-1-1-5822e8e27f365591f617582565715448-640-0.webp,4,False
848,389,14719,https://acdn-us.mitiendanube.com/stores/324/065/products/the-peptide-collagen-hydrogel-eye-patch-2_-27cfe5a075235c3c0017582565729861-640-0.webp,5,False
849,390,14723,https://acdn-us.mitiendanube.com/stores/324/065/products/the-retinol-0-3-cream-1-8f3956e224f87cc09e17582556844709-640-0.webp,1,True
850,390,14723,https://acdn-us.mitiendanube.com/stores/324/065/products/the-retinol-0-3-5-269a7c78acfdc6c8ba17582556907150-640-0.webp,2,False
851,390,14723,https://acdn-us.mitiendanube.com/stores/324/065/products/the-retinol-0-3-4-616b3b6aed8decf75217582556936199-640-0.webp,3,False
852,390,14723,https://acdn-us.mitiendanube.com/stores/324/065/products/the-retinol-0-3-cream-2-fb41bee350742ee28017582556963544-640-0.webp,4,False
853,390,14723,https://acdn-us.mitiendanube.com/stores/324/065/products/the-retinol-0-3-cream-3-3cd9270d991a145c1d17582556984023-640-0.webp,5,False
854,391,14730,https://acdn-us.mitiendanube.com/stores/324/065/products/the-vitamin-c-23-serum-1-50bc48acaa1a2a2dec17582558492851-640-0.webp,1,True
855,391,14730,https://acdn-us.mitiendanube.com/stores/324/065/products/the-vitamin-c-1-1d2736632ab250598817582558522701-640-0.webp,2,False
856,391,14730,https://acdn-us.mitiendanube.com/stores/324/065/products/the-vitamin-c-3-0c4079692e8c86dff917582558548068-640-0.webp,3,False
857,391,14730,https://acdn-us.mitiendanube.com/stores/324/065/products/the-vitamin-c-2-38ea8eb7cb2a87306717582558571083-640-0.webp,4,False
858,391,14730,https://acdn-us.mitiendanube.com/stores/324/065/products/the-vitamin-c-23-serum-2-ea498824c2971ef2b717582558586622-640-0.webp,5,False
859,392,20063,https://acdn-us.mitiendanube.com/stores/324/065/products/skinfree_spf-1-5c8dc03c1f0623e98817695156569408-640-0.webp,1,True
860,392,20063,https://acdn-us.mitiendanube.com/stores/324/065/products/skinfree_spf-2-f7a4cb2798f6e4423a17695156567924-640-0.webp,2,False
861,392,20063,https://acdn-us.mitiendanube.com/stores/324/065/products/skinfree_spf-3-efbd14993531c0a5a817695156569412-640-0.webp,3,False
862,392,20063,https://acdn-us.mitiendanube.com/stores/324/065/products/skinfree_spf-4-d0b346adf874c86e0c17695156567455-640-0.webp,4,False
863,392,20063,https://acdn-us.mitiendanube.com/stores/324/065/products/skinfree_spf-5-65dc8ff8f4cb8852af17695156565575-640-0.webp,5,False
864,392,20063,https://acdn-us.mitiendanube.com/stores/324/065/products/skinfree_spf-6-4aeaaf8f96620e604917695156561527-640-0.webp,6,False
865,392,20063,https://acdn-us.mitiendanube.com/stores/324/065/products/skinfree_spf-7-aa51c6c40a68ef718b17695156562760-640-0.webp,7,False
866,396,14647,https://acdn-us.mitiendanube.com/stores/324/065/products/airy-light-invisible-sunstick-spf50-pa-1-53174cb456965f499d17582534874216-640-0.webp,1,True
867,396,14647,https://acdn-us.mitiendanube.com/stores/324/065/products/airy-light-invisible-sunstick-spf50-pa-2-858cbed870bda9fe7717582534914082-640-0.webp,2,False
868,396,14647,https://acdn-us.mitiendanube.com/stores/324/065/products/airy-light-invisible-sunstick-spf50-pa-3-652e0ece0c86e70e2e17582534933715-640-0.webp,3,False
869,397,14651,https://acdn-us.mitiendanube.com/stores/324/065/products/aloe-soothing-sun-cream-spf50-pa-1-8b31dbc659bccd52d317582536726232-640-0.webp,1,True
870,397,14651,https://acdn-us.mitiendanube.com/stores/324/065/products/aloe-soothing-sun-cream-spf50-pa-2-f4a01bd574cfdd993517582536753757-640-0.webp,2,False
871,397,14651,https://acdn-us.mitiendanube.com/stores/324/065/products/aloe-soothing-sun-cream-spf50-pa-3-4fa90b6b5c69119db117582536764069-640-0.webp,3,False
872,397,14651,https://acdn-us.mitiendanube.com/stores/324/065/products/aloe-soothing-sun-cream-spf50-pa-4-c8f8364ab0a261eedc17582536788175-640-0.webp,4,False
873,398,20060,https://acdn-us.mitiendanube.com/stores/324/065/products/skinfree_peptide-132-treatment-1-f01a41d41013aba57217695159591622-640-0.webp,1,True
874,398,20060,https://acdn-us.mitiendanube.com/stores/324/065/products/skinfree_peptide-132-treatment-2-28c0faec9495917cf417695159598572-640-0.webp,2,False
875,398,20060,https://acdn-us.mitiendanube.com/stores/324/065/products/skinfree_peptide-132-treatment-5-39714c1c4d440f123117695159598160-640-0.webp,3,False
876,398,20060,https://acdn-us.mitiendanube.com/stores/324/065/products/skinfree_peptide-132-treatment-6-b5ce172760c02a9b8f17695159593772-640-0.webp,4,False
877,398,20060,https://acdn-us.mitiendanube.com/stores/324/065/products/skinfree_peptide-132-treatment-7-9f85d17ec4876fc75017695159607013-640-0.webp,5,False
878,398,20060,https://acdn-us.mitiendanube.com/stores/324/065/products/skinfree_peptide-132-treatment-8-3589d894b578ef617f17695159596850-640-0.webp,6,False
879,398,20060,https://acdn-us.mitiendanube.com/stores/324/065/products/skinfree_peptide-132-treatment-9-feacfa610f47330f2517695159602098-640-0.webp,7,False
880,398,20060,https://acdn-us.mitiendanube.com/stores/324/065/products/skinfree_peptide-132-treatment-10-5b1d177439332dba6717695159599139-640-0.webp,8,False
881,398,20060,https://acdn-us.mitiendanube.com/stores/324/065/products/skinfree_peptide-132-treatment-11-bfcdb454dc29e54c0917695159598958-640-0.webp,9,False
882,399,20058,https://acdn-us.mitiendanube.com/stores/324/065/products/skinfree_peptide-132-oil-1-d46931dc3b8ec41a1517695144482497-640-0.webp,1,True
883,399,20058,https://acdn-us.mitiendanube.com/stores/324/065/products/skinfree_peptide-132-oil-2-8a5b96e2150c43d0f917695144487493-640-0.webp,2,False
884,399,20058,https://acdn-us.mitiendanube.com/stores/324/065/products/skinfree_peptide-132-oil-4-6fb2300669e8faae2117695144488169-640-0.webp,3,False
885,399,20058,https://acdn-us.mitiendanube.com/stores/324/065/products/skinfree_peptide-132-oil-5-8e64bae854e906ef3b17695144484650-640-0.webp,4,False
886,399,20058,https://acdn-us.mitiendanube.com/stores/324/065/products/skinfree_peptide-132-oil-6-f6dd1fde268de796d617695144493477-640-0.webp,5,False
887,399,20058,https://acdn-us.mitiendanube.com/stores/324/065/products/skinfree_peptide-132-oil-7-566e58e52f775194e717695144496041-640-0.webp,6,False
888,399,20058,https://acdn-us.mitiendanube.com/stores/324/065/products/skinfree_peptide-132-oil-9-d2ac4736bec5a857a317695144489328-640-0.webp,7,False
889,399,20058,https://acdn-us.mitiendanube.com/stores/324/065/products/skinfree_peptide-132-oil-10-0c47bccdb2b3df534a17695144489724-640-0.webp,8,False
890,400,20059,https://acdn-us.mitiendanube.com/stores/324/065/products/skinfree_shampoo-peptide-1-5ced65926444a3cf8d17695145737261-640-0.webp,1,True
891,400,20059,https://acdn-us.mitiendanube.com/stores/324/065/products/skinfree_shampoo-peptide-2-7e4caaa672cc490c5717695145742918-640-0.webp,2,False
892,400,20059,https://acdn-us.mitiendanube.com/stores/324/065/products/skinfree_shampoo-peptide-4-8a245a3e043f9db58017695145749872-640-0.webp,3,False
893,400,20059,https://acdn-us.mitiendanube.com/stores/324/065/products/skinfree_shampoo-peptide-5-1e68eb87eca80fc71417695145743739-640-0.webp,4,False
894,400,20059,https://acdn-us.mitiendanube.com/stores/324/065/products/skinfree_shampoo-peptide-6-c00a9eaab367e90d5b17695145750336-640-0.webp,5,False
895,400,20059,https://acdn-us.mitiendanube.com/stores/324/065/products/skinfree_shampoo-peptide-7-81241d538d97b3e23917695145745810-640-0.webp,6,False
896,400,20059,https://acdn-us.mitiendanube.com/stores/324/065/products/skinfree_shampoo-peptide-8-cd9f0f33b9a8e6f3ab17695145749749-640-0.webp,7,False
897,400,20059,https://acdn-us.mitiendanube.com/stores/324/065/products/skinfree_shampoo-peptide-9-c303126827e399a8cc17695145745536-640-0.webp,8,False
898,401,19687,https://acdn-us.mitiendanube.com/stores/324/065/products/set-3-cosrx-89da96cc67dfd937b117597559261753-640-0.webp,1,True
899,402,21007,https://acdn-us.mitiendanube.com/stores/324/065/products/skinfree_set-ceramidas-47258004f6e7128c8e17709193200392-640-0.webp,1,True
900,403,21011,https://acdn-us.mitiendanube.com/stores/324/065/products/skinfree_set-peptide-132-597de8b4f21fabdac017709197906721-640-0.webp,1,True
901,404,19730,https://acdn-us.mitiendanube.com/stores/324/065/products/set-1-cosrx-f6c268928f7b34515e17597550617669-640-0.webp,1,True
902,405,19694,https://acdn-us.mitiendanube.com/stores/324/065/products/set-2-cosrx-9e731e708ade44fba717597553598790-640-0.webp,1,True
903,406,21054,https://acdn-us.mitiendanube.com/stores/324/065/products/skinfree_set-snail-fd74d8f47c7d02604e17709199488223-640-0.webp,1,True
904,407,19692,https://acdn-us.mitiendanube.com/stores/324/065/products/set-cosrx-snail-repair-86d6c3f175c723defa17625277761017-640-0.webp,1,True
905,408,4087,https://drive.google.com/file/d/1hHn3GvPc3jHIvz2e86VB-5uLnu70dYNX/view,1,True
906,409,4088,https://drive.google.com/file/d/1hHn3GvPc3jHIvz2e86VB-5uLnu70dYNX/view,1,True
907,410,4089,https://drive.google.com/file/d/1hHn3GvPc3jHIvz2e86VB-5uLnu70dYNX/view,1,True
908,411,4100,https://drive.google.com/file/d/1hHn3GvPc3jHIvz2e86VB-5uLnu70dYNX/view,1,True
909,412,4115,https://drive.google.com/file/d/1hHn3GvPc3jHIvz2e86VB-5uLnu70dYNX/view,1,True
910,413,4116,https://drive.google.com/file/d/1Tyk1mUCjwXu3pWDXUtkiU90mKJHWBL2s/view,1,True
911,414,4117,https://drive.google.com/file/d/1W7nqEUg-CPWp8q4FvdRFxhtr8Ucdm6ko/view,1,True
912,414,4117,https://drive.google.com/file/d/1nWF1SmvNFyNhXs7zXNAhpfkBpc9T7Ccp/view,2,False
913,414,4117,https://drive.google.com/file/d/1rIfqfnK3VwSKawoVTvgxGkePcyNvk2SK/view,3,False
914,414,4117,https://drive.google.com/file/d/1cZBjzF1CQdHnbkxkH5p5d0SyuydvxSZL/view,4,False
915,414,4117,https://drive.google.com/file/d/1MJKGXaIWhR3OcYt-_HvD6xj_zP5SkabA/view,5,False
916,414,4117,https://drive.google.com/file/d/1_BnPkeAppnAs20mNXNOU5AflRJMx6wuW/view,6,False
917,415,4118,https://drive.google.com/file/d/1hHn3GvPc3jHIvz2e86VB-5uLnu70dYNX/view,1,True
918,416,5393,https://drive.google.com/file/d/1foN2-vecqLhrV3-CgbU9xCiYc2GCFBkA/view,1,True
919,416,5393,https://drive.google.com/file/d/1YK44rKFLWtXH8YxlEcrLY3IJctntjdLO/view,2,False
920,416,5393,https://drive.google.com/file/d/1_7FYGlDyTuB1-iYp2HMuZAngYgFR3T49/view,3,False
921,416,5393,https://drive.google.com/file/d/1JVMZpB2LkjZyLhj6-cmXe-isKZRZvbrm/view,4,False
922,417,5394,https://drive.google.com/file/d/1Grlhpn99Np_-8O2HN7RZNARUSWcD-xoA/view,1,True
923,417,5394,https://drive.google.com/file/d/1mfDfDpuZVoTFU-bK-BSv8-KYLHGNHAoL/view,2,False
924,417,5394,https://drive.google.com/file/d/1biwrsDF2IOtoYoS1Jr7q1IbPwfh4m_SN/view,3,False
925,417,5394,https://drive.google.com/file/d/1AjyoduFtZNN7wG7mK17v7sT2cldtv-u3/view,4,False
926,418,4080,https://drive.google.com/file/d/144a44SymcRmck5IijRBbTWmSspmIAcwO/view,1,True
927,418,4080,https://drive.google.com/file/d/1aI9sToh_ha-HX_wY092wzSl23IUicTYU/view,2,False
928,418,4080,https://drive.google.com/file/d/1utMUzQDdZOyNJgZuJUYW1pZgTavO4g-g/view,3,False
929,418,4080,https://drive.google.com/file/d/1yqjoBpa6pYCLc36SJXiHpr7xGJsCWMSC/view,4,False
930,419,4081,https://drive.google.com/file/d/1kl2s0aoF767rpdjNXJCKnYDuHvh4FnMx/view,1,True
931,419,4081,https://drive.google.com/file/d/16Tg_thagNLr5fnaQP-LWkES10bLf5RIS/view,2,False
932,419,4081,https://drive.google.com/file/d/14WYXMMbNasbDVxBMSO5SaVttfV9UCgeH/view,3,False
933,419,4081,https://drive.google.com/file/d/17_9mV3ZTEOF4u13odhL67IowL-oDpCUV/view,4,False
934,420,4078,https://drive.google.com/file/d/1Za9_WNbh6Jnvwn-z8sF6Rz43Rj13p_OP/view,1,True
935,420,4078,https://drive.google.com/file/d/1vBK45GNf6B5d3KXh6Ru8sH1saKynyl1E/view,2,False
936,420,4078,https://drive.google.com/file/d/1Y4m_9lJfftJsbBDAfLe_mTPI6NQbdFjT/view,3,False
937,420,4078,https://drive.google.com/file/d/1l-hjdRZyuoyYFeX9dKO1P9eQTW6mo7aJ/view,4,False
938,420,4078,https://drive.google.com/file/d/18tRKIDf9IQSH5O4BYLr7oz8IZLpvCdbn/view,5,False
939,420,4078,https://drive.google.com/file/d/1vbOsU5wRBqqVaZ6xjlwpXMfXidLjwTWt/view,6,False
940,421,4079,https://drive.google.com/file/d/1AphYYTinDZohrl_zJZkKQ4yYZcpuGjw5/view,1,True
941,421,4079,https://drive.google.com/file/d/16vh_WY4Kh-5TLeUcbVUx0Tjj38WppgC9/view,2,False
942,421,4079,https://drive.google.com/file/d/1oQOujQBFX4et4_V9gUsSownhvDmmx3kM/view,3,False
943,421,4079,https://drive.google.com/file/d/1uFGicIeBxImYjWfABLAaPmawKDxDBPwI/view,4,False
944,422,5387,https://drive.google.com/file/d/1HDTRJu7WlYT0eQQCHl5QA441T17lUgYK/view,1,True
945,422,5387,https://drive.google.com/file/d/1NVJz5dHFMOh-ffPGX07nN9m6lv7hrsE2/view,2,False
946,422,5387,https://drive.google.com/file/d/1T2YRrTXmVdSf9d40RzqmhHaD5cKO8_5S/view,3,False
947,422,5387,https://drive.google.com/file/d/1h3VSPhn7EtdjrHTG6V_XlKDxpUZ9MbQM/view,4,False
948,423,5392,https://drive.google.com/file/d/1e_WTKUI172PNbvCTTZTLVtscyYsnQiIS/view,1,True
949,423,5392,https://drive.google.com/file/d/1O3z5-vFrrUsaSpusXF7suHstS92Z53GV/view,2,False
950,423,5392,https://drive.google.com/file/d/1gY7Es0eD22IMG0gTa0ibdrhfvf6WTVI5/view,3,False
951,423,5392,https://drive.google.com/file/d/1sYBXcRGMFbVmPNwdVE3BsPytEa0UnjHK/view,4,False
952,424,5388,https://drive.google.com/file/d/1L-f14t3Q_Op5UWZUZiWHnKZ9izSuoGNc/view,1,True
953,424,5388,https://drive.google.com/file/d/12rlWafviqluxXx85WB7FYgLVScseCfmT/view,2,False
954,424,5388,https://drive.google.com/file/d/1134_OLjk7IWrZ-n71xEpMgb3vJeJDSJ9/view,3,False
955,424,5388,https://drive.google.com/file/d/1wOt8HnXJy1PzNMKRSEAUD_J7hyH99X0o/view,4,False
956,425,5389,https://drive.google.com/file/d/1BB8bIFW7TVS6A25q6htcaE1UQMSPe16J/view,1,True
957,425,5389,https://drive.google.com/file/d/1Ed74uT0xgtUSzRf8S8Bgyad6iblY-fhj/view,2,False
958,425,5389,https://drive.google.com/file/d/1nNOnNBxWxBTn7X0AyG4oiWQlZ1G1-vJP/view,3,False
959,425,5389,https://drive.google.com/file/d/16tKSCIXzMNKF5LrmTj_ctYuEhZnZ960A/view,4,False
960,426,5391,https://drive.google.com/file/d/1W_nMGe1XX5UuCFp7NzOksYNSzTh7_kMN/view,1,True
961,426,5391,https://drive.google.com/file/d/1ImEkOCQcVri3_LemPhrxAvKv6R-5J_2J/view,2,False
962,426,5391,https://drive.google.com/file/d/1De1cfg-eFGjZqaOrSB8AykWJszrxFZyc/view,3,False
963,426,5391,https://drive.google.com/file/d/1zOv4NsalP9hoSd-cntRYTQ1iLTtPcm9W/view,4,False
964,427,5390,https://drive.google.com/file/d/1o4QVe1Wn8OsZAewF8Bo-ItYvPTDs9Qu_/view,1,True
965,427,5390,https://drive.google.com/file/d/1nkkEO1Pu6XncMILP6Hi1MG4kznG2mO_7/view,2,False
966,427,5390,https://drive.google.com/file/d/1XLTNHoelEEMu0LSargPPkedRiyN_cciO/view,3,False
967,427,5390,https://drive.google.com/file/d/1_-ybcAccNcKfKT-ta1iZ8mnvG-I3JRMQ/view,4,False
968,435,3922,https://drive.google.com/file/d/1S9IKpoTqyk5r-uDJXuacoL8I1UMyRuW4/view,1,True
969,437,3944,https://drive.google.com/file/d/1ZfZO-PBsSyBk-s0DvL8_vmm8Hrhqvhjn/view,1,True
970,439,3920,https://drive.google.com/file/d/19GAw7Gi9tokiPeLNk22aRdbOrbNAO3fz/view,1,True
971,442,5385,https://drive.google.com/file/d/1CGGfUeElpQZCZwOJK0tLWaWhapYL3J27/view,1,True
972,442,5385,https://drive.google.com/file/d/1Iau6-hxsQxYiezFd6KArKwWePGkH4RH2/view,2,False
973,442,5385,https://drive.google.com/file/d/13eiOR-c8UyoBV8FJWoc1tQb5FWyVuvs5/view,3,False
974,442,5385,https://drive.google.com/file/d/1mEa-kp0PCx2wQC8JV621taerXYpsPKNH/view,4,False
975,443,5384,https://drive.google.com/file/d/1TnlcyNX-Am0ZD5dR-WyXuzoIBkAF8GHY/view,1,True
976,443,5384,https://drive.google.com/file/d/1yWM4JedJ8QiAmFYSYHXu1NMBdN-E8pdx/view,2,False
977,443,5384,https://drive.google.com/file/d/1bAKqv-3LnnEduEA2LmGooQHLTWYO5cQn/view,3,False
978,443,5384,https://drive.google.com/file/d/1QSh7PefjIN-1o1F4cso-lxP4DJEBCR_o/view,4,False
979,444,5386,https://drive.google.com/file/d/18FhbxK2_EBFn2oqc8ib63Lz132xuM7-j/view,1,True
980,444,5386,https://drive.google.com/file/d/1ZzCCDpAWWBz0naT0T2c0fcWgc9YVFgme/view,2,False
981,444,5386,https://drive.google.com/file/d/1hND1rsnnJ7OD10KdKEW52L6gICVTeiCI/view,3,False
982,444,5386,https://drive.google.com/file/d/1qb-Ei5XP75Jw-ftWbjIfTW3ARCZhHUDG/view,4,False
983,453,4085,https://drive.google.com/file/d/1S29ghtHi6Y3YlkVHcAbg38_4n8AcUNlK/view,1,True
984,453,4085,https://drive.google.com/file/d/1nY9aQ9yvnw06pkeUImsReQAMFLRsCvXu/view,2,False
985,453,4085,https://drive.google.com/file/d/1Uz09Oy2nh7YcC_CCIO8MpPNCU8CoSFUR/view,3,False
986,453,4085,https://drive.google.com/file/d/1phKX3Plp5gComMUUAg-h2L1m3fImAiwF/view,4,False
987,454,4086,https://drive.google.com/file/d/11wGCL_6uxh0dx2LTc3yn2QOpeksUu2V9/view,1,True
988,454,4086,https://drive.google.com/file/d/1EAugKeCvzM2qdBZJ5mdMumTNFLzRYSCy/view,2,False
989,454,4086,https://drive.google.com/file/d/1jBXr1sjWnper2INggVetL5lvUA3Fr7di/view,3,False
990,454,4086,https://drive.google.com/file/d/1n3rtI-RG6u2C_dhfDG5JTxCjQ6F4YfzH/view,4,False
991,455,4083,https://drive.google.com/file/d/1YFXU_jhzrhGyuV5jyGsJ6oL6zO7qW3T-/view,1,True
992,455,4083,https://drive.google.com/file/d/1G777o54tdXRhV45ncYciBdFgT3UmsnKC/view,2,False
993,455,4083,https://drive.google.com/file/d/1wfe6zhQ6YjHxYOfVPnOkvxDBEQ4M67g6/view,3,False
994,455,4083,https://drive.google.com/file/d/1jVXei8wNN4zz5YdNUnyKyOxRbKuOYnnC/view,4,False
995,456,4084,https://drive.google.com/file/d/1gxsOGZX0XoAxb2LOGCF53wmdy986jptU/view,1,True
996,456,4084,https://drive.google.com/file/d/1dpuWzG-caDzqAthjtGPvB3Mh2T2DmuQJ/view,2,False
997,456,4084,https://drive.google.com/file/d/1bynVZp0DrCPiHwNmX3j3-JUUUmC0JAGz/view,3,False
998,456,4084,https://drive.google.com/file/d/1S8pq1GglJN48gmbKFNGaDl_BXSXFrDNG/view,4,False
999,457,27835,https://drive.google.com/file/d/1j06TS5dAQxZevFgHe-GCv_WDJW4-w5Li/view,1,True
1000,457,27835,https://drive.google.com/file/d/1Zar5WyE1e5BEx3j84D7i6SvHO8HJuANw/view,2,False
1001,457,27835,https://drive.google.com/file/d/18NCJaR8EB5pMS0R8b1xdXjnivDFbAm6b/view,3,False
1002,458,27836,https://drive.google.com/file/d/1YpjMjoJZOuhxTpdOm7wq0boTnXDstM9O/view,1,True
1003,458,27836,https://drive.google.com/file/d/1YI2UzgHta8MW09mq9dU5AV9tcT_y1Lnm/view,2,False
1004,458,27836,https://drive.google.com/file/d/1BxaWdffEJber2ux0-PT3dURrcnrWq6S9/view,3,False
1005,459,27837,https://drive.google.com/file/d/1a4En4mspmVXu6DLK38e1a4nYlF6Cv3Tv/view,1,True
1006,459,27837,https://drive.google.com/file/d/1Rk4KKhvVhy1qhddaG8XJhjd_rE1eQ0Z1/view,2,False
1007,460,27839,https://drive.google.com/file/d/1VlfO7ZDzEC82ZbYkR3ht4lspdKjRIdu6/view,1,True
1008,460,27839,https://drive.google.com/file/d/17ke4G5Zj50pEe86C7YjrFTKLV4VdGeOU/view,2,False
1009,461,27840,https://drive.google.com/file/d/1sCh-5xkPfUZ0hDJUKiomH-F5YzziCGkJ/view,1,True
1010,461,27840,https://drive.google.com/file/d/15hJAIBDcQgHwY5YNi1P9Fs7xJlzUvN-T/view,2,False
1011,462,27899,https://drive.google.com/file/d/1yDtBv3gG4aWE2VCiaomArBSWD1_E05Tn/view,1,True
1012,462,27899,https://drive.google.com/file/d/11eQByPWTSY55osS7A_6VMQ4QXIteMawJ/view,2,False
1013,463,27900,https://drive.google.com/file/d/1tSS7X2Yq6yS0DRCDrgdfoVYnxbrOsr50/view,1,True
1014,463,27900,https://drive.google.com/file/d/1aZGecWr4NxXI-Jrsg-eEtEESvtJeOpnP/view,2,False
1015,463,27900,https://drive.google.com/file/d/1fUl2ZU41a9l08t8WI6jE6f9LsYFCVPwp/view,3,False
1016,464,28105,https://drive.google.com/file/d/1omil9Ao22oMjNxs-IHa32Gv_203nMY9N/view,1,True
1017,464,28105,https://drive.google.com/file/d/11bnvxmZTGOq6-jFQgHRPLxr4vX_ZOetH/view,2,False
1018,464,28105,https://drive.google.com/file/d/1iW4RcQHRbDyc2PHzXkyZHeFEQ9eqjfKt/view,3,False
1019,466,5269,https://drive.google.com/file/d/1hHn3GvPc3jHIvz2e86VB-5uLnu70dYNX/view,1,True
1020,467,27544,https://drive.google.com/file/d/1CtgwV28dJ6aGnK5OxBC01NQLzIGRzWbg/view,1,True
1021,467,27544,https://drive.google.com/file/d/1-iUOdz1yJIikEirPSj86xVRx3jhbYiK-/view,2,False
1022,467,27544,https://drive.google.com/file/d/1Fg-7VApRoVVS7712Uqrk8pA3betAOpq4/view,3,False
1023,467,27544,https://drive.google.com/file/d/1VNDSxhqtU_FubWLGX6mSEKJkR_dPW8re/view,4,False
1024,468,5268,https://drive.google.com/file/d/1hHn3GvPc3jHIvz2e86VB-5uLnu70dYNX/view,1,True
1025,470,27545,https://drive.google.com/file/d/1kpdRf1bd0smU7M6Fjz5l-Z0tKg88TrnN/view,1,True
1026,470,27545,https://drive.google.com/file/d/1lOBSm45IGXjv9CTXBjdpFQ3p9fSYTqZ9/view,2,False
1027,471,27606,https://drive.google.com/file/d/1OTeG35dZKFRa8BIre45pVP2m5lkGTERs/view,1,True
1028,471,27606,https://drive.google.com/file/d/1Yi-nMBrIxK7ICMEC8lujUR2Y6MJUSxF_/view,2,False
1029,472,27817,https://drive.google.com/file/d/1PniD2sIB5o7UvtqQcNcGtd6DUflr4yTU/view,1,True
1030,472,27817,https://drive.google.com/file/d/11-6paodBXyiNoaDCnUankA-dGhdEfAzm/view,2,False
1031,473,27824,https://drive.google.com/file/d/1smFit9IHu4pdrY1Z6MTdFcVHoO2rfo6W/view,1,True
1032,473,27824,https://drive.google.com/file/d/1Y9dJccfDw6awp0EdZZ4E_JEhCiJ8WhxO/view,2,False
1033,474,27826,https://drive.google.com/file/d/1mWjjRmvmyxF2eP12Ctkjl9Gk5iW-K738/view,1,True
1034,474,27826,https://drive.google.com/file/d/13WUkyaMEuGarkNnzyu8ZvFfiSyh6zHva/view,2,False
1035,475,27827,https://drive.google.com/file/d/10htJ6qEN-7dHI8W9dnGD666N_QSNMf56/view,1,True
1036,475,27827,https://drive.google.com/file/d/1_DZZfVqcmWecYrSlu-VmY2i3f9MW7uLI/view,2,False
1037,475,27827,https://drive.google.com/file/d/11YgQ-dWrl9nVz7FJUTMAORcaowDIPxbB/view,3,False
1038,476,28451,https://drive.google.com/file/d/1zxtbymhQlomlhzcTU2wczE7OCGhutGT-/view,1,True
1039,476,28451,https://drive.google.com/file/d/1o8Lv7gFqRNAyAWJB9O1af0KkajT72-zo/view,2,False
1040,476,28451,https://drive.google.com/file/d/1HS4mHZx3DuKB9JCXHw9IYINOTMhu-pUq/view,3,False
1041,477,28759,https://drive.google.com/file/d/1Ueb7D0B9Y5AQPZttO5u2cHtHIvtO1WcA/view,1,True
1042,477,28759,https://drive.google.com/file/d/1LeB_JMGYi1ukkrLx__goCA_QmreC8HG8/view,2,False
1043,477,28759,https://drive.google.com/file/d/1YM0ATgz9bqeDwU8QzGHRrqHeV22QKEEr/view,3,False
1044,478,23105,https://drive.google.com/file/d/1ybYX0qVPSo9V_Bd4uzXFSr-NiW59tAzf/view,1,True
1045,478,23105,https://drive.google.com/file/d/1RKrAHOmFC7bXt_niFrh4Leg14rXgGOUP/view,2,False
1046,478,23105,https://drive.google.com/file/d/1iReEpI1lk5st7IQfvZr5ozIIqMxeBlxO/view,3,False
1047,478,23105,https://drive.google.com/file/d/1bAbhpqOCl_fMUJ-te2xL1rN6n7n7V4wl/view,4,False
1048,478,23105,https://drive.google.com/file/d/1ZG1rBM4VEiXbSqHQ1QzBedUUbKg6vJ53/view,5,False
1049,478,23105,https://drive.google.com/file/d/1NXTNXyTKtN14rg1lFoLH3p-xrzd0SF--/view,6,False
1050,479,23103,https://drive.google.com/file/d/1a_S_5eNE_J8V5t5P9p4AvsY--6V2j1Lr/view,1,True
1051,479,23103,https://drive.google.com/file/d/1CFDKaWZXThn6LNX-6C3VINhmRObKkGN4/view,2,False
1052,479,23103,https://drive.google.com/file/d/1I_NfCpFSrg3dez9jksxtHzJLYC3uM-ki/view,3,False
1053,479,23103,https://drive.google.com/file/d/1WqxMmhBz4tCnGu3z0wIrfw_ngU5Hzn5l/view,4,False
1054,479,23103,https://drive.google.com/file/d/1JzgCcbIN9ioXZPo6INWottjS0nSxnF7D/view,5,False
1055,479,23103,https://drive.google.com/file/d/1WBo0uC7rbN7cSgxTS1DW_lu2S44HW1_0/view,6,False
1056,480,23096,https://drive.google.com/file/d/1R0gtkxY_tCWVD7vRmQsx9yYei9w6ec7n/view,1,True
1057,480,23096,https://drive.google.com/file/d/10sYfKuzNoowRML6jzk-J3OR1SFnEN8Cs/view,2,False
1058,480,23096,https://drive.google.com/file/d/1E1IZhKWysNJNd8HUTpRylbDngJzX5KC1/view,3,False
1059,480,23096,https://drive.google.com/file/d/1figXnFElVSNRoRABQ90HA7fdDPmfET29/view,4,False
1060,480,23096,https://drive.google.com/file/d/13gl31GuG-ZsmgVLpytDzmWaPZh8M9ZYe/view,5,False
1061,480,23096,https://drive.google.com/file/d/1idSdTZY0d5qEFbBtt4YY31ohqiMNOe2-/view,6,False
1062,481,23099,https://drive.google.com/file/d/18UDEdhE4GrlWUfljnSklBl_icw3Em5Yw/view,1,True
1063,481,23099,https://drive.google.com/file/d/1Td1ipal-p-jKGyip4RpCKkn_XybUMdAZ/view,2,False
1064,481,23099,https://drive.google.com/file/d/1OI7ODTbsNPSatDvBqmc9W-kKkZq0IgmJ/view,3,False
1065,481,23099,https://drive.google.com/file/d/1z63I9LHhDrdUfrIlbwnaLPr3D3jBOR0q/view,4,False
1066,481,23099,https://drive.google.com/file/d/15Rzn_hJgSHXYLxxKTwHPrF6cePaOHnVa/view,5,False
1067,481,23099,https://drive.google.com/file/d/1EcV84sMUz8TMRH2tO8EvsdPJfGdRnsne/view,6,False
1068,482,23104,https://drive.google.com/file/d/17bw8vJ9xXnM5mjTfiDHHLgL8uWUlAvQK/view,1,True
1069,482,23104,https://drive.google.com/file/d/1YA5t94a_1jQCvtl8bzl47GcBaS1_52Op/view,2,False
1070,482,23104,https://drive.google.com/file/d/1xR_AdFOsoRBpbKE7DAYhrNEhGYS5P5zc/view,3,False
1071,482,23104,https://drive.google.com/file/d/1JUw7iUF8XuVH9G0PFA8niYsZzmNzYJi2/view,4,False
1072,482,23104,https://drive.google.com/file/d/1bYbMr126RRco0rwgG8X_ON1nKv4H8Ios/view,5,False
1073,482,23104,https://drive.google.com/file/d/1UKr5fakccUixhMkrEGedYMAUTnbIUMU3/view,6,False
1074,483,23106,https://drive.google.com/file/d/1EmntRHHeLKabqDo8IXi39WPtZeW8pXC1/view,1,True
1075,483,23106,https://drive.google.com/file/d/1uhCJX2fVp1WgHQcPu7B-v_nrrYV7dzKA/view,2,False
1076,483,23106,https://drive.google.com/file/d/1xVfr-4750spzcuCviP_dBpiEX4h2mu-U/view,3,False
1077,484,8201,https://drive.google.com/file/d/16iDYktVg1c93sYzGib0w3sjJASkZqr_y/view,1,True
1078,485,931,https://acdn-us.mitiendanube.com/stores/324/065/products/8809447255767_1-f1b811b6f4a528d63217768700482680-640-0.webp,1,True
1079,485,931,https://acdn-us.mitiendanube.com/stores/324/065/products/8809447255767_4-7839a6bc58d01287cf17768700479720-640-0.webp,2,False
1080,485,931,https://acdn-us.mitiendanube.com/stores/324/065/products/8809447255767_3-dd337b654e8fd86f4c17768700476517-640-0.webp,3,False
1081,485,931,https://acdn-us.mitiendanube.com/stores/324/065/products/8809447255767_2-6d13291aab38b1b45817768700484502-640-0.webp,4,False
1082,486,23107,https://drive.google.com/file/d/1fLtPJOtj3sTSPXDs4RyaD4I3S_YrfdMw/view,1,True
1083,486,23107,https://drive.google.com/file/d/1SHLCHRkY0jVP-Jas9Bi9QTGO1Rhc5oHO/view,2,False
1084,486,23107,https://drive.google.com/file/d/16HDVnIFjbf94A7yXBR0liz0iZYJLmvSj/view,3,False
1085,486,23107,https://acdn-us.mitiendanube.com/stores/324/065/products/8809447256184_4-8abde8737a91d0d54117768702634659-640-0.webp,4,False
1086,487,23108,https://drive.google.com/file/d/1b7C3j8DJ1XNPlNovrb4hexXzOxICSs2u/view,1,True
1087,487,23108,https://drive.google.com/file/d/1_UaP6jGJEK9lcesrBpOFJ-0cQVKRMYKW/view,2,False
1088,487,23108,https://drive.google.com/file/d/1rQYoaFHcUi-opqeJQcQfrxjgHNQotPov/view,3,False
1089,487,23108,https://acdn-us.mitiendanube.com/stores/324/065/products/8809447256085_4-c757f070d0bc33f36a17768703608572-640-0.webp,4,False
1090,488,23095,https://drive.google.com/file/d/1RlnM1DwpLJFG3us5KYBjmSRXhpqirFVQ/view,1,True
1091,488,23095,https://drive.google.com/file/d/1r4z1nc1_u_bMQ-hxR42wpt9Sx9hY2mzy/view,2,False
1092,488,23095,https://drive.google.com/file/d/1aN9LTv91rUQWh6kvqXT2fRtf0QqDNEnw/view,3,False
1093,488,23095,https://acdn-us.mitiendanube.com/stores/324/065/products/8809447256191_4-594f82e2cabc21f79b17768701492807-640-0.webp,4,False
1094,489,14733,https://acdn-us.mitiendanube.com/stores/324/065/products/8809447251363-ec87b3ce937c5dcfae17730797159561-640-0.webp,1,True
1095,489,14733,https://acdn-us.mitiendanube.com/stores/324/065/products/147barriercream1-f9d0a8a89c55e2380817733560296151-640-0.webp,2,False
1096,489,14733,https://acdn-us.mitiendanube.com/stores/324/065/products/147barriercream2-f2a4bd68f4e937466717733560296748-640-0.webp,3,False
1097,489,14733,https://acdn-us.mitiendanube.com/stores/324/065/products/147barriercream3-5e6aa2bbf17d3a1bdc17733560297878-640-0.webp,4,False
1098,490,929,https://acdn-us.mitiendanube.com/stores/324/065/products/8809447255729_1-d03ae842a8d324f36c17768704292749-640-0.webp,1,True
1099,490,929,https://acdn-us.mitiendanube.com/stores/324/065/products/8809447255729_2-528d17d5d779e88d8317768704292185-640-0.webp,2,False
1100,490,929,https://acdn-us.mitiendanube.com/stores/324/065/products/8809447255729_3-31e77e9c9240c2c94a17768704294938-640-0.webp,3,False
1101,491,14742,https://acdn-us.mitiendanube.com/stores/324/065/products/8809447255101-c5be6afc8afd1676d317730796827410-640-0.webp,1,True
1102,491,14742,https://acdn-us.mitiendanube.com/stores/324/065/products/gentlevitamincserum1-ad9c7640508f891ff217733561869378-640-0.webp,2,False
1103,492,23089,https://drive.google.com/file/d/1CsczAaWnSsIwQLAwWA_Hu9vJxSr7dnPD/view,1,True
1104,492,23089,https://drive.google.com/file/d/1KcBKo5qW3X7gUFaLTaoJdbqXmNbGvceB/view,2,False
1105,492,23089,https://drive.google.com/file/d/1-AWAaZqSpc8wDXTDb8MK6za3e-O_ztHZ/view,3,False
1106,493,930,https://acdn-us.mitiendanube.com/stores/324/065/products/8809447255743_1-40fdedea9d74251c5117768705935631-640-0.webp,1,True
1107,493,930,https://acdn-us.mitiendanube.com/stores/324/065/products/8809447255743_2-9cc082c04d48dc798a17768705932460-640-0.webp,2,False
1108,493,930,https://acdn-us.mitiendanube.com/stores/324/065/products/8809447255743_3-d5da484790e90dd23d17768705939753-640-0.webp,3,False
1109,493,930,https://acdn-us.mitiendanube.com/stores/324/065/products/8809447255743_4-3b91c20942b4e036d117768705932589-640-0.webp,4,False
1110,495,8517,https://drive.google.com/file/d/1Z4wbx0wR6WkoqeryE9p_8TwtuohgU0Sx/view,1,True
1111,496,23110,https://drive.google.com/file/d/11FsOUk0sxvZrGRE3zNi2HtEBTYlHmwIM/view,1,True
1112,496,23110,https://acdn-us.mitiendanube.com/stores/324/065/products/8809447256412_4-47001ef69894884b0817768706463384-640-0.webp,2,False
1113,496,23110,https://drive.google.com/file/d/13ulAVHTS0KJLMJORIOoL2b41xJ4Qv2vt/view,3,False
1114,496,23110,https://drive.google.com/file/d/1sqkUcjZ3tZe9-9BeLMi8rrv-wfW6X7Rt/view,4,False
1115,497,14736,https://drive.google.com/file/d/1T7Is0jLzW7dEHsoKb1g4R8uK9pEgk1X6/view,1,True
1116,497,14736,https://drive.google.com/file/d/16LtDP2EBuafNhsq84e_WTfSRYlO0kUGR/view,2,False
1117,497,14736,https://drive.google.com/file/d/1OOEAvesbmINq3EKOxVbsA-PD-LMwRJzl/view,3,False
1118,498,933,https://acdn-us.mitiendanube.com/stores/324/065/products/8809447256290_1-4ae764105e1a86000717768697759368-640-0.webp,1,True
1119,498,933,https://acdn-us.mitiendanube.com/stores/324/065/products/8809447256290_3-34894ac54b222348bd17768697760476-640-0.webp,2,False
1120,498,933,https://acdn-us.mitiendanube.com/stores/324/065/products/8809447256290_2-a97419dc77b28c5bdc17768697755784-640-0.webp,3,False
1121,499,23117,https://drive.google.com/file/d/1B4ONG7oFoJx07knoywKeWX9cMfG0hYcF/view,1,True
1122,499,23117,https://drive.google.com/file/d/1botz7fzRcHz0uXVspp07yd00mdiv5sGF/view,2,False
1123,499,23117,https://drive.google.com/file/d/1JbxeXMnJuHb4Mw7HrOxx7nbaO6_9Ilgq/view,3,False
1124,499,23117,https://drive.google.com/file/d/1PwtAx7-pwY6QIHXvx95RduiLsetREHA3/view,4,False
1125,500,14746,https://acdn-us.mitiendanube.com/stores/324/065/products/vitamin-c-booster-serum-1-8922a24709c9cc0b8917684242410125-640-0.webp,1,True
1126,500,14746,https://acdn-us.mitiendanube.com/stores/324/065/products/vitamin-c-booster-serum-2-4a2c1d0757ca13754b17684242414802-640-0.webp,2,False
1127,500,14746,https://acdn-us.mitiendanube.com/stores/324/065/products/vitamin-c-booster-serum-3-336dc6e516231d27bf17684242419827-640-0.webp,3,False
1128,501,932,https://acdn-us.mitiendanube.com/stores/324/065/products/8809447255804_1-101319acb53cd606c017768708346935-640-0.webp,1,True
1129,501,932,https://acdn-us.mitiendanube.com/stores/324/065/products/8809447255804_2-b6a07e8b0c9de0142b17768708362826-640-0.webp,2,False
1130,501,932,https://acdn-us.mitiendanube.com/stores/324/065/products/8809447255804_3-36a0da8611c6962bc017768708375430-640-0.webp,3,False
1131,502,23312,https://drive.google.com/file/d/1SELOxqlN_oOr29HgWHl5T7zN-1KXJt9S/view,1,True
1132,502,23312,https://drive.google.com/file/d/1SwsNcQLjDysAq4cfnD9jf7KVOV7iNxBB/view,2,False
1133,502,23312,https://drive.google.com/file/d/1BUQ4ctgYPsHWrTmoVlG6kT9laT3H4CjQ/view,3,False
1134,503,23313,https://drive.google.com/file/d/1GS7U75EI_VXpXBn25NQXBUwQm8-HC0A0/view,1,True
1135,503,23313,https://drive.google.com/file/d/1XInUawDLR8U9bJIBPHAYrJZ5bOVzNM7c/view,2,False
1136,503,23313,https://drive.google.com/file/d/1HkeA-vyGYYO7C6QzHqE5Dy8gIbpc7FPP/view,3,False
1137,504,23927,https://drive.google.com/file/d/1sYk3xtIkcVKW2p2SKv39Z_QjORpIXtry/view,1,True
1138,504,23927,https://drive.google.com/file/d/1R8CPE2DrMzX23jDVB6baS-Xkx0mZ4-9k/view,2,False
1139,504,23927,https://drive.google.com/file/d/1Gcka7Iva2lSz8Ish5mii5IvwdbvcDGBE/view,3,False
1140,505,23265,https://drive.google.com/file/d/1460gUqMj0xwr-6fQJtcYCQIq0ogKocEr/view,1,True
1141,505,23265,https://drive.google.com/file/d/1H64kF1OOoCXqH5GwKDi4gBX2cbllwCJn/view,2,False
1142,505,23265,https://drive.google.com/file/d/1hwyA8YxjVRmTl3UJsMmvsB_ExOcwUaaQ/view,3,False
1143,506,23918,https://drive.google.com/file/d/1l_qHNN-DcmC32tscWXsKdTL1tex6gvUf/view,1,True
1144,506,23918,https://drive.google.com/file/d/1Yc7qTE3XbjDZzezTvhfAp9Z1HaFYwby-/view,2,False
1145,506,23918,https://drive.google.com/file/d/1EdFQbQCsXfCiBvlrnROuLvsbe3N5ORpu/view,3,False
1146,507,23753,https://drive.google.com/file/d/1PhIsa73UjmfJdpDCIjNYllpKP4ZS9lxI/view,1,True
1147,507,23753,https://drive.google.com/file/d/14rVp8-8k540-cgUwvbVNzRGKQ7QQlVs_/view,2,False
1148,507,23753,https://drive.google.com/file/d/1lo6jr35hn5-zb9t7I_9UzcttNm1BD_JU/view,3,False
1149,508,23360,https://drive.google.com/file/d/1QTdTS5twojxcLd56BjD-3mOpsGrGX03m/view,1,True
1150,508,23360,https://drive.google.com/file/d/1gOkPE_GLSJG8dVhzAPg27zUJXUUbZ-P-/view,2,False
1151,508,23360,https://drive.google.com/file/d/1wsHy6F-v_5HgyjarOHjQcUbRvxM_UoPp/view,3,False
1152,509,23347,https://drive.google.com/file/d/1H3Y7lz4BCpWVaay3XbkKwMeGSElfjLej/view,1,True
1153,509,23347,https://drive.google.com/file/d/1C_6Bsts9tALD1DAqcTUmBmQtOMlXZlcG/view,2,False
1154,509,23347,https://drive.google.com/file/d/1W8GZay2P70K_VZvO16lujXWzyqBniRzF/view,3,False
1155,510,24259,https://drive.google.com/file/d/1S6TU0xL7rTfQ-8-ZApduLG4D8l9c0xmA/view,1,True
1156,510,24259,https://drive.google.com/file/d/1Dd0ML5fhkZtJXq9rpH9Za4MV_d9a4LYs/view,2,False
1157,510,24259,https://drive.google.com/file/d/1CpZTw98x-J7AdF3mGUQCRwd4AHymdfGI/view,3,False
1158,511,24376,https://drive.google.com/file/d/1QCgycIumYzWicJpfVSUk9DSqRQDPtv-U/view,1,True
1159,511,24376,https://drive.google.com/file/d/1s1CDiGkNj8uT5-dmXCFPfIQc-eXWQgKL/view,2,False
1160,511,24376,https://drive.google.com/file/d/1AvAY7YH0vZOv-Tli7qPywryMHBzFVD4N/view,3,False
1161,512,23341,https://drive.google.com/file/d/1aBF1PBL3F_YGs3ymARvYy_xfHrKuRoRY/view,1,True
1162,512,23341,https://drive.google.com/file/d/1MO6EznPJs4_SWyMHNxmDSGov-INQEueN/view,2,False
1163,512,23341,https://drive.google.com/file/d/1byXkFKU-JQn6Dsp6Wab-pJWy0phV8tq6/view,3,False
1164,513,23322,https://drive.google.com/file/d/12Wxp5PEsqO00fmM-g5eEqu6X6gYAUNMY/view,1,True
1165,513,23322,https://drive.google.com/file/d/1kFIDsCpJmcxkJKjoWac-Z-TWPmfM76me/view,2,False
1166,513,23322,https://drive.google.com/file/d/1e88cf0cJrnZtR-uTWGv-IxjSsmavJDbS/view,3,False
1167,514,23364,https://drive.google.com/file/d/1yLiziyjdFLB1mua_BFPFN-DKLpkOejFf/view,1,True
1168,514,23364,https://drive.google.com/file/d/1q5Ev1F6CUOJCHs5Oy_C1pNUisFmZk2uL/view,2,False
1169,514,23364,https://drive.google.com/file/d/1w1d2XpckBIpXx_kBNIHOCkNQbBPTq9K9/view,3,False
1170,515,23920,https://drive.google.com/file/d/1txjhB4AcXmGejGdPBXwtZgWgJZ-crWLO/view,1,True
1171,515,23920,https://drive.google.com/file/d/1MXQxokovjBOu2Ehmxos5C4p0HvzznbqY/view,2,False
1172,515,23920,https://drive.google.com/file/d/1IoaXRWJ2x5NJ2JRWZ8PWnCuqGsIv-e1j/view,3,False
1173,516,28821,https://drive.google.com/file/d/1b3skGNU1Ddv06beJkbGEMwtvMhfbsC55/view,1,True
1174,516,28821,https://drive.google.com/file/d/1uDtlLsbtDqBr8ewYICi8VDv9xH75aXya/view,2,False
1175,516,28821,https://drive.google.com/file/d/1t6pvRDY3jTLJoi5t0iVkdRmsSx6aj1C-/view,3,False
1176,516,28821,https://drive.google.com/file/d/11ABconz9wgHNEV1ORbiDFRaLHnsKZXvU/view,4,False
1177,517,28760,https://drive.google.com/file/d/118RTDW3ggiF5L9vjuVfWCXlgOF-yBGc4/view,1,True
1178,517,28760,https://drive.google.com/file/d/10inJI4gJ1a2fOMdlUwLmNom1n-9AlKbm/view,2,False
1179,517,28760,https://drive.google.com/file/d/1ejYxjy5A3NfuECnUdEaGrEctu8RRu6V6/view,3,False
1180,517,28760,https://drive.google.com/file/d/18-9RwUQxBjMKON3GAXBKXcJJ3J41ZiBd/view,4,False
1181,518,30720,https://drive.google.com/file/d/1Cf-D8SA1I5uSeVH3vK4pIP9xmLd6xlHk/view,1,True
1182,518,30720,https://drive.google.com/file/d/1lMjgVdiNh0G_YJenBGK8Moe5yes8wWl4/view,2,False
1183,518,30720,https://drive.google.com/file/d/1CcJeUwN8i47HKhlyn8uaSrjSy3Xs1RqT/view,3,False
1184,519,30024,https://drive.google.com/file/d/1kVjjGPqcvIQX5ycW4Qkm6qceFfs9F_IH/view,1,True
1185,519,30024,https://drive.google.com/file/d/14gcqmWxxxn3_cHjiIkVrDUWIWPofhChs/view,2,False
1186,519,30024,https://drive.google.com/file/d/11yH2gtt543IQipY7psdRgzZtOisUNJs2/view,3,False
1187,520,28761,https://drive.google.com/file/d/1qbANx4p1znQAmmz-niXCGm2qd5nrwk7y/view,1,True
1188,520,28761,https://drive.google.com/file/d/1FDAu9VzmxG15iswNqZX-x7J2UiPym4Y-/view,2,False
1189,520,28761,https://drive.google.com/file/d/1ArB5cvD_93AtcAKeCzfEl1XPSvWEid50/view,3,False
1190,521,28820,https://drive.google.com/file/d/12EIovUbVCNjnx_olkMVpCv20gRMEV8aR/view,1,True
1191,521,28820,https://drive.google.com/file/d/10pGJhA3VQWe_K5zrZTtsVC4ULzvCvbN4/view,2,False
1192,521,28820,https://drive.google.com/file/d/1yclRcrW5FWtwLXrXQtEYZT0014oCP1F7/view,3,False
1193,521,28820,https://drive.google.com/file/d/1trC1M-BOs4ZxNHNrJmnufc0Y57Dg2uYc/view,4,False
1194,522,843,https://drive.google.com/file/d/1HRE_Odk7I-WS17zKVJozoKYzVCHerLd-/view,1,True
1195,522,843,https://drive.google.com/file/d/1GLkfQRBUYcBdI7Toi8DEUeBN-AwVsmjd/view,2,False
1196,522,843,https://drive.google.com/file/d/1uGiffvj0REhZYwDxjAEXxqf4ieouZZWm/view,3,False
1197,523,846,https://drive.google.com/file/d/1jU0oZK96UQ43qjiVOI-8WSZrZWsf_g0N/view,1,True
1198,523,846,https://drive.google.com/file/d/15P8Be0jdwn_WUoHG0N6zrpTehTl58k45/view,2,False
1199,523,846,https://drive.google.com/file/d/1OtQ0dVX04yQDJm1ubjL6nJIDL5ZcJlZl/view,3,False
1200,524,4145,https://drive.google.com/file/d/157RWZg1K14DR03Um_KEueP2PA0k-6cnu/view,1,True
1201,524,4145,https://drive.google.com/file/d/1v611M1VxumiKbyX8sE1jD28AFjgvOv2n/view,2,False
1202,524,4145,https://drive.google.com/file/d/1fyCin9GbKKenWhw13ekfYRV5KuW71t_r/view,3,False
1203,525,883,https://drive.google.com/file/d/1KoyifD8AvSjXBia1jbLDUQwgMuUnGAGO/view,1,True
1204,525,883,https://drive.google.com/file/d/1J97ydbgrZH33j6hyR9WpeRKC-5lD_Xhd/view,2,False
1205,525,883,https://drive.google.com/file/d/1pZV-IOxoDtzWRnwGIeMhSfLSmu4duU8T/view,3,False
1206,526,8310,https://drive.google.com/file/d/1Tyk1mUCjwXu3pWDXUtkiU90mKJHWBL2s/view,1,True
1207,529,14749,https://drive.google.com/file/d/1hHn3GvPc3jHIvz2e86VB-5uLnu70dYNX/view,1,True
1208,532,3056,https://drive.google.com/file/d/1-RB_3N9iEuudWbLA85ULtw3OtSlRtCyR/view,1,True
1209,532,3056,https://drive.google.com/file/d/1VxYDSJ08o5fUeuAUtJkc37KPOWcUTxDQ/view,2,False
1210,532,3056,https://drive.google.com/file/d/1Ye6DOjMEfIhuJu5-fBxtWY-f5fXdx0gI/view,3,False
1211,533,2992,https://drive.google.com/file/d/1XgqCCnBQ1yzEqlTECw0HbWR1_VJPNfkK/view,1,True
1212,533,2992,https://drive.google.com/file/d/1_1_9z6u23uLJ3jz8tu4tdCTUcJ97-69c/view,2,False
1213,534,3034,https://drive.google.com/file/d/1N1JZEJIlObCJZTv66__P17hsJzitllb-/view,1,True
1214,534,3034,https://drive.google.com/file/d/1eI9trzTE7_sYVldej59hYBAm7CDhU4Jr/view,2,False
1215,534,3034,https://drive.google.com/file/d/1tWdjDkNg1onZA8i7mEdZHckauij06AwV/view,3,False
1216,535,3136,https://drive.google.com/file/d/1xrgf4KOpevVuqP32FYjxMLNk2-U19e83/view,1,True
1217,535,3136,https://drive.google.com/file/d/1EQpMJFLOfQIBwrrJrCiKjzSz_AkvEfWf/view,2,False
1218,535,3136,https://drive.google.com/file/d/1JLGhcqq5XOLbXU9X41SQ95aigYRji_bN/view,3,False
1219,536,3160,https://drive.google.com/file/d/1aWTQjIxQ4jyHkRhCeR0e-4HnoGV45HcY/view,1,True
1220,536,3160,https://drive.google.com/file/d/1sAFBgZrJbWu46XqEj33S6tPq0OKIEkY7/view,2,False
1221,536,3160,https://drive.google.com/file/d/17mOZ6CuxAmmaSw7N3sa2TUbPlbjyOUGC/view,3,False
1222,537,3113,https://drive.google.com/file/d/1KzIHCJKBtbhhIG3zEnNCStgtc5i4RRJZ/view,1,True
1223,537,3113,https://drive.google.com/file/d/1i9shAmdZJxr_6mhV5Bs_ppLD84S4wKUW/view,2,False
1224,537,3113,https://drive.google.com/file/d/1fgFjHWKkV2LXBXNvUk2yxWJuA_eAF4rY/view,3,False
1225,538,2852,https://drive.google.com/file/d/1pvYGVCjhybn-QB4e34neE3W8CMMoi-l-/view,1,True
1226,538,2852,https://drive.google.com/file/d/1H1a47NnZdw6qz9N0GgrhygoA7PWmyPNL/view,2,False
1227,539,3053,https://drive.google.com/file/d/1FyYmyX7vBOjC95KiQyke3hDs6AQro7rb/view,1,True
1228,539,3053,https://drive.google.com/file/d/1XakJ21yqEljsCeQJzOHoeURaKsE7Nmad/view,2,False
1229,539,3053,https://drive.google.com/file/d/1gr0YH4CbcieEjZqDCPJZa1U3s7xxWDQE/view,3,False
1230,540,3212,https://drive.google.com/file/d/1zQkIAjtVRQ6caQHmiOy1VHdNJ7izOukz/view,1,True
1231,540,3212,https://drive.google.com/file/d/1b_EYCLaN8oOjBRi2a9tY4vxQF4dBVcOW/view,2,False
1232,541,2888,https://drive.google.com/file/d/1dQWXEmXLUXtk1rAUCT5PC8mLQIsWUNBt/view,1,True
1233,541,2888,https://drive.google.com/file/d/1eEUiJfnnu5GD0d3OWDYoO0oKq2O9lDE-/view,2,False
1234,542,3105,https://drive.google.com/file/d/1R09pMGwjmsj4IIC5xxAdl18gb6dckdOD/view,1,True
1235,542,3105,https://drive.google.com/file/d/1mgn330dezWS_ZOunDIeg04WXyGKPC39H/view,2,False
1236,542,3105,https://drive.google.com/file/d/18q7i5vkoLK1YbogS-_fYzuNccvH_gKoB/view,3,False
1237,543,3209,https://drive.google.com/file/d/1faK0S5s3OUrGpwDHB_znMBGmpl4t997a/view,1,True
1238,543,3209,https://drive.google.com/file/d/1mREBsNC-CfmkOCSV3ugqfPm4rTsCJ-EF/view,2,False
1239,544,3038,https://drive.google.com/file/d/1neeOBNTqcwiGvbjqd17h4GnVcyPG7ymx/view,1,True
1240,544,3038,https://drive.google.com/file/d/1a58lMKwvUgvB_iPJtzlDlynupST-X0n9/view,2,False
1241,544,3038,https://drive.google.com/file/d/1kUfYRNxcCNHw0qlTWzXPGi-U6QnmFpgI/view,3,False
1242,545,3033,https://drive.google.com/file/d/1KdsU2rP68Yhjge0E-IHFHoHqHJeUIvr2/view,1,True
1243,545,3033,https://drive.google.com/file/d/1w-HE8pmCmwdM4Y8WBtd9LQyww2-Sp-fl/view,2,False
1244,545,3033,https://drive.google.com/file/d/16x046zl-WpiGazOhI4Ca-19NwxERzRan/view,3,False
1245,546,3120,https://drive.google.com/file/d/1enl8pn42ZA7BbLaOmMm9Q-326t4zQXeI/view,1,True
1246,546,3120,https://drive.google.com/file/d/1ygwPdQXKgHYnz-BcNeo7PJx4q4X9MkBA/view,2,False
1247,546,3120,https://drive.google.com/file/d/1aYmr82Q6k-_qBfgKv_kw4H4ATHMWjw7U/view,3,False
1248,547,3104,https://drive.google.com/file/d/1zvWeym8-k5JbZne4BLRAk5eWpSQ3vjxb/view,1,True
1249,547,3104,https://drive.google.com/file/d/1ioJ35St3dNLep2dzW5enU1sBvDFDc5xG/view,2,False
1250,547,3104,https://drive.google.com/file/d/1BhS4L3jM82UXrxir03NkVW-_Hy5P_HPt/view,3,False
1251,548,3036,https://drive.google.com/file/d/1h5MGTr7jhz3-FMzjRusZbW8VYZTsNf4h/view,1,True
1252,548,3036,https://drive.google.com/file/d/15AEyi844sLJxKpdwR-QrS_AQTT4hUA4X/view,2,False
1253,548,3036,https://drive.google.com/file/d/1DRs5rByWQdKDr_UHXPAK3jnTavzalHOI/view,3,False
1254,548,3036,https://drive.google.com/file/d/14sKc1kVUU62T0UK98XiCfbN0ka9noJH-/view,4,False
1255,549,3208,https://drive.google.com/file/d/1aIj5WrKZPB9WBV-bE2XLI11dR98CqyfO/view,1,True
1256,549,3208,https://drive.google.com/file/d/1qYBdcBxS0x4SuUUCcXL48GdOswFOgeY7/view,2,False
1257,549,3208,https://drive.google.com/file/d/1J_Kk-xvfLKUgpaTV23I3W9aOX6wIofW3/view,3,False
1258,550,3207,https://drive.google.com/file/d/1zd4traaey7UcXKGKvvN3ff5HIdDpnUeC/view,1,True
1259,550,3207,https://drive.google.com/file/d/11F2lIZMuwhzzrqgIN0vLWOsSPBGTOMVj/view,2,False
1260,550,3207,https://drive.google.com/file/d/1InHMFQodesHvejKuH8kNHPAon6LLFxY3/view,3,False
1261,551,3017,https://drive.google.com/file/d/1OWcdAtVvM1CHqY73skERZPrKixWBXjjG/view,1,True
1262,551,3017,https://drive.google.com/file/d/1yByDRzWl2-QTTNbwhNcXcyEz8AAny-bw/view,2,False
1263,551,3017,https://drive.google.com/file/d/1u_wNycXpEy0UulEGiTJ4GqfOnwIURBpQ/view,3,False
1264,552,3016,https://drive.google.com/file/d/1g64MCmUT6B0DlRuEUeehz2r5t7-AaCNb/view,1,True
1265,552,3016,https://drive.google.com/file/d/13YrXvM4_9cTLqNwr0G5zvGgKmSglpulC/view,2,False
1266,552,3016,https://drive.google.com/file/d/1PzQ5liPFCEERN_8dnfxnqU5G9T9IHFF5/view,3,False
1267,553,3015,https://drive.google.com/file/d/1xOWzHXQWfejlU1mMnFwphklTlOxkg2qI/view,1,True
1268,553,3015,https://drive.google.com/file/d/1VSPYjNXYCSIgj1bthNgzDvRlYDX2VHXc/view,2,False
1269,553,3015,https://drive.google.com/file/d/1ujnK_yFOCYod7FhrZItsCSMA4PS8unHh/view,3,False
1270,554,3014,https://drive.google.com/file/d/1Q1EZap2fKckW84MQ5b01R6vWNxoEGO-l/view,1,True
1271,554,3014,https://drive.google.com/file/d/1o2XiJ0rnxBIuQF0qzsgt5J8-Ey5A8Q26/view,2,False
1272,554,3014,https://drive.google.com/file/d/1ZrjeiLXCcByCU3OeW2Ia1ibNZyKQXrP_/view,3,False
1273,555,3210,https://drive.google.com/file/d/11RUUGNxwVWfKbDTj2REULOwyu7qrDzcw/view,1,True
1274,555,3210,https://drive.google.com/file/d/1_EJylc4WdvwcW0jT815W18noQzix6YKT/view,2,False
1275,556,2991,https://drive.google.com/file/d/1_xxxBFMhfuDXUCWn6r3pTGVhxgOhF_xB/view,1,True
1276,556,2991,https://drive.google.com/file/d/1caQKyQ5XPlLb8Fp1mLraeV-qYSdNiNf-/view,2,False
1277,557,3131,https://drive.google.com/file/d/1QTuMaLLVME20axMIC0wj3dilnYp5gDYq/view,1,True
1278,557,3131,https://drive.google.com/file/d/18SFFpCYpd2NaBOT4mUuJ1TQfWM5qRT5b/view,2,False
1279,557,3131,https://drive.google.com/file/d/12OVdpsdzqrXAT4TS1JzdnsQ7WQPeOVur/view,3,False
1280,557,3131,https://drive.google.com/file/d/1uOXH_njPQG5iVaP1Dn-D7-KERNvM1vat/view,4,False
1281,558,3171,https://drive.google.com/file/d/190nC3Ev4UkSdXpovH5ctHgIegu6OuXNI/view,1,True
1282,558,3171,https://drive.google.com/file/d/1Tyq0jQR1mHQ_eh5XbeWuEKOs0ozHDE1W/view,2,False
1283,559,3211,https://drive.google.com/file/d/1kfw76JYQdB7P_yTL2dOTU9zYq24UtQLB/view,1,True
1284,559,3211,https://drive.google.com/file/d/1eeguhWRPfT0qtlwve4yQ2U3Qtv2exdTH/view,2,False
1285,560,3878,https://drive.google.com/file/d/1vEW3ttBO0f63rT48owZ9BUQ0vf4k0SRe/view,1,True
1286,560,3878,https://drive.google.com/file/d/1-dMsItJ-q_vRNSGQJ6yoU-tmMP9n8sw4/view,2,False
1287,560,3878,https://drive.google.com/file/d/1-cn_Oc4RHQQqiRyQpldm9MBqwv6eU9C4/view,3,False
1288,560,3878,https://drive.google.com/file/d/1NsX1KeO-uzWkcXzCEj0lVuoWycDg1fML/view,4,False
1289,560,3878,https://drive.google.com/file/d/1-Rb8hiIs8JA6lVfbQ5MzQ-TuSfgG-dZ0/view,5,False
1290,560,3878,https://drive.google.com/file/d/1IGLWdEPt9o9J0d_9Yms_oIBJ1ks5CxEK/view,6,False
1291,567,3804,https://drive.google.com/file/d/1tlskTRDS-NSstico-6zWS7JLU1uymVZ3/view,1,True
1292,567,3804,https://drive.google.com/file/d/1PULEbQWz4kKCS8p-WbkwFQwkIx4TZDUs/view,2,False
1293,567,3804,https://drive.google.com/file/d/15GVqqx8F3i8pjo0pbHX0mEzAkthjU3Wd/view,3,False
1294,567,3804,https://drive.google.com/file/d/13rciVPL9VtyqB72HpD-w1QwSJ0tiP1I6/view,4,False
1295,567,3804,https://drive.google.com/file/d/1IM4Yoc1kx-Tq71UmRBSQbV7VqaVNIC_8/view,5,False
1296,567,3804,https://drive.google.com/file/d/1Gdg8KE_vV_FLDjnW5sVXtiH-bQngX9nn/view,6,False
1297,568,3860,https://drive.google.com/file/d/1QpOIMYX7RMbuJSIDTmB01dPmBY5pkHHx/view,1,True
1298,568,3860,https://drive.google.com/file/d/19EaiQlJ8Rd_N-xCw-weEPWTLpbjzHnsa/view,2,False
1299,568,3860,https://drive.google.com/file/d/15ogZmNrhpfNtNVzZs1rev1vqJa7Qo5Ji/view,3,False
1300,568,3860,https://drive.google.com/file/d/1E2JQLLN3TsNghN2qVhDmBwGt1YufqmOy/view,4,False
1301,568,3860,https://drive.google.com/file/d/11wycbDXoUvhnKICqXIxD1l5HygPcKgIl/view,5,False
1302,568,3860,https://drive.google.com/file/d/1xGe7ZymIjn-RJcmb71uCT3IUHm8S96Fc/view,6,False
1303,569,3802,https://drive.google.com/file/d/163BzonJn31ONOg2huGJU7RENSs3V_j7d/view,1,True
1304,569,3802,https://drive.google.com/file/d/1Q9sxOlDVRRE7vLdLcVyMRIl0BGQcS-2X/view,2,False
1305,569,3802,https://drive.google.com/file/d/1GSI_Rl3RGw224TqyLo1ry8HnBA22aTjm/view,3,False
1306,569,3802,https://drive.google.com/file/d/1aNSY0H6dPT5690zoWB_NiC1r4LP0H2Lh/view,4,False
1307,569,3802,https://drive.google.com/file/d/1nOrg79YndQ4HaHVhzae1Lv5DmYucT0Ul/view,5,False
1308,569,3802,https://drive.google.com/file/d/1EFaqW2xlMMuMkPp1IyrhBL-3nTyafsQE/view,6,False
1309,570,3806,https://drive.google.com/file/d/1Rjoaq6XcEM3DaNLKbNL1zD5MYMYWxlLg/view,1,True
1310,570,3806,https://drive.google.com/file/d/1A8Ym2MbBmSqA_GSfMaSZIfrOMKtetko-/view,2,False
1311,570,3806,https://drive.google.com/file/d/1cfLh_ls57wvkw7qR_HzLTbNqECvAI_kU/view,3,False
1312,570,3806,https://drive.google.com/file/d/1NM18DdAhJJuAi3b5JisUJgRe7LAHU3iN/view,4,False
1313,570,3806,https://drive.google.com/file/d/1H99ai-t80KKg2eEwFCyc7Lhyvh74P_DI/view,5,False
1314,570,3806,https://drive.google.com/file/d/1Civw3RinOb2gWHiCHn2jgATVJYjTczcX/view,6,False
1315,572,3820,https://drive.google.com/file/d/1gUtjzCoRXkwBjm8Xz-aKYt4rNkiqKyti/view,1,True
1316,572,3820,https://drive.google.com/file/d/12L3DO91aoVwbsKde03zQ2w4wHFD84-sB/view,2,False
1317,572,3820,https://drive.google.com/file/d/1UJ5d4CQXOeds-o7s94PmU0KPioraTyB2/view,3,False
1318,572,3820,https://drive.google.com/file/d/162CRNagI_Ty6U7_8sHnGMEDZghgL2OXm/view,4,False
1319,572,3820,https://drive.google.com/file/d/1YnLojKcEF2q5m44lNn95qCflY8ZvpNUW/view,5,False
1320,572,3820,https://drive.google.com/file/d/1yfqdzcUtGbvR92_3FHnaP9xhcnpazBVL/view,6,False
1321,573,3803,https://drive.google.com/file/d/1ktVwFTi6QINwzmHbJxlVQv7vpXVQXRaq/view,1,True
1322,573,3803,https://drive.google.com/file/d/1BNK-8aD5xCES0cIcFZDVdHkNMZlYcvXX/view,2,False
1323,573,3803,https://drive.google.com/file/d/1Z2zuxIm5qVDhVmQ_wLG9k-o6WsuzykyU/view,3,False
1324,573,3803,https://drive.google.com/file/d/10mrzyqSHc1tCgOF6UaKydCsmrmTD3Z3x/view,4,False
1325,573,3803,https://drive.google.com/file/d/11ceL3d9IlYNNAWhP2OeVmurx5-L5s4ta/view,5,False
1326,574,3833,https://drive.google.com/file/d/1tWEgNwyCncIvtTgFD0kVzo5htZKqf3Dk/view,1,True
1327,574,3833,https://drive.google.com/file/d/1kuthq1ESgykWPDzOp4z1i8tdO6NbTcRv/view,2,False
1328,574,3833,https://drive.google.com/file/d/1P6hsDKW0oc4RnE3wrhM10zK4nKcXIaEd/view,3,False
1329,574,3833,https://drive.google.com/file/d/19JuR-SGJ65VvTALfJzVD9lxHgbHA0COb/view,4,False
1330,574,3833,https://drive.google.com/file/d/1J8l6t2Fw5_hCaYeH6POAL_Mj7dgv_Mhs/view,5,False
1331,574,3833,https://drive.google.com/file/d/1_YGOULLuOJaAfHl8SfCGbIuvRIlONfFw/view,6,False
1332,575,25215,https://drive.google.com/file/d/1BDeXjWZtbm-v6lEIZOp-9GWTJieWx8Qr/view,1,True
1333,575,25215,https://drive.google.com/file/d/16EoQfkR6XjXEZs7xemns6KypG8-c4Zk5/view,2,False
1334,575,25215,https://drive.google.com/file/d/1hCR9H6SBSTjg3oVpE13mCRGSLETQITtT/view,3,False
1335,575,25215,https://drive.google.com/file/d/1JoNz-9jhmumXOUasYQFkFw4eqyvfEYBk/view,4,False
1336,576,25130,https://drive.google.com/file/d/1pvejG9YhheAvH2gN7tfuDx8es2wNJ8ay/view,1,True
1337,576,25130,https://drive.google.com/file/d/1TziieJQ0AKwuuLDJnmiouPPtsJfJYakz/view,2,False
1338,576,25130,https://drive.google.com/file/d/11-Yt1uGgFxdpgphN6E2DlpvpjHtSK694/view,3,False
1339,576,25130,https://drive.google.com/file/d/1odhKCQn4FlxcTrcicdPlMBW8XAUx6h1Z/view,4,False
1340,577,25164,https://drive.google.com/file/d/1gqf-XusoyxaNeGS0wRWfF-rvyZwUCpBi/view,1,True
1341,577,25164,https://drive.google.com/file/d/158abxLdywaCCZGzrFNf6jEecNn68d6B4/view,2,False
1342,577,25164,https://drive.google.com/file/d/11HIqBPUINzFUg0elHzvHdIz0-I3KYWCZ/view,3,False
1343,578,24390,https://drive.google.com/file/d/1OGu7bDNZ5Pv9t0z2w7iirn8EJi9YtcTD/view,1,True
1344,578,24390,https://drive.google.com/file/d/16HeF5NtgQRrMD9enkFmADkfZt2FBupgL/view,2,False
1345,578,24390,https://drive.google.com/file/d/1Dmnl1Kcu-DoDvPDS2BAk-4tnH8tAZ1O3/view,3,False
1346,578,24390,https://drive.google.com/file/d/15gVfFfwi1NuEo9sYG6kAjHFlgeaoTC7O/view,4,False
1347,579,24395,https://drive.google.com/file/d/10lHHW8UeOa6YqBve9kb5H80uEDuj7PYz/view,1,True
1348,579,24395,https://drive.google.com/file/d/1hguzHQhpW6kLk9uTfhE8aDsFNipEyxxS/view,2,False
1349,579,24395,https://drive.google.com/file/d/1t7VwU7R6XOsXGTVFkhWI1_SBJGDss-4q/view,3,False
1350,579,24395,https://drive.google.com/file/d/1Bs15ccYxcNQCYnKkL9Kbt26wwYTMM9XA/view,4,False
1351,581,3884,https://drive.google.com/file/d/1Tb2mwMhADoqZeOpmFVFaABWuxr1HLrHM/view,1,True
1352,581,3884,https://drive.google.com/file/d/1tGbWzGPc98L2a35kzKEBxSx_P9zQrbkg/view,2,False
1353,581,3884,https://drive.google.com/file/d/1cEOx93FWAsbrn1lXcvhn6gnNQ5QYb7lU/view,3,False
1354,584,3886,https://drive.google.com/file/d/1-4MS7qieeitjCbmNAR5As95Dd-5NGHeu/view,1,True
1355,584,3886,https://drive.google.com/file/d/1R0nI_kQHttNJdo39bpsTb6gV5YWvKju9/view,2,False
1356,584,3886,https://drive.google.com/file/d/1P88MrgUA0iX5aREQF0migmLLD9sk3yQo/view,3,False
1357,590,673,https://drive.google.com/file/d/12Pok4yMSHWFJ3zl6spcah2Z1XLaTMaU3/view,1,True
1358,591,674,https://drive.google.com/file/d/1PQD8CeK4v0uvfIRr_E-FOMlSg4v3ym2l/view,1,True
1359,592,713,https://drive.google.com/file/d/1GHG6XXtI-fecWsQOKFcqWvKq9A1stFcM/view,1,True
1360,593,712,https://drive.google.com/file/d/1tDGClDtwASC5K0tFoC-7MYrpwLN_IHH5/view,1,True
1361,594,677,https://drive.google.com/file/d/1kKH17bcFoTzQSlhJ5gWlSk-pbsS_GcYl/view,1,True
1362,595,6143,https://drive.google.com/file/d/11kMPjG7ysey9GiXsBdMrdsdoreljHsvK/view,1,True
1363,595,6143,https://drive.google.com/file/d/1yFY7Vu0hYC1ktZv_JvuSmTEN8-yEv6zC/view,2,False
1364,595,6143,https://drive.google.com/file/d/1B46IwBupO9VtWwzMaegtR07U-rfdP61h/view,3,False
1365,596,6144,https://drive.google.com/file/d/19TJFx-tEf0Fhwy_kXDyX-g-R3AjnaTzh/view,1,True
1366,596,6144,https://drive.google.com/file/d/19xkMZQeE88RBJCKmSontUdb2uYZHgbzc/view,2,False
1367,596,6144,https://drive.google.com/file/d/1R8dzkLBgLsavm5EAzmSk45qhwO8I6B3Y/view,3,False
1368,597,6145,https://drive.google.com/file/d/1Tyk1mUCjwXu3pWDXUtkiU90mKJHWBL2s/view,1,True
1369,598,6146,https://drive.google.com/file/d/1-LyfKmPX0uzLc5yxO7fCUHgcNDD--sZ3/view,1,True
1370,599,138,https://drive.google.com/file/d/1fS3HqFcZBDjwOGQv8vA1LUdT9yrpVy8t/view,1,True
1371,599,138,https://drive.google.com/file/d/1WwCCCltlG0t2MtVUMtQt1n-EkLzlGI--/view,2,False
1372,599,138,https://drive.google.com/file/d/1BcuCfteZCKxd_6yotTgeE6inxd4ZICR0/view,3,False
1373,600,143,https://drive.google.com/file/d/1vLg4D8IjTL_yIjJeJJgunxWLaz5vAcrl/view,1,True
1374,600,143,https://drive.google.com/file/d/1DcmcikDWxdoSrEDvN4Ajr4ztCivXc9Sd/view,2,False
1375,600,143,https://drive.google.com/file/d/1HyejrwUu9EwFf7Irtq3yNknQ86J40EYi/view,3,False
1376,601,146,https://drive.google.com/file/d/1VX5BM9aKU0pnJ7ifCy1H6H8Z2JNLFG28/view,1,True
1377,601,146,https://drive.google.com/file/d/18eGP1yXF7pgeCLGoBjyfPh6e1zxiJAuy/view,2,False
1378,601,146,https://drive.google.com/file/d/1ZcazK8lxrLmnZvVkvaGUcRHlgubkF8ZN/view,3,False
1379,602,169,https://drive.google.com/file/d/1lWuQ9YE3ZV_4Jfi-y1OiF8d0tqD6JPh-/view,1,True
1380,602,169,https://drive.google.com/file/d/1Gxe6qfNIHtV8SNtPQsdvG3o5kIQoLTUk/view,2,False
1381,602,169,https://drive.google.com/file/d/1oaRuebuXP4dAha8JOnrNLFxaR8twH3KT/view,3,False
1382,603,170,https://drive.google.com/file/d/1O2sWae74Jf-DMQ1iw9LTX3NaYESNPETn/view,1,True
1383,603,170,https://drive.google.com/file/d/1OE2_CA8ALw3pZEkJE5vZG4L-_o31KA7K/view,2,False
1384,603,170,https://drive.google.com/file/d/1FYznXcZkZaLYllbGPhO3qujqOAv96dXh/view,3,False
1385,604,173,https://drive.google.com/file/d/1gFs4FLqrJwGn197cS7UenakWQcjOiNlx/view,1,True
1386,604,173,https://drive.google.com/file/d/1wLpdKk3dUBHPqFYpHUlX7K3Oi3i_-yPc/view,2,False
1387,604,173,https://drive.google.com/file/d/1nXbWzOFbKS8L4wouQgAWwX7_NUjMuSpu/view,3,False
1388,606,183,https://drive.google.com/file/d/1BhRxn2lEyXkfrckl8GSalqP04i_cbnu5/view,1,True
1389,607,185,https://drive.google.com/file/d/1mHy4Ft3sWkPXx3_kqqjT34wLyx2U6R_8/view,1,True
1390,608,187,https://drive.google.com/file/d/1JE4Kc8a0rvGMPfE9GgyHoWAkF95d3xAw/view,1,True
1391,609,191,https://drive.google.com/file/d/1Ye6DOjMEfIhuJu5-fBxtWY-f5fXdx0gI/view,1,True
1392,610,193,https://drive.google.com/file/d/10aTMUGAEuoIRpVWpw20rcw3XgOtZw1oG/view,1,True
1393,611,195,https://drive.google.com/file/d/19dIGjj-mtG2C76P8wjBPAeXphvpBGwzq/view,1,True
1394,612,207,https://drive.google.com/file/d/1dt1vwgLJuruce4mgBZXNl-EPXRcV__qs/view,1,True
1395,613,209,https://drive.google.com/file/d/1txiADLckOMn_gEt_DCOUHf0A_7fFGa7L/view,1,True
1396,614,211,https://drive.google.com/file/d/1EFv4i3RkOrtWM4wWMtA9U8Nuh7x0qIDD/view,1,True
1397,615,306,https://drive.google.com/file/d/1y9YbvBQZ8JdMOlrRX0UJJPYuru_C2bN7/view,1,True
1398,616,307,https://drive.google.com/file/d/14XX8eu4K6oqVVypyHTHHxkYcsYyUWPht/view,1,True
1399,617,309,https://drive.google.com/file/d/1GTcBwbFh4xhP3_0By07kUANkDgTP5rUb/view,1,True
1400,618,315,https://drive.google.com/file/d/1XmZ0jPVaV5-Kr_JPSkLwjCB9Ad_ao6a5/view,1,True
1401,619,319,https://drive.google.com/file/d/1UCsaEgXm6fpPSOgss4kWcOSihzqOyIiW/view,1,True
1402,620,354,https://drive.google.com/file/d/1j1cRpYjvcBVSOmOgvXNO7apO1mZ1m64I/view,1,True
1403,620,354,https://drive.google.com/file/d/1GmhPetDpmUMyhUsmpELiBJdL828MIJ09/view,2,False
1404,620,354,https://drive.google.com/file/d/1sMCJTYcEsCyQ3K_US_oMWy6x-f2alylw/view,3,False
1405,621,355,https://drive.google.com/file/d/1BWkYP8MG4Ss2pKOXnduxno9p_2RB5I75/view,1,True
1406,621,355,https://drive.google.com/file/d/1qsbOWSXfzQiG8tqAVVC3FqtooNTab2cc/view,2,False
1407,621,355,https://drive.google.com/file/d/1qMXaFWgcrybfY-2jZ0reQ8tcSBlionZ4/view,3,False
1408,621,355,https://drive.google.com/file/d/1420q14N1ZWu8Lrarxtw4ytGEFG4cVkoo/view,4,False
1409,621,355,https://drive.google.com/file/d/1nI1TxLGWsRKzlwelXub-Wn5VhTKilAst/view,5,False
1410,621,355,https://drive.google.com/file/d/1iAlxFgYFUfon9i5fCjdg1kzjJ1cEEs84/view,6,False
1411,622,356,https://drive.google.com/file/d/1g9dA-6n-3VxwxkvY_WJKA2srCSeCbtMA/view,1,True
1412,622,356,https://drive.google.com/file/d/1RrCNMj2aVDY2tHETjcA0NTXNKkg-uAQK/view,2,False
1413,622,356,https://drive.google.com/file/d/1gie1G1-xnfMCI7Sc_FQgZF96C4eRzCzV/view,3,False
1414,622,356,https://drive.google.com/file/d/1vdgXT19jfJ1QUzH7Z8puGDskF5HZ4SDD/view,4,False
1415,622,356,https://drive.google.com/file/d/1b00getpz9mq1nDacS_R19VyqkKOg3rFo/view,5,False
1416,622,356,https://drive.google.com/file/d/1S9THqKvw7j0nVccVp4epHetQ-eZeRTWA/view,6,False
1417,623,357,https://drive.google.com/file/d/18YUSJ7wT8oQeEE1Y3l9Rm2KS0citnBvF/view,1,True
1418,623,357,https://drive.google.com/file/d/1cq-uLae7YEpuP3Umpbk1xWlJk4yE70OA/view,2,False
1419,623,357,https://drive.google.com/file/d/1Coh5OFRnUjsA5XTjBf4dTVAyZXAITB1o/view,3,False
1420,623,357,https://drive.google.com/file/d/1x92bwSEWQdcAGaJleax8t5VbaElC0PcN/view,4,False
1421,623,357,https://drive.google.com/file/d/1TjN2t87RHNxJUWOkw2bLVmFxWFB65n51/view,5,False
1422,623,357,https://drive.google.com/file/d/1OdfsClm12ajKZr4XSFSECdOL0IYN1dqE/view,6,False
1423,624,359,https://drive.google.com/file/d/137Uqd9AAJl8RJcahi3uMV-Lk47c0qEk5/view,1,True
1424,624,359,https://drive.google.com/file/d/1e8gba3j3Hn52OIAkXMJiFsINWlno5jp2/view,2,False
1425,624,359,https://drive.google.com/file/d/1MMcNS30X_NnVwneLY3DWtPGMOrvqEFQk/view,3,False
1426,624,359,https://drive.google.com/file/d/10T4H8T82mBjMdhFjz0P77ep6XTTwalrL/view,4,False
1427,624,359,https://drive.google.com/file/d/1ERICOnqAwIVuTii4Tgy9olt-pa7eTEcF/view,5,False
1428,624,359,https://drive.google.com/file/d/1qCCLL3d7VJ_oQbWbctdQM2AxAIw243uy/view,6,False
1429,631,6199,https://drive.google.com/file/d/1hHn3GvPc3jHIvz2e86VB-5uLnu70dYNX/view,1,True
1430,632,6200,https://drive.google.com/file/d/1UCsaEgXm6fpPSOgss4kWcOSihzqOyIiW/view,1,True
1431,633,6201,https://drive.google.com/file/d/1_q8Bkbv6hHqAC94JyRrwb8x4BDh8OPU0/view,1,True
1432,634,6202,https://drive.google.com/file/d/14K4z8OModqGNLQ-ynzidDngJHmz_VrPQ/view,1,True
1433,635,6203,https://drive.google.com/file/d/1QyuVS33sG7Uq-VVHBu9kJK3MbeMPISGN/view,1,True
1434,636,6204,https://drive.google.com/file/d/1ItryC942mmMwJfoSo5DNlJMeArVsRtdp/view,1,True
1435,637,759,https://drive.google.com/file/d/1Tyk1mUCjwXu3pWDXUtkiU90mKJHWBL2s/view,1,True
1436,638,963,https://drive.google.com/file/d/1w4_cGeH8_jILdUod0bwh9YEGe4Ho3kZh/view,1,True
1437,638,963,https://drive.google.com/file/d/1lSzC9pLPrVdsyaSJSUxOgfnAG1EW9pQe/view,2,False
1438,638,963,https://drive.google.com/file/d/1bNDeO5N8ycqXB3_dkIHdYe8C1-uELLja/view,3,False
1439,638,963,https://drive.google.com/file/d/1Pi6yU6QCZocrUZT-xzuifAXcCEJw1hTn/view,4,False
1440,639,967,https://drive.google.com/file/d/1FbU7Yg3gs8_SppkVDpYjYCS53AAuhqZo/view,1,True
1441,639,967,https://drive.google.com/file/d/1qGjR5L4mgwtX6frInnGDhocnSboNGCGi/view,2,False
1442,639,967,https://drive.google.com/file/d/15OcuhCjMwh0QRxhWAfcyzLYWP0QMARcu/view,3,False
1443,639,967,https://drive.google.com/file/d/1nASvKRbG75kUgeBPa78UKfH7XJeC02UB/view,4,False
1444,640,1150,https://drive.google.com/file/d/1jRev8M3YrRolYa2Z7vQOsSStK7NJlFtV/view,1,True
1445,640,1150,https://drive.google.com/file/d/1CKV89aUsBJ2MFRgYdDFmAJ_q90Fs1KM-/view,2,False
1446,640,1150,https://drive.google.com/file/d/1ZmY-1FMQhXZFaHHDBkd_Bfo1nvQAeLXz/view,3,False
1447,640,1150,https://drive.google.com/file/d/1w47Hz1neJDA_oFeWu4uaMhT3FmzX90_J/view,4,False
1448,641,220,https://drive.google.com/file/d/1TM-QIJ3GcqF_gFmdvMtne605IvFrVy_1/view,1,True
1449,642,1154,https://drive.google.com/file/d/1IciFS5EKfJbK_pR_jT1BdqxyqlpquIdz/view,1,True
1450,643,6140,https://drive.google.com/file/d/1UCsaEgXm6fpPSOgss4kWcOSihzqOyIiW/view,1,True
1451,644,6141,https://drive.google.com/file/d/1bzZaHdw6eKE9KlLLaVfd5IVZW4QU4BXO/view,1,True
1452,645,6142,https://drive.google.com/file/d/1Aq41b0uUQUPDfRTwZ4rXTPGT9pwtLWVD/view,1,True
1453,646,6194,https://drive.google.com/file/d/1XakJ21yqEljsCeQJzOHoeURaKsE7Nmad/view,1,True
1454,647,136,https://drive.google.com/file/d/15sHJfOZX_tK9QTYLETT8kaPnhPQJ5GUX/view,1,True
1455,648,135,https://drive.google.com/file/d/1Rt0FIEfEpjn-aU573JQoVZfEl2tWpggJ/view,1,True
1456,649,6133,https://drive.google.com/file/d/1hHn3GvPc3jHIvz2e86VB-5uLnu70dYNX/view,1,True
1457,650,53101,https://drive.google.com/file/d/1zKUWlOGl3bEfAYX_p3-O7BZvO_4SvSgq/view,1,True
1458,650,53101,https://drive.google.com/file/d/1xym7StWtDeqAyI5tlrzBHSSPi5EVXKEF/view,2,False
1459,650,53101,https://drive.google.com/file/d/1mx5viXftkQhFZhEJilNEg2QUcuyScaH8/view,3,False
1460,651,60318,https://drive.google.com/file/d/19O8inI5atDM73XyqIwdpmIjdqzSXiep0/view,1,True
1461,651,60318,https://drive.google.com/file/d/1l7_uPRcyN2zBHZZEJYPeh0WiyZ9hb-ZD/view,2,False
1462,651,60318,https://drive.google.com/file/d/1Uzq0ypoPKv5EX2iY0CR_pMqvAWMQDB4a/view,3,False
1463,651,60318,https://drive.google.com/file/d/14NwntF6_Mzs4EqBX7d5Ei8sVc3kUTr_f/view,4,False
1464,652,392,https://drive.google.com/file/d/1OgMW4IhekhwrJYYaGvs2U8vz-oLr9PiG/view,1,True
1465,652,392,https://drive.google.com/file/d/11kDM6r9aX0UuG8X6xmcokFBX7atxKYzo/view,2,False
1466,652,392,https://drive.google.com/file/d/1oRKMdUyD7LTao8TOa4ZxbvxknaLZdZ_v/view,3,False
1467,652,392,https://drive.google.com/file/d/1JqTnIpKeNfk9MvvIsXTLcjyHpfz6evrT/view,4,False
1468,653,391,https://drive.google.com/file/d/1EEmGKIoKfytYE0lOZn5D_qk9moY7fhtl/view,1,True
1469,653,391,https://drive.google.com/file/d/1qv_-MSK7Fy4XknpUS7F_UMl_Wg3xj0hz/view,2,False
1470,653,391,https://drive.google.com/file/d/1OiiqXAHMa4glLsyvNaC_zkG8511AqD9u/view,3,False
1471,655,26805,https://drive.google.com/file/d/1cn4-moQV3vQzCCLSQN8I2bGHlV8Q919Q/view,1,True
1472,655,26805,https://drive.google.com/file/d/1jWtipzRhoIRDqiFJFPpMew1F6p4Hc4_h/view,2,False
1473,655,26805,https://drive.google.com/file/d/1dvtCq6bmjd-whARh02JMFfRn4ZBn8lbK/view,3,False
1474,655,26805,https://drive.google.com/file/d/1pYHm4RLKZrAZLEmP-RPYRv6ZenGcSgP2/view,4,False
1475,656,26542,https://drive.google.com/file/d/1xP1O9_0YLgJvfX5zEJjZh_48Mv2Nm0DV/view,1,True
1476,656,26542,https://drive.google.com/file/d/1XUg5UMaOpdiZUf115Vwtp4F4XR_QzYjP/view,2,False
1477,656,26542,https://drive.google.com/file/d/1JXC_VtYRMOxe7Q8E1aZszyM_jWMWdarS/view,3,False
1478,657,26807,https://drive.google.com/file/d/1bUlDn8iXlZtsP5XIYmQRVZ4sS1r_GG6u/view,1,True
1479,657,26807,https://drive.google.com/file/d/129NSdYGgH-tE_LFv1X9_IF8UjYzWkDUl/view,2,False
1480,657,26807,https://drive.google.com/file/d/1ns7pxKHsNxTVOkrTbqyd8U4AAMs-2cN7/view,3,False
1481,657,26807,https://drive.google.com/file/d/1VqkO_lNOekUbzhUg0uaPn6mA_Rp8pZDY/view,4,False
1482,658,26546,https://drive.google.com/file/d/15mVI7j-K9nsuXxkv-CMQ1cOd1HegKY2i/view,1,True
1483,658,26546,https://drive.google.com/file/d/1QpaTorBPkQEPpp229bvZlBK3nYJQO89i/view,2,False
1484,658,26546,https://drive.google.com/file/d/1ofbcDjwVbeNduEwjTouk4v0MT0Iq6Iqg/view,3,False
1485,659,26591,https://drive.google.com/file/d/1i6scXhehxRsOrVT3CHmXp3RInokotfkB/view,1,True
1486,659,26591,https://drive.google.com/file/d/14DoY3qmC4xpIbu_hH-9dK56lOfFCb5NN/view,2,False
1487,659,26591,https://drive.google.com/file/d/10Ldd7nHQ2_RY8wXSC2MxSSvJxzpGx3SE/view,3,False
1488,659,26591,https://drive.google.com/file/d/1qziLxV6FkIk2_wAl1mIeZwLzOW_X7uSJ/view,4,False
1489,660,26806,https://drive.google.com/file/d/1ZqnPC9nG23p_01hwMxL7GbtCMycn3bhK/view,1,True
1490,660,26806,https://drive.google.com/file/d/1EylAuFSSrg7VqbfcWMNdpOsQhphpL46D/view,2,False
1491,660,26806,https://drive.google.com/file/d/1MwM8fHE-zo4zyq0J5lgd0KVGOYGltcR6/view,3,False
1492,660,26806,https://drive.google.com/file/d/1LJgLbjRZ9rG4QTg6_UOgnVTzjFzggsHh/view,4,False
1493,661,592,https://drive.google.com/file/d/13N-01xA2xkIV_l1PRRIeLE4LnU0m4_qH/view,1,True
1494,661,592,https://drive.google.com/file/d/1PaCdxi-4UQNxGIWqxdiwCGunKnymNnqy/view,2,False
1495,661,592,https://drive.google.com/file/d/1GNclXK_VTBBbNK3_Nol3yTNhU0V7j3e4/view,3,False
1496,662,587,https://drive.google.com/file/d/1w8DfNpS3izgE29EyBWTlCkliehLwl6RB/view,1,True
1497,662,587,https://drive.google.com/file/d/1o09BisGv4b1URqY09VIG7D14z7jRKhMa/view,2,False
1498,662,587,https://drive.google.com/file/d/1S4GaBs0im75c8f2vTEO7qEERZpZveSw6/view,3,False
1499,662,587,https://drive.google.com/file/d/1X5qd65A-5g6FEI-4r7dIItIGQbKqxTTA/view,4,False
1500,663,580,https://drive.google.com/file/d/1mCuodQWr8ZhWFNGyD_YF8smRXsabgETk/view,1,True
1501,663,580,https://drive.google.com/file/d/1IBcKepDoZ9ePNT47lpIbsrro67FQeR0y/view,2,False
1502,663,580,https://drive.google.com/file/d/12BJYkMvts8iPyd0rrGHD2XySXo-vr8DZ/view,3,False
1503,663,580,https://drive.google.com/file/d/10IDuZ9npg-S-P_EIyHJhNRgl0uqRRqgC/view,4,False
1504,664,582,https://drive.google.com/file/d/1UNM_G3mb5rvqKluw2MOQ0ldyWQNSWE7s/view,1,True
1505,664,582,https://drive.google.com/file/d/1b6M2K19LKxN7LACpnQMy3U2YVtYtmjvm/view,2,False
1506,664,582,https://drive.google.com/file/d/1P-7-pNYQ-Ft6N_vuinHwf54-OOd8xwhh/view,3,False
1507,665,578,https://drive.google.com/file/d/17Qom2h5E0fuz6q34X3CKza2K3k6mjkC6/view,1,True
1508,665,578,https://drive.google.com/file/d/1MaU0ETN61WpK2ig1fHPff6byTjVavjgT/view,2,False
1509,665,578,https://drive.google.com/file/d/19ozAtehSDcqXT1NMQfHV-e4lDpdJQOP-/view,3,False
1510,665,578,https://drive.google.com/file/d/17ni9V3gXkgG7I7FSSthTbHbc2DbsB2jc/view,4,False
1511,666,603,https://drive.google.com/file/d/1ng2Ux2M20DR18ITgs7k_6CdD5jzJQlMs/view,1,True
1512,666,603,https://drive.google.com/file/d/1Xn59LDocjBsJQw52hRUmiTsqohyxMFOB/view,2,False
1513,666,603,https://drive.google.com/file/d/1g_fkKkNoUei2SppvU1Mtze_Q8mocuH3C/view,3,False
1514,667,585,https://drive.google.com/file/d/1xWPIZYZne-8SxPUI14PIGgaEdFQX4VpC/view,1,True
1515,667,585,https://drive.google.com/file/d/17Qk-_DosoUKL2_s60jKw2YW6TMbx-LwR/view,2,False
1516,667,585,https://drive.google.com/file/d/1sVmrXL5kpATArK6IAKEyeYVhH8H41z5e/view,3,False
1517,667,585,https://drive.google.com/file/d/1CosK3GDl67suPxnpQ-RxCTQxlDtYoyLa/view,4,False
1518,668,26273,https://drive.google.com/file/d/1DS4M6eofG72jDwcjWHaXCwxwAzlBI5IN/view,1,True
1519,668,26273,https://drive.google.com/file/d/1QEhpsUZJAtWeximH4TDJG9ivYXK3KE2R/view,2,False
1520,668,26273,https://drive.google.com/file/d/1Y2j4Mlnon4RttGpKYOn2HYYzNaAirHN6/view,3,False
1521,669,26325,https://drive.google.com/file/d/1vF_yPnwSppsw4bLZu_6P7T0QFSoc5QKb/view,1,True
1522,669,26325,https://drive.google.com/file/d/1VXiLL1fBthP6br6OJrE3n3jtxNsDpUU_/view,2,False
1523,669,26325,https://drive.google.com/file/d/1VSBztCUmp1Ah6WKsZ2LtKeD98SKW7_oz/view,3,False
1524,670,26280,https://drive.google.com/file/d/1VKhGVSNx7HJZnEE2-Y2DPj4YWcxlDasE/view,1,True
1525,670,26280,https://drive.google.com/file/d/169QwybyNXgbALrB4m97u-a65SgiyPp6G/view,2,False
1526,670,26280,https://drive.google.com/file/d/1C-_lanmC9HHxDDksrVm7g3dXwjvPHncG/view,3,False
1527,671,26316,https://drive.google.com/file/d/1dgNlGCz_RkAX_dDq0AVBCLoQD8LQjU_5/view,1,True
1528,671,26316,https://drive.google.com/file/d/1fFurx-S_laz2Y-Z2dLhVdaBGXMmMEoE2/view,2,False
1529,671,26316,https://drive.google.com/file/d/1Bmnf2SAj0TuUCFhl2VyeawH9OmhZ7ncV/view,3,False
1530,672,26420,https://drive.google.com/file/d/1fK1oqqJ4UhqfkdV1ma_IeXEALB6MK2Yp/view,1,True
1531,672,26420,https://drive.google.com/file/d/1qzl0I1W7um6JPtdSIoULuAagC2iIBRKB/view,2,False
1532,672,26420,https://drive.google.com/file/d/13Iqboe5U-0PZyRERTYqqrnO_jmk-WY1d/view,3,False
1533,673,1641,https://drive.google.com/file/d/1rlYn0DOgFmbr2osC66CdkznjVTbzBr9m/view,1,True
1534,673,1641,https://drive.google.com/file/d/1nwHBLRqlcwcrCx3Iy8oGNRzwnjyx3vNo/view,2,False
1535,673,1641,https://drive.google.com/file/d/1s-6gqaJTrdL4dMR_NJNjedqiF1SprpBX/view,3,False
1536,673,1641,https://drive.google.com/file/d/1JoEMDvStLsVU8uOakHSqzLHpFyEvqnD1/view,4,False
1537,674,1580,https://drive.google.com/file/d/19uQbwiKmv6T4p9tkpJ5SeXnPdRwuCgeR/view,1,True
1538,674,1580,https://drive.google.com/file/d/1-G1zXoVUTsy8yFLV6yX3NgPhUhPZIW1E/view,2,False
1539,674,1580,https://drive.google.com/file/d/1GRRW8i-FUnTFyrHNqWUUeYPwp33rpj5W/view,3,False
1540,674,1580,https://drive.google.com/file/d/1BsrF4sUaQebK3LfkBQC6D9nRCT_-QCh5/view,4,False
1541,676,1585,https://drive.google.com/file/d/1wwgmkad8oICUW7QukvYvX6PtsL4Cgki8/view,1,True
1542,676,1585,https://drive.google.com/file/d/1uKoDVUV7Xh1x7XYSBDWoDwEDxEcdlhrl/view,2,False
1543,676,1585,https://drive.google.com/file/d/18AQYxgoZbgv5z_vlN7k92Eov8h8c2aMg/view,3,False
1544,677,1513,https://drive.google.com/file/d/1WjL7Tbrpj0JLgtOk7U09HzWEMGhby7bL/view,1,True
1545,677,1513,https://drive.google.com/file/d/1o2SUVtAV4Q8LDAOxBIpjddCLssHzG0Ex/view,2,False
1546,677,1513,https://drive.google.com/file/d/1YtmbXwomCn-yR1_8kVj4HfUE1NFcW3G9/view,3,False
1547,677,1513,https://drive.google.com/file/d/1-8bbXfnJUTVxmw1zIN5oMHCC3yjaNxwJ/view,4,False
1548,678,300,https://drive.google.com/file/d/1NK3gahRwBbcz7MVw_wZgbKUJAz5DXceh/view,1,True
1549,678,300,https://drive.google.com/file/d/11ugIVIu_S-hkmCcJze7qF_UvCjY-E201/view,2,False
1550,679,157,https://drive.google.com/file/d/18q7i5vkoLK1YbogS-_fYzuNccvH_gKoB/view,1,True
1551,680,58346,https://drive.google.com/file/d/1zNyAINeB-OWolpp7DIiyIwGl28qow05Q/view,1,True
1552,680,58346,https://drive.google.com/file/d/1ltOaDWFlaxzz2X55N3loV4x4_VSg55ko/view,2,False
1553,680,58346,https://drive.google.com/file/d/1Xl9XLpNBE9vb_bxD8niBhWbpBgNqE8h2/view,3,False
1554,680,58346,https://drive.google.com/file/d/1Y74UY_N-jSjohOItS9tsdIYEqn5FD3-5/view,4,False
1555,681,60324,https://drive.google.com/file/d/1EsFcG3gbTUHcDzkd77eaGC18SGJkK4Xx/view,1,True
1556,681,60324,https://drive.google.com/file/d/19c2fOHhFcR0sY86UM7RwV9ZVmmbwzN33/view,2,False
1557,681,60324,https://drive.google.com/file/d/1sblTHZ1wTHz5_IzdW7cIAWw1m3hXuVEj/view,3,False
1558,681,60324,https://drive.google.com/file/d/1KBiouLzPcfrN6at-daJYTRFN-pP5vmEY/view,4,False
1559,682,275,https://drive.google.com/file/d/126PCfV3IokHUgcIGHhPQ2aEdklwDvOOp/view,1,True
1560,682,275,https://drive.google.com/file/d/12uy11-chXLtIRbu7biX4eLxv0CbhK9OI/view,2,False
1561,682,275,https://drive.google.com/file/d/1zTkGFQU6B6MmYCAG-UYy6CM_OTQNbE4X/view,3,False
1562,682,275,https://drive.google.com/file/d/1nYLUE99ueiytMnN-i-uwxGPXBVon4n9A/view,4,False
1563,683,361,https://drive.google.com/file/d/1s-vyAlHZI-NsJYHut1o09XsfK08TiTY0/view,1,True
1564,683,361,https://drive.google.com/file/d/1u24Zrlr4hSBcJ4_oyx9RDACnGat5ERiZ/view,2,False
1565,683,361,https://drive.google.com/file/d/1Hyct307i128Rxa2UuLgbcPYM6A6-OOvE/view,3,False
1566,683,361,https://drive.google.com/file/d/12VwA10NuTx1qIpaBlQTo9WtQiEo8ibmA/view,4,False
1567,684,53621,https://drive.google.com/file/d/1z99cjOysZbUlwnibxbFggvDthfNQouIo/view,1,True
1568,684,53621,https://drive.google.com/file/d/1la3i1ReGyWTCQ0EKucRr_G3MaY_HXQis/view,2,False
1569,684,53621,https://drive.google.com/file/d/14HHRyUd3GVJYjfemLrJsTr8ScCHDA-3V/view,3,False
1570,684,53621,https://drive.google.com/file/d/1sTOduOTZXWLWHiT__qkQpkh54TGB2z5g/view,4,False
1571,685,22154,https://drive.google.com/file/d/1OM8X7BkYQNrzTHAjGd643Yg4HYcBp-gP/view,1,True
1572,685,22154,https://drive.google.com/file/d/1ekvlsobRuHrwcPl_BpmZM9lMRBN7tAFt/view,2,False
1573,685,22154,https://drive.google.com/file/d/1rttAIBTzf650_lS6G1HgcoRrJlO6iFXl/view,3,False
1574,685,22154,https://drive.google.com/file/d/1kl3tGLKlUONyi1E7jQ7iWfuHQV80Ib5T/view,4,False
1575,685,22154,https://drive.google.com/file/d/1KSUWt1HO4Oo-P8iA_JLqBF88jE8g73bK/view,5,False
1576,685,22154,https://drive.google.com/file/d/1GeA4jKNBfoJ81DEehuya_azTLTdjNgBN/view,6,False
1577,686,22098,https://drive.google.com/file/d/110-0jqq2D9-HvBwG6odgMK_P8DdN7bKe/view,1,True
1578,686,22098,https://drive.google.com/file/d/1jftMN6j5I2s54O3B6v033x4szQnYi1Uw/view,2,False
1579,686,22098,https://drive.google.com/file/d/1iIMRVthdiQ86rLA7BqH6sEq4QlK-0A_-/view,3,False
1580,687,21997,https://drive.google.com/file/d/1yezvHohR9DA0DjBrSxOS4ajts-ZnIobD/view,1,True
1581,687,21997,https://drive.google.com/file/d/1pWshDwmpV0QfzZ2X8poClMEqL4pCzCbN/view,2,False
1582,687,21997,https://drive.google.com/file/d/1GeKpWIVth1_Q8ZtC3XNB67VsRXCy-QR1/view,3,False
1583,688,21985,https://drive.google.com/file/d/1aY6WkMdfExBBkF0xokmnVmhNeygt4w-d/view,1,True
1584,688,21985,https://drive.google.com/file/d/1CDxrmxSMXpZocgQWDUJ84JdYaN94jzq3/view,2,False
1585,688,21985,https://drive.google.com/file/d/1Qgmi1KdeGPpmaifniBJfqQR5EJOkMw_v/view,3,False
1586,689,22061,https://drive.google.com/file/d/18_cR_wFjihbmdmRtDyDrjLYnpmRfCvw0/view,1,True
1587,689,22061,https://drive.google.com/file/d/1Ket3ovT9BDsJVybxAQgV2Iq-jiTMfL_w/view,2,False
1588,689,22061,https://drive.google.com/file/d/1nXezqjWjCCEBKKvRZ1dNfANfF2ZiVS-G/view,3,False
1589,689,22061,https://drive.google.com/file/d/1t1Ku645LaAT0kTsvmNsHGG05Zss0ikip/view,4,False
1590,689,22061,https://drive.google.com/file/d/1BaagEDeomi-We0R-DzQ_-mZWDkrWPiDE/view,5,False
1591,689,22061,https://drive.google.com/file/d/1_zKWxuq62oYmOAiEDR5giM0-j5yxLxPv/view,6,False
1592,691,1174,https://www.maquillalia.com/images/productos/k-secret-seoul-1988-contorno-de-ojos-retinal-liposome-4-fermented-bean-1-88818.jpeg,1,True
1593,692,22104,https://drive.google.com/file/d/1qWLWwwkgxBOewz5k71uyVgiFzZrg7ZDG/view,1,True
1594,692,22104,https://drive.google.com/file/d/1tbhhYF7JA7Y6f5sR9rm7q63lVcpgz5uF/view,2,False
1595,692,22104,https://drive.google.com/file/d/1vEtqAhU7TyLxnIUqzCB9_ZVKFaFGPvnd/view,3,False
1596,693,22162,https://drive.google.com/file/d/1BcB6KWQhhlfQUrSIk885zMOwtBQY2vfT/view,1,True
1597,693,22162,https://drive.google.com/file/d/1pCm-RfVgxjBfB4Ut1l2suDgIw2EAZYZM/view,2,False
1598,693,22162,https://drive.google.com/file/d/1TLu2RWt3qo3dpc-5-dC3kOo5B-lIPl58/view,3,False
1599,693,22162,https://drive.google.com/file/d/1az3fngXVCgwCDh-BSBetaPANPU1E_jNc/view,4,False
1600,693,22162,https://drive.google.com/file/d/1R6wUZMzcYUesFvZHLESqkQ2rz8PGBAcY/view,5,False
1601,693,22162,https://drive.google.com/file/d/1mfl_r5IJ1z8S49XDq4q06wHDJKygj7a9/view,6,False
1602,694,1178,https://www.maquillalia.com/images/productos/k-secret-seoul-1988-serum-retinal-liposome-2-black-ginseng-1-88819.jpeg,1,True
1603,697,88418,https://acdn-us.mitiendanube.com/stores/324/065/products/corp-negra-2c805e6dd5ea1239e017429179883204-640-0.webp,1,True
1604,697,88418,https://acdn-us.mitiendanube.com/stores/324/065/products/_1-61c649211861c11d7d15815297969300-640-0.webp,2,False
1605,697,88418,https://acdn-us.mitiendanube.com/stores/324/065/products/z1-fa2a929a5e340a46d515815297959911-640-0.webp,3,False
1606,697,88418,https://acdn-us.mitiendanube.com/stores/324/065/products/esponja-corporal-negra1-d14c08b84742355a8b15119410742726-640-0.webp,4,False
1607,698,84296,https://acdn-us.mitiendanube.com/stores/324/065/products/corp-roja-a0e9bea7fa1ef077e617429179691382-640-0.webp,1,True
1608,698,84296,https://acdn-us.mitiendanube.com/stores/324/065/products/kn4a1-af4e330b64c7c4036516026139505797-640-0.webp,2,False
1609,699,84293,https://acdn-us.mitiendanube.com/stores/324/065/products/blanca-d7b4fc7bb20907fc1717429175582113-640-0.webp,1,True
1610,699,84293,https://acdn-us.mitiendanube.com/stores/324/065/products/dsc066841-ce9f81ad51f065033816426972958970-640-0.webp,2,False
1611,700,89531,https://acdn-us.mitiendanube.com/stores/324/065/products/chamomile-52358b3dee307d851017429179490823-640-0.webp,1,True
1612,700,89531,https://acdn-us.mitiendanube.com/stores/324/065/products/konjac_coony_10281-515fc95f9bc3c7c74015815165870408-640-0.webp,2,False
1613,701,89533,https://acdn-us.mitiendanube.com/stores/324/065/products/te-verde-bd6662dbad9415e9f017429180305247-640-0.webp,1,True
1614,701,89533,https://acdn-us.mitiendanube.com/stores/324/065/products/konjac_coony_10391-914e509cff2ba01c3615815162346994-640-0.webp,2,False
1615,701,89533,https://acdn-us.mitiendanube.com/stores/324/065/products/konjac_coony_10331-ca5755ebf31728bf0d15815162346136-640-0.webp,3,False
1616,702,84294,https://acdn-us.mitiendanube.com/stores/324/065/products/negra-620946baa3bef31dac17429180700961-640-0.webp,1,True
1617,703,84295,https://acdn-us.mitiendanube.com/stores/324/065/products/roja-9d5934dfa4d55d6f4a17429180477805-640-0.webp,1,True
1618,703,84295,https://acdn-us.mitiendanube.com/stores/324/065/products/kjun8-carrusel-primero1-8a350cba61350eabb815815302582369-640-0.webp,2,False
1619,703,84295,https://acdn-us.mitiendanube.com/stores/324/065/products/kjun8-carrusel-ultimo1-a95ed1bd33e17fa4cd15815302585130-640-0.webp,3,False
1620,704,84955,https://acdn-us.mitiendanube.com/stores/324/065/products/rosa-ad40efbc4b5ad47bee17429183797891-640-0.webp,1,True
1621,704,84955,https://acdn-us.mitiendanube.com/stores/324/065/products/konjac_coony_09801-9708f3fdf2862ede9a15815301369839-640-0.webp,2,False
1622,705,84954,https://acdn-us.mitiendanube.com/stores/324/065/products/verde-c4b6b1ee23b66f6e9817429184238031-640-0.webp,1,True
1623,705,84954,https://acdn-us.mitiendanube.com/stores/324/065/products/konjac_coony_08481-9c6db8c6c6a840972015815300012304-640-0.webp,2,False
1624,706,89532,https://acdn-us.mitiendanube.com/stores/324/065/products/jeju-618d5cd62293b92e3f17429184039196-640-0.webp,1,True
1625,706,89532,https://acdn-us.mitiendanube.com/stores/324/065/products/carrusel-1-enjuagar-bien-limpiar-bien-11-8c5eb416c70a8acdfd15815167415372-640-0.webp,2,False
1626,706,89532,https://acdn-us.mitiendanube.com/stores/324/065/products/carrusel-2-escurrir-bien-con-ambas-manos-todo-el-exceso-de-agua1-e21d73b4dc87803db115815167416796-640-0.webp,3,False
1627,707,89534,https://acdn-us.mitiendanube.com/stores/324/065/products/amarilla-1f95aa17232a3414fc17429180954009-640-0.webp,1,True
1628,707,89534,https://acdn-us.mitiendanube.com/stores/324/065/products/konjac_coony_09231-3d3c02c17839cf362915815167878747-640-0.webp,2,False
1629,708,18421,https://acdn-us.mitiendanube.com/stores/324/065/products/gota-1792a0001a252e048817429180109272-640-0.webp,1,True
1630,708,18421,https://acdn-us.mitiendanube.com/stores/324/065/products/kjul71-154ace5d43a66e523015815235557761-640-0.webp,2,False
1631,708,18421,https://acdn-us.mitiendanube.com/stores/324/065/products/gota-c-fondo1-a398eef99384f46e9515815235546709-640-0.webp,3,False
1632,713,19746,https://acdn-us.mitiendanube.com/stores/324/065/products/bad-bitch-75c788493a31a7d36c17564096899022-640-0.webp,1,True
1633,714,19745,https://acdn-us.mitiendanube.com/stores/324/065/products/anti-age-dd30b16fb8c498fbe217564096456747-640-0.webp,1,True
1634,716,716,https://drive.google.com/file/d/1rpZZhBvNKA3Gb5obfs757UiPZf23FDec/view,1,True
1635,716,716,https://drive.google.com/file/d/1fhkaIwp6Wo2MGg4iyG7Pe-w9FvY-wTOY/view,2,False
1636,716,716,https://drive.google.com/file/d/1vHhB3x7NcViJYbD7yA4JNZo4bPDeE8vP/view,3,False
1637,717,714,https://drive.google.com/file/d/15TtkWK0JRfalhqkd0Vk-UlhV55woqT5U/view,1,True
1638,717,714,https://drive.google.com/file/d/1O9F09aBBtOGiQcOIH3KhEWkLVdXSAuMB/view,2,False
1639,717,714,https://drive.google.com/file/d/1lyOixOtKCsDRiAc2XozTtmudfOaW-IuZ/view,3,False
1640,718,715,https://drive.google.com/file/d/1k96DdRLxg_8NsBmxdTJasJ8ITrYYFjiR/view,1,True
1641,718,715,https://drive.google.com/file/d/10EiM-hzlbBYoVMEISbxTIkURISu2SxRS/view,2,False
1642,718,715,https://drive.google.com/file/d/1lMig2gGJkrFjRV1NDe5ytExMTcQoIii7/view,3,False
1643,719,717,https://drive.google.com/file/d/1O9Zp-L3K7ZXipR9CFPbHEoWdBAeK8FHT/view,1,True
1644,719,717,https://drive.google.com/file/d/1NIaWNUh_77lARzLiDJjn0HIchFJtrxyt/view,2,False
1645,719,717,https://drive.google.com/file/d/1AR_8MSs9tdYqj5p6fdgHpXsYsyk3BUac/view,3,False
1646,720,718,https://drive.google.com/file/d/1QjY8nsYsdZNN_eYvgP-WEwimbDmpJ7ZE/view,1,True
1647,720,718,https://drive.google.com/file/d/1gqhPmEQ6Ddxh98c1_R2_Rvo3JVaiVTQb/view,2,False
1648,720,718,https://drive.google.com/file/d/1tKSzlckutlaCHgjKnJfdQY_vtICFqpw1/view,3,False
1649,721,8321,https://drive.google.com/file/d/1OL6nK_oAjWeRwrNpk573PE_0UYwoLd_5/view,1,True
1650,721,8321,https://drive.google.com/file/d/1WSl_8kvoYLi9JIp821XTVEbmLGgT5abM/view,2,False
1651,721,8321,https://drive.google.com/file/d/1abWR2usdLS_lnuslGPQw243gZdWrBlUf/view,3,False
1652,724,3134,https://drive.google.com/file/d/1VtR4tIyJyJQ811f_VsRA7p3Vex8Sy2iM/view,1,True
1653,725,3132,https://drive.google.com/file/d/1im6OOwNprXlZjj1lnzi4hJGNb2MVdZ2U/view,1,True
1654,726,3133,https://drive.google.com/file/d/18mywEetLmTA_JUcMLPecse6cPWxp5Lz6/view,1,True
1655,727,3135,https://drive.google.com/file/d/1UCsaEgXm6fpPSOgss4kWcOSihzqOyIiW/view,1,True
1656,728,25611,https://drive.google.com/file/d/1eOpLAgRhcDkQ-V8-UEJ2ltubumCKGQk9/view,1,True
1657,728,25611,https://drive.google.com/file/d/1fT1PMDqInrTkd-4O8o8Q8mo3GGz4z1A0/view,2,False
1658,728,25611,https://drive.google.com/file/d/1357bav6NUgDTxrBmqnUpVerTWFmLOumb/view,3,False
1659,728,25611,https://drive.google.com/file/d/1uSQIcymMb5mdZiHM6yIr-wpRRgURLTue/view,4,False
1660,728,25611,https://drive.google.com/file/d/1yEHfJ70AqrVTW9ahyW-EXyMl5w9Zbko3/view,5,False
1661,728,25611,https://drive.google.com/file/d/1J1OvFYm-U6hdUiDLmdNE315LaMviQZOd/view,6,False
1662,729,25596,https://drive.google.com/file/d/12bqeC4nWyB9xAh55EhhhWyhaHSANHkCV/view,1,True
1663,729,25596,https://drive.google.com/file/d/1Qd2yp2NvDIOcRVNIWTqifrE6WwzR7a49/view,2,False
1664,729,25596,https://drive.google.com/file/d/19DTqiia4i8jLxuwJB925NLAyyZcDBqbG/view,3,False
1665,730,25464,https://drive.google.com/file/d/1kLA2PC0C4V8gxF4S9amMFQFnPPDRARhi/view,1,True
1666,730,25464,https://drive.google.com/file/d/1wC7SU0eB8i06mjddU1izYKcfvheg3bN2/view,2,False
1667,730,25464,https://drive.google.com/file/d/1nP6k3zdkMcIMk4rV3Xu9mrOyDmZPbubp/view,3,False
1668,731,25387,https://drive.google.com/file/d/1Uj4FUhjSJ9D0x7mN7QE9PO9CvGrrKyC5/view,1,True
1669,731,25387,https://drive.google.com/file/d/1AiUycqSg_VciUTISythLhNuup0TYzzvn/view,2,False
1670,731,25387,https://drive.google.com/file/d/1X0sP0FjNXzRuIACsCYA7XRh879EOWQZO/view,3,False
1671,732,25369,https://drive.google.com/file/d/1GmS12v0ueySk0y_RC6e4aQUxtg-jtX_j/view,1,True
1672,732,25369,https://drive.google.com/file/d/1Oe8xfZBX4ij2MNWtS0KJutjtAydbX2Vp/view,2,False
1673,732,25369,https://drive.google.com/file/d/1MQaKAtQZ4H0HghsXpO5uFhDM1K6tOpjY/view,3,False
1674,732,25369,https://drive.google.com/file/d/1FhTfrnQTuaJ8VVoEOoayoPaSFIp8KZwF/view,4,False
1675,733,25368,https://drive.google.com/file/d/1YApVDit2jPfipzKgEbMOFYkkM4UDJDLH/view,1,True
1676,733,25368,https://drive.google.com/file/d/1WJfxe4Wm9AwSV6fVLNMoE6QQZeJPmeEF/view,2,False
1677,733,25368,https://drive.google.com/file/d/1HVWf40o9m8QVe7XUx2zhBp-JqIxFj6_F/view,3,False
1678,734,25966,https://drive.google.com/file/d/1g5daWwBQ8rCvigTunEi8UUZoe-GCLNUa/view,1,True
1679,734,25966,https://drive.google.com/file/d/1D2GSbhOrUZml7IzQ0pykAEgXEqp4RDDj/view,2,False
1680,734,25966,https://drive.google.com/file/d/1A3xUiODbNv-iWDsxgtXJkeOBmOb3ngr5/view,3,False
1681,734,25966,https://drive.google.com/file/d/1Si7eYt3AvG_e-nIduKVPsvfHwcYlaNLJ/view,4,False
1682,734,25966,https://drive.google.com/file/d/1imkgz8hRqkLBBYlRMBrhIPVKMX-fXV3w/view,5,False
1683,734,25966,https://drive.google.com/file/d/1fXSs8f530IfYqrdla8btzSVtcjR_KGcw/view,6,False
1684,735,26035,https://drive.google.com/file/d/1c2Xlj5-OYlW3bLj6nY5yA_jIUHruTe8t/view,1,True
1685,735,26035,https://drive.google.com/file/d/1f9AZGBOfogRcIeJzvV4MWa6hnunhTJ6K/view,2,False
1686,735,26035,https://drive.google.com/file/d/1k-p_Oi0bxZkomj7BgVgaI6A_DhDvkpTT/view,3,False
1687,735,26035,https://drive.google.com/file/d/1H9E9-MaxhEf05H6U8X-GQd8AcqFCoRGn/view,4,False
1688,735,26035,https://drive.google.com/file/d/1IXWaM_pvSfrt4DXjsl0qYD17-Pq4DHzN/view,5,False
1689,735,26035,https://drive.google.com/file/d/14uTwbw73RxSnCLTfgrOR3th9-1iGmpWv/view,6,False
1690,736,26279,https://drive.google.com/file/d/1ebwNuTP2oj2nnZBpNK8vzLtW_WrKtczv/view,1,True
1691,736,26279,https://drive.google.com/file/d/1Bhm7ZliiRORyHguGyD2Ppzj2I6XWh2_C/view,2,False
1692,736,26279,https://drive.google.com/file/d/1-EniYL4R-PHDgEVyundTEcyRmi-pgBT4/view,3,False
1693,736,26279,https://drive.google.com/file/d/11vI6-uSUigVQvLmcndMTxXRbdO7w3sS8/view,4,False
1694,736,26279,https://drive.google.com/file/d/1InlpxOlFbmF5AqLkMevxtB5NArNgDv8J/view,5,False
1695,736,26279,https://drive.google.com/file/d/1ASi15r0bFOroxPQU_7j0t5u6KkvZjsvp/view,6,False
1696,737,26042,https://drive.google.com/file/d/11Sd4XJCrd51JJyagwey8dkiF2isDpj66/view,1,True
1697,737,26042,https://drive.google.com/file/d/1WWksaP7uviC7sGmmLcR_9FfBvc1h0hpU/view,2,False
1698,737,26042,https://drive.google.com/file/d/145b7zE3bIMi4RMIKbgkLzIVLwlBs3nMQ/view,3,False
1699,738,25661,https://drive.google.com/file/d/1jkINRtYfkKOO5PsH4zC3iOi69rEOfNCh/view,1,True
1700,738,25661,https://drive.google.com/file/d/1cPTU_sHgebCvp1LwVZbNAbOC__raebmN/view,2,False
1701,738,25661,https://drive.google.com/file/d/1mMqyNJ8B0JyvARplgrMgBBgp6_R0ENj4/view,3,False
1702,738,25661,https://drive.google.com/file/d/1GATNCgIFlmCff6vN6iqtuKVuWFLkHq--/view,4,False
1703,738,25661,https://drive.google.com/file/d/1sznuE5gHbNRUXXS2-1vFabpO_Zh4NAC7/view,5,False
1704,738,25661,https://drive.google.com/file/d/1GG3g8mJAeispfKdXpbeldAOks4mHX8lX/view,6,False
1705,739,26549,https://drive.google.com/file/d/1ljjB8wQM6d2-KA1F7RYG7Fxsgt7d1Dj6/view,1,True
1706,739,26549,https://drive.google.com/file/d/10GBgK1g-xSLGiqrayaKZu05esCmjRVcA/view,2,False
1707,739,26549,https://drive.google.com/file/d/1IErokEZ-hwaJmL99sBZT4I_O14KHEvQ_/view,3,False
1708,739,26549,https://drive.google.com/file/d/1UkUHetP3N2-D_cLhCy11gnIWtVkemX-u/view,4,False
1709,740,26327,https://drive.google.com/file/d/1tXNzqr5KmW8t_oiGar5SXaX8m9iPEIiT/view,1,True
1710,740,26327,https://drive.google.com/file/d/1mWD14PDhO2ZJbfNjy-BAmJDsLLolOpmA/view,2,False
1711,741,26507,https://drive.google.com/file/d/1-oa6b_HR-V-bVbxoI2GJWdkQuZkpq5Lm/view,1,True
1712,741,26507,https://drive.google.com/file/d/16ik-8BZfdTfaI8uzUiTgLhwZmbRCoTDk/view,2,False
1713,741,26507,https://drive.google.com/file/d/1SqDyH0uZ88T4Jf1OO-SGyXDV6FYJSH-I/view,3,False
1714,741,26507,https://drive.google.com/file/d/13zwFZJUZGe-idyhK9f-lT4aOs4nlgBNJ/view,4,False
1715,742,26323,https://drive.google.com/file/d/1j_klEAEViuBU0d-2uOzuF3Fnw9Gw6sX_/view,1,True
1716,742,26323,https://drive.google.com/file/d/13aMxgBNskBhH-RpTVKYJqzGwG6ZaQUuD/view,2,False
1717,742,26323,https://drive.google.com/file/d/1TDwcjEAcFyaSA8IzRWjDP3-YpEocYJ8e/view,3,False
1718,742,26323,https://drive.google.com/file/d/16hdleC32MXIPT6I-2J1nzau4EcXcVej3/view,4,False
1719,743,8299,https://drive.google.com/file/d/1UCsaEgXm6fpPSOgss4kWcOSihzqOyIiW/view,1,True
1720,744,6257,https://drive.google.com/file/d/1lJtlKs6IKdkySk-cIEVzlvFruld9zoqQ/view,1,True
1721,744,6257,https://drive.google.com/file/d/1EWJ5fYU6B5hWZq6k1lKj84hWwDmji23p/view,2,False
1722,744,6257,https://drive.google.com/file/d/12bytsbcLEufMODcVJq33C53-1tQMJl1f/view,3,False
1723,744,6257,https://drive.google.com/file/d/1jSEh3waE0sMM2Ujdx6Bhvb4_CseK6p9_/view,4,False
1724,744,6257,https://drive.google.com/file/d/1wF2_b-NT89H4VJMY7x-Y3WjkQGLJOyxX/view,5,False
1725,744,6257,https://drive.google.com/file/d/1icMX8CYvMI3pLDJoAAMB62t_54xPq5ny/view,6,False
1726,745,6258,https://drive.google.com/file/d/1CimYxuFD5Z2mXl-Y5JDqbw7LFd0XxLpq/view,1,True
1727,745,6258,https://drive.google.com/file/d/1nzKxZs75OhSy7m-UA1f2ptqqcqzzvRoy/view,2,False
1728,745,6258,https://drive.google.com/file/d/1B06VPsuO7di1-K8fkAFPpKBIeTD7xpVK/view,3,False
1729,745,6258,https://drive.google.com/file/d/1uu9aDGXanaPqklI6OfE1xrt7iALeFBmU/view,4,False
1730,745,6258,https://drive.google.com/file/d/1mwX3XeW0R-d4uDqJ93kQTSZZJqsTP6ap/view,5,False
1731,745,6258,https://drive.google.com/file/d/1DNbEaB4U9dWNxcE-qfHW85ksaL2VJsw0/view,6,False
1732,746,6259,https://drive.google.com/file/d/1II2XknDZ4BTPCLEG4jxWLYXDWWc6owcO/view,1,True
1733,746,6259,https://drive.google.com/file/d/1Uybt6Qggo7PuvYz1SBSdGEQfkn_ZvwTt/view,2,False
1734,746,6259,https://drive.google.com/file/d/1eGzG2Td9CLBOuS43ZUxllcghGwhSR6fz/view,3,False
1735,746,6259,https://drive.google.com/file/d/1qlPHauUE8JG65tobuy-Aqeoh8pU1ik4k/view,4,False
1736,746,6259,https://drive.google.com/file/d/1S9IKpoTqyk5r-uDJXuacoL8I1UMyRuW4/view,5,False
1737,746,6259,https://drive.google.com/file/d/1MOIhlbyahQK5IIXA9TCFoyuk3AxBNi3f/view,6,False
1738,747,6260,https://drive.google.com/file/d/1JSLyjr51hiNZCpN1CKK3lqivV_vXi0xp/view,1,True
1739,747,6260,https://drive.google.com/file/d/1owBhNjQumhqh4N8ZdRxZ_q06YyFG8HL6/view,2,False
1740,747,6260,https://drive.google.com/file/d/1J3TbZVCBx6ffOCXErH25EW9q1DgcLjHz/view,3,False
1741,747,6260,https://drive.google.com/file/d/1A8iJeQt3NQVW9ZPpFLHH7XZhV-hNQTI_/view,4,False
1742,747,6260,https://drive.google.com/file/d/1-gcJ-B6TiwRESkpOAqlWdXKvBit3xvmi/view,5,False
1743,747,6260,https://drive.google.com/file/d/1i4VNOvqHdyqOv3oBQyP8vIwmkIZNz3eE/view,6,False
1744,748,6261,https://drive.google.com/file/d/1jLJAcs3YgxVp65Gd0RcoRtNKCcAD3yV3/view,1,True
1745,748,6261,https://drive.google.com/file/d/1PiZwzMvZByqM2RndODAeFZ_cEaPrX81R/view,2,False
1746,748,6261,https://drive.google.com/file/d/1H8Teps5JwJJCBS0_CsDNv2KyJDdjdBZ-/view,3,False
1747,748,6261,https://drive.google.com/file/d/1JIA5aabbRpLq-KYFNGYdX-btxDnaZNc1/view,4,False
1748,748,6261,https://drive.google.com/file/d/1VlWbYDaaAYEM0nbVorSforUrCgO6hhbp/view,5,False
1749,748,6261,https://drive.google.com/file/d/1bQ2iWVLiqDLXy_QhRbvKFlsh5hgTBLq6/view,6,False
1750,749,6263,https://drive.google.com/file/d/1sMm-Y8taQYvcdJmKiIu2ppGIqrVjsWmB/view,1,True
1751,749,6263,https://drive.google.com/file/d/11S3NUVgkaOiC2OqiLp5thpX5FoYOgBw8/view,2,False
1752,749,6263,https://drive.google.com/file/d/1QzhCtJ8-qdq7iv0eki7bYd15w2iQbeQt/view,3,False
1753,749,6263,https://drive.google.com/file/d/1F3oNuq4qnccnig6Fi3BN8vQtAyDB5BZ8/view,4,False
1754,749,6263,https://drive.google.com/file/d/1GBUxFV9dLBLUFyIEeQNHs27a7ffa2R0w/view,5,False
1755,749,6263,https://drive.google.com/file/d/1zztFreyZrd5GXb6As56eUrB7W6FjKVH_/view,6,False
1756,750,605,https://drive.google.com/file/d/15kaZyYEZvjr-BHPPHMt9I4Smojivy416/view,1,True
1757,750,605,https://drive.google.com/file/d/1V84TKeHJd9J0dXxRcVsZlVZuLbBPvDP0/view,2,False
1758,750,605,https://drive.google.com/file/d/1drjPQ5IuAx_7r6Yfb7USt2zL5qHQgLCt/view,3,False
1759,750,605,https://drive.google.com/file/d/10LMU4qP_rIFwlzmU5wizwmQfEfrC1ILN/view,4,False
1760,751,608,https://drive.google.com/file/d/1FzVJt1LdS04dXWSEs2Xf9vsqQYQjYoGS/view,1,True
1761,751,608,https://drive.google.com/file/d/1QP91pKMJgEzOcOhsHC8NdtviOg7BBx_E/view,2,False
1762,751,608,https://drive.google.com/file/d/1Zy_MiMDqsl4Wlm4m_R-7dGuz5ws4LzwO/view,3,False
1763,752,632,https://drive.google.com/file/d/12Ah95xCOxdDhbJC7iZ6EuwvG-VyzoadZ/view,1,True
1764,752,632,https://drive.google.com/file/d/1D6pvT0L3yiZ6MB_ksS9FeaVmSQxJ8Me9/view,2,False
1765,752,632,https://drive.google.com/file/d/1BBBH9ZzJpFT1pC7foG3u00_eF6LB_G5y/view,3,False
1766,752,632,https://drive.google.com/file/d/1HCZGa-nVXTfSqdD2_7w1teBG4reyoO0y/view,4,False
1767,753,579,https://drive.google.com/file/d/1Q6tS8RTdjiv1fOXko-DQqZwcBNP8PYiH/view,1,True
1768,753,579,https://drive.google.com/file/d/10iAuk5KwOVSfw_w6o6D4l11zrcsG03_S/view,2,False
1769,753,579,https://drive.google.com/file/d/1bpCo7t1mbT_46JLp8kjvLnJroIxWdQSn/view,3,False
1770,753,579,https://drive.google.com/file/d/1xzp8GV67CBdXNywgq6hQkyux08navenv/view,4,False
1771,754,606,https://drive.google.com/file/d/1TQPh2FK6VnWkEtCra2KFMOyXRDbgiEoY/view,1,True
1772,754,606,https://drive.google.com/file/d/1iHdc3qgkVvUwhDjec9PZ-x1IueNLrGXp/view,2,False
1773,754,606,https://drive.google.com/file/d/1F0FlvscKhDMFEJIcWWnJHS_5u1KXJd0D/view,3,False
1774,754,606,https://drive.google.com/file/d/1meaZFmFY6ZrhZcEd3KodarHTAuUfNHwR/view,4,False
1775,755,607,https://drive.google.com/file/d/1CUzjyt2vOVQiUepnW5anSfwzjrYgrNJx/view,1,True
1776,755,607,https://drive.google.com/file/d/1Z5wqICY850ojrtEDyknVN-kDa7P6dI5w/view,2,False
1777,755,607,https://drive.google.com/file/d/1WozwzDZ8GZBofLuIXFKVa2F7hAXm9SWo/view,3,False
1778,756,600,https://drive.google.com/file/d/1h64RZe137RE_nwphNPEaeHldAglgrRRE/view,1,True
1779,756,600,https://drive.google.com/file/d/1aH8wzWSVlMc6YtBrs33iM2M8kLKYvKQn/view,2,False
1780,756,600,https://drive.google.com/file/d/1IU5kpzl08WolyTaL2TNIRuHNr--i5OQK/view,3,False
1781,756,600,https://drive.google.com/file/d/1VsqphYoVrIP3ReqV7_9DNz-4XP-MKSLO/view,4,False
1782,757,581,https://drive.google.com/file/d/1D85RgzMlWqajKmjBdjro1npmknprEHM5/view,1,True
1783,757,581,https://drive.google.com/file/d/1KAKTgjRHZ7x4sTbnNPmYo3KTOIXzWnis/view,2,False
1784,757,581,https://drive.google.com/file/d/17gj60kuQUzy08-LOOxgleMqefh0NGsD9/view,3,False
1785,757,581,https://drive.google.com/file/d/1zwWw2e4r7CeBJhb0b1S2NbtacKgpNMRh/view,4,False
1786,758,8308,https://drive.google.com/file/d/1dXzKh-GcDi8k9nuYNv23frHYRAD094Ez/view,1,True
1787,758,8308,https://drive.google.com/file/d/1RMaz6nYq1mCfhgG1jWkOanF-ux9E5TEG/view,2,False
1788,758,8308,https://drive.google.com/file/d/1vv7gci-kpmC6usLDZVMP80vmwqB5Sx-H/view,3,False
1789,758,8308,https://drive.google.com/file/d/1AhRZhktEcHdrS5DHiOHM8-kTH1xRtwem/view,4,False
1790,759,583,https://drive.google.com/file/d/1IYBZTD-nO4o85l9cs-2kb6YDaPWLtxAT/view,1,True
1791,759,583,https://drive.google.com/file/d/1XHArmcDAcvBG0dSiE_ynldHyREnUnsj8/view,2,False
1792,759,583,https://drive.google.com/file/d/1UOcrWWzA3wY2oBbrsmi3Lp9jQ5TfxWoS/view,3,False
1793,759,583,https://drive.google.com/file/d/1Ort-Se3cgZ0G4OoIFBx8kFT1AOEkAHVO/view,4,False
1794,760,623,https://drive.google.com/file/d/1sRNzEsDhuG2SNC8M3770ZE52cNrngQSa/view,1,True
1795,760,623,https://drive.google.com/file/d/1aCPh9j0gqoOUbWaibaO6-83dUw7k3en1/view,2,False
1796,760,623,https://drive.google.com/file/d/1XbLBwEP8EPi_2obMFjViaaGWZbJj2i2H/view,3,False
1797,760,623,https://drive.google.com/file/d/1Hr_iLpbFA4ZO_IXJdd4yDD9a4z4BvKuO/view,4,False
1798,761,584,https://drive.google.com/file/d/11C3OXXk_hdvm9KZIR61Z-tqopKJENwqf/view,1,True
1799,761,584,https://drive.google.com/file/d/10HQ0HQmHhD6_r2Pn9c23e1yqmFUijiZe/view,2,False
1800,761,584,https://drive.google.com/file/d/1UZ3GC7bqcENKNktcnO5K0VZsY0WJJhgB/view,3,False
1801,761,584,https://drive.google.com/file/d/1CATUlQl1_eCu6xGNyweZMD8a32ZIoVMJ/view,4,False
1802,762,626,https://drive.google.com/file/d/1LhndmQE97Ub9CV0nItwnQGYEN0oDWV3O/view,1,True
1803,762,626,https://drive.google.com/file/d/1S3V6q4gnIfQrbGR0UUFcWxIwWCw_d9BT/view,2,False
1804,762,626,https://drive.google.com/file/d/1eppf7yTAM8Ls9huVvbEN2wuzs1YUDXox/view,3,False
1805,762,626,https://drive.google.com/file/d/16LnOdqpawPe0W7WGJyY9xEBUOB3Tqtjj/view,4,False
1806,763,1241,https://acdn-us.mitiendanube.com/stores/324/065/products/20250110_me_booster_mini76875-copy2-f0e691c35ebd6f61fe17577034267475-640-0.webp,1,True
1807,764,4119,https://acdn-us.mitiendanube.com/stores/324/065/products/vfdrbv-f00bd67de7267bcff117810378947924-640-0.webp,1,True
1808,765,1251,https://acdn-us.mitiendanube.com/stores/324/065/products/medicube-collagen-glow-booster-serum-62fc2a70ce29f0cf2f17575371315980-640-0.webp,1,True
1809,766,1254,https://acdn-us.mitiendanube.com/stores/324/065/products/medicube-collagen-jelly-cream-24c8d6754e8bec386617575368873121-640-0.webp,1,True
1810,767,1643,https://acdn-us.mitiendanube.com/stores/324/065/products/medicube-deep-lifting-peptide-eye-cream-3e6f940559a3d6c0fa17574462549209-640-0.webp,1,True
1811,768,1823,https://drive.google.com/file/d/1TtbN8MuM1pXHyjehnSWc_VWIgrQU8Nq0/view?usp=drivesdk,1,True
1812,769,1806,https://acdn-us.mitiendanube.com/stores/324/065/products/medicube-deep-vita-a-retinol-serum-7fbac6375e9643396b17574501864193-640-0.webp,1,True
1813,770,8521,https://acdn-us.mitiendanube.com/stores/324/065/products/8144-4-0880aa5c4c6f9a72bd17873261302817-640-0.webp,1,True
1814,771,1177,https://drive.google.com/file/d/1_RXPh_xzLh-zt6IEEBAQkW5BxKtH0ISy/view,1,True
1815,771,1177,https://drive.google.com/file/d/1HNTZZErTe5regHYusN5lZAmzqtj-Pb3A/view,2,False
1816,771,1177,https://drive.google.com/file/d/1bYAn2ujDnKudlWXTuV4qrrDR9aIEpUmj/view,3,False
1817,772,1238,https://drive.google.com/file/d/1UCE9EC820xhnwIygoKUutq6mXv9yuvA6/viewhttps://drive.google.com/file/d/1gGbBbXEID1OOpuRbB-J2P7nxDYt1F4g-/viewhttps://drive.google.com/file/d/1LVgHmsCaaLvBWptsqWNd6vLtzQOEfUPf/viewhttps://drive.google.com/file/d/1e_u97kqTZ2tczaeJMz1A4gGHwdkPX-Dc/viewhttps://drive.google.com/file/d/1X2nSkHblhwYNPx9UglKaj_BeGwF3qK8X/viewhttps://drive.google.com/file/d/1EE-vVgkpJE7WV5GHosd7pCllwWbRLZ7o/view,1,True
1818,773,1944,https://acdn-us.mitiendanube.com/stores/324/065/products/medicube-jelly-brush-1-fc911f5a180220372b17577057248596-640-0.webp,1,True
1819,774,1030,https://drive.google.com/file/d/1woPh97g2fVshaoSx0QzCuixw3BNcIzOR/view,1,True
1820,774,1030,https://drive.google.com/file/d/1onQgH1rX-C20Oi5IL5Z4tRS5izigOCi3/view,2,False
1821,774,1030,https://drive.google.com/file/d/11WEZpznVPwT3sFuOmCKdlEg5Knxm00ex/view,3,False
1822,775,1033,https://drive.google.com/file/d/1e436mprM-ay6PI_Dy28evPCHT0KjdN9i/view,1,True
1823,775,1033,https://drive.google.com/file/d/1q64iik2q7bbW6hT1B-MQuxx95QaCOwu4/view,2,False
1824,775,1033,https://drive.google.com/file/d/1m8B3NHObGBjB6G87MOUv4q4UEBhJ7X-Y/view,3,False
1825,776,3382,https://acdn-us.mitiendanube.com/stores/324/065/products/medicube-one-day-exosome-shot-2000-602f0edf22770db28917574438447534-640-0.webp,1,True
1826,776,3382,https://drive.google.com/file/d/15jsc0JRLF3TxKltUsQ1r4RPneyEVm6RG/view?usp=drivesdk,2,False
1827,777,8294,https://regybeauty.com/wp-content/uploads/2026/07/MEDICUBE-PDRN-PINK-COLLAGEN-VOLUME-MULTI-BALM-STICK.webp,1,True
1828,778,8520,https://acdn-us.mitiendanube.com/stores/324/065/products/mesa-de-trabajo-4-d1c32b2ea83c83c4af17429213765337-640-0.webp,1,True
1829,779,8651,https://youngmi.mx/cdn/shop/files/MEDICUBE---PDRN-Pink-Caffeine-Collagen-Eye-Patch_800x.jpg?v=1779918752,1,True
1830,779,8651,https://youngmi.mx/cdn/shop/files/MEDICUBE-PDRNPinkCaffeineCollagenEyePatch5.png?v=1779914209,2,False
1831,780,1128,https://drive.google.com/file/d/1ew68_HljI65hVDvzp5PxHCy0g6Q6lsB6/view,1,True
1832,780,1128,https://drive.google.com/file/d/1kmmIyBGEMbssJ9JskC1ZF_gBiDV-WURd/view,2,False
1833,780,1128,https://drive.google.com/file/d/1wy4z27yrrMMjf518MqKN3uDPp1DnBRY-/view,3,False
1834,781,1127,https://acdn-us.mitiendanube.com/stores/324/065/products/8800289478772_1-b3a51646943620b44217739862882926-640-0.webp,1,True
1835,782,8293,https://acdn-us.mitiendanube.com/stores/324/065/products/medidas-skinko-web-2-4b9e4b7eb0d95097e717858510063851-640-0.webp,1,True
1836,782,8293,https://acdn-us.mitiendanube.com/stores/324/065/products/medidas-skinko-web-1-2e340ac104c03d608017858510155718-640-0.webp,2,False
1837,783,18798,https://acdn-us.mitiendanube.com/stores/324/065/products/pdrn-peptide-glossy-lip-balm-1-7501e8bc402bbaa3ef17659835381551-640-0.webp,1,True
1838,783,18798,https://acdn-us.mitiendanube.com/stores/324/065/products/pdrn-peptide-glossy-lip-balm-2-2f3de38ebe8ea5d73b17659835388768-640-0.webp,2,False
1839,783,18798,https://acdn-us.mitiendanube.com/stores/324/065/products/pdrn-peptide-glossy-lip-balm-4-cb2b6e0545903ae65617659835386517-640-0.webp,3,False
1840,783,18798,https://acdn-us.mitiendanube.com/stores/324/065/products/pdrn-peptide-glossy-lip-balm-3-ee0e4fd080ca7e3d9817659835387952-640-0.webp,4,False
1841,784,3413,https://drive.google.com/file/d/1KdSWArp1ecbhZ0Yw8VH1sjs3olEY8m3k/view?usp=drivesdk,1,True
1842,785,3414,https://acdn-us.mitiendanube.com/stores/324/065/products/medicube-pdrn-pink-collagen-exosome-shot-2000-67a06e9cac2bc3448d17576213897767-640-0.webp,1,True
1843,786,3415,https://drive.google.com/file/d/1El3XiZuV-224_KnoaZGMWiWBC-j_W2uP/view?usp=drivesdk,1,True
1844,787,3416,https://drive.google.com/file/d/1627xUmdjHowsGZNvKzv3qGLM7xDCdRZG/view?usp=drivesdk,1,True
1845,788,3384,https://acdn-us.mitiendanube.com/stores/324/065/products/medicube-pdrn-pink-cica-soothing-toner-81b18477a377c7692c17575375927474-640-0.webp,1,True
1846,789,18747,https://acdn-us.mitiendanube.com/stores/324/065/products/red-acne-body-wash-2-0-1-99882851b1e612b71d17659836504651-640-0.webp,1,True
1847,789,18747,https://acdn-us.mitiendanube.com/stores/324/065/products/red-acne-body-wash-2-0-2-86e9f40700ee8a382d17659836508739-640-0.webp,2,False
1848,789,18747,https://acdn-us.mitiendanube.com/stores/324/065/products/red-acne-body-wash-2-0-4-c6ebedd38e59bac51317659836505072-640-0.webp,3,False
1849,789,18747,https://acdn-us.mitiendanube.com/stores/324/065/products/red-acne-body-wash-2-0-3-e699fd256437bba01617659836509212-640-0.webp,4,False
1850,790,8522,https://acdn-us.mitiendanube.com/stores/324/065/products/8144-2-a01347c5149b8df63717873168813876-640-0.webp,1,True
1851,790,8522,https://acdn-us.mitiendanube.com/stores/324/065/products/8144-28cbf462f4915b869517873168815497-640-0.webp,2,False
1852,790,8522,https://acdn-us.mitiendanube.com/stores/324/065/products/8144-1-c200d4c30d1148303a17873168814516-640-0.webp,3,False
1853,791,3419,https://acdn-us.mitiendanube.com/stores/324/065/products/medicube-triple-collagen-cream-20c90d4184fe9c6e6317575362399193-640-0.webp,1,True
1854,791,3419,https://drive.google.com/file/d/1VtR4tIyJyJQ811f_VsRA7p3Vex8Sy2iM/view?usp=drivesdk,2,False
1855,792,3506,https://acdn-us.mitiendanube.com/stores/324/065/products/medicube-triple-collagen-serum-4e4a62d7d3279d67d917574505228868-640-0.webp,1,True
1856,793,18745,https://acdn-us.mitiendanube.com/stores/324/065/products/zero-foam-cleanser-1-e88a9c3e368de8501317659836936825-640-0.webp,1,True
1857,793,18745,https://acdn-us.mitiendanube.com/stores/324/065/products/zero-foam-cleanser-3-d667d3f38e2f25420d17659836937604-640-0.webp,2,False
1858,793,18745,https://acdn-us.mitiendanube.com/stores/324/065/products/zero-foam-cleanser-4-b254765eb737bdbf9517659836940071-640-0.webp,3,False
1859,793,18745,https://acdn-us.mitiendanube.com/stores/324/065/products/zero-foam-cleanser-2-ab02b54266559aa8aa17659836939376-640-0.webp,4,False
1860,794,18746,https://acdn-us.mitiendanube.com/stores/324/065/products/zero-pore-blackhead-deep-cleansing-oil-1-1bb1eab48a7593c5b517659836687017-640-0.webp,1,True
1861,794,18746,https://acdn-us.mitiendanube.com/stores/324/065/products/zero-pore-blackhead-deep-cleansing-oil-4-285f39112a3b88963717659836689558-640-0.webp,2,False
1862,794,18746,https://acdn-us.mitiendanube.com/stores/324/065/products/zero-pore-blackhead-deep-cleansing-oil-3-09f5e715004790137717659836690045-640-0.webp,3,False
1863,794,18746,https://acdn-us.mitiendanube.com/stores/324/065/products/zero-pore-blackhead-deep-cleansing-oil-2-f267b8ed4f70c1cae817659836699424-640-0.webp,4,False
1864,795,1198,https://acdn-us.mitiendanube.com/stores/324/065/products/medicube-zero-pore-pad-3628ce2cd0d8f8dfa417574451650854-640-0.webp,1,True
1865,798,18802,https://acdn-us.mitiendanube.com/stores/324/065/products/collagen-lifting-mask-1-3be89ab50db3f43d9217659834776482-640-0.webp,1,True
1866,804,2911,https://acdn-us.mitiendanube.com/stores/324/065/products/medicube-collagen-night-wrapping-mask-c874a1da9176521f0817575364311662-640-0.webp,1,True
1867,805,2764,https://acdn-us.mitiendanube.com/stores/324/065/products/medicube-pdrn-pink-collagen-gel-mask-fe4310d40e564f984c17576230369120-640-0.webp,1,True
1868,807,18796,https://acdn-us.mitiendanube.com/stores/324/065/products/pdrn-lip-sleeping-mask-1-06fb73546df3ab6c9217659835611540-640-0.webp,1,True
1869,807,18796,https://acdn-us.mitiendanube.com/stores/324/065/products/pdrn-lip-sleeping-mask-2-bbe371f4d58af547e217659835612880-640-0.webp,2,False
1870,807,18796,https://acdn-us.mitiendanube.com/stores/324/065/products/pdrn-lip-sleeping-mask-3-5f2f631dbf9169ca7e17659835616578-640-0.webp,3,False
1871,807,18796,https://acdn-us.mitiendanube.com/stores/324/065/products/pdrn-lip-sleeping-mask-4-d4cf14f87d44805aaa17659835610879-640-0.webp,4,False
1872,810,18800,https://acdn-us.mitiendanube.com/stores/324/065/products/pdrn-pink-vita-coating-mask-1-7b1bef16a2a6acbeed17659835088330-640-0.webp,1,True
1873,814,8295,https://acdn-us.mitiendanube.com/stores/324/065/products/cleanser-head-1-00e5695ab7a70d8f8f17866465853798-640-0.webp,1,True
1874,814,8295,https://acdn-us.mitiendanube.com/stores/324/065/products/cleanser-head-3-29d895c7ca99370c7a17866465852547-640-0.webp,2,False
1875,814,8295,https://acdn-us.mitiendanube.com/stores/324/065/products/cleanser-head-2-adcfb48efe5c40f2a617866465853816-640-0.webp,3,False
1876,815,1245,https://www.anikashop.com.ar/product_images/a/558/imagen1_medicube_age_r_booster_pro_mini_pink_imagen1__81065_zoom.jpg,1,True
1877,816,18324,https://acdn-us.mitiendanube.com/stores/324/065/products/medicube-age-r-booster-pro-0ece664e8b9d56d4df17577026906137-640-0.webp,1,True
1878,817,8296,https://medicube.us/cdn/shop/files/71gFGj1soOL._AC_SX679__1_79d0dc07-6923-47d3-9e47-64a521670953.jpg?v=1765875402&width=823,1,True
1879,818,8291,https://acdn-us.mitiendanube.com/stores/324/065/products/20250110_me_booster_mini76875-copy2-f0e691c35ebd6f61fe17577034267475-1024-1024.webp,1,True
1880,819,18573,https://acdn-us.mitiendanube.com/stores/324/065/products/age-pro-booster-pink-fef70b121ad786563a17577027537015-640-0.webp,1,True
1881,820,8652,https://http2.mlstatic.com/D_NQ_NP_2X_912002-MLA112071703875_052026-F.webp,1,True
1882,821,8523,https://miamitechnologyusa.com/wp-content/uploads/2026/07/pagina-345.png,1,True
1883,822,8292,https://acdn-us.mitiendanube.com/stores/324/065/products/medidas-skinko-web-3-ccb5a4d4e3f8bd777717873283534428-640-0.webp,1,True
1884,822,8292,https://acdn-us.mitiendanube.com/stores/324/065/products/medidas-skinko-web-4-e074a842913666ae1717873283536076-640-0.webp,2,False
1885,822,8292,https://acdn-us.mitiendanube.com/stores/324/065/products/medidas-skinko-web-5-0f6c3ec84debdebe7717873283535945-640-0.webp,3,False
1886,824,18794,https://acdn-us.mitiendanube.com/stores/324/065/products/pdrn-pink-tone-up-sun-cream-1-6ca9cea50375502d8d17659835813679-640-0.webp,1,True
1887,824,18794,https://acdn-us.mitiendanube.com/stores/324/065/products/pdrn-pink-tone-up-sun-cream-3-e934e5cbacf92eb6b217659835815254-640-0.webp,2,False
1888,824,18794,https://acdn-us.mitiendanube.com/stores/324/065/products/pdrn-pink-tone-up-sun-cream-4-e75e7076f72292992117659835815780-640-0.webp,3,False
1889,824,18794,https://acdn-us.mitiendanube.com/stores/324/065/products/pdrn-pink-tone-up-sun-cream-2-5345e816eb30bb2b7d17659835815006-640-0.webp,4,False
1890,825,18793,https://acdn-us.mitiendanube.com/stores/324/065/products/soyxidill-2in1-treatment-1-452054662e064c838d17659836220864-640-0.webp,1,True
1891,825,18793,https://acdn-us.mitiendanube.com/stores/324/065/products/soyxidill-2in1-treatment-2-6bbd369014a5e6ede417659836223958-640-0.webp,2,False
1892,825,18793,https://acdn-us.mitiendanube.com/stores/324/065/products/soyxidill-2in1-treatment-3-26b0a9e43f73b313e817659836222175-640-0.webp,3,False
1893,825,18793,https://acdn-us.mitiendanube.com/stores/324/065/products/soyxidill-2in1-treatment-4-7022a0b6d0a57c8dce17659836224292-640-0.webp,4,False
1894,826,18750,https://acdn-us.mitiendanube.com/stores/324/065/products/soyxidil-shampoo-1-8127734dcd685f9f6f17659836023748-640-0.webp,1,True
1895,826,18750,https://acdn-us.mitiendanube.com/stores/324/065/products/soyxidil-shampoo-3-eb8700c19db0809c0517659836022175-640-0.webp,2,False
1896,826,18750,https://acdn-us.mitiendanube.com/stores/324/065/products/soyxidil-shampoo-2-4da5f151dcd293662d17659836034964-640-0.webp,3,False
1897,826,18750,https://acdn-us.mitiendanube.com/stores/324/065/products/soyxidil-shampoo-4-bb183639b8b1249fee17659836036257-640-0.webp,4,False
1898,828,588,https://drive.google.com/file/d/1OhC0K6ZT3o6p0KHRbEfHOgzCAPL2CgVB/view,1,True
1899,828,588,https://drive.google.com/file/d/1JAHBLyrqPgOqwFeU5nq0Io9ZYXWVep89/view,2,False
1900,828,588,https://drive.google.com/file/d/15ct2tm6bL4eyJOvIOAmYt_a5_IDVWeEI/view,3,False
1901,828,588,https://drive.google.com/file/d/13sVcIubF3JBVvzIPkZqUOimvqmTK-WQ9/view,4,False
1902,828,588,https://drive.google.com/file/d/1yvod3SY8bFSR92h_MzQIZN6OdNFR8AOS/view,5,False
1903,828,588,https://drive.google.com/file/d/1hEKAshpNaiIYZtmXUka05ChuZWpR0gSe/view,6,False
1904,830,598,https://drive.google.com/file/d/1hMFijEFrfd2pJJ0GaFedpvnYmN8V2NS7/view,1,True
1905,830,598,https://drive.google.com/file/d/1yOyCaeSKa3YyX-lJzjmzlb9T7BIU_A8y/view,2,False
1906,830,598,https://drive.google.com/file/d/1eq9Xq0YZiwg0CXLIvLTziyDAZttkDht0/view,3,False
1907,830,598,https://drive.google.com/file/d/1XNEUe-iIka7Pccks0kGs7DhDFHIG5EvG/view,4,False
1908,830,598,https://drive.google.com/file/d/1NMDQ4CSeeQdEpsskuk0cFul9t4FqqEzs/view,5,False
1909,830,598,https://drive.google.com/file/d/1SV9PKMb37jdlAFH4R9bjY6wLSBoJEfwr/view,6,False
1910,832,602,https://drive.google.com/file/d/1MvrrGH8E9rfWKXDvMm5bQa11Ub7222ik/view,1,True
1911,832,602,https://drive.google.com/file/d/1JMjX4VHpNI5x-UoSHAt8a0XtdSdd1xA6/view,2,False
1912,832,602,https://drive.google.com/file/d/1geZhDg_l4LfByzObtCsRmKoGQfNtWEuS/view,3,False
1913,832,602,https://drive.google.com/file/d/1nGkN-oQvvQTd9MnX4Gtrad5EhTJao5PC/view,4,False
1914,832,602,https://drive.google.com/file/d/1VhygQT8niFRdE9Fg1nvtMReFA7Ek_uTp/view,5,False
1915,832,602,https://drive.google.com/file/d/1mwPuk7QR5Pyboaw6gMKMn-6z1jy1jJWl/view,6,False
1916,833,634,https://drive.google.com/file/d/15cklg3r3VO3BWKFx_cDvOYwbC7MggEud/view,1,True
1917,833,634,https://drive.google.com/file/d/1SLOep-rKIjTAaMwJ6G3xha-hs2sALg7N/view,2,False
1918,833,634,https://drive.google.com/file/d/1mhyYNpXopkefQ4VyrCUzS8ZR6XZwLqO5/view,3,False
1919,833,634,https://drive.google.com/file/d/1QFapS716a6H_M29juN9IfyLCaSyvTenG/view,4,False
1920,833,634,https://drive.google.com/file/d/1aIIfTGPfBmduJvCIzSmEdvKsAkwP1Vsc/view,5,False
1921,833,634,https://drive.google.com/file/d/1ozxBZFHt2Ux4v256ehTQnnLBcvLzUR24/view,6,False
1922,834,594,https://drive.google.com/file/d/1XMTAJkfKZ9ZA6n3LasxkgoJRG4_GeQ0x/view,1,True
1923,834,594,https://drive.google.com/file/d/1z9gZW8Jqgz_k1S03FTSm1u5VSB0M0_KS/view,2,False
1924,834,594,https://drive.google.com/file/d/1wQSEfPmotTTWprK43jdfBLptBkATIZbV/view,3,False
1925,834,594,https://drive.google.com/file/d/15wcfXcXOOny0Zsww9Aucl1T-4tCXX_GW/view,4,False
1926,834,594,https://drive.google.com/file/d/1E73SKximCGd3FHYHpA3MeuwkuH1XuhX-/view,5,False
1927,834,594,https://drive.google.com/file/d/1GBnBo5BaoIs5zLEgtUJpaxqCIS40kbuJ/view,6,False
1928,835,596,https://drive.google.com/file/d/1ySd0PdrpR69L3uCg5D2tZGK6MTncJYWk/view,1,True
1929,835,596,https://drive.google.com/file/d/1E80ySGJQ6lCO5NfOFzF-IlOuHgWV2su8/view,2,False
1930,835,596,https://drive.google.com/file/d/1rcnLWcwQXYKtu9h77rpMYoBtIbNIVuTa/view,3,False
1931,835,596,https://drive.google.com/file/d/1ybfLSIHebGwyDW1yZDdhVnLUIjeVNSkn/view,4,False
1932,835,596,https://drive.google.com/file/d/1veNrgz3iH5UrMQTUwGigUtq9a8dZZ7Ww/view,5,False
1933,835,596,https://drive.google.com/file/d/1Cs7AC0ugSmsTPY9m0y_iafXGwnj3iInw/view,6,False
1934,836,595,https://drive.google.com/file/d/1gL1OOLFxOemGbBVd2E7gHRKGgvTJU5l0/view,1,True
1935,836,595,https://drive.google.com/file/d/1EtNd8nSjWLJm4madvu25sPoMdrjD44eA/view,2,False
1936,836,595,https://drive.google.com/file/d/1JG5UvkzL4GNW30TLJDR0x3cl3esVXcqt/view,3,False
1937,836,595,https://drive.google.com/file/d/1KhlTN5aZMZt8zTQxpJh8PZ3VwdDJapmL/view,4,False
1938,836,595,https://drive.google.com/file/d/1ETRPkp2fj5WD3rphvJIGGDNsAOIM1B5z/view,5,False
1939,836,595,https://drive.google.com/file/d/1RGGH82xtmuTpUtLDxD_x1OWR-H6yAXKy/view,6,False
1940,837,597,https://drive.google.com/file/d/1gc73_HbH08yinPPED_bWqOZ1E5itwGkI/view,1,True
1941,837,597,https://drive.google.com/file/d/1IjzezWNAkHI6rLM6cutkLOkqyU0IM4ad/view,2,False
1942,837,597,https://drive.google.com/file/d/1vBb30ECnBe1-EfWThH_R88fiQyREv-Av/view,3,False
1943,837,597,https://drive.google.com/file/d/1oXZlUK7p1Tu6LWut-HtFpOUdnNerr7I6/view,4,False
1944,837,597,https://drive.google.com/file/d/1-6Tkji_sjYEvazk0zdFPtQPWbhZfTjfw/view,5,False
1945,837,597,https://drive.google.com/file/d/1rKFm-LsJQbL_7qU5nC6tWRtV_2O1njcT/view,6,False
1946,838,640,https://drive.google.com/file/d/1lpc3tGuKre5MK41Wve8lC37VhS1HtpU2/view,1,True
1947,838,640,https://drive.google.com/file/d/1yj5fUVzFQFie_M41DKpgSWB_XP_8ECOw/view,2,False
1948,838,640,https://drive.google.com/file/d/1-kdigo0KNQxpFa9wt16d8ebFPEnIU9P-/view,3,False
1949,838,640,https://drive.google.com/file/d/1DLlLGm6Vnmj4eOdbCMJpPRLQEfNwYybN/view,4,False
1950,838,640,https://drive.google.com/file/d/1ppa4D-fIaYGmVhk1ZDWbm2NadMqBjOKm/view,5,False
1951,838,640,https://drive.google.com/file/d/1mds1XoJsT6nSuyXvtc-HgHqBnBCKPOlJ/view,6,False
1952,840,593,https://drive.google.com/file/d/1BtiBV4VhN86VMMvxuq-z00v5OtMxFH9l/view,1,True
1953,840,593,https://drive.google.com/file/d/1_oIae1r2_Kc91_kySLFpkR09_sQ3ZlOI/view,2,False
1954,840,593,https://drive.google.com/file/d/1zRoqXWW_rAxc1XEG0w7ZSoTo0qnQD4Zv/view,3,False
1955,840,593,https://drive.google.com/file/d/1_SelptOjUXGSB0A1J-AaEfKany0rVgqn/view,4,False
1956,840,593,https://drive.google.com/file/d/1hPBFvhrH4ToFjHbvfmqEQtBq1fdrNmjX/view,5,False
1957,840,593,https://drive.google.com/file/d/1WsjaMtkJ3lWxoeJPPJL-_6UFGUI0D7oY/view,6,False
1958,841,601,https://drive.google.com/file/d/1IT2eAuOyD79ym3rdzFtzfCps9vOs9gy2/view,1,True
1959,841,601,https://drive.google.com/file/d/1gwuCPELUCIQTL-vK6ju-i_P_CO_xfzMT/view,2,False
1960,841,601,https://drive.google.com/file/d/1rucGOI2-bIgyXsnJgfUoeEzfjQzD7_Vs/view,3,False
1961,841,601,https://drive.google.com/file/d/1VhKyCQbueHMXtH8Hw1KROdSYzWqaQAUW/view,4,False
1962,841,601,https://drive.google.com/file/d/1T2ZNSKyXPlGJ1rmHUfsj0PF1_1rTVTYW/view,5,False
1963,841,601,https://drive.google.com/file/d/18FZMawPFlZisTsBzVLFA9CxYMeYB8fie/view,6,False
1964,842,642,https://drive.google.com/file/d/18T_BKnzx3Y7YsT8FiJxbsNNFFJvtfoBB/view,1,True
1965,842,642,https://drive.google.com/file/d/1huMrayyJT2MbCRb_LyljbYojKsd7slDQ/view,2,False
1966,842,642,https://drive.google.com/file/d/1xc4a0FKjv9Kr5kcwf2EWmB6-boPlNKVb/view,3,False
1967,842,642,https://drive.google.com/file/d/1UPj6wQa5EG5vQ-Z_vTgzYKgzg9gXnZUB/view,4,False
1968,842,642,https://drive.google.com/file/d/18vwjCJThu6gC_BIwrkBc4Cth3euV3uPm/view,5,False
1969,842,642,https://drive.google.com/file/d/1otXjKpWbsVidh76TltZ_KpvcSB1cF_Df/view,6,False
1970,843,662,https://drive.google.com/file/d/1P5R3e459BcDpLzQOvZlo55uJYYuZrOl-/view,1,True
1971,843,662,https://drive.google.com/file/d/1lgAyRM2mP67IeAuEv4C3PqAtKnNSfgjc/view,2,False
1972,843,662,https://drive.google.com/file/d/1-WybVeAmJ6k5qkqR_p5VHteIJOIRMDME/view,3,False
1973,843,662,https://drive.google.com/file/d/1KAsoV2BZDmEJwpO5G4Hk4arkWDgtOK7B/view,4,False
1974,843,662,https://drive.google.com/file/d/1aVtcr1neinAMZ6aE80NR5lSB9v1Ebc_e/view,5,False
1975,843,662,https://drive.google.com/file/d/1X2853MVr_zjyqb0ULaSFwJGYhqO35YvH/view,6,False
1976,844,810,https://drive.google.com/file/d/1j3y1-7meMGHes-3x7UkkdSOemsI_uGPn/view,1,True
1977,844,810,https://drive.google.com/file/d/1AxUVpUeGwNu8gM_PMf9xy-5a3tqxloHs/view,2,False
1978,844,810,https://drive.google.com/file/d/1wvnLF-4hiRiivj1aJdUeQMYwLsBDa1B9/view,3,False
1979,844,810,https://drive.google.com/file/d/1WxgE72THsrO_ALuezr6Zl3d-0vTy4pdL/view,4,False
1980,844,810,https://drive.google.com/file/d/1aVRCeB0yZUqhvJuIbRTsV7UPQ8osemDB/view,5,False
1981,844,810,https://drive.google.com/file/d/1btE-4QutQtG5Jed88V1Gwx8h6CYuNO0H/view,6,False
1982,845,658,https://drive.google.com/file/d/1BDfdvBbbHMa2vuIx-UGzCbEv6SpUBbln/view,1,True
1983,845,658,https://drive.google.com/file/d/11veh-zfLQvuoe4B6ap7-8uNEawL-TP8B/view,2,False
1984,845,658,https://drive.google.com/file/d/1RSRQQyW7JyF_iiGdW7IWTaTiFHGZYcUR/view,3,False
1985,845,658,https://drive.google.com/file/d/17kip1VdTjCWo-8P2KLFMyh8yNPtf_MzB/view,4,False
1986,845,658,https://drive.google.com/file/d/1DhlBMXbmzb2kL2ld0Zb5DiaCBNuuO2Wj/view,5,False
1987,845,658,https://drive.google.com/file/d/1C4U4Dnn1nlZ08wtLrPm4zI23niEio6mT/view,6,False
1988,847,643,https://drive.google.com/file/d/1UQuO_0ArtCQPRHCnbJOAADV8wt8ZuqJL/view,1,True
1989,847,643,https://drive.google.com/file/d/1fgNGMFMlQLfcrJzwp447dX5hp0kexpp3/view,2,False
1990,847,643,https://drive.google.com/file/d/1iODaV_cHf-ZwZiHHQ3UpwOiz71YMr6u0/view,3,False
1991,847,643,https://drive.google.com/file/d/1QUQs9k9gNYhy_YbuZyTcYogEjob4ruFx/view,4,False
1992,847,643,https://drive.google.com/file/d/1NREnuV4_ZdGrQMTqAuMyyx9lax2qqGrz/view,5,False
1993,847,643,https://drive.google.com/file/d/1sN1g83dlnsQHtRUUiQvTqVhs8OKSb0jG/view,6,False
1994,848,657,https://drive.google.com/file/d/1EViqqtI7NE_9hyFMvV8cuPtYm3rin3Ah/view,1,True
1995,848,657,https://drive.google.com/file/d/1IovfCw4sPW6yTlCsS8AJYL-BDbtHie_2/view,2,False
1996,848,657,https://drive.google.com/file/d/1JRunhd-jkGHyfkFKXjvhGQ2lsTi0d4UP/view,3,False
1997,848,657,https://drive.google.com/file/d/18YTRczehAzvxBE_g17o_U5ohuVkbng_Z/view,4,False
1998,848,657,https://drive.google.com/file/d/1sO32PP4qQLNhml7ODO2BqCJh80dTMFLj/view,5,False
1999,848,657,https://drive.google.com/file/d/1OMiMhwbd60VEIc6JjBBIWog7bbwUhru0/view,6,False
2000,849,644,https://drive.google.com/file/d/1SA0sMhAV6WXNSu5h1W94xL36nkDVXnR5/view,1,True
2001,849,644,https://drive.google.com/file/d/1CKTw5lJ6VXIsT6BBOkPJ0EVUF70PA9FG/view,2,False
2002,849,644,https://drive.google.com/file/d/1LbMcl9H8NpwsoU_nHJN7SvguTSbPkcpY/view,3,False
2003,849,644,https://drive.google.com/file/d/1NK_h6eUBd7jNhKCEA72XWgF7tXrsIEiO/view,4,False
2004,849,644,https://drive.google.com/file/d/1bqnlBdsdC5QNU4H3RxT6xIL9mE4hSMp5/view,5,False
2005,849,644,https://drive.google.com/file/d/1S1k5iwy_94Nd0U-VEhQZB6QrXc0IRhZq/view,6,False
2006,850,663,https://drive.google.com/file/d/16RpbZzYFgl6EWzyoHOLYx72RBIJs9LBp/view,1,True
2007,850,663,https://drive.google.com/file/d/10Pu2cko-DVzjKXAT84cwYV-c5mYhpaKd/view,2,False
2008,850,663,https://drive.google.com/file/d/1kBY-Y-c6V3_ZTJDrJh87OSyXguzBMR3G/view,3,False
2009,850,663,https://drive.google.com/file/d/1kY1KPU8YAl6ADroFH8rkELWZzoJEDFSy/view,4,False
2010,850,663,https://drive.google.com/file/d/1M8uRDYBdEJsBXJRyDQfAoJgke-COohvC/view,5,False
2011,850,663,https://drive.google.com/file/d/1B115vhlLxhBg--AKUGRZpo1YOzX97vR6/view,6,False
2012,852,6264,https://drive.google.com/file/d/1UT0Fhfx4m-BZi_Sp3AC95MBdx3-BqOiK/view,1,True
2013,852,6264,https://drive.google.com/file/d/1yXnlErPKsVWiw_16fkLEm9qsRAwSEeA5/view,2,False
2014,852,6264,https://drive.google.com/file/d/1g0wz7BlKawYgRC7ILReTQXbvSrWxEcZ8/view,3,False
2015,852,6264,https://drive.google.com/file/d/1gITLhT6uKj_MYSlf-V5CHOl5tS30zlmq/view,4,False
2016,852,6264,https://drive.google.com/file/d/14u-GOWWIdTdVJD57na8I3y3UbLT97eaI/view,5,False
2017,852,6264,https://drive.google.com/file/d/1GOk90SxrMl-TNA0stgl_2H1JUBRa8_9W/view,6,False
2018,853,6262,https://drive.google.com/file/d/1M3kaYl-A4qtAofVZrXimcdZCsa_ynpc_/view,1,True
2019,853,6262,https://drive.google.com/file/d/1A5tbFJZM6QSJWsJyrNnKz213MRhvzut8/view,2,False
2020,853,6262,https://drive.google.com/file/d/17xOV7DyblFabeqzMXbm3B2oETzSu1l7B/view,3,False
2021,853,6262,https://drive.google.com/file/d/1df3mNoy8hMwymloB8OPZD_lklkDzZUuq/view,4,False
2022,853,6262,https://drive.google.com/file/d/1Ryg6XX1uPzHEzvdeYeUiQJaDP66RJQBb/view,5,False
2023,853,6262,https://drive.google.com/file/d/16YPUDPJYZ_jHmvMLIfpASpmWQyg9TIHm/view,6,False
2024,854,6265,https://drive.google.com/file/d/115-GS5upbiLm-SPW9I6IbvGcWwJ3DHx5/view,1,True
2025,854,6265,https://drive.google.com/file/d/1_k4AeX9E-XqhFR1PRmz7uXOAzpdgL2GZ/view,2,False
2026,854,6265,https://drive.google.com/file/d/1BNY6KzanjInRRbsjg4hYbuMlg8zq1DZ3/view,3,False
2027,854,6265,https://drive.google.com/file/d/1IRw5sdOe2k_E17vKiKcdJZqFk6JFvPmu/view,4,False
2028,854,6265,https://drive.google.com/file/d/1e8ZLv1ZNSALnlKZytI07UaL1QEeFqiba/view,5,False
2029,854,6265,https://drive.google.com/file/d/1As8NhF1wNHY6qVYXpcZlZ9K2lmW8olBN/view,6,False
2030,855,6266,https://drive.google.com/file/d/1DE7YY3Mv2DseNGspi-SLFZkAidLLzSfJ/view,1,True
2031,855,6266,https://drive.google.com/file/d/1gH0BnvoHm7Jh5LA7KI7Z53j6o85P5dkw/view,2,False
2032,855,6266,https://drive.google.com/file/d/1P0YUwYnduzPZSrYCw4r1Uz5PgpW21kJj/view,3,False
2033,855,6266,https://drive.google.com/file/d/1ePavOnYVlRl1fkvrjRXtxG-7SF8F5i2B/view,4,False
2034,855,6266,https://drive.google.com/file/d/1ZUK2HHCVaWJ3325sYmrB0fDm3heqgcwB/view,5,False
2035,855,6266,https://drive.google.com/file/d/1muCrcyqTSqvf5Mm7KCP4TeTkdBCmR5Oe/view,6,False
2036,856,6267,https://drive.google.com/file/d/1-_XHIRR7aTmfh5hoSSS0_qyRXWTOA4ZF/view,1,True
2037,856,6267,https://drive.google.com/file/d/18h6s6i98ImQqYvuvvhdwrFMeAN4-KLKl/view,2,False
2038,856,6267,https://drive.google.com/file/d/1E_d-zcLjgA5KGe4_W6ba6AaHlZSAcHKe/view,3,False
2039,856,6267,https://drive.google.com/file/d/1bXeUmZQH2Cn-vRk7IF3gwwhk0jH7hyXr/view,4,False
2040,856,6267,https://drive.google.com/file/d/10FjxgtZ6ZPFLFezuRxWuaL9oubmnKhHo/view,5,False
2041,856,6267,https://drive.google.com/file/d/16RTwJxRHOe-z7T_z_KJxjnj9sD0mqHI9/view,6,False
2042,857,6268,https://drive.google.com/file/d/1xHiga8qru0wpHED4XoZxhB2eiACcvnL_/view,1,True
2043,857,6268,https://drive.google.com/file/d/1ip_JC58aYs474TJK5NTZ1F3AmE8p3ej5/view,2,False
2044,857,6268,https://drive.google.com/file/d/1Rmix_BPkzMmMyf7r6wMET7bDn0s6hqLr/view,3,False
2045,857,6268,https://drive.google.com/file/d/1QPnBtrg1S8Nt1o22a8NHgdl0l6OviIRp/view,4,False
2046,857,6268,https://drive.google.com/file/d/1vzI3Y5H664HHb4JJN1KBAstsCqUEXar-/view,5,False
2047,857,6268,https://drive.google.com/file/d/14OwIcYbcjfrJMKa0RLUu83MVcMMG2Zpj/view,6,False
2048,858,3533,https://acdn-us.mitiendanube.com/stores/324/065/products/mixsoon-cleansing-oil-1-ad17fac259826e4aba17589206622136-640-0.webp,1,True
2049,858,3533,https://acdn-us.mitiendanube.com/stores/324/065/products/mixsoon-cleansing-oil-3-b20c738210f0ed0f5017589206621566-640-0.webp,2,False
2050,858,3533,https://acdn-us.mitiendanube.com/stores/324/065/products/mixsoon-cleansing-oil-4-a0ad8236577130649b17589206624682-640-0.webp,3,False
2051,858,3533,https://acdn-us.mitiendanube.com/stores/324/065/products/mixsoon-cleansing-oil-2-4e5ebf2ad01924007c17589206622496-640-0.webp,4,False
2052,859,22793,https://drive.google.com/file/d/1DK3fRteaH44JM6IkUN9QjjmHEEcdegFd/view,1,True
2053,859,22793,https://drive.google.com/file/d/1S18tQFtCHRy9nuZBoRntWlazfK0zEwnM/view,2,False
2054,859,22793,https://drive.google.com/file/d/1K4CM0oz6ZtzZXcNL4GByxh9knZXkOOar/view,3,False
2055,860,3544,https://acdn-us.mitiendanube.com/stores/324/065/products/mixsoon-bean-cream-1-72f35054ff9a9b14f417589193547122-640-0.webp,1,True
2056,860,3544,https://acdn-us.mitiendanube.com/stores/324/065/products/mixsoon-bean-cream-3-79d1b9c2bf3e7be73017589193550506-640-0.webp,2,False
2057,860,3544,https://acdn-us.mitiendanube.com/stores/324/065/products/mixsoon-bean-cream-4-aaf4db270d378d08dd17589193550776-640-0.webp,3,False
2058,860,3544,https://acdn-us.mitiendanube.com/stores/324/065/products/mixsoon-bean-cream-2-59d7bfa9782c436b6317589193547763-640-0.webp,4,False
2059,861,3569,https://drive.google.com/file/d/122zWgVOT12bisc4nQn3a13BeiqIoZb7N/view?usp=drivesdk,1,True
2060,862,8650,https://acdn-us.mitiendanube.com/stores/324/065/products/download-19-b294e9ae9d125c2ede17860300425647-640-0.webp,1,True
2061,862,8650,https://acdn-us.mitiendanube.com/stores/324/065/products/download-20-9a18f5455e51b41ebd17860300432313-640-0.webp,2,False
2062,863,22801,https://drive.google.com/file/d/1ZeJpaiGRkVaMothONIEwgT02Sx97uCmi/view,1,True
2063,863,22801,https://drive.google.com/file/d/1PfnLF4vfE5otZW78WXrL6Se5DkXEs41m/view,2,False
2064,863,22801,https://drive.google.com/file/d/10-2Omv5bRIoBqWyEthmWPtRNP4vmFOR3/view,3,False
2065,864,3572,https://acdn-us.mitiendanube.com/stores/324/065/products/mixsoon-centella-cleansing-foam-1-111af93258d7a355ad17589204061622-640-0.webp,1,True
2066,864,3572,https://acdn-us.mitiendanube.com/stores/324/065/products/mixsoon-centella-cleansing-foam-3-74089db5e894fa375017589204066014-640-0.webp,2,False
2067,864,3572,https://acdn-us.mitiendanube.com/stores/324/065/products/mixsoon-centella-cleansing-foam-2-9e7b1bdb993900ae3b17589204064184-640-0.webp,3,False
2068,864,3572,https://acdn-us.mitiendanube.com/stores/324/065/products/mixsoon-centella-cleansing-foam-4-64e32cf8109dd083af17589204063705-640-0.webp,4,False
2069,865,22779,https://drive.google.com/file/d/1hZ0vjjM-lIAcuPLVUHu-hkDmaFioc_L1/view,1,True
2070,865,22779,https://drive.google.com/file/d/1EF9C6ihxvphpmI-sn9mP6WSSdGghwOd4/view,2,False
2071,865,22779,https://drive.google.com/file/d/1nb1xngfGL2v53VZN9l8KhBk5WY86ofzB/view,3,False
2072,866,3602,https://acdn-us.mitiendanube.com/stores/324/065/products/mixsoon-glacier-water-1-5526f24423c9f2349917589187284412-640-0.webp,1,True
2073,866,3602,https://acdn-us.mitiendanube.com/stores/324/065/products/mixsoon-glacier-water-4-d994057b6f9da8468617589187288904-640-0.webp,2,False
2074,866,3602,https://acdn-us.mitiendanube.com/stores/324/065/products/mixsoon-glacier-water-3-e24e74aad810f232c017589187290928-640-0.webp,3,False
2075,866,3602,https://acdn-us.mitiendanube.com/stores/324/065/products/mixsoon-glacier-water-2-4fd1bdc1a1006d25df17589187291399-640-0.webp,4,False
2076,867,8649,https://acdn-us.mitiendanube.com/stores/324/065/products/mixsoon-hyalraebar-bubble-999b9c8cecf119542b17860259369905-640-0.webp,1,True
2077,868,8550,https://acdn-us.mitiendanube.com/stores/324/065/products/515x0fohscl-_sl1500_-01e9cf80a946499d0717860241960413-640-0.webp,1,True
2078,869,22777,https://drive.google.com/file/d/1pS7fhDxum-LcFZSZLh0OA8PyIcfx1EWc/view,1,True
2079,869,22777,https://drive.google.com/file/d/1ZBBV5nACQWaPF50IbYQtSFf7qHUPA467/view,2,False
2080,869,22777,https://drive.google.com/file/d/1JoGvzssFLO3tCy4riFHWQl3teRpkgYdc/view,3,False
2081,870,3607,https://acdn-us.mitiendanube.com/stores/324/065/products/mixsoon-glass-skin-set-2-bf73ef2fd0f2496fa417589214222223-640-0.webp,1,True
2082,870,3607,https://acdn-us.mitiendanube.com/stores/324/065/products/mixsoon-glass-skin-set-1-eb5749ea8c788040fa17589214226515-640-0.webp,2,False
2083,870,3607,https://acdn-us.mitiendanube.com/stores/324/065/products/mixsoon-glass-skin-set-3-067344746264288c3017589214223921-640-0.webp,3,False
2084,870,3607,https://acdn-us.mitiendanube.com/stores/324/065/products/mixsoon-glass-skin-set-4-e8354b3f2deb7e79b617589214226607-640-0.webp,4,False
2085,871,22784,https://drive.google.com/file/d/1R7uvaMTanQU72ZS0s4ZkWOWqZepKF_dg/view,1,True
2086,871,22784,https://drive.google.com/file/d/1vIFjcL6N-_hH5U73hq69qkzggvl1lOHk/view,2,False
2087,871,22784,https://drive.google.com/file/d/1U4iX6tvmu7DoM5TdUW7QiXqdG34QHjn6/view,3,False
2088,872,3609,https://drive.google.com/file/d/12jFqqiR03croHf2ecQWXOVBIG9OKfvcz/view?usp=drivesdk,1,True
2089,872,3609,https://acdn-us.mitiendanube.com/stores/324/065/products/mixsoon-soondy-essence-4-6a8a202f233792083217589210011973-640-0.webp,2,False
2090,872,3609,https://acdn-us.mitiendanube.com/stores/324/065/products/mixsoon-soondy-essence-3-d49140b2972b91eebe17589210014859-640-0.webp,3,False
2091,872,3609,https://acdn-us.mitiendanube.com/stores/324/065/products/mixsoon-soondy-essence-2-fb908401d3e5e03eea17589210014375-640-0.webp,4,False
2092,873,3642,https://acdn-us.mitiendanube.com/stores/324/065/products/mixsoon-milk-serum-1-2bf65cf200d72838e217589189611764-640-0.webp,1,True
2093,873,3642,https://acdn-us.mitiendanube.com/stores/324/065/products/mixsoon-milk-serum-4-06f3855b9521329ab017589189611961-640-0.webp,2,False
2094,873,3642,https://acdn-us.mitiendanube.com/stores/324/065/products/mixsoon-milk-serum-3-46d7778ff0fa19969717589189614648-640-0.webp,3,False
2095,873,3642,https://acdn-us.mitiendanube.com/stores/324/065/products/mixsoon-milk-serum-2-a9146a9ce1d791fe7f17589189612345-640-0.webp,4,False
2096,875,3578,https://acdn-us.mitiendanube.com/stores/324/065/products/mixsoon-centella-sunscream-1-3b3577b915ee434d9117589200417802-640-0.webp,1,True
2097,875,3578,https://acdn-us.mitiendanube.com/stores/324/065/products/mixsoon-centella-sunscream-3-fc6cc3d18c454ac2de17589200416694-640-0.webp,2,False
2098,875,3578,https://acdn-us.mitiendanube.com/stores/324/065/products/mixsoon-centella-sunscream-2-4731d4df5a77a7085f17589200417528-640-0.webp,3,False
2099,875,3578,https://acdn-us.mitiendanube.com/stores/324/065/products/mixsoon-centella-sunscream-4-ca035fa2ffc1e6ba7117589200417032-640-0.webp,4,False
2100,878,23297,https://drive.google.com/file/d/1vZbi65SUL0-e2Fl3ifmU2mLq_TBZ0-ZQ/view,1,True
2101,878,23297,https://drive.google.com/file/d/1ziixLP0oeiqofPh_VQkXaxiq1frvGLXY/view,2,False
2102,878,23297,https://drive.google.com/file/d/1tzAifLeEMHlkrsZwvszn0YuXtYbWIAQ9/view,3,False
2103,879,23234,https://drive.google.com/file/d/1_GLDg4R6xBzUpA-sFtIATvp6B5jiWZiZ/view,1,True
2104,879,23234,https://drive.google.com/file/d/1WA9taBTbXPW3SPQ4daZ504xTjsGqvVLu/view,2,False
2105,879,23234,https://drive.google.com/file/d/1lLTI7RralROk5pW_mwRfysincQIbaeNH/view,3,False
2106,879,23234,https://drive.google.com/file/d/1_WezTxb-rcvGq8lnbz-TkaOvZBYSFQty/view,4,False
2107,880,23230,https://drive.google.com/file/d/1LH60S9yjoAcDiEgeX8LPal8IxUOKIPZZ/view,1,True
2108,880,23230,https://drive.google.com/file/d/1RT6lotuacoZ0cVfN2wEefiuNXD20qyYs/view,2,False
2109,880,23230,https://drive.google.com/file/d/1q4bWsHYVBgZyqIOelZBfQeEN9YQrG9zZ/view,3,False
2110,880,23230,https://drive.google.com/file/d/1JaQqpDQNNdq6lQnuVvv36tByI1dP0IB1/view,4,False
2111,881,23233,https://drive.google.com/file/d/1U6BuhFsaHq8LIZ1GKIAva09sZ7HPHXct/view,1,True
2112,881,23233,https://drive.google.com/file/d/1wA54GCbN0GgzXaQOBlJwvtBXQc7f5QyW/view,2,False
2113,881,23233,https://drive.google.com/file/d/14dbKSHlNcfurvAZf3U12d0v4aLKOUbf0/view,3,False
2114,881,23233,https://drive.google.com/file/d/1cPNgjWu4V30xi1Qjo24NDKMPyzCUKaDE/view,4,False
2115,882,23228,https://drive.google.com/file/d/1dlLjJBtWHDDuwDHYmQ_PiJN3oN3igq1w/view,1,True
2116,882,23228,https://drive.google.com/file/d/1AIVbK8nKmA1SbhPWK3ylgdtsbiKjwnNv/view,2,False
2117,882,23228,https://drive.google.com/file/d/1LLetKDqWg4d53sfOml6wvRYrELuYrz52/view,3,False
2118,882,23228,https://drive.google.com/file/d/1LhwUwd7TmysByraVhsCHTpmvIez8_Fvx/view,4,False
2119,883,23229,https://drive.google.com/file/d/1sPoXqJmEDM3Y2pIeNpZpIaVEbx4NgeAr/view,1,True
2120,883,23229,https://drive.google.com/file/d/1hQKl7g8U66Hm79cECkHkYrdrpSjiqJ-D/view,2,False
2121,883,23229,https://drive.google.com/file/d/1yfbyITlgqTh5gDPOf2AdWiaTMTBWWUtu/view,3,False
2122,883,23229,https://drive.google.com/file/d/1DjqjK1Jt2R2SaiG2sqElW34AGDV31ERR/view,4,False
2123,884,362,https://drive.google.com/file/d/1emnfQ0T3J_gNNmJDhXjh2M0R-9GA2Wzs/view,1,True
2124,884,362,https://drive.google.com/file/d/1c3oUh0JM5MKGV33FAjRueX1zsSvn4T2o/view,2,False
2125,884,362,https://drive.google.com/file/d/1-3BaFwHGCdFpL-Qb7PNQT1--GqFRjYZR/view,3,False
2126,884,362,https://drive.google.com/file/d/11jqeUbiGmnQZKg0AY1yni-RuVVJanOiD/view,4,False
2127,885,384,https://drive.google.com/file/d/1VNDSxhqtU_FubWLGX6mSEKJkR_dPW8re/view,1,True
2128,886,377,https://drive.google.com/file/d/1AmDugTMyisVLj6g7car7T4LeC14xexJe/view,1,True
2129,886,377,https://drive.google.com/file/d/1OQhiDXLzAACyxLNKWkJvLTXY-hCiCg3j/view,2,False
2130,886,377,https://drive.google.com/file/d/1vecDBi2tV9Q0lIXAKAO0iuS_pubs4Fen/view,3,False
2131,886,377,https://drive.google.com/file/d/1i_eyve8-IXlfrKx6eEMRGrPdCMqZ5rr5/view,4,False
2132,887,390,https://drive.google.com/file/d/1kZ6kJP2R8f8xRcbh5HEvYf5FIn2lkJ-S/view,1,True
2133,887,390,https://drive.google.com/file/d/1VbdwC_Z_swRFMNuuroAi63IdBubHdKkJ/view,2,False
2134,887,390,https://drive.google.com/file/d/1Y_qrQIbL-IQ1UmnXhjifwKPwsBSPlAOE/view,3,False
2135,887,390,https://drive.google.com/file/d/19m9RF8UcXOCUO3uqTyTa12eY7isv_7_E/view,4,False
2136,888,379,https://drive.google.com/file/d/1l83LglfwXgul_lbmWupHKaniEkrF5_Gv/view,1,True
2137,889,388,https://drive.google.com/file/d/1Govd5rpbE7E8yMu487_40gLbO48yMXbk/view,1,True
2138,890,378,https://drive.google.com/file/d/121eawZYbZWn0Ha-aGm4PgYhS0ZPgM7WT/view,1,True
2139,891,383,https://drive.google.com/file/d/1Ean1cQ3ggctltIHpgfxuQlrKJYXWSpO1/view,1,True
2140,892,382,https://drive.google.com/file/d/1OHPFuF3On9WIRRTGeCzNy07IPettRjvZ/view,1,True
2141,893,389,https://drive.google.com/file/d/1DtOlArbV0ZEqgwiP23qx8JbOEWqPksBt/view,1,True
2142,893,389,https://drive.google.com/file/d/1pPglY4U_GAezkKylQHHrkG2-Va9lOZWX/view,2,False
2143,893,389,https://drive.google.com/file/d/1KGw60xIYBk2CPhxPuJceurqGkVjdJfHr/view,3,False
2144,893,389,https://drive.google.com/file/d/1qcF9T6VKmuD1zcYhdbDi5Xx4N3M-V5CN/view,4,False
2145,894,3700,https://drive.google.com/file/d/1gT5LI6c0vs7CYWwdhGXrIECwmbgA4UHP/view,1,True
2146,894,3700,https://drive.google.com/file/d/1-v_PuBZm95bd12RTU3X-B5FiP5Gcvxmm/view,2,False
2147,894,3700,https://drive.google.com/file/d/11cRxtv-jGWXUwPhmBKKvPjXJpFa7J6-M/view,3,False
2148,894,3700,https://drive.google.com/file/d/1cWIFdQkhvFR-tQghTbWQpCKIwjXNx3TA/view,4,False
2149,895,3699,https://drive.google.com/file/d/1W7XizMUL2n4jvsrTgZGXfga3HQFB8OPU/view,1,True
2150,895,3699,https://drive.google.com/file/d/1cCQXsZGmKFBB_JOmEIgZ1Hj85wpU8yCt/view,2,False
2151,895,3699,https://drive.google.com/file/d/1_ECElBIuow98cI5LuVCnkQTZwpAypIKd/view,3,False
2152,895,3699,https://drive.google.com/file/d/1t2RXAmHsTQlCa92VqC7v1Jw50RqUkBSN/view,4,False
2153,896,3709,https://drive.google.com/file/d/1btPsG7W86YqtbpacnfpQJoZcLIkp-CbZ/view,1,True
2154,896,3709,https://drive.google.com/file/d/17K1qQFo7NP7vb9UDcRlkoNfLL_jU-RYk/view,2,False
2155,896,3709,https://drive.google.com/file/d/1Jr_Mg3LyoRfB1OvtJET2trLwikXPMuvw/view,3,False
2156,896,3709,https://drive.google.com/file/d/1J8amRzgTaOzGe3JjrEOQpqI-AiXVPtmn/view,4,False
2157,897,3748,https://drive.google.com/file/d/1Qf2PbiJT00XDr0QILq5sdMLKdpXY3n7I/view,1,True
2158,897,3748,https://drive.google.com/file/d/1_cvJia9Wg8YZFcu-kHN6q1LnltTnHZaB/view,2,False
2159,897,3748,https://drive.google.com/file/d/1AF0K7Wtf2Oz7KQ7YH4S4sHUZjsdbdo7Q/view,3,False
2160,897,3748,https://drive.google.com/file/d/1xlSnFzum86Y9KIaeRl9rVL3rIQsq5Gvf/view,4,False
2161,898,3792,https://drive.google.com/file/d/1CkTF2PulRj-6erMEt8f1atUuYj_VpBrb/view,1,True
2162,898,3792,https://drive.google.com/file/d/1k5E0X2DhgPF_76Dn3uxKxNgpqnutoBop/view,2,False
2163,898,3792,https://drive.google.com/file/d/1w7ia6se3CZd1U2qJjMS7YrBEhZ4miFau/view,3,False
2164,898,3792,https://drive.google.com/file/d/1B7peIXfP8h5FGxUuQ0e2M2ND_pzrMRT0/view,4,False
2165,899,3801,https://drive.google.com/file/d/1oBiU02iy11o42C__YB-WzHdC9XiTAHEn/view,1,True
2166,899,3801,https://drive.google.com/file/d/1YPkDYlXVQGVqKK8T87Cksgm420AOSNCx/view,2,False
2167,899,3801,https://drive.google.com/file/d/1LVI3mhsQB2uITZoBT89VT91GuM0R2B8p/view,3,False
2168,899,3801,https://drive.google.com/file/d/1EQeIrFdhJJ_O8lLmq9JcxoTyeMBi2jYa/view,4,False
2169,900,3701,https://drive.google.com/file/d/1JkbMgb5IDYTM06LnXwpBtyyueS1qTGeE/view,1,True
2170,900,3701,https://drive.google.com/file/d/1engUlUuysSENe232xsRucz3Adl-LQkgx/view,2,False
2171,900,3701,https://drive.google.com/file/d/18DxjurcW7OWcjTWPGD9zueSjTvMdlcK_/view,3,False
2172,901,824,https://drive.google.com/file/d/1rK4fwJasawMsMBceWdFjjDMjZmXUKmAu/view,1,True
2173,901,824,https://drive.google.com/file/d/1aqJYcAxSVYssHPmf8PdajQyh2jtkDHro/view,2,False
2174,901,824,https://drive.google.com/file/d/1-iGwlwicDHaq1IvmczZCibyQMgsFkuqZ/view,3,False
2175,902,831,https://drive.google.com/file/d/1iwPBNJGjw6Tn040iewhMjnI883l9bqRl/view,1,True
2176,902,831,https://drive.google.com/file/d/19UkJSJfb-0WTDPd5-zKLXq2sHeZ_FiZY/view,2,False
2177,902,831,https://drive.google.com/file/d/1ID0VE8zlnJyFMmLNSnB9zDd0u7XfGaNt/view,3,False
2178,903,833,https://drive.google.com/file/d/1A3WFngcySzWdTesrP04ELRIKobU_p3VM/view,1,True
2179,903,833,https://drive.google.com/file/d/1HOr1clImQo21ku31xJyAKtxuYO5UIxzl/view,2,False
2180,903,833,https://drive.google.com/file/d/1b4XfK8JdCqSmeZLUOU-BqUx2y3b0Lkcj/view,3,False
2181,904,834,https://www.skinko.com.ar/cdn/shop/files/8800255681441_022_BouquetNude_1_eae403fb-0159-49da-82ec-50882165f9cc.jpg?v=1776955159&width=4096,1,True
2182,905,835,https://drive.google.com/file/d/1fD-h3_yfN05urRC6ybNnGnR_L7CAcY-C/view,1,True
2183,905,835,https://drive.google.com/file/d/1iRz3FEP8uTcfB8C4wnL2d_wbgHg7gGaY/view,2,False
2184,905,835,https://drive.google.com/file/d/1RcMceH2D_WU-gYxwssKBf5bQFnjxvH2B/view,3,False
2185,906,837,https://drive.google.com/file/d/1RSQ_BBDsmGO-_GS2X6ly7C-R48gs7YFA/view,1,True
2186,906,837,https://drive.google.com/file/d/1hvokOw64GGZCXmfv0ZFG-qBs7EUwVrsZ/view,2,False
2187,906,837,https://drive.google.com/file/d/1vki-LFm3PqoafbtPV_yYPiZfPyrIeKS1/view,3,False
2188,907,838,https://drive.google.com/file/d/1Cm2Wv7DYpvqFozKovH9M130qez807Bn5/view,1,True
2189,907,838,https://drive.google.com/file/d/1C2Qb9d1SqODrK3MT686XqhB0RvhfjUUL/view,2,False
2190,907,838,https://drive.google.com/file/d/1_PrP6jQ0ZH8LWbT5HM7APG1SYHqbOxgy/view,3,False
2191,908,839,https://drive.google.com/file/d/1vVFBe3A_qQ4UGbfaRCPW6UVqiJ7PfXBu/view,1,True
2192,908,839,https://drive.google.com/file/d/1ahlzbaDVScLsDJehGFt83sZcjhXu-JKJ/view,2,False
2193,908,839,https://drive.google.com/file/d/1jbTHmB-SqlxdkRtWQXUnnItKM1iDkBS6/view,3,False
2194,909,840,https://drive.google.com/file/d/1g3c3_LTKT9EUFcIhVh4tzMFtNU-5V0x-/view,1,True
2195,909,840,https://drive.google.com/file/d/1LIFS-z0XS8IUZ9g3yMME5l0JPSdiAjPR/view,2,False
2196,909,840,https://drive.google.com/file/d/1uxrHxEVDAOarUa0cfySHBNBfOIBSdQkW/view,3,False
2197,910,842,https://drive.google.com/file/d/1C_ue2R4kSWIk4QO4UDlVN183XisxXiE9/view,1,True
2198,910,842,https://drive.google.com/file/d/1J23MvrMeFsSc3jz8puhpBwZE-D2co49A/view,2,False
2199,910,842,https://drive.google.com/file/d/1IHFb3cEB-IdHn1lWzorVFRqTCtmsMdZG/view,3,False
2200,911,857,https://drive.google.com/file/d/140cSJsxk4DJgTgNmjbSgNL_-6gTqiywF/view,1,True
2201,911,857,https://drive.google.com/file/d/1SDb3_AK0aZ7-PYowmwVB4WGH1xvbZUZ4/view,2,False
2202,911,857,https://drive.google.com/file/d/1Vz9zFepqmdcvBJLrkvxdUxV2tt4aH3Wf/view,3,False
2203,911,857,https://drive.google.com/file/d/1lOafnhYYewSA-trcXft9ZIzzDBe9-NJn/view,4,False
2204,912,853,https://drive.google.com/file/d/1QiZM09rE6HLe0XCbbT0AywE5If5Q8T5-/view,1,True
2205,912,853,https://drive.google.com/file/d/1UJwpibv0bfkp5ChcOX3E3dX2StO9L6Dw/view,2,False
2206,913,844,https://drive.google.com/file/d/16CMQuFWS9fu55NRxnncImMhIgzBWs_q1/view,1,True
2207,913,844,https://drive.google.com/file/d/1Fx16C7r6D710tMr3zJV9gvpz0I13we1g/view,2,False
2208,913,844,https://drive.google.com/file/d/1qwawjCfti0epndNIYNF9SFK0KRRnPyyD/view,3,False
2209,914,847,https://drive.google.com/file/d/1sRolnjQcnEpDK3mXgNWhgWFg717T3GEY/view,1,True
2210,914,847,https://drive.google.com/file/d/1Poy75k0TwWma_qEUSKDpOQtCh-n9I59i/view,2,False
2211,914,847,https://drive.google.com/file/d/1tp87L_pK9oVCnvJ_1HZUja8NqKBUDtrv/view,3,False
2212,915,852,https://drive.google.com/file/d/1u2N4rWAYSOygzIT-82WDNWzqaoxmX01D/view,1,True
2213,915,852,https://drive.google.com/file/d/1U09Vmvec4gOftkr4M0c-N5aYWI1Afd9c/view,2,False
2214,915,852,https://drive.google.com/file/d/1xIF67Fp-7_NFTzt11Ph1j-ztS_gvyUsw/view,3,False
2215,916,24963,https://drive.google.com/file/d/1KECX5Okz50enwkuA35oo1pXyihVv5GA_/view,1,True
2216,916,24963,https://drive.google.com/file/d/1DG2X-xIdJwWMMfwDk_PyVVAltGLfdoEX/view,2,False
2217,916,24963,https://drive.google.com/file/d/127AddgijHshLDPgge7Ct-xhgQIl8kNfX/view,3,False
2218,917,24968,https://drive.google.com/file/d/1KJlEV_Mte-cv66354L3Rl-rbey3aa__U/view,1,True
2219,917,24968,https://drive.google.com/file/d/1jEXes8HxcytrLn2WZRvH-Sz1VIh4P-4G/view,2,False
2220,917,24968,https://drive.google.com/file/d/1sumCPAyMsjmygP05TlZG6ojaRwwXlfJh/view,3,False
2221,918,25044,https://drive.google.com/file/d/1I-JffXbECAzlBuvU_H3Yql78jeLjbl0H/view,1,True
2222,918,25044,https://drive.google.com/file/d/1t1koSljdOUp-OJmeRHR8xCviANXGk171/view,2,False
2223,918,25044,https://drive.google.com/file/d/1laxVMAHgeySsbTtsvGKIp1Bbv-8_gP0n/view,3,False
2224,919,25058,https://drive.google.com/file/d/1SWToUFJBJQz022EvbwTMEN8EPveHultX/view,1,True
2225,919,25058,https://drive.google.com/file/d/1_Wx4VqBF0vMqazudis0zeFmyYU5LeI44/view,2,False
2226,919,25058,https://drive.google.com/file/d/1tb5sllHEsGWrPx8DqYtITBvPaTw25YeO/view,3,False
2227,919,25058,https://drive.google.com/file/d/1n4YyOU2nRwoNnMjIYEEYt5Oe7CQmZqSZ/view,4,False
2228,920,25127,https://drive.google.com/file/d/1J72cvQO5vMW_wxgdpALCaz9UouFOvmna/view,1,True
2229,920,25127,https://drive.google.com/file/d/1GsgjQQbL6IvGSsx1-MlKJxIMIQc59wzv/view,2,False
2230,920,25127,https://drive.google.com/file/d/1lYypwP2g9k2UREMT-rIv1dOR-kQzJev9/view,3,False
2231,920,25127,https://drive.google.com/file/d/1FMjN7r7xwjdn7HbkA5mXCIEVTwei4p5D/view,4,False
2232,921,24638,https://drive.google.com/file/d/1SvpeRGPwqreZcD2AloxuPKFjWY3rh7N-/view,1,True
2233,921,24638,https://drive.google.com/file/d/1W_sfMD6DDPMdZHBrGY74y0T-QCCYVYqT/view,2,False
2234,921,24638,https://drive.google.com/file/d/1updbdGaX3OhVe3GakQjWs62_Ns9RSv0J/view,3,False
2235,921,24638,https://drive.google.com/file/d/1BVrtOfYrWBoeBNIuVl5Pv_yOhFo3QEne/view,4,False
2236,922,24834,https://drive.google.com/file/d/1qGPg-XAmrK0mgWTApD81pKXaP0NytEyV/view,1,True
2237,922,24834,https://drive.google.com/file/d/1XSZBkm7Gcq1WXrstE-S9nXwywhbVplE-/view,2,False
2238,922,24834,https://drive.google.com/file/d/11TeqGvwpzj-TpPdXYS6WcmRU4_9sKqHr/view,3,False
2239,922,24834,https://drive.google.com/file/d/1wj7UDbeBWN4IcQqeJ3tIg8U5pApv-fKV/view,4,False
2240,923,24836,https://drive.google.com/file/d/1z8sl_QfX-mzILFaN1zwJWixgSWxN1yZh/view,1,True
2241,923,24836,https://drive.google.com/file/d/1RCk4Uqhri476--N7Q5y4vuEEs-zH_B-0/view,2,False
2242,923,24836,https://drive.google.com/file/d/1z6Zw6q96e0l1xOtiLXhgfo2MObuirJYN/view,3,False
2243,923,24836,https://drive.google.com/file/d/1GEjtx3wRqyfWrIFHiGuFQf4jfo3YBYPO/view,4,False
2244,924,24838,https://drive.google.com/file/d/1jrmtjQIzGZ4BagZy3v2U4UU5oPYeXRKk/view,1,True
2245,924,24838,https://drive.google.com/file/d/1XKRfhQPbKsBu0M0ow1Ko9FUsGZmJuc3k/view,2,False
2246,924,24838,https://drive.google.com/file/d/1-avd6edbE9eJ0k9eW4j01BcMQQGaSdcq/view,3,False
2247,924,24838,https://drive.google.com/file/d/1-p6jky8WTlVPRzqtByvQw8OfbXc0XrTh/view,4,False
2248,925,24839,https://drive.google.com/file/d/12z3C058bZSOynHw8pIfHaen3aWp0ThT_/view,1,True
2249,925,24839,https://drive.google.com/file/d/11BXf7T8XeXSPZqThyxoMb2UbZNWJLyoJ/view,2,False
2250,925,24839,https://drive.google.com/file/d/1Q2CYG0q6eO2E5ff17s2jyIdYadGPg9NK/view,3,False
2251,925,24839,https://drive.google.com/file/d/13k7Xl3tqOkMZm41hAo_fiLp0aEgOqnAP/view,4,False
2252,926,24844,https://drive.google.com/file/d/1PCd2fqT9ohHC-Vxy8PgYT9EK2oLi9rrs/view,1,True
2253,926,24844,https://drive.google.com/file/d/1cnPfWShsNJ1AEz-99zSSRkrERUcxP2rF/view,2,False
2254,926,24844,https://drive.google.com/file/d/1WQdSGdG9_pppZXehLINkx98ns1njUZ0b/view,3,False
2255,927,24845,https://drive.google.com/file/d/102fxy0DvfdTRcVv7xKGbri2kpNnvJmOa/view,1,True
2256,927,24845,https://drive.google.com/file/d/18Kq4GE8cUqHYkVGP6jzpF09eTyIsbgmm/view,2,False
2257,927,24845,https://drive.google.com/file/d/1yGI_YDw9r8v82VOStk6jjtYE1eHtautZ/view,3,False
2258,928,24858,https://drive.google.com/file/d/1lMWD_FOwuvIKP3is_TBsWUFSWbqAUzWy/view,1,True
2259,928,24858,https://drive.google.com/file/d/1PnuSIyNTEvPzukjaiyS4JfqkD34E_kPd/view,2,False
2260,928,24858,https://drive.google.com/file/d/1173KcHQvDW-mC7opXcnc5umrAxef2hGl/view,3,False
2261,929,24960,https://drive.google.com/file/d/1W4bi5V2dMt3QfrISqADltkRn7Ny9YgmX/view,1,True
2262,929,24960,https://drive.google.com/file/d/1VAhlLKH8kq4ZZFOWoVnFXpZgIV8vNYSZ/view,2,False
2263,929,24960,https://drive.google.com/file/d/1AnRueBNoyKJoObH5MYwhoIvinuI2s9sA/view,3,False
2264,930,24835,https://drive.google.com/file/d/14N8EM3x-961AcV08e4Cne6Nk_43Di00S/view,1,True
2265,930,24835,https://drive.google.com/file/d/1lXsX1__K_V5wKFbjEzDrfpXEkwl7hBo3/view,2,False
2266,930,24835,https://drive.google.com/file/d/1nbp8U22pbWVHhDutRECslH3jSll8ZxES/view,3,False
2267,930,24835,https://drive.google.com/file/d/1vlqeZywhcciBGkh5mBCkR50T0QLlDNf7/view,4,False
2268,931,24568,https://drive.google.com/file/d/1S7k66IreiGAhw0Vndxg_B6wYUwZpcIK2/view,1,True
2269,931,24568,https://drive.google.com/file/d/1AZ_OTMLv5iWGdwsVGhiZ2NvQlRiWP-cO/view,2,False
2270,931,24568,https://drive.google.com/file/d/1c8ShK6BGN2_AEIbBzarRTXlgq_WdrPh3/view,3,False
2271,932,24557,https://drive.google.com/file/d/18S_6k7TH3Wa38UREvWeGvd64-flwdHfB/view,1,True
2272,932,24557,https://drive.google.com/file/d/10w53UWZxzCRh8-GaZXU1go1Z1tRbCW7C/view,2,False
2273,932,24557,https://drive.google.com/file/d/1wx9EfwkBiiDvl7AqNwUxFc8bTIYUuS_9/view,3,False
2274,933,24570,https://drive.google.com/file/d/1-DtUZajnrkvy6lrCvNe-zlEAMYjOLyKP/view,1,True
2275,933,24570,https://drive.google.com/file/d/1ix-HzraMn9n4NKXSa29qZ4Qf0fDvVcXW/view,2,False
2276,933,24570,https://drive.google.com/file/d/16kz4HlamqCwUbU1LiMtGkIqmdaTRsKpC/view,3,False
2277,933,24570,https://drive.google.com/file/d/1c1BzbUiV8ozGZ8jOhju8eJdliT9b9AkQ/view,4,False
2278,934,24588,https://drive.google.com/file/d/1fOhplKQQOpAm_Pworux8Ynw0evp9z0d4/view,1,True
2279,934,24588,https://drive.google.com/file/d/1sHRPZvIjobT2qdn-Zt8Kl83jLoJuuGnS/view,2,False
2280,934,24588,https://drive.google.com/file/d/1uFhnP7hZvMxsLF0eazR_iSJ3oT9iDq2k/view,3,False
2281,934,24588,https://drive.google.com/file/d/1gyx8Xv9WYEO_EPR1VhM3mDUViSOJGbzW/view,4,False
2282,935,24554,https://drive.google.com/file/d/138nU0p90pdZdWkaxfnfI37JBDoN0z7bl/view,1,True
2283,935,24554,https://drive.google.com/file/d/1bHihWstOcDNjAhQTY5lnb850ap1dJap9/view,2,False
2284,935,24554,https://drive.google.com/file/d/1MyYkwMDISheGyno8K2FfdisRH0klLkkO/view,3,False
2285,936,24556,https://drive.google.com/file/d/1Mi9FPsDk8wZLv4Wm7uOKtybZDL-NbikR/view,1,True
2286,936,24556,https://drive.google.com/file/d/1JuTvMnBqWaD296mqcCSlzP8g5gLCEHzi/view,2,False
2287,936,24556,https://drive.google.com/file/d/1jzRXIFmn9nMvFqnhEnLzA8MBRnXfvUVz/view,3,False
2288,937,60334,https://drive.google.com/file/d/1TqUMTeYTXRPkp4TB2iTiZDg6_Co3mtsZ/view,1,True
2289,937,60334,https://drive.google.com/file/d/1CgxLibodfeNjIP6gKte6iR34q_-jGHqM/view,2,False
2290,937,60334,https://drive.google.com/file/d/1oB7NNwE3aIt7pYVvqNrk7nD5R7ipTZgK/view,3,False
2291,938,58715,https://drive.google.com/file/d/1OG0pUUZM8Xc1UIgTlLk1VvaF64GBHFe3/view,1,True
2292,938,58715,https://drive.google.com/file/d/12_o08eUFVQv6Vcb5YVyAGgo_3VD2ig1Z/view,2,False
2293,938,58715,https://drive.google.com/file/d/1moL7y-R18deO0Yqf2Fv6yfZsEhaP_peg/view,3,False
2294,939,370,https://drive.google.com/file/d/1GzYHEcivLajbxDYSgHbZjttHLPwV7Nnp/view,1,True
2295,939,370,https://drive.google.com/file/d/1Zkobi3rYoRSNWO6q0APeodMlGtGceGmd/view,2,False
2296,939,370,https://drive.google.com/file/d/1i3A-xvvlTXi3Z05cxWO_bn7exM-7mipg/view,3,False
2297,940,53668,https://drive.google.com/file/d/13y4olgfcXNZcgwtHMqpAh8TdDC9fKH8O/view,1,True
2298,940,53668,https://drive.google.com/file/d/1b_ZHL6Ww1Hqi5wxYDDluy2LajOKvpRvd/view,2,False
2299,940,53668,https://drive.google.com/file/d/11sNNxYE-dvOw6WVCSK4wgtySD6aWMGHu/view,3,False
2300,941,53622,https://drive.google.com/file/d/1f53SERpQfjI8LTngoeQJXSjM3FEw7Gv5/view,1,True
2301,941,53622,https://drive.google.com/file/d/1NadA1pc6KJqpVcV6aqeucm75yQuR8g-b/view,2,False
2302,941,53622,https://drive.google.com/file/d/1dK2DiMoIDDRKNv6BRdP11eRTvI5xnPkZ/view,3,False
2303,942,52119,https://drive.google.com/file/d/1TLbHEAnSy2ytcHkizww989-Edrvnnz4t/view,1,True
2304,942,52119,https://drive.google.com/file/d/1VKuWzeUyP4pCF6biHIy65lPPAUnsu_c_/view,2,False
2305,942,52119,https://drive.google.com/file/d/1b7Hup8YPvIcCU_JM3TNoMmbhbtLpCj9_/view,3,False
2306,943,374,https://drive.google.com/file/d/1mvoMZ2GRwTODvs_td37LLRBx3OP-I1-o/view,1,True
2307,943,374,https://drive.google.com/file/d/1-8VXa6RtEndoDpeMcFVLvJtiW8IrZ_Ma/view,2,False
2308,943,374,https://drive.google.com/file/d/1lC2wqyjoFpM61ZS0RwPmGXQrCxCDmLVi/view,3,False
2309,944,387,https://drive.google.com/file/d/1AR3ImEwuCrD_esXy26wMGVOtYAAC1td3/view,1,True
2310,944,387,https://drive.google.com/file/d/1z5evmtsdqqZk9QBSO2L6MdR4j36xL5Yv/view,2,False
2311,944,387,https://drive.google.com/file/d/18C2JF-wmw-QtxAY-yukeeEexQBXNKQ6R/view,3,False
2312,945,364,https://drive.google.com/file/d/1VTQ6Cdg1rMQKBFF419UgSMMaHh7k_oJP/view,1,True
2313,945,364,https://drive.google.com/file/d/1ocL3n3Lj5idELUHFIAz-eXZSsBwLbgNb/view,2,False
2314,945,364,https://drive.google.com/file/d/1Bk9SRlFesNeWu2dORetIqv-hJVX6624W/view,3,False
2315,945,364,https://drive.google.com/file/d/10r7ALNbV3ZN2v06zoahLx7xDedE5riIh/view,4,False
2316,946,301,https://drive.google.com/file/d/1PiegIgUUcO15J2KKf6AUhjqEUcWekAWB/view,1,True
2317,946,301,https://drive.google.com/file/d/1jcoNx4QEiR_7U9Ui3CAlCmx9LSUFi1wp/view,2,False
2318,946,301,https://drive.google.com/file/d/15wr9PgZdWtbPu2dDcgc7rwxllCLt0fAO/view,3,False
2319,947,395,https://drive.google.com/file/d/1xfPmI8rLxZrIEDeXKY8V6SwUOdPgw6Vb/view,1,True
2320,947,395,https://drive.google.com/file/d/1XYram4b7Jh2y9brwDp0jJ0m7v-nOxObk/view,2,False
2321,947,395,https://drive.google.com/file/d/1HNMaH_IMVKPd-8pk8izFf2z_tbjU1p95/view,3,False
2322,948,397,https://drive.google.com/file/d/1-Gu3L4sc_t_mb6tBXH49EzTxN_NiQeNP/view,1,True
2323,948,397,https://drive.google.com/file/d/1akwgRl8VB-81BRQu6Qyydzg9Fg5VoPMG/view,2,False
2324,948,397,https://drive.google.com/file/d/1LExQL7c2tdSyMvSQy34ows4NK6HHLDeq/view,3,False
2325,949,3648,https://acdn-us.mitiendanube.com/stores/324/065/products/round-lab-ecom13-3c16de91ff2c968fd817636511732886-640-0.webp,1,True
2326,949,3648,https://acdn-us.mitiendanube.com/stores/324/065/products/round-lab-ecom14-1aba87364e29720bfa17636511736650-640-0.webp,2,False
2327,949,3648,https://acdn-us.mitiendanube.com/stores/324/065/products/round-lab-ecom15-559b74484ce0262b6517636511735908-640-0.webp,3,False
2328,950,3660,https://drive.google.com/file/d/1TM1gmxL_eLcdjwmR1Kh_rbTCGCiSRL9W/view,1,True
2329,951,3664,https://acdn-us.mitiendanube.com/stores/324/065/products/round-lab-ecom4-aed6592fae4fb1325b17636509741626-640-0.webp,1,True
2330,951,3664,https://acdn-us.mitiendanube.com/stores/324/065/products/round-lab-ecom5-eac5666de0d43a06c517636509745542-640-0.webp,2,False
2331,951,3664,https://acdn-us.mitiendanube.com/stores/324/065/products/round-lab-ecom6-7056d59e0743f9ce0a17636509746501-640-0.webp,3,False
2332,952,3665,https://acdn-us.mitiendanube.com/stores/324/065/products/round-lab-ecom7-b8b52d8065556e5c0117636505309521-640-0.webp,1,True
2333,952,3665,https://acdn-us.mitiendanube.com/stores/324/065/products/round-lab-ecom9-c1f1cafa5d9141ad0717636505310975-640-0.webp,2,False
2334,952,3665,https://acdn-us.mitiendanube.com/stores/324/065/products/round-lab-ecom8-6e38ff16c0a0e073ba17636505314004-640-0.webp,3,False
2335,953,22809,https://drive.google.com/file/d/1x1A4PTHjx3XmmSCBkMuYuyc4OJoE1mvJ/view,1,True
2336,953,22809,https://drive.google.com/file/d/1AOrKkVLuJNBKBEBUadHCvwVoFKez93Mj/view,2,False
2337,953,22809,https://drive.google.com/file/d/1R2VWOH5qB0s5gSKMEW7fyc5pkEApHul3/view,3,False
2338,953,22809,https://drive.google.com/file/d/12bynp_2q70blGo89npXjwJUG_K7JuuX-/view,4,False
2339,953,22809,https://drive.google.com/file/d/1SfB4Bdo_18IKSLT6L6WxyA0K9dChGUmC/view,5,False
2340,953,22809,https://drive.google.com/file/d/1PHdWGs8EjZgje2uy3lbT4HHi12_U5xc4/view,6,False
2341,954,22824,https://drive.google.com/file/d/1cZAI_5o7T4Lo7C0JpA3qjYYsejZLt07r/view,1,True
2342,954,22824,https://drive.google.com/file/d/1xGkwQGWKFY0zFvWEjzjoa1Ar7HiYq0y1/view,2,False
2343,954,22824,https://drive.google.com/file/d/1KlzE2kA7bA6EmJtfgzuk4yR5PgtUZ9c9/view,3,False
2344,954,22824,https://drive.google.com/file/d/1DLsEre9lraR6SKXMA7z5ItGSlaz7RHEx/view,4,False
2345,954,22824,https://drive.google.com/file/d/1M-uWxCQ6rRi3y9wGOhNQU2Zu80GtEBOk/view,5,False
2346,954,22824,https://drive.google.com/file/d/1DsaC8KW0a9KYNB8JfyqHAPzIVQzbT7gv/view,6,False
2347,955,22865,https://drive.google.com/file/d/1FkA4cPqIrvZJzhHsSA5fNWknJ_6O1JoU/view,1,True
2348,955,22865,https://drive.google.com/file/d/1ATu-6yheGuvOvb_4u8OKqKYntQ4tefBn/view,2,False
2349,955,22865,https://drive.google.com/file/d/17jv5iwa9zcJz2Z6V-d20Cvyq2h763Y9H/view,3,False
2350,955,22865,https://drive.google.com/file/d/15Wx9fCQZzkRMSfqAR0W9LPCxLfL9vKQk/view,4,False
2351,955,22865,https://drive.google.com/file/d/1MZpouFkbtk_T-7MSkQW6J7GJSVYJMUuw/view,5,False
2352,955,22865,https://drive.google.com/file/d/18yG1f_MS9gZxRivUKmuwId0m6Eua5j-9/view,6,False
2353,956,22890,https://drive.google.com/file/d/1-Rs68bEZBHAtnXDkUUnrLnQKhs3ZLpsy/view,1,True
2354,956,22890,https://drive.google.com/file/d/1oMoayzV0iukbDEl-fd8fimwHIfVFqkoB/view,2,False
2355,956,22890,https://drive.google.com/file/d/18n95u0JG8g3s12RRrBifPtA6QIq0wBdK/view,3,False
2356,956,22890,https://drive.google.com/file/d/1q0Y5bsHrrn19VoaJeXn4rGGh3416GWJR/view,4,False
2357,956,22890,https://drive.google.com/file/d/18DW1n_ugZTbJfs_IvHAWGt9z7myyMy8m/view,5,False
2358,956,22890,https://drive.google.com/file/d/1-LFaQ-LkP6PylIV59qxeaw-LOL3xz_fl/view,6,False
2359,957,22899,https://drive.google.com/file/d/1qMIcwNgQ8ODEdgjhOinFh0snsFOIGP5R/view,1,True
2360,957,22899,https://drive.google.com/file/d/1HCtug4hm4kSL6P6jyGmB7LZRD2MC5-NK/view,2,False
2361,957,22899,https://drive.google.com/file/d/1mS17YCB39gvXo0JlvnMqpevd1HGLyssh/view,3,False
2362,957,22899,https://drive.google.com/file/d/1uGiHtDDGTZUkCt90nA-9wJLyRcZ9kjIw/view,4,False
2363,957,22899,https://drive.google.com/file/d/1QxAIxZ6saw-ueJ4e6n6aXoX94TphtGdK/view,5,False
2364,957,22899,https://drive.google.com/file/d/1OPv1u5_mQMekxLm4RPnUB5lmPFVvBVWp/view,6,False
2365,958,22867,https://drive.google.com/file/d/1TUywk15AZslz3tcfPHxs35GfTfBxlhj7/view,1,True
2366,958,22867,https://drive.google.com/file/d/18BNY3-dY109DPiSPK89Ee6svRorLFZ_d/view,2,False
2367,958,22867,https://drive.google.com/file/d/1e_tD77kopFmAKqXh6ZyBP5iadxfziXRc/view,3,False
2368,958,22867,https://drive.google.com/file/d/1zOR29NfUcpEh7-Fxvu_dAnFGOH94pjGR/view,4,False
2369,958,22867,https://drive.google.com/file/d/1cwXoGwRfj4ya2yAWbZfI6uI78ngkduZK/view,5,False
2370,958,22867,https://drive.google.com/file/d/14SlYeZgjCR1qlHAnpnMFElH1j-y7Y0sb/view,6,False
2371,959,22864,https://drive.google.com/file/d/1A-YLdzJappwJDxa7iQL7ir64Q7a6thXH/view,1,True
2372,959,22864,https://drive.google.com/file/d/1k1k3aDCrCSRBObqI4Z0YgV2wqrdz8iHT/view,2,False
2373,959,22864,https://drive.google.com/file/d/1i1Dk_jntmX0ZiO4XL7SsvTE7g8cXTEJT/view,3,False
2374,959,22864,https://drive.google.com/file/d/1JGFHNDnaBddqdWrepjNgNKRXm3g_TbT1/view,4,False
2375,959,22864,https://drive.google.com/file/d/13h3MYvtqj6u92NgfUMq0ulnq5xI9vK88/view,5,False
2376,959,22864,https://drive.google.com/file/d/1TwnETGVscmpzEgz4WcMCudWL4n-X1dFt/view,6,False
2377,960,22873,https://drive.google.com/file/d/1vrWcj7iJN0dDNsPWCRg9hF82IoLQxZwD/view,1,True
2378,960,22873,https://drive.google.com/file/d/11JKsvUxWWYiAZDva-O1oH7mNFupRDOKl/view,2,False
2379,960,22873,https://drive.google.com/file/d/1RNyRf-26eMI0b20tMiLxi4E3Rmouh1nd/view,3,False
2380,961,22866,https://drive.google.com/file/d/1lyUknm3XR0Wt9Np0Z2qtuqRhfUw-qOst/view,1,True
2381,961,22866,https://drive.google.com/file/d/1fpQWMhFhQcXHHuY6LzoT6sQETNBTto08/view,2,False
2382,961,22866,https://drive.google.com/file/d/1DCBagKTM_5r0ogM31TeEw3Qzn3Rbmg7N/view,3,False
2383,961,22866,https://drive.google.com/file/d/1loRtbhSnJsqo-fRAt8AN0ACeB2TzED4M/view,4,False
2384,961,22866,https://drive.google.com/file/d/1VJjtE-liXKSh3g7JkiEdqieu7B-2qiIi/view,5,False
2385,961,22866,https://drive.google.com/file/d/1PAJUZV4IV21YcES-0_uumqS-VWNaqYr_/view,6,False
2386,962,23046,https://drive.google.com/file/d/1vRJRFNFW_0gB4FXZSkRMPZYYUiG76nt0/view,1,True
2387,962,23046,https://drive.google.com/file/d/19dOlBCf-IoPkjjgTwgHByK1_MVNP2IIq/view,2,False
2388,962,23046,https://drive.google.com/file/d/1YJTV5q0ayf9j_j6F7JEx5WjYLBI1_M5w/view,3,False
2389,962,23046,https://drive.google.com/file/d/1mo7amwp_pCExwq8gVYj4zHf-LEOc_P78/view,4,False
2390,962,23046,https://drive.google.com/file/d/1SliJ7Gp0jn_7IiUtjzIrDBM6pglqNLtD/view,5,False
2391,962,23046,https://drive.google.com/file/d/1tTjDpkbr0p_C9M0eijtXovocCQp5Ug9J/view,6,False
2392,963,22845,https://drive.google.com/file/d/1wrKITzEn210EiQAUwrc6O42fRbI_CCeN/view,1,True
2393,963,22845,https://drive.google.com/file/d/1DLpUzPtFNCARmL1ENecyAGM1SLa88j5E/view,2,False
2394,963,22845,https://drive.google.com/file/d/1unQvQ51dzkYqPknG-H4nmVKuy6pt4hcf/view,3,False
2395,964,22856,https://drive.google.com/file/d/1Rb7I6ijxmdpfb4c6IrLEwJbowX7WN9EL/view,1,True
2396,964,22856,https://drive.google.com/file/d/1RYa5ro2Qn57ntz2MNAAnxVEhjePvrtSM/view,2,False
2397,964,22856,https://drive.google.com/file/d/1wdw2HV1GaPm8TSJV2vC2KtJF4mKoKYsO/view,3,False
2398,964,22856,https://drive.google.com/file/d/19Ip8ZayThE64v47kERRHQPwDPR974AVj/view,4,False
2399,964,22856,https://drive.google.com/file/d/1WlGaaaGCuQQKECDnIEKs7tecnJ3JDUwj/view,5,False
2400,964,22856,https://drive.google.com/file/d/17wckLzsN7xzWKTdbVghDBOkh7x9d8Q83/view,6,False
2401,965,22851,https://drive.google.com/file/d/19kesrecebUMIt6Uc1WUqwdNKizdvPFIx/view,1,True
2402,965,22851,https://drive.google.com/file/d/1QbmqlUI9zawmnhEdLcCSo20atz9sJrV4/view,2,False
2403,965,22851,https://drive.google.com/file/d/1_BmWElgEJZbRlXbQXwYU415vkBwj0vdm/view,3,False
2404,965,22851,https://drive.google.com/file/d/1wpjfOdIefVboaN6-cbbtBaXlD0Z2H-qL/view,4,False
2405,965,22851,https://drive.google.com/file/d/15g0CF-jf6ycBZ69odi9fPwkwzd7kAfM0/view,5,False
2406,965,22851,https://drive.google.com/file/d/1egNImFLpHkievMbom6iDNc3SHYcOp7VI/view,6,False
2407,966,22808,https://drive.google.com/file/d/1O7XrQrAlu-WkFi1HV1zfwkFRYCiR0Krx/view,1,True
2408,966,22808,https://drive.google.com/file/d/1hpnl6ofSCLIM7kzAs4baYa-jLDY0sAhq/view,2,False
2409,966,22808,https://drive.google.com/file/d/1WDuaWjCAffMii1qEmnvPJMDyUUpeR8UT/view,3,False
2410,967,3669,https://drive.google.com/file/d/10FMdM0c_7fJkE6YoCH7lyquiW2KZY5g6/view,1,True
2411,969,6270,https://drive.google.com/file/d/1SCoHe8OMI6qDJAEfERhLjZW6P2OBXNfz/view,1,True
2412,970,394,https://drive.google.com/file/d/105VnMhiUBCWcZHu6EjdQr0iIenQX7z7Z/view,1,True
2413,970,394,https://drive.google.com/file/d/1eXg7JgE2Ar3YjvUcC8ck5GO-h1SCsbAl/view,2,False
2414,970,394,https://drive.google.com/file/d/1ulVOvpnWJ8y1oPTjr_Y9jGKr7D8tjuI8/view,3,False
2415,971,393,https://drive.google.com/file/d/1mm0qkZolDC3ZO52idQV5TbCbNJUQsjpm/view,1,True
2416,971,393,https://drive.google.com/file/d/1i4sIPto5XQ4sUc-X-Bzia6oSUrvX9Jbi/view,2,False
2417,971,393,https://drive.google.com/file/d/1X4E5iYy_TmWdRMJ49vuLlxNuyBflyYmS/view,3,False
2418,972,18118,https://acdn-us.mitiendanube.com/stores/324/065/products/2-bbd008444de928141317628029575849-640-0.webp,1,True
2419,972,18118,https://acdn-us.mitiendanube.com/stores/324/065/products/12-0c31c3a5e45cb13de117628029577108-640-0.webp,2,False
2420,972,18118,https://acdn-us.mitiendanube.com/stores/324/065/products/web-fotos-de-articulos-skin-cf3541668e3d4efa5717622669705693-640-0.webp,3,False
2421,973,18123,https://acdn-us.mitiendanube.com/stores/324/065/products/4-fe66c7558a38ff375617628029978550-640-0.webp,1,True
2422,973,18123,https://acdn-us.mitiendanube.com/stores/324/065/products/10-51735234d0daf5f48617628029978958-640-0.webp,2,False
2423,973,18123,https://acdn-us.mitiendanube.com/stores/324/065/products/web-fotos-de-articulos-skin-9509b9dd19dd7c277d17622662821556-640-0.webp,3,False
2424,974,18143,https://acdn-us.mitiendanube.com/stores/324/065/products/6-cfe56c3a1e5d27427d17628031132443-640-0.webp,1,True
2425,974,18143,https://acdn-us.mitiendanube.com/stores/324/065/products/11-a4adb483f7ac0fc5ce17628031064841-640-0.webp,2,False
2426,974,18143,https://acdn-us.mitiendanube.com/stores/324/065/products/web-fotos-de-articulos-skin-fd45af1ff93b632bc217622666790873-640-0.webp,3,False
2427,975,18142,https://acdn-us.mitiendanube.com/stores/324/065/products/3-6f0c8a2dbe2068ca1b17628030092757-640-0.webp,1,True
2428,975,18142,https://acdn-us.mitiendanube.com/stores/324/065/products/8-4390de75b18f2c350e17628030094683-640-0.webp,2,False
2429,975,18142,https://acdn-us.mitiendanube.com/stores/324/065/products/web-fotos-de-articulos-skin-50ae0cfb1a5e68b32017622673234408-640-0.webp,3,False
2430,976,18119,https://acdn-us.mitiendanube.com/stores/324/065/products/5-ba7272f5bf165fa2dd17628030224092-640-0.webp,1,True
2431,976,18119,https://acdn-us.mitiendanube.com/stores/324/065/products/9-28cf4b86bc9c15c9c817628030225183-640-0.webp,2,False
2432,976,18119,https://acdn-us.mitiendanube.com/stores/324/065/products/web-fotos-de-articulos-skin-e8b18f66a9ac8e638017622670872427-640-0.webp,3,False
2433,977,18112,https://acdn-us.mitiendanube.com/stores/324/065/products/1-19aa4a2e9a824203ed17628029786382-640-0.webp,1,True
2434,977,18112,https://acdn-us.mitiendanube.com/stores/324/065/products/7-2e4d87f40640ed659617628029787663-640-0.webp,2,False
2435,977,18112,https://acdn-us.mitiendanube.com/stores/324/065/products/web-fotos-de-articulos-skin-a02bc8f72de3409d4517621945603435-640-0.webp,3,False
2436,978,84794,https://acdn-us.mitiendanube.com/stores/324/065/products/centella-soothing-cream-5793d998da7c99225017429169560315-640-0.webp,1,True
2437,978,84794,https://acdn-us.mitiendanube.com/stores/324/065/products/17-df3f09844c465ed3b917260610361812-640-0.webp,2,False
2438,978,84794,https://acdn-us.mitiendanube.com/stores/324/065/products/18-615974f2c0b5ae23e617260610362289-640-0.webp,3,False
2439,978,84794,https://acdn-us.mitiendanube.com/stores/324/065/products/19-133f3f85d677754b0717260610363427-640-0.webp,4,False
2440,978,84794,https://acdn-us.mitiendanube.com/stores/324/065/products/20-aed1c8c82d7381299517260610360364-640-0.webp,5,False
2441,979,84790,https://drive.google.com/file/d/15BehitZ7H9vvePnZ9IvCuz4PKw0CkBy6/view?usp=drivesdk,1,True
2442,979,84790,https://acdn-us.mitiendanube.com/stores/324/065/products/2-6be55f4a86cee292c917285647396387-640-0.webp,2,False
2443,979,84790,https://acdn-us.mitiendanube.com/stores/324/065/products/diseno-sin-titulo-ece12b4a35e916b0e617285647400079-640-0.webp,3,False
2444,979,84790,https://acdn-us.mitiendanube.com/stores/324/065/products/4-96163544acfffc699a17285647397798-640-0.webp,4,False
2445,979,84790,https://acdn-us.mitiendanube.com/stores/324/065/products/5-fec47d667a6c1ce06b17285647407307-640-0.webp,5,False
2446,980,84791,https://drive.google.com/file/d/1-1rJsSeGcqnvK2wejixRKJS_pKs6X4_p/view?usp=drivesdk,1,True
2447,981,84793,https://acdn-us.mitiendanube.com/stores/324/065/products/centella-ampoule-81d6b3d109395975d117429167843888-640-0.webp,1,True
2448,981,84793,https://acdn-us.mitiendanube.com/stores/324/065/products/diseno-sin-titulo-3062b1ded3331764ea17260600848786-640-0.webp,2,False
2449,981,84793,https://acdn-us.mitiendanube.com/stores/324/065/products/diseno-sin-titulo-0126190358c359529117260604131132-640-0.webp,3,False
2450,981,84793,https://acdn-us.mitiendanube.com/stores/324/065/products/7-3033c6bedc8b113e7717260599809250-640-0.webp,4,False
2451,981,84793,https://acdn-us.mitiendanube.com/stores/324/065/products/8-d9d596f3b3a1c356a917260599811665-640-0.webp,5,False
2452,982,18109,https://acdn-us.mitiendanube.com/stores/324/065/products/centella-toning-toner-7c6c6b57140aa6b2fa17429168035655-640-0.webp,1,True
2453,982,18109,https://acdn-us.mitiendanube.com/stores/324/065/products/22-5b8887743e0efcf46417260613851978-640-0.webp,2,False
2454,982,18109,https://acdn-us.mitiendanube.com/stores/324/065/products/23-5c16cb4456d0ac379c17260613862599-640-0.webp,3,False
2455,982,18109,https://acdn-us.mitiendanube.com/stores/324/065/products/24-ccde1546141097918f17260613857445-640-0.webp,4,False
2456,982,18109,https://acdn-us.mitiendanube.com/stores/324/065/products/25-f11c00d6bc729ca80917260613860909-640-0.webp,5,False
2457,983,17748,https://acdn-us.mitiendanube.com/stores/324/065/products/hyalu-cica-first-ampoule-e02e0784f55dbc70cb17429169759576-640-0.webp,1,True
2458,983,17748,https://acdn-us.mitiendanube.com/stores/324/065/products/47-3c7d813b2ec594058e17260627361832-640-0.webp,2,False
2459,983,17748,https://acdn-us.mitiendanube.com/stores/324/065/products/48-bace9d0bea1593f4de17260627357526-640-0.webp,3,False
2460,983,17748,https://acdn-us.mitiendanube.com/stores/324/065/products/50-093623b7edc7c58cab17260627364048-640-0.webp,4,False
2461,984,1773,https://acdn-us.mitiendanube.com/stores/324/065/products/hyalu-cica-sleeping-pack-85edfb464c924d0f2417429168826097-640-0.webp,1,True
2462,984,1773,https://acdn-us.mitiendanube.com/stores/324/065/products/99-88fd42e02570bc628717400617648103-640-0.webp,2,False
2463,984,1773,https://acdn-us.mitiendanube.com/stores/324/065/products/100-e75249d5307dae73f617400617649924-640-0.webp,3,False
2464,984,1773,https://acdn-us.mitiendanube.com/stores/324/065/products/101-faf5b21ff9721acfd417400617610608-640-0.webp,4,False
2465,984,1773,https://acdn-us.mitiendanube.com/stores/324/065/products/web-fotos-de-articulos-skin-244926169595d0c3fe17400618336640-640-0.webp,5,False
2466,985,17750,https://acdn-us.mitiendanube.com/stores/324/065/products/hyalu-cica-moisture-cream-ac37d8d94442560d8b17429170489410-640-0.webp,1,True
2467,985,17750,https://acdn-us.mitiendanube.com/stores/324/065/products/32-6f630d83e5fd1e585f17260619312888-640-0.webp,2,False
2468,985,17750,https://acdn-us.mitiendanube.com/stores/324/065/products/33-69187d6bcd52aed7ad17260619308804-640-0.webp,3,False
2469,985,17750,https://acdn-us.mitiendanube.com/stores/324/065/products/34-81bf580c6a6a31742417260619314111-640-0.webp,4,False
2470,985,17750,https://acdn-us.mitiendanube.com/stores/324/065/products/35-7268067e160e69dde517260619312618-640-0.webp,5,False
2471,986,7516,https://acdn-us.mitiendanube.com/stores/324/065/products/skinko-hyalu-teca-cream-1-946d65dc78b17e621c17842951909121-640-0.webp,1,True
2472,986,7516,https://acdn-us.mitiendanube.com/stores/324/065/products/skinko-hyalu-teca-cream-2-243555de71a217592e17842951911760-640-0.webp,2,False
2473,986,7516,https://acdn-us.mitiendanube.com/stores/324/065/products/skinko-hyalu-teca-cream-3-8cf54837117aa08cf217842951910229-640-0.webp,3,False
2474,987,7510,https://acdn-us.mitiendanube.com/stores/324/065/products/ecommerce-6-0ed03b58ddc61a9b8b17842306771940-640-0.webp,1,True
2475,987,7510,https://acdn-us.mitiendanube.com/stores/324/065/products/skinko-latam-edition-2-42d6e39d067cd32b3617842306911797-640-0.webp,2,False
2476,987,7510,https://acdn-us.mitiendanube.com/stores/324/065/products/skinko-latam-edition-3-341cdc0b43d12544ee17842306909440-640-0.webp,3,False
2477,988,7518,https://acdn-us.mitiendanube.com/stores/324/065/products/ecommerce-11-4aceb8b62e56558bfa17842962573819-640-0.webp,1,True
2478,988,7518,https://acdn-us.mitiendanube.com/stores/324/065/products/ecommerce-10-05e8bc4adb57fc399917842962581852-640-0.webp,2,False
2479,988,7518,https://acdn-us.mitiendanube.com/stores/324/065/products/ecommerce-12-8243176f4aa9894d8517842962580152-640-0.webp,3,False
2480,988,7518,https://acdn-us.mitiendanube.com/stores/324/065/products/ecommerce-13-4f31f8c3d7eb6716e317842962576822-640-0.webp,4,False
2481,988,7518,https://acdn-us.mitiendanube.com/stores/324/065/products/ecommerce-14-024408dff118f9827517842962581698-640-0.webp,5,False
2482,988,7518,https://acdn-us.mitiendanube.com/stores/324/065/products/ecommerce-15-400a99ac4fe8cd1cb517842962582598-640-0.webp,6,False
2483,988,7518,https://acdn-us.mitiendanube.com/stores/324/065/products/ecommerce-9-4e93fc04686fa1747017842962588639-640-0.webp,7,False
2484,989,7512,https://acdn-us.mitiendanube.com/stores/324/065/products/skinko-teca-line-ampoule-1-bc8c4f4c8aa02a1c1d17842314415030-640-0.webp,1,True
2485,989,7512,https://acdn-us.mitiendanube.com/stores/324/065/products/skinko-teca-line-ampoule-2-bb64d07adf61af94fb17842314451372-640-0.webp,2,False
2486,989,7512,https://acdn-us.mitiendanube.com/stores/324/065/products/skinko-teca-line-ampoule-3-a396e832d7d0ac239f17842314456080-640-0.webp,3,False
2487,990,7513,https://acdn-us.mitiendanube.com/stores/324/065/products/skinko-teca-line-cream-1-2ff083e13636c59e1a17842901262871-640-0.webp,1,True
2488,990,7513,https://acdn-us.mitiendanube.com/stores/324/065/products/skinko-teca-line-cream-2-d19708a85dccb7377b17842901266494-640-0.webp,2,False
2489,990,7513,https://acdn-us.mitiendanube.com/stores/324/065/products/skinko-teca-line-cream-3-43cf9b2ddbd90f57c417842901265030-640-0.webp,3,False
2490,991,7514,https://acdn-us.mitiendanube.com/stores/324/065/products/skinfree-hyalu-teca-ampoule-1-27705b060caad00fb617842945948971-640-0.webp,1,True
2491,991,7514,https://acdn-us.mitiendanube.com/stores/324/065/products/skinfree-hyalu-teca-ampoule-2-13f6d3a1fe1228a27317842945950524-640-0.webp,2,False
2492,991,7514,https://acdn-us.mitiendanube.com/stores/324/065/products/skinfree-hyalu-teca-ampoule-3-c888ffe78f29d4229117842945950673-640-0.webp,3,False
2493,992,7517,https://acdn-us.mitiendanube.com/stores/324/065/products/ecommerce-7-2d1183bff516a4eec317842954393957-640-0.webp,1,True
2494,992,7517,https://acdn-us.mitiendanube.com/stores/324/065/products/skinko-even-tone-kit-3-176a0240bf164cdd9317842954461350-640-0.webp,2,False
2495,992,7517,https://acdn-us.mitiendanube.com/stores/324/065/products/skinko-even-tone-kit-2-5ff9e4a8e1e5f7e45b17842954579580-640-0.webp,3,False
2496,993,7515,https://acdn-us.mitiendanube.com/stores/324/065/products/skinko-hyalu-teca-toner-1_-a7996c322d8f6f480217842947280124-640-0.webp,1,True
2497,993,7515,https://acdn-us.mitiendanube.com/stores/324/065/products/skinko-hyalu-teca-toner-2-437bd89de0e5324ae317842947286174-640-0.webp,2,False
2498,993,7515,https://acdn-us.mitiendanube.com/stores/324/065/products/skinko-hyalu-teca-toner-3-aa8fd485dc16374b4717842947282670-640-0.webp,3,False
2499,994,7511,https://acdn-us.mitiendanube.com/stores/324/065/products/skinko-teca-line-toner-1-0153a8e5e197baafe817842311192748-640-0.webp,1,True
2500,994,7511,https://acdn-us.mitiendanube.com/stores/324/065/products/skinko-teca-line-toner-2-9441c47d9b97112a0517842311241352-640-0.webp,2,False
2501,994,7511,https://acdn-us.mitiendanube.com/stores/324/065/products/skinko-teca-line-toner-3-bf320bab786ba2103317842311250221-640-0.webp,3,False
2502,995,18452,https://acdn-us.mitiendanube.com/stores/324/065/products/web-fotos-de-articulos-skin-2-4c9d06b95fb23f1e3d17575960731567-640-0.webp,1,True
2503,995,18452,https://acdn-us.mitiendanube.com/stores/324/065/products/web-fotos-de-articulos-skin-3-890e886a52c42f595c17575960728616-640-0.webp,2,False
2504,997,17051,https://acdn-us.mitiendanube.com/stores/324/065/products/centella-travel-kit-b5040d8c88e01c308317429167425817-640-0.webp,1,True
2505,997,17051,https://acdn-us.mitiendanube.com/stores/324/065/products/92-9346ae950a335c43fc17260771444810-640-0.webp,2,False
2506,997,17051,https://acdn-us.mitiendanube.com/stores/324/065/products/93-5569fb081ebd2d9d8117260771439838-640-0.webp,3,False
2507,997,17051,https://acdn-us.mitiendanube.com/stores/324/065/products/94-e99eef4b974c9eca8c17260771449643-640-0.webp,4,False
2508,998,18418,https://acdn-us.mitiendanube.com/stores/324/065/products/2-a6bbc5a3e38b50bb1817622678210233-640-0.webp,1,True
2509,999,18425,https://acdn-us.mitiendanube.com/stores/324/065/products/4-d7ec9bfdc91e4924f917622677062642-640-0.webp,1,True
2510,999,18425,https://acdn-us.mitiendanube.com/stores/324/065/products/web-fotos-de-articulos-skin-26976e9899a36872a717622677089651-640-0.webp,2,False
2511,1000,18431,https://acdn-us.mitiendanube.com/stores/324/065/products/5-9955109d76bd12ae6517622676299230-640-0.webp,1,True
2512,1000,18431,https://acdn-us.mitiendanube.com/stores/324/065/products/web-fotos-de-articulos-skin-ceb5a0b9354d2f072417622675761174-640-0.jpg,2,False
2513,1001,18454,https://acdn-us.mitiendanube.com/stores/324/065/products/6-f439d96bcc2baf17ce17622678660612-640-0.webp,1,True
2514,1001,18454,https://acdn-us.mitiendanube.com/stores/324/065/products/web-fotos-de-articulos-skin-d4bb058bc2ed44dabb17622678683868-640-0.webp,2,False
2515,1002,18455,https://acdn-us.mitiendanube.com/stores/324/065/products/3-569f39ee5b8bdafdd717622677630284-640-0.webp,1,True
2516,1002,18455,https://acdn-us.mitiendanube.com/stores/324/065/products/web-fotos-de-articulos-skin-aaf9f6398e99412f9717622677656139-640-0.webp,2,False
2517,1003,18419,https://acdn-us.mitiendanube.com/stores/324/065/products/1-9f3e0f879a2e45ade217622676589606-640-0.webp,1,True
2518,1004,14753,https://acdn-us.mitiendanube.com/stores/324/065/products/153-45c71c66b0021ef79c17546668158831-640-0.webp,1,True
2519,1004,14753,https://acdn-us.mitiendanube.com/stores/324/065/products/154-4d5cba8fbf8d2bfd5717546668215707-640-0.webp,2,False
2520,1004,14753,https://acdn-us.mitiendanube.com/stores/324/065/products/155-c3131914feb499704917546668205860-640-0.webp,3,False
2521,1005,14755,https://acdn-us.mitiendanube.com/stores/324/065/products/147-2037e1ed7feaba0ec717546646530600-640-0.webp,1,True
2522,1005,14755,https://acdn-us.mitiendanube.com/stores/324/065/products/149-ca6ed941195a4cc43417546646569850-640-0.webp,2,False
2523,1005,14755,https://acdn-us.mitiendanube.com/stores/324/065/products/148-551d33f85b09171efa17546646577842-640-0.webp,3,False
2524,1006,14758,https://acdn-us.mitiendanube.com/stores/324/065/products/135-b07bc2b027dfa0025b17551951959653-640-0.webp,1,True
2525,1006,14758,https://acdn-us.mitiendanube.com/stores/324/065/products/137-81920cbd41a215c24217551952030240-640-0.webp,2,False
2526,1006,14758,https://acdn-us.mitiendanube.com/stores/324/065/products/138-0570ebbd724156755417551952032205-640-0.webp,3,False
2527,1006,14758,https://acdn-us.mitiendanube.com/stores/324/065/products/136-3c1effd77982caf97717551952020010-640-0.webp,4,False
2528,1007,14760,https://acdn-us.mitiendanube.com/stores/324/065/products/131-b43b1e6f18db3cd52917551942738305-640-0.webp,1,True
2529,1007,14760,https://acdn-us.mitiendanube.com/stores/324/065/products/132-b816ee9ab15fd4f8b617551942805819-640-0.webp,2,False
2530,1007,14760,https://acdn-us.mitiendanube.com/stores/324/065/products/134-dde80486cdbaa31a6717551942791292-640-0.webp,3,False
2531,1007,14760,https://acdn-us.mitiendanube.com/stores/324/065/products/133-ec17d9677a11ac523c17551942880426-640-0.webp,4,False
2532,1008,14778,https://acdn-us.mitiendanube.com/stores/324/065/products/139-dee1a14512f5e4e1b217551948063330-640-0.webp,1,True
2533,1008,14778,https://acdn-us.mitiendanube.com/stores/324/065/products/141-59fa1281466f02febc17551948121984-640-0.webp,2,False
2534,1008,14778,https://acdn-us.mitiendanube.com/stores/324/065/products/140-a8e64821a23c023dea17551948138787-640-0.webp,3,False
2535,1008,14778,https://acdn-us.mitiendanube.com/stores/324/065/products/142-d3bf8fb92b6c74774b17551948096654-640-0.webp,4,False
2536,1009,1774,https://acdn-us.mitiendanube.com/stores/324/065/products/poremizing-quick-clay-stick-mask-3c293aa47b6b8421e417429170939916-640-0.webp,1,True
2537,1009,1774,https://drive.google.com/file/d/1Ean1cQ3ggctltIHpgfxuQlrKJYXWSpO1/view?usp=drivesdk,2,False
2538,1010,84799,https://acdn-us.mitiendanube.com/stores/324/065/products/poremizing-fresh-ampoule-91f14368771a1edeaa17429168240791-640-0.webp,1,True
2539,1011,14789,https://acdn-us.mitiendanube.com/stores/324/065/products/skinfree-probio-cica-bakuchiol-eye-cream-1-142175f145efbf2a6517847363131624-640-0.webp,1,True
2540,1011,14789,https://acdn-us.mitiendanube.com/stores/324/065/products/skinfree-probio-cica-bakuchiol-eye-cream-2-e2b4497eee8630d43717847363133558-640-0.webp,2,False
2541,1011,14789,https://acdn-us.mitiendanube.com/stores/324/065/products/skinfree-probio-cica-bakuchiol-eye-cream-4-51ba9b03a992055ade17847363133038-640-0.webp,3,False
2542,1011,14789,https://acdn-us.mitiendanube.com/stores/324/065/products/skinfree-probio-cica-bakuchiol-eye-cream-3-c7746d249ab9bc8e0a17847363132722-640-0.webp,4,False
2543,1012,84802,https://acdn-us.mitiendanube.com/stores/324/065/products/probio-cica-enrich-cream-1ac80dcbd8a4e3321f17429170133772-640-0.webp,1,True
2544,1013,18110,https://acdn-us.mitiendanube.com/stores/324/065/products/probio-cica-essence-toner-eae47d1712ed3fb48417429169005595-640-0.webp,1,True
2545,1013,18110,https://acdn-us.mitiendanube.com/stores/324/065/products/67-234cb8a7a5155ce14e17260641466831-640-0.webp,2,False
2546,1013,18110,https://acdn-us.mitiendanube.com/stores/324/065/products/68-4ce8abd4e32099327b17260641460755-640-0.webp,3,False
2547,1013,18110,https://acdn-us.mitiendanube.com/stores/324/065/products/69-9edaef7b0793a47afc17260641464526-640-0.webp,4,False
2548,1013,18110,https://acdn-us.mitiendanube.com/stores/324/065/products/70-0501f499d81eee18ed17260641462709-640-0.webp,5,False
2549,1014,84801,https://acdn-us.mitiendanube.com/stores/324/065/products/probio-cica-intensive-ampoule-05ac9a5a4c519a3da617429169184357-640-0.webp,1,True
2550,1015,14757,https://acdn-us.mitiendanube.com/stores/324/065/products/150-2db58449a5f4be0e9c17546656076155-640-0.webp,1,True
2551,1015,14757,https://acdn-us.mitiendanube.com/stores/324/065/products/151-a30e4d7fed1087718217546656130231-640-0.webp,2,False
2552,1015,14757,https://acdn-us.mitiendanube.com/stores/324/065/products/152-ce9ee5bd23ba38b26617546656123476-640-0.webp,3,False
2553,1016,17752,https://acdn-us.mitiendanube.com/stores/324/065/products/4-9b4ac4bb416a083c1017551965155334-640-0.webp,1,True
2554,1016,17752,https://acdn-us.mitiendanube.com/stores/324/065/products/6-44d46306c4947174ad17551965156916-640-0.webp,2,False
2555,1016,17752,https://acdn-us.mitiendanube.com/stores/324/065/products/7-3487387a1370b5339317551965157264-640-0.webp,3,False
2556,1017,84800,https://acdn-us.mitiendanube.com/stores/324/065/products/tea-trica-bha-foam-5d1071560f4fc5e4d517429172736615-640-0.webp,1,True
2557,1017,84800,https://acdn-us.mitiendanube.com/stores/324/065/products/57-06350f40caf44b363317260636351115-640-0.webp,2,False
2558,1017,84800,https://acdn-us.mitiendanube.com/stores/324/065/products/web-fotos-de-articulos-skin100-f7a30f1ae5a3033f3817260645060349-640-0.webp,3,False
2559,1017,84800,https://acdn-us.mitiendanube.com/stores/324/065/products/59-7376f296836eb22b8b17260636351636-640-0.webp,4,False
2560,1017,84800,https://acdn-us.mitiendanube.com/stores/324/065/products/60-f746088f0baad6ec2817260636349508-640-0.webp,5,False
2561,1018,18108,https://acdn-us.mitiendanube.com/stores/324/065/products/tea-trica-relief-ampoule-b8c39392bf72aa650117429171829611-640-0.webp,1,True
2562,1018,18108,https://acdn-us.mitiendanube.com/stores/324/065/products/53-71faba1418a7377e5717260634415107-640-0.webp,2,False
2563,1018,18108,https://acdn-us.mitiendanube.com/stores/324/065/products/54-584136b03f796bab5717260634425142-640-0.webp,3,False
2564,1018,18108,https://acdn-us.mitiendanube.com/stores/324/065/products/55-6b6b834ded8b26274017260634425718-640-0.webp,4,False
2565,1018,18108,https://acdn-us.mitiendanube.com/stores/324/065/products/52-e9cd0a90b29048184917260634425430-640-0.webp,5,False
2566,1019,1776,https://acdn-us.mitiendanube.com/stores/324/065/products/tone-brightening-capsule-cream-5bae7988c5c54b6ad817429169965159-640-0.webp,1,True
2567,1019,1776,https://acdn-us.mitiendanube.com/stores/324/065/products/107-9693b53afa5434d9a717400625339588-640-0.webp,2,False
2568,1019,1776,https://acdn-us.mitiendanube.com/stores/324/065/products/108-9603bc5d27577aa8d917400625336460-640-0.webp,3,False
2569,1019,1776,https://acdn-us.mitiendanube.com/stores/324/065/products/110-b52cd7d48a00381d6917400625321130-640-0.webp,4,False
2570,1019,1776,https://acdn-us.mitiendanube.com/stores/324/065/products/109-9c4af3d935a9a4009017400625330523-640-0.webp,5,False
2571,1020,1802,https://drive.google.com/file/d/10w4_3KbHvbg-6n2tpy9EhOIrorWhwXT0/view?usp=drivesdk,1,True
2572,1021,84798,https://drive.google.com/file/d/1y9YbvBQZ8JdMOlrRX0UJJPYuru_C2bN7/view?usp=drivesdk,1,True
2573,1021,84798,https://acdn-us.mitiendanube.com/stores/324/065/products/88-011d04d45dcc0d04a417362784816299-640-0.webp,2,False
2574,1021,84798,https://acdn-us.mitiendanube.com/stores/324/065/products/90-3c121beedf9a612be717362784797319-640-0.webp,3,False
2575,1021,84798,https://acdn-us.mitiendanube.com/stores/324/065/products/91-b2f714bb053d9ef63317362784789476-640-0.webp,4,False
2576,1022,1804,https://acdn-us.mitiendanube.com/stores/324/065/products/tone-brightening-boosting-toner-ddca18ec2864783f8617429168445147-640-0.webp,1,True
2577,1022,1804,https://acdn-us.mitiendanube.com/stores/324/065/products/112-fe0fa0f2610fb8f4f017400627234208-640-0.webp,2,False
2578,1022,1804,https://acdn-us.mitiendanube.com/stores/324/065/products/113-5b61c4880621e3d34317400627213832-640-0.webp,3,False
2579,1022,1804,https://acdn-us.mitiendanube.com/stores/324/065/products/114-fa24e4ef74b108e82e17400627238742-640-0.webp,4,False
2580,1022,1804,https://acdn-us.mitiendanube.com/stores/324/065/products/111-bd76dc24bd2e692f4317400627254465-640-0.webp,5,False
2581,1029,84795,https://acdn-us.mitiendanube.com/stores/324/065/products/centella-air-fit-suncream-plus-e66e63d69fc946759517429171177542-640-0.webp,1,True
2582,1029,84795,https://acdn-us.mitiendanube.com/stores/324/065/products/28-cdbd7ce14f843eabcd17260616066271-640-0.webp,2,False
2583,1029,84795,https://acdn-us.mitiendanube.com/stores/324/065/products/29-628644c3e69d054d4b17260616070111-640-0.webp,3,False
2584,1029,84795,https://acdn-us.mitiendanube.com/stores/324/065/products/30-2cd47d51b18789604217260616063947-640-0.webp,4,False
2585,1030,84796,https://drive.google.com/file/d/1OBRpLT14DPBaafD6t9uLDu_q57WM_xep/view?usp=drivesdk,1,True
2586,1030,84796,https://acdn-us.mitiendanube.com/stores/324/065/products/web-fotos-de-articulos-skin100-59f13802f300f5e97c17260623900088-640-0.webp,2,False
2587,1030,84796,https://acdn-us.mitiendanube.com/stores/324/065/products/39-4fbdd3a1a13be5f1c017260621628428-640-0.webp,3,False
2588,1030,84796,https://acdn-us.mitiendanube.com/stores/324/065/products/40-30ee63a5f09e21a64117260621632854-640-0.webp,4,False
2589,1031,84797,https://acdn-us.mitiendanube.com/stores/324/065/products/hyalu-cica-silky-fit-sun-stick-8d52da32b9f90f0cec17429173228196-640-0.webp,1,True
2590,1031,84797,https://acdn-us.mitiendanube.com/stores/324/065/products/42-596515bcb7c029229f17260625407053-640-0.webp,2,False
2591,1031,84797,https://acdn-us.mitiendanube.com/stores/324/065/products/43-484431607d5a5ce13817260625405148-640-0.webp,3,False
2592,1031,84797,https://acdn-us.mitiendanube.com/stores/324/065/products/44-a8741c6ec9a6e804b117260625404278-640-0.webp,4,False
2593,1031,84797,https://drive.google.com/file/d/13vu9ayK9E44IVEaOO-PXaSGyZzeK7zi8/view?usp=drivesdk,5,False
2594,1034,19813,https://acdn-us.mitiendanube.com/stores/324/065/products/deep-cleanse-bfeffc61ab721b422c17564099332032-640-0.webp,1,True
2595,1034,19813,https://acdn-us.mitiendanube.com/stores/324/065/products/web-fotos-de-articulos-skin-5883699ca981222d9b17575985333620-640-0.webp,2,False
2596,1034,19813,https://acdn-us.mitiendanube.com/stores/324/065/products/web-fotos-de-articulos-skin-6-4b60116c35628b91f217501896403313-640-0.webp,3,False
2597,1034,19813,https://acdn-us.mitiendanube.com/stores/324/065/products/web-fotos-de-articulos-skin-5-045b39a755178a2c1e17501896351594-640-0.webp,4,False
2598,1035,19808,https://acdn-us.mitiendanube.com/stores/324/065/products/web-fotos-de-articulos-skin-9-1f713da381d58799a117501903066532-640-0.webp,1,True
2599,1035,19808,https://acdn-us.mitiendanube.com/stores/324/065/products/web-fotos-de-articulos-skin-10-71ce2ab469f2f92d3317501903076545-640-0.webp,2,False
2600,1035,19808,https://acdn-us.mitiendanube.com/stores/324/065/products/web-fotos-de-articulos-skin-8-981079ef3679415c8417501903131285-640-0.webp,3,False
2601,1036,19828,https://acdn-us.mitiendanube.com/stores/324/065/products/mascarillas-c84473b97951182cd117635626786041-640-0.webp,1,True
2602,1037,19566,https://acdn-us.mitiendanube.com/stores/324/065/products/hidratacion-intensa-68d38a70e6f93b99fb17597567204071-640-0.webp,1,True
2603,1037,19566,https://acdn-us.mitiendanube.com/stores/324/065/products/77-596d91439357440d2917551123753206-640-0.webp,2,False
2604,1038,19795,https://acdn-us.mitiendanube.com/stores/324/065/products/0656a83e-064f-48c5-aa7d-d3614557a8e9-b2ec0e080b6499502717501915748363-640-0.webp,1,True
2605,1038,19795,https://acdn-us.mitiendanube.com/stores/324/065/products/set-1-3-0404e332c586cb8c9917442261928274-640-0.webp,2,False
2606,1040,19800,https://acdn-us.mitiendanube.com/stores/324/065/products/poros-dilatados-6303f267dc297cdd8017597567059256-640-0.webp,1,True
2607,1041,19817,https://acdn-us.mitiendanube.com/stores/324/065/products/web-fotos-de-articulos-skin-2a8986e41db167353617501888478192-640-0.webp,1,True
2608,1042,19563,https://acdn-us.mitiendanube.com/stores/324/065/products/reafirmante-726291c9633beecf3217609626079395-640-0.webp,1,True
2609,1042,19563,https://acdn-us.mitiendanube.com/stores/324/065/products/17-c7f531de9c2cc049a617551124555464-640-0.webp,2,False
2610,1042,19563,https://acdn-us.mitiendanube.com/stores/324/065/products/151-6c36ec5398b92a5e7e17551124632946-640-0.webp,3,False
2611,1044,19827,https://acdn-us.mitiendanube.com/stores/324/065/products/web-fotos-de-articulos-skin-7-c2d595c4eb4a4ec0e717501899418596-640-0.webp,1,True
2612,1044,19827,https://acdn-us.mitiendanube.com/stores/324/065/products/web-fotos-de-articulos-skin-5-6e23286340de282bda17501899421390-640-0.webp,2,False
2613,1044,19827,https://acdn-us.mitiendanube.com/stores/324/065/products/web-fotos-de-articulos-skin-2-c4fb0adf056601b36317501899485453-640-0.webp,3,False
2614,1044,19827,https://acdn-us.mitiendanube.com/stores/324/065/products/web-fotos-de-articulos-skin-3-ecec55c8ec4f5aeb5717501899494193-640-0.webp,4,False
2615,1047,19781,https://acdn-us.mitiendanube.com/stores/324/065/products/mesa-de-trabajo-3-2e18f5e4292b3a5abb17688480906951-640-0.webp,1,True
2616,1050,19754,https://acdn-us.mitiendanube.com/stores/324/065/products/mesa-de-trabajo-5-f0d889515d6f72815117688480401935-640-0.webp,1,True
2617,1053,24398,https://drive.google.com/file/d/1qn6qllZSKwfiWCrrdziUZ9yIGZwgBdvY/view,1,True
2618,1053,24398,https://drive.google.com/file/d/1bFGhArYi_W-KI0RtHLzqMqUeqS-5hJlI/view,2,False
2619,1053,24398,https://drive.google.com/file/d/1LRPiOeZ5wglvQ62ifrb5xAx9ETxqxIVP/view,3,False
2620,1053,24398,https://drive.google.com/file/d/1C1HZUUrbi4NhYIlobNNDXraUhUL9L1aY/view,4,False
2621,1054,26031,https://drive.google.com/file/d/15Rt1eCmT62v4F_PTh0iiNG7areQ_FaPP/view,1,True
2622,1054,26031,https://drive.google.com/file/d/1FKIltyu33qOizG4_9tbJzCK3J4VFcjAs/view,2,False
2623,1054,26031,https://drive.google.com/file/d/1zVr63ktX6MCdYfAHcCSdxni0Ywp4i-Ww/view,3,False
2624,1055,24401,https://drive.google.com/file/d/1AOPRwHQ0uMe8W0dUrg601vaUAoXcO_az/view,1,True
2625,1055,24401,https://drive.google.com/file/d/1iDJst0Xo3Ta4ElUA3gIbMzcJOQQkOsRs/view,2,False
2626,1055,24401,https://drive.google.com/file/d/158qbj0AXMlXfVLuZRWq_rEZyR-6KxWT4/view,3,False
2627,1056,24402,https://drive.google.com/file/d/12JcS8WZ-pv2T-580x589ukg1WKZ1k20S/view,1,True
2628,1056,24402,https://drive.google.com/file/d/11i_S-oRMDxEl3ZeNp-viFCGibL25Gi8T/view,2,False
2629,1056,24402,https://drive.google.com/file/d/1I9iaydGlmsLdH7hpNtgYgqToh3zmBih0/view,3,False
2630,1056,24402,https://drive.google.com/file/d/1RBYOUqEwNvbvSgxDXe1Azdlwsip7_JWu/view,4,False
2631,1057,26030,https://drive.google.com/file/d/12nMK2fZRzZB9Oce6xJA1-h3myK9OVWqF/view,1,True
2632,1057,26030,https://drive.google.com/file/d/1ZQ2Q_r8Ez0ujPwObcnYX7KL1t7QVMuFA/view,2,False
2633,1057,26030,https://drive.google.com/file/d/1fYr1_56vo4oRGNP9taGcQM3QrilB7plc/view,3,False
2634,1058,24404,https://drive.google.com/file/d/1qZQndU6sDRNDrT0wBJDf_EaSe3Hmd3Yv/view,1,True
2635,1058,24404,https://drive.google.com/file/d/1HWn-vZfNLIooRXU7zJZXsyUCC_UvfGzU/view,2,False
2636,1058,24404,https://drive.google.com/file/d/1O0HhlG9RvX9NE0zWEiSB3HmdeGtoME6h/view,3,False
2637,1058,24404,https://drive.google.com/file/d/10xUzouvp1ByvBZb_IADmn3t-CE0z3crI/view,4,False
2638,1059,26034,https://drive.google.com/file/d/1qanBdsHJxE3QTQ1UnED5a-keKNtOAXHz/view,1,True
2639,1059,26034,https://drive.google.com/file/d/1iwqvTRr5wHEHPQ2q6MJ_cilYXPWF72ip/view,2,False
2640,1059,26034,https://drive.google.com/file/d/1TszuWB5tCsniVOvHOpWJZjp5ke-OM56r/view,3,False
2641,1059,26034,https://drive.google.com/file/d/1yjd8aWQy2UrDobue-xCaK97aT-_oTGl_/view,4,False
2642,1060,24552,https://drive.google.com/file/d/1ygdEZnxrD3bT7OefJZh-1WkEalo0R7E2/view,1,True
2643,1060,24552,https://drive.google.com/file/d/1iChVVEzue3j3gYbk3wtpEsexo4gcWTtb/view,2,False
2644,1060,24552,https://drive.google.com/file/d/1s9zrXyw5aEGQ4Ikg90puyNp4Fc3BopJV/view,3,False
2645,1060,24552,https://drive.google.com/file/d/1Y0hMz7da1FHktu8uT21x86SO7Ye7OENS/view,4,False
2646,1061,24539,https://drive.google.com/file/d/1l7I6hzbO3z1BjznuW8xTc3_5hfhb39jd/view,1,True
2647,1061,24539,https://drive.google.com/file/d/14K3zYEGYSDueRQ8-XMhFRfpRa3hsl1GW/view,2,False
2648,1061,24539,https://drive.google.com/file/d/1dopJk4ImMewwYSEyiMcIBh9YandXb3Wl/view,3,False
2649,1061,24539,https://drive.google.com/file/d/1bKEAZokp_VnGWA6-1yHVVy8vnQZYimIO/view,4,False
2650,1062,24538,https://drive.google.com/file/d/1-vYEZ3nh514vx2Xg0MsTLyNG14fk4RLY/view,1,True
2651,1062,24538,https://drive.google.com/file/d/1P8DelXYYUNXelxsHLNVHpsuXSWAxK9pG/view,2,False
2652,1062,24538,https://drive.google.com/file/d/1gegSM5TfntsKXDkwt8e3rwXoQcwwOANs/view,3,False
2653,1063,25997,https://drive.google.com/file/d/1UCsaEgXm6fpPSOgss4kWcOSihzqOyIiW/view,1,True
2654,1064,24540,https://drive.google.com/file/d/1eo75zFa_jRxGmt3ME57qqSH3UrmqcO_n/view,1,True
2655,1064,24540,https://drive.google.com/file/d/1qxV6hwwOYYtj8vZwk9ollHwuxifbsi0a/view,2,False
2656,1064,24540,https://drive.google.com/file/d/14fqqhti6E5krEBzIYrxQ2neQAoscd6xv/view,3,False
2657,1065,24551,https://drive.google.com/file/d/1SCzLllEStX9NM5JaiIWwBihvmjJ_Yvok/view,1,True
2658,1065,24551,https://drive.google.com/file/d/1k7wReEeVoVXmPVcHOUG5OasFCNBTA1r9/view,2,False
2659,1065,24551,https://drive.google.com/file/d/1p5DvgbCl7RoLjhQy57hfjiCDYjCikYu3/view,3,False
2660,1066,26032,https://drive.google.com/file/d/1ReEieiEKnf4RGiBIbv5LUH75g0iFglHv/view,1,True
2661,1066,26032,https://drive.google.com/file/d/1EZqj0IH7NqZTNiG-AY-yEyZSbV966eRH/view,2,False
2662,1066,26032,https://drive.google.com/file/d/14yo7nvBX34zLYbiAo7YCVsVabT3MuxCE/view,3,False
2663,1067,26033,https://drive.google.com/file/d/1uCaqR_-z_HADDPhNdos__7C1GJ5pHarB/view,1,True
2664,1067,26033,https://drive.google.com/file/d/1w4f-bzutsZpLs2Vy0QBpVI_maIBt_-TG/view,2,False
2665,1067,26033,https://drive.google.com/file/d/1SS9klRqa_Z4TWR4xImNV2ZQ75XEKwa1P/view,3,False
2666,1068,26036,https://drive.google.com/file/d/1iBUQgJZWQaVVbt9m8_psz2z76OolmtlQ/view,1,True
2667,1068,26036,https://drive.google.com/file/d/1BDl1NV_vpsK3H26fX_5RulctJlMB5AFs/view,2,False
2668,1068,26036,https://drive.google.com/file/d/11VXwCPGAPteW8SWeXpwYRYRtHINPSNY3/view,3,False
2669,1068,26036,https://drive.google.com/file/d/1hroABxO5BLBuoo8KEFF71LlJuDjA9jF4/view,4,False
2670,1069,26037,https://drive.google.com/file/d/1c5_1Z6OJVrfZ8sr5ABTeCPAVLqbAjPmU/view,1,True
2671,1069,26037,https://drive.google.com/file/d/1U5i5Kskl48gqMxfsWIJ1PMn8-_UlIo7q/view,2,False
2672,1069,26037,https://drive.google.com/file/d/1tGiODVlMBevzU3VgOMdqdXG04cTm0kVW/view,3,False
2673,1069,26037,https://drive.google.com/file/d/1bkWey0kV-A4DN_PLAN5Dj0pIwNgOXjta/view,4,False
2674,1070,25274,https://drive.google.com/file/d/1DM5yvmSUTKcDKFIlHDZ-_amsX5UALTPb/view,1,True
2675,1070,25274,https://drive.google.com/file/d/1JG4fEjo7MlJXtVZVOFaNz51UV3i0Pbj-/view,2,False
2676,1070,25274,https://drive.google.com/file/d/1qRiN8rdqrClsc5Z0LEVreJZyKKZwFC_6/view,3,False
2677,1071,25261,https://drive.google.com/file/d/1uhUPcVThCekrBgddpheryQpw6Tfhby3Q/view,1,True
2678,1071,25261,https://drive.google.com/file/d/1lI-8LpwkvRziRlsKfQCkw2KattT_MN6U/view,2,False
2679,1071,25261,https://drive.google.com/file/d/154zTWSyqzS7TeReHlCmh06t1OHZ1wdtO/view,3,False
2680,1072,25245,https://drive.google.com/file/d/1spS5ajG1ZGPYR4LRIyHSfpLqthca2WwR/view,1,True
2681,1072,25245,https://drive.google.com/file/d/1u73zG_By4TrJ1SJaedWE0Vw1jcgS08LW/view,2,False
2682,1072,25245,https://drive.google.com/file/d/1YcAKnzopyL77wGiutTj5cM7zJ546PsrY/view,3,False
2683,1072,25245,https://drive.google.com/file/d/1dKZrAQJWKyn_RnWki31S5OBqO_CzYAFn/view,4,False
2684,1073,25244,https://drive.google.com/file/d/1piYKewmzie2p9CU7nErIvFZupQXjZPkG/view,1,True
2685,1073,25244,https://drive.google.com/file/d/1h54BkbL08MicuZ1zIFCsmua6bdgqtZxr/view,2,False
2686,1073,25244,https://drive.google.com/file/d/1wWOXOWn7J0Ql_xxeaadvst2z11GuxMD_/view,3,False
2687,1074,25276,https://drive.google.com/file/d/1wtvNsGD9jEhn7w1cH8FMoIjHaT7uL7n5/view,1,True
2688,1074,25276,https://drive.google.com/file/d/1ZfZO-PBsSyBk-s0DvL8_vmm8Hrhqvhjn/view,2,False
2689,1074,25276,https://drive.google.com/file/d/1DvEa7qiuQHwP_0_b6_CjezlLWiu1kp5p/view,3,False
2690,1074,25276,https://drive.google.com/file/d/1CBZs6ERIgm0BxdT5EXm9vXQnpESzjxM8/view,4,False
2691,1075,25281,https://drive.google.com/file/d/1WKDmvp4MxxouJjC1UcM9mSIXUGglAYL_/view,1,True
2692,1075,25281,https://drive.google.com/file/d/1Mmg6WNdVW2QpZEOo_TYeQgo0LfiatNjZ/view,2,False
2693,1075,25281,https://drive.google.com/file/d/1xwKFqBIU5FzDstwCFkBVlTVBl1AmjCEK/view,3,False
2694,1075,25281,https://drive.google.com/file/d/1FvDaFpbncu21rLHrp6BGltkfm9hepPtV/view,4,False
2695,1076,25290,https://drive.google.com/file/d/1lG2t9HDkN2G3u9Julfq1GhriWElr1lCa/view,1,True
2696,1076,25290,https://drive.google.com/file/d/1da0yF6W7awESlpNUOuB1kYoe4wWPoYwr/view,2,False
2697,1076,25290,https://drive.google.com/file/d/1hmVcCDBjBzsWdG0LLwD0PbDE_A09MNnI/view,3,False
2698,1077,25283,https://drive.google.com/file/d/1bFLBEV51GTHc9Uyimt1pnGR3kgY6MS4z/view,1,True
2699,1077,25283,https://drive.google.com/file/d/1fXyjRF5vloLEXRHkXwMy0yAWS_GTn8Wz/view,2,False
2700,1077,25283,https://drive.google.com/file/d/1GR0TurHlDT5CtI1CoRrJHI6HdLN_YGSV/view,3,False
2701,1077,25283,https://drive.google.com/file/d/1qO37aBGZu8LAn0vqSDuNpbPkoEnX5JHS/view,4,False
2702,1078,25367,https://drive.google.com/file/d/1g_nDnIcWdhyxfDOpgVVeXXmxaSiWUtCg/view,1,True
2703,1078,25367,https://drive.google.com/file/d/1cRvvM8N2jfyS-qgDY0PqodnNPGrf4hQP/view,2,False
2704,1078,25367,https://drive.google.com/file/d/1sdLYcgnM9x4PfGAk17Takgict-Y9BJcm/view,3,False
2705,1078,25367,https://drive.google.com/file/d/1fNpsqxwo8t2EUphizrGZXV2gaZHW8yzE/view,4,False
2706,1079,25324,https://drive.google.com/file/d/1_9ZH2zX5lw-bYTgIUydqyMrRZeqDb3gv/view,1,True
2707,1079,25324,https://drive.google.com/file/d/1PtGdb9BkEuAddsklux0icxBoQWEntHMc/view,2,False
2708,1079,25324,https://drive.google.com/file/d/1830eavfwvMQbxAkI3eCOUvbeaQdw86-0/view,3,False
2709,1080,25320,https://drive.google.com/file/d/1d1c-Uhg0P94Y1nTXwwUlonR6MuG1ISZE/view,1,True
2710,1080,25320,https://drive.google.com/file/d/1SfZTfFEWgi8toCaalnL12uXVrpb4VtHG/view,2,False
2711,1080,25320,https://drive.google.com/file/d/1IqSoN1Q5V7UwiMED5lWF9yC68V4g2dtp/view,3,False
2712,1081,25282,https://drive.google.com/file/d/12kqdwM8jSPs4Tnj7IoB9qjDZOfdWfZJ_/view,1,True
2713,1081,25282,https://drive.google.com/file/d/1sIPJuug7O8yhTPEeSQZub1L2N02JoJg3/view,2,False
2714,1081,25282,https://drive.google.com/file/d/1kvvH9_UVGCDiIoyZwJ9UTkRTuzJ5JUuB/view,3,False
2715,1081,25282,https://drive.google.com/file/d/1VTaaCDpJlF2_mk-RWLvH6HC45miKW4ZN/view,4,False
2716,1082,1318,https://drive.google.com/file/d/1g5TQKoI1TWDDf_VPSYQtyROOChAVu6qu/view,1,True
2717,1082,1318,https://drive.google.com/file/d/1on_OBFx8r4C6pSq212G2ID1CPzvbk9XN/view,2,False
2718,1082,1318,https://drive.google.com/file/d/1e-tMgJQipJH4kEBD2tRtqCWdSVx3xQXC/view,3,False
2719,1083,1402,https://drive.google.com/file/d/1ipxUOydqba2PTDoNqpCEmfyG9p6hW5Ln/view,1,True
2720,1083,1402,https://drive.google.com/file/d/1sYVpYWbF1KkW37MWmC7gtzYgajZ6G7Gl/view,2,False
2721,1083,1402,https://drive.google.com/file/d/1TQ_bM0iXsPcTR1MGic7NBHb9JAzr7_Ki/view,3,False
2722,1084,1366,https://drive.google.com/file/d/1_TSqKYT2Jdz-csS0fYpwjL9esJZt1FUM/view,1,True
2723,1084,1366,https://drive.google.com/file/d/1GnUTBj7as5NqFhrUKX3sKSvuDQIfHunF/view,2,False
2724,1084,1366,https://drive.google.com/file/d/1Dq2zCQuX93Gzh73OZ7XA97aKRTGpgrE1/view,3,False
2725,1085,1475,https://drive.google.com/file/d/1e5ZS8b6urgX8iaf8GosmsDN8rHgW7eP5/view,1,True
2726,1085,1475,https://drive.google.com/file/d/1VXlzZCZzL9LQYvjF3vac2-q2MTdnP0sr/view,2,False
2727,1085,1475,https://drive.google.com/file/d/1QGQEa4ejq5mdNqT4W7_Quq4Uk6YazdfS/view,3,False
2728,1086,22254,https://drive.google.com/file/d/1K3IE33wRSVKOVxJDqAPK2KWPaX2qFwJ5/view,1,True
2729,1086,22254,https://drive.google.com/file/d/14iMdJC6eV1qx1AOIIlwG5ArsYojyJgGC/view,2,False
2730,1086,22254,https://drive.google.com/file/d/1JV0Q96oTeOCIpzVDwJcg5nQnWIIO_vWP/view,3,False
2731,1086,22254,https://drive.google.com/file/d/1GPXJ1TG_8AIivUG4-Qw63Z-YjFEEQ8xc/view,4,False
2732,1087,22258,https://drive.google.com/file/d/1ehR1DLoEEDZAVWrfER2fs21eq1qKxHBR/view,1,True
2733,1087,22258,https://drive.google.com/file/d/1Mk4hpcB2X1a5OeW_8gmdiuxOyDEDYvAy/view,2,False
2734,1087,22258,https://drive.google.com/file/d/10FiKBcl0rzjTNWlseaz7amcQ1HKAxEpI/view,3,False
2735,1087,22258,https://drive.google.com/file/d/1uTkNeZ1y5qL4uqg2a4OZLrQZL5cWedk8/view,4,False
2736,1088,22260,https://drive.google.com/file/d/1lLC2WHbbkOcAqPTc5-n_UuDPcINhGYRm/view,1,True
2737,1088,22260,https://drive.google.com/file/d/1sc3dtEDvZmgrhv0-kvZm8BBTgFTd4qD7/view,2,False
2738,1088,22260,https://drive.google.com/file/d/1U0lA6ygY3K4TX3fE_E5n4aS6zYzPQNpL/view,3,False
2739,1088,22260,https://drive.google.com/file/d/1cV35ktfinLQp2nrKSo_hk2Yn5ChCG0Xv/view,4,False
2740,1089,22261,https://drive.google.com/file/d/103anwsbgBjCt74EXQ_QNOjJjysAcLsdQ/view,1,True
2741,1089,22261,https://drive.google.com/file/d/1N6b6hJUh9g8E-MRmHBccRuPTwmUuJopk/view,2,False
2742,1089,22261,https://drive.google.com/file/d/1a61kpIJ9Lzp_S812UEgUECrXu6nXBqig/view,3,False
2743,1089,22261,https://drive.google.com/file/d/1QkDmQd-OFtR4Lh3-htPOfhvFcTfMUWxe/view,4,False
2744,1090,22262,https://drive.google.com/file/d/1hvVweFK-rdvQor056R26htpGI_V_8D0J/view,1,True
2745,1090,22262,https://drive.google.com/file/d/19CBUI6IrvkZqsepwkKh8StV5O7hSNxcw/view,2,False
2746,1090,22262,https://drive.google.com/file/d/1kVbiVFxwoArWn6mxlsU-bZlkzLdQnU4B/view,3,False
2747,1090,22262,https://drive.google.com/file/d/1JfxyyaRe_1BxWnvFsYQcVyU5nUVDsToc/view,4,False
2748,1091,22223,https://drive.google.com/file/d/1PAg3XnAi2MOpU0IF-IUQ5GDrDRi2-sVR/view,1,True
2749,1091,22223,https://drive.google.com/file/d/1_WvdsZ7eQs97Ma8lCDeEmD03c2XtEPrv/view,2,False
2750,1091,22223,https://drive.google.com/file/d/15zjeu4FGErhIO_tyeijBCkPe3W7cl0of/view,3,False
2751,1091,22223,https://drive.google.com/file/d/16ShQvbCNgUrO5AGZd1RJlYalhm7uynE5/view,4,False
2752,1091,22223,https://drive.google.com/file/d/1-K0aSq5X9xcJK0qCIw6oJh0UEbzMjMi9/view,5,False
2753,1091,22223,https://drive.google.com/file/d/1Sebe3vTtOLqEp8kyCGr60tzzGyJn6G4p/view,6,False
2754,1092,22239,https://drive.google.com/file/d/1YWxREyCCGCRRBdwrerqsjnrVEAVk55LZ/view,1,True
2755,1092,22239,https://drive.google.com/file/d/1KPMPBhppJnbW2E6ea_XO7wEnUX4PlN79/view,2,False
2756,1092,22239,https://drive.google.com/file/d/1oxeb6v1UPonuvScOkgyjwRykmUDXk36S/view,3,False
2757,1092,22239,https://drive.google.com/file/d/16ZnRNuK6ry8L_9Rc3Wr2gVkrn5DT40Yq/view,4,False
2758,1092,22239,https://drive.google.com/file/d/1N0AcISG2I3-mnjU0Nhc3GVvACUwmTOmN/view,5,False
2759,1092,22239,https://drive.google.com/file/d/1F3e0KEkEAhZQH32X-i2lew4UV0jZ8QlE/view,6,False
2760,1093,22181,https://drive.google.com/file/d/1BrOvK5p2WwLDqJ-pY9q48VcUWRwJftwn/view,1,True
2761,1093,22181,https://drive.google.com/file/d/1fURI6nDdOrmcW-Dcfd4Y7-cQZLEaP_5D/view,2,False
2762,1093,22181,https://drive.google.com/file/d/16vsr0wBgZfJ85ovc7Fq_yUkUbYJTzqEN/view,3,False
2763,1093,22181,https://drive.google.com/file/d/1QHJNAwYTSs0uM-S-yzwEkjNkvATJhMNV/view,4,False
2764,1093,22181,https://drive.google.com/file/d/1bZSeykjc228sE5CvPpMwP4tVxSWMb6B4/view,5,False
2765,1093,22181,https://drive.google.com/file/d/1dp-zvyz2NMTCBwe81PCRPFVb4jHuc_sE/view,6,False
2766,1094,22216,https://drive.google.com/file/d/1iaow7bVEs6wvpacEX6Hpsf6NLBE802Oo/view,1,True
2767,1094,22216,https://drive.google.com/file/d/1EjgkvupRYsw4ROdMsHeWNOjL9Fds-XTL/view,2,False
2768,1094,22216,https://drive.google.com/file/d/1bb-JRNkyQM9cUSjMeE5BKOrLts4bWkw8/view,3,False
2769,1094,22216,https://drive.google.com/file/d/1T7XnMPRY720d4MRSf5rayxXXh2M65rPa/view,4,False
2770,1094,22216,https://drive.google.com/file/d/1ND1eHFNAoVZxkyniUOezA9UEazUsMhsP/view,5,False
2771,1094,22216,https://drive.google.com/file/d/1atYzFVI-edtxTgcUzQrTWthtokXNvuXD/view,6,False
2772,1095,22210,https://drive.google.com/file/d/1Pg_Djc6T5Wm3vL4h2_LFJV4kUXEPEhFv/view,1,True
2773,1095,22210,https://drive.google.com/file/d/1Eb_YVEuky1ZmrKxGDlyKhErG4Mcd9nVu/view,2,False
2774,1095,22210,https://drive.google.com/file/d/1QONlB644F6YNYNA1hnRfI4AsfleVpcUi/view,3,False
2775,1095,22210,https://drive.google.com/file/d/1mVGTuZtmjrKR5lORXedBWCzuNIVNjxnT/view,4,False
2776,1095,22210,https://drive.google.com/file/d/1uzlPF4SBsHN8rUOfoDXafCDsvITGGjea/view,5,False
2777,1095,22210,https://drive.google.com/file/d/1N94d7Q8qopL9sMrY2z-rJgYRsnM8WLKc/view,6,False
2778,1096,22222,https://drive.google.com/file/d/1zsXjIWo7dn6nqvST5vN4-ubqkKDsLG0S/view,1,True
2779,1096,22222,https://drive.google.com/file/d/1mcCuFixuux6EJrdIOo-SjQDXmAS_Rime/view,2,False
2780,1096,22222,https://drive.google.com/file/d/16jYPcaDXIF2xZpuf6gOef7_AwBzEFeec/view,3,False
2781,1096,22222,https://drive.google.com/file/d/1PA_EiwdgxM0cdyOh_8ruj8ro3Z1zcVXD/view,4,False
2782,1096,22222,https://drive.google.com/file/d/1KZQi4ZzNTSPouKF2E33R6nsVGV-WBZm8/view,5,False
2783,1096,22222,https://drive.google.com/file/d/1Kqz1BUK7BWp_ERJhYWuCi-p0xA6y901J/view,6,False
2784,1097,22226,https://drive.google.com/file/d/1RUtY7qKhueSTPAaLXD_fZwcQU-15Zr_j/view,1,True
2785,1097,22226,https://drive.google.com/file/d/1NkIo8EEJlXVwJal3xs8vgjQBV-JDp-R-/view,2,False
2786,1097,22226,https://drive.google.com/file/d/11NKdnVU8P5-kiRzJkVs7Hd9m9MdOm1pm/view,3,False
2787,1097,22226,https://drive.google.com/file/d/1lGpF5d4DdU3fYriCTz3juuCLwEqL54vW/view,4,False
2788,1097,22226,https://drive.google.com/file/d/1w4WvteU50oHcGjVQWdjffKjr09pyX3ID/view,5,False
2789,1097,22226,https://drive.google.com/file/d/11ZjYkxL7Lgj1p3CqtWwp7GKdYCmDuawX/view,6,False
2790,1098,22317,https://drive.google.com/file/d/1Zf-4P-GfVwybRi4O8Ft6CQBJZOtjWKEs/view,1,True
2791,1098,22317,https://drive.google.com/file/d/1ula0fETGuxAqHYjxnPZHzKHQIlGz-zKF/view,2,False
2792,1098,22317,https://drive.google.com/file/d/1kyZ_GlrB-uMLT48RQhsF5X_fvchcdB0t/view,3,False
2793,1098,22317,https://drive.google.com/file/d/1DIdV6Vtwhay3aBV82JQm2KnG1g9hZF_k/view,4,False
2794,1099,22323,https://drive.google.com/file/d/1vN49o9igybZp7NeMzK3CUme2wL5wnqJB/view,1,True
2795,1099,22323,https://drive.google.com/file/d/16N8J2-y6J-FVs9OAfxYTaJwg6hyQoZPx/view,2,False
2796,1099,22323,https://drive.google.com/file/d/1fdmCeIThr6RM3Xas_sUHh-tP2AR2Ar6X/view,3,False
2797,1099,22323,https://drive.google.com/file/d/1vr9xTIx3ELNB6KyF931X5cXxRWNhrcP_/view,4,False
2798,1100,22362,https://drive.google.com/file/d/1BGRNNlf_RvOVAFioRxbCEhbtTIjfK_Ro/view,1,True
2799,1100,22362,https://drive.google.com/file/d/1uK5pH6-uJBYsMJKiPAdWGvAacpiqsNYz/view,2,False
2800,1100,22362,https://drive.google.com/file/d/1Q-muLsGRqHxK9wUo61FCmz3YU4lvzWP0/view,3,False
2801,1100,22362,https://drive.google.com/file/d/1wGFbU0p5kucyPLG3mcWtILL6g76dJr5i/view,4,False
2802,1101,22432,https://drive.google.com/file/d/1m0V8hO2A5KXUnTUdgfyGD8Tmo6nsVp42/view,1,True
2803,1101,22432,https://drive.google.com/file/d/1pDWQTtCWj5KPb-WeMrSuM18CSCxqwMdS/view,2,False
2804,1101,22432,https://drive.google.com/file/d/17ecR8HmRwpMTdaT0zSaJliewF9Ogdgnw/view,3,False
2805,1101,22432,https://drive.google.com/file/d/1uV2WQAxEP_wr8mJs8yfu4SVs13U0gRNI/view,4,False
2806,1110,204,https://drive.google.com/file/d/1KoyifD8AvSjXBia1jbLDUQwgMuUnGAGO/view,1,True
2807,1110,204,https://drive.google.com/file/d/1J97ydbgrZH33j6hyR9WpeRKC-5lD_Xhd/view,2,False
2808,1110,204,https://drive.google.com/file/d/1pZV-IOxoDtzWRnwGIeMhSfLSmu4duU8T/view,3,False
2809,1118,22654,https://drive.google.com/file/d/1ec4bfwOax--ZdJ-pxbDKvIAMN-kPdjZh/view,1,True
2810,1118,22654,https://drive.google.com/file/d/1c26pbX4CBONnHveLXFHwnXwccIWoJw5f/view,2,False
2811,1118,22654,https://drive.google.com/file/d/18dhxW-B7zz31ZFloyzN2LFPRHk5OtFHA/view,3,False
2812,1119,22559,https://drive.google.com/file/d/1FvQIJkgnHm_32em5y3oTiq5g1ubCMJbN/view,1,True
2813,1119,22559,https://drive.google.com/file/d/1ZXOJB402bZsMhpX5eJy1R-7sR4m6cSCe/view,2,False
2814,1119,22559,https://drive.google.com/file/d/1dO6FbSHgNc2txpQCteTBHsuICuAcxJ2w/view,3,False
2815,1123,22435,https://drive.google.com/file/d/1G8bt3pXMVqPVw3Vsj454P4sTV8rUnP6I/view,1,True
2816,1123,22435,https://drive.google.com/file/d/1WKaUje6i4amdMA2I01gRfQ-FPXvP17oY/view,2,False
2817,1123,22435,https://drive.google.com/file/d/1rvXElgSgBLeCEnk2bU0basrO8qUkNaBx/view,3,False
2818,1123,22435,https://drive.google.com/file/d/1gNfY0IrXVtTam96A9qVP8UivFsBfw5Ff/view,4,False
2819,1123,22435,https://drive.google.com/file/d/1rZIW40ptUcKqFJKGLTEn0xn7iJVI435w/view,5,False
2820,1123,22435,https://drive.google.com/file/d/1soVfFsyANVoQEOa4SSvfGSN0afEYkJ-K/view,6,False
2821,1124,22463,https://drive.google.com/file/d/1rwMuWau0Ihf0TGwMsy2WL3iN7OeitPcT/view,1,True
2822,1124,22463,https://drive.google.com/file/d/1sUQgXJ1FFWWheJCuEm1P190RxHI9Ancb/view,2,False
2823,1124,22463,https://drive.google.com/file/d/12WVUoCbQ3qOPkS1ysPskYkfi0PnX-1mX/view,3,False
2824,1124,22463,https://drive.google.com/file/d/15hOHjM_iBkLRUP-dLcko5cUev5_G2Ek7/view,4,False
2825,1124,22463,https://drive.google.com/file/d/1EQuiiTFY7_2-Uef-K_WvYAxredt6mMSq/view,5,False
2826,1124,22463,https://drive.google.com/file/d/1VAQ_X8thpEwRKKX99ffSZWtB86YraPpt/view,6,False
2827,1125,22558,https://drive.google.com/file/d/1WZArcQHv3JYD2iaFh9puJFGOvp0RBcNI/view,1,True
2828,1125,22558,https://drive.google.com/file/d/1MUHRiz0Ki8ghIJaTk9o-kV4d_h--aP49/view,2,False
2829,1125,22558,https://drive.google.com/file/d/192O3r7aoUYwkxvcP86T9iA0RiD0vYFKg/view,3,False
2830,1125,22558,https://drive.google.com/file/d/1wyhtC8bMtVnfeNCslEz2v0j3xYT1Itxd/view,4,False
2831,1125,22558,https://drive.google.com/file/d/15F0ot7OeseAo5fitpapA2J3H2EMK2GMQ/view,5,False
2832,1125,22558,https://drive.google.com/file/d/16Cib7nLlyOdcPFFp7Oz-H4hzYztb1fuK/view,6,False
2833,1135,177,https://acdn-us.mitiendanube.com/stores/324/065/products/descarga-ba28bf49640a62a4ff17762570624610-640-0.webp,1,True
2834,1135,177,https://acdn-us.mitiendanube.com/stores/324/065/products/descarga-1-ea6e73d9423bbc32db17762570635758-640-0.webp,2,False
2835,1135,177,https://acdn-us.mitiendanube.com/stores/324/065/products/descarga-2-0a9be7d58689f69adc17762570631373-640-0.webp,3,False
2836,1136,259,https://acdn-us.mitiendanube.com/stores/324/065/products/milktoner-1-23bc4275fa5c85141617841204983009-640-0.webp,1,True
2837,1136,259,https://acdn-us.mitiendanube.com/stores/324/065/products/milktoner-2-0e3652137e6b03bcd217841204985181-640-0.webp,2,False
2838,1136,259,https://acdn-us.mitiendanube.com/stores/324/065/products/milktoner-3-79bd085b6703640f4b17841204987064-640-0.webp,3,False
2839,1138,1253,https://acdn-us.mitiendanube.com/stores/324/065/products/tocobo-ecom-25-4744b99c42a8ff98a117640996723970-640-0.webp,1,True
2840,1139,1249,https://acdn-us.mitiendanube.com/stores/324/065/products/tocobo-ecom-28-cb09b542a1eab9ebb917640997087942-640-0.webp,1,True
2841,1140,1250,https://acdn-us.mitiendanube.com/stores/324/065/products/tocobo-ecom-30-d6810890bf0669447f17640997124205-640-0.webp,1,True
2842,1144,408,https://drive.google.com/file/d/1VD-sbcJE7uznS1yGL4PL1xojWknS5u3s/view,1,True
2843,1144,408,https://drive.google.com/file/d/1kyBnmt6n19rWW_mBzEZcTz-UNngTH0ZV/view,2,False
2844,1144,408,https://drive.google.com/file/d/1kTuBxj2NjzFhHU8zE9RIDUN9C187Wq8d/view,3,False
2845,1144,408,https://drive.google.com/file/d/1IJIbztafoXB1rKPLAXlXHQlDqEs_KrCJ/view,4,False
2846,1144,408,https://drive.google.com/file/d/1DdREcB-gMq_jAzVcMAi2SGrFyd0IiAeF/view,5,False
2847,1144,408,https://drive.google.com/file/d/19O3yHgrRVJcchLFLGk-24ZdOd9Z_Z8gb/view,6,False
2848,1148,1094,https://acdn-us.mitiendanube.com/stores/324/065/products/tocobo-ecom-13-51cac25a939f2f324817641021954471-640-0.webp,1,True
2849,1151,398,https://drive.google.com/file/d/1FfPu2HLeNYt7bee-w_H_uNPlri9cog4m/view,1,True
2850,1151,398,https://drive.google.com/file/d/1-6lh1bHqFsKj7m6IfGLWtd1C4LHhUGNg/view,2,False
2851,1151,398,https://drive.google.com/file/d/1QNkSHbU9LpqxQOMu7Jnc-kY2hbNOg4xg/view,3,False
2852,1151,398,https://drive.google.com/file/d/1ibPZNt2KZZD2evWjqq5oU7WZt0GfbPpF/view,4,False
2853,1151,398,https://drive.google.com/file/d/1ySiJFbYN8NedK-7-WE2BZ2AGMu4dO9py/view,5,False
2854,1151,398,https://drive.google.com/file/d/1f1U-dAuNZ8R4J5nSac_Fur59cJkyTv_V/view,6,False
2855,1154,407,https://acdn-us.mitiendanube.com/stores/324/065/products/tocobo-ecom-29-8816f6612d97c0346d17640997124054-640-0.webp,1,True
2856,1156,402,https://drive.google.com/file/d/1GfzQxJ9_sY0vXaSOUsnSU_ZfxUAP6jH_/view,1,True
2857,1156,402,https://drive.google.com/file/d/1J3BWY3HxBnZBsg1loNIbeiXvilWgAf9Q/view,2,False
2858,1156,402,https://drive.google.com/file/d/18M4BR22n0WOxzDYqG7qO81Kn99QV_Xd0/view,3,False
2859,1156,402,https://drive.google.com/file/d/1i8xCRpuxfcN3vY9EKwtcxCioBqtMqySC/view,4,False
2860,1156,402,https://drive.google.com/file/d/1Z1YtdQPkJmVg5lUgq0PypUM6d9WMXPlh/view,5,False
2861,1156,402,https://drive.google.com/file/d/1xFNQOqmRtatqDMztYTOiWsubQLlZUEra/view,6,False
2862,1157,405,https://drive.google.com/file/d/1wfiZWtq_PFbpS5MiH5w-PDN4V4FtGJNI/view,1,True
2863,1157,405,https://drive.google.com/file/d/1tUj3SxMJeigvN0O_HPYNWUwSeDz6fSIL/view,2,False
2864,1157,405,https://drive.google.com/file/d/1Yvu17WBawX4oAkkSHVSyPVe_A-3wJncP/view,3,False
2865,1157,405,https://drive.google.com/file/d/1BxxUu4ckr7lwd6uSsJEXtqv5XNu-zdUZ/view,4,False
2866,1157,405,https://drive.google.com/file/d/1S__bJBQ9e9xXxrGCXmDPHQRwgj0V3PO0/view,5,False
2867,1157,405,https://drive.google.com/file/d/1bk9wdcR1IciRumatdIl3IWsTlcF9pkU8/view,6,False
2868,1163,1180,https://acdn-us.mitiendanube.com/stores/324/065/products/tocobo-ecom-1-38b9072594b9fe58ac17636679951252-640-0.webp,1,True
2869,1163,1180,https://acdn-us.mitiendanube.com/stores/324/065/products/tocobo-ecom-2-5b4c7895055945e0aa17636679954128-640-0.webp,2,False
2870,1163,1180,https://acdn-us.mitiendanube.com/stores/324/065/products/tocobo-ecom-3-6b264c05deaacfc18417636679951797-640-0.webp,3,False
2871,1165,1029,https://drive.google.com/file/d/1MGCMHJ_c8YLa1nmlL1B_4tbvvfLRNACp/view,1,True
2872,1165,1029,https://drive.google.com/file/d/1gtU-iZf5McYqgW2hp1BTc7pOTERsRWTj/view,2,False
2873,1165,1029,https://drive.google.com/file/d/1DU4q4jLLqtRxgTgWmSptdFgk4JLqoHI7/view,3,False
2874,1166,1024,https://drive.google.com/file/d/1apZUuJKyNegJOcHK_1hYaLEtVV83Ox_C/view,1,True
2875,1166,1024,https://drive.google.com/file/d/1M36ADrq2iUITqBU_C1CKMrOWW4PigUZZ/view,2,False
2876,1166,1024,https://drive.google.com/file/d/1sd-kr-qBeo0Oc-hQvbkRoYW2mz4ObvWE/view,3,False
2877,1167,1012,https://drive.google.com/file/d/1pfGiEYR2yTgCSd6BUeQxbcuGgAYmKzWG/view,1,True
2878,1167,1012,https://drive.google.com/file/d/1gTKjDW7UiQ70sJAInWyYQONs8GEWbgFb/view,2,False
2879,1167,1012,https://drive.google.com/file/d/13qzkYpQ-cTpoyxNpWKWc3r9V5CbEKYIr/view,3,False
2880,1168,1020,https://drive.google.com/file/d/1qJUhbXmJHtOEbOcypsAn3dJwlaHZMhRE/view,1,True
2881,1168,1020,https://drive.google.com/file/d/1dp973RD-Q5-qEwkeH4m6zYtdi7ybsBOy/view,2,False
2882,1168,1020,https://drive.google.com/file/d/1gIRTaJ-FksdHECRNveuglX8RBz1ltsO6/view,3,False
2883,1168,1020,https://drive.google.com/file/d/12rzI9jDxF4rdyv__hxDdTbah_1Dq31aF/view,4,False
2884,1168,1020,https://drive.google.com/file/d/1xfftiv5G4vKmasBBcsqArMCfrqwj3A9V/view,5,False
2885,1168,1020,https://drive.google.com/file/d/1w40iABj3YkpNKeTq-NXtrCIHHCV_HoME/view,6,False
2886,1169,1017,https://drive.google.com/file/d/1l6MXX8n5jyOi0qtcVYhTJlOQDFExGxih/view,1,True
2887,1169,1017,https://drive.google.com/file/d/1AeLhGkPlzAM_uzVwBH1g7HSvob0xVXsu/view,2,False
2888,1169,1017,https://drive.google.com/file/d/1b4EUZqWeJO8iQVkZ5RmmuV3Cv9BoTp61/view,3,False
2889,1170,1018,https://drive.google.com/file/d/1osL-yTpHjPflIDubKyDfTBn1BhgUrTNq/view,1,True
2890,1170,1018,https://drive.google.com/file/d/1WXk2Bfqaddyc6vr6fRlz71yyZu-77RAD/view,2,False
2891,1170,1018,https://drive.google.com/file/d/1zdZq9kfazTd_aKUwBTl-4JJ5hD7jPvBL/view,3,False
2892,1171,1019,https://drive.google.com/file/d/19g815gDbEXKkwTFoo3WQBRJ1NQxO8nb-/view,1,True
2893,1171,1019,https://drive.google.com/file/d/1ECIg3VVd-Ulq1XPMJ4mcud4yrroJ-cTb/view,2,False
2894,1171,1019,https://drive.google.com/file/d/1jqb5BLAiVAxmDR42zYvqH5Mca6_zza5e/view,3,False
2895,1172,1022,https://drive.google.com/file/d/1xdv0q2RpJAyMmQoWTD5lMxNXt0F0v1ff/view,1,True
2896,1172,1022,https://drive.google.com/file/d/1PKWaG1PWweU5vpKsjh_-Nfde0NAq_Hw7/view,2,False
2897,1172,1022,https://drive.google.com/file/d/1-Odh7smG6cRBQSmp9Xp5paiFEMyiNiUe/view,3,False
2898,1173,1824,https://drive.google.com/file/d/1yB01Fml3i2BZkhhEvRVWRt27CI6cj04I/view,1,True
2899,1173,1824,https://drive.google.com/file/d/1oLiwsWj-yXb6Kn-DRjL5fj9DajfeOhUt/view,2,False
2900,1173,1824,https://drive.google.com/file/d/1w4lCXZq9rfHpCDI1YClzL9mx_eUKJQsg/view,3,False
2901,1173,1824,https://drive.google.com/file/d/1SBJdJ01HmdHj7IxmuwZKfDFSRIghlvF_/view,4,False
2902,1173,1824,https://drive.google.com/file/d/1bgtKwvbScDt9eRNpYNqKw7FhHFS_BG3Z/view,5,False
2903,1173,1824,https://drive.google.com/file/d/1r7FEDGg77r6vTlYaJ4XHXL49vJdhBLRv/view,6,False
2904,1174,1846,https://drive.google.com/file/d/1psVrrMkCkjyD3n6iFjXg7ZWc-BPzdJDn/view,1,True
2905,1174,1846,https://drive.google.com/file/d/1vY3-anp579bayvIiywU-3RjpWhWgDod-/view,2,False
2906,1174,1846,https://drive.google.com/file/d/1QAkh3fxtagNBwpN6_irdCksRrWdtgkTk/view,3,False
2907,1174,1846,https://drive.google.com/file/d/1yUKt-ZKZSYcEHm4GDHNKX_kYLYC-TZIx/view,4,False
2908,1174,1846,https://drive.google.com/file/d/1_k8LiUVTEY_pgcBzvGKvjiujrQdoMLov/view,5,False
2909,1174,1846,https://drive.google.com/file/d/1KvGt2Giwb3ZUZL44KYKd6XS1aIwoUXMr/view,6,False
2910,1182,22165,https://drive.google.com/file/d/1KnukatL6ROOFtglgwXiBOPyiM3IS1KW6/view,1,True
2911,1182,22165,https://drive.google.com/file/d/11iLvJHTLhEBQOULFo1mJ1TpRLxYu3dzu/view,2,False
2912,1182,22165,https://drive.google.com/file/d/1fTopK5-723iXkKJ_5osN8mP4uZ-I0tuz/view,3,False
2913,1182,22165,https://drive.google.com/file/d/1xme-tmzDDjYGtj_Wj4VItUX3FuHOrk14/view,4,False
2914,1182,22165,https://drive.google.com/file/d/12b3tK1D6YIouFaJ2jPuAF43vvEZyFe25/view,5,False
2915,1182,22165,https://drive.google.com/file/d/1s6iGyiNvNSchCKhn3HGMvFbl1jnR2ndp/view,6,False
2916,1183,22068,https://drive.google.com/file/d/1pz-GoLSL3vwjrDmT8B8V6tqE6F1VuVjE/view,1,True
2917,1183,22068,https://drive.google.com/file/d/13A9xQpvzZxNcI-ELVXlerPBlP2FooI-I/view,2,False
2918,1183,22068,https://drive.google.com/file/d/11DbKpiNU3D2m8N0eIak5FlbT_rbvqcf1/view,3,False
2919,1183,22068,https://drive.google.com/file/d/12xHZIb-0hYVLJ8-kpZbnw2l8_hdNQ39F/view,4,False
2920,1183,22068,https://drive.google.com/file/d/1bOm4f7dgUZtSCSvL0pYp8weyvM-zW3Ik/view,5,False
2921,1183,22068,https://drive.google.com/file/d/1LYAT5Ubq4ZA9sDqJLAsQJnvGtYe1fLCz/view,6,False
2922,1184,22069,https://drive.google.com/file/d/18A9KUKcSYYYSZnOP0ZY4aa4HLgmjyMY_/view,1,True
2923,1184,22069,https://drive.google.com/file/d/1vEdRMHWfS9-UqjC5R2IymdgF1x4InDyY/view,2,False
2924,1184,22069,https://drive.google.com/file/d/1ZSrSC4VAvZAK_Lpqp18XPXyYd53oTR4d/view,3,False
2925,1184,22069,https://drive.google.com/file/d/1VkWyLgXnREwxDr17xtxN8JTxrOr9V_Zs/view,4,False
2926,1184,22069,https://drive.google.com/file/d/1XAUJ8TtjtVqBBL_bLJxGmSB0iNjxZ0SI/view,5,False
2927,1184,22069,https://drive.google.com/file/d/1e9feIDY-hlIgg0VVME7O8zU_IGd4JgvQ/view,6,False
2928,1185,22102,https://drive.google.com/file/d/11nWqUTLCZkrsArHVIcakpjgi4qjjsUJE/view,1,True
2929,1185,22102,https://drive.google.com/file/d/1pylWT8MDId2ejql1QTh3VB9WZrcTWKiW/view,2,False
2930,1185,22102,https://drive.google.com/file/d/1p0fqIOqWlg2Jk907zji5xtHX4RTrgME2/view,3,False
2931,1185,22102,https://drive.google.com/file/d/1ceotRwGU7ndZ8N2KsLB0pyIZJ2gSZm3m/view,4,False
2932,1185,22102,https://drive.google.com/file/d/1p2mLW0SId4K4FLeQZBg3R_JO8Z5hzwwy/view,5,False
2933,1185,22102,https://drive.google.com/file/d/1fE35ZbeOP5nXQ3EVivSV4uEecSIwRwV5/view,6,False
2934,1186,22012,https://drive.google.com/file/d/1n4sOOVTxYfzREsCqcYXCoh-8oqdIIEgs/view,1,True
2935,1186,22012,https://drive.google.com/file/d/15XPFSdjNoFthJAIR4HLzqIQPRornLcY0/view,2,False
2936,1186,22012,https://drive.google.com/file/d/1mj_1t5HpG_kCaJO8u_yLQ6nBs3h6ocEc/view,3,False
2937,1186,22012,https://drive.google.com/file/d/1QTfhcpTGBrjCUcV2TJIes-LqhKRlktf4/view,4,False
2938,1186,22012,https://drive.google.com/file/d/1mBcvFPswexeYvI7VhjjfzW-orwCsUbK5/view,5,False
2939,1186,22012,https://drive.google.com/file/d/1wscYmAV0j2o3k-BYPhfVPrO_QpW0W5ep/view,6,False
2940,1187,22016,https://drive.google.com/file/d/1c87CcAPvqH25-bg3HeXWS1pzvmWJ3gKC/view,1,True
2941,1187,22016,https://drive.google.com/file/d/1s5rHJiMzOb7cjyj31mwUKY29jhwQhmEU/view,2,False
2942,1187,22016,https://drive.google.com/file/d/1c4mTaWpwaF_-ztK3iq0PghcMb--sS-sd/view,3,False
2943,1187,22016,https://drive.google.com/file/d/1kf8UZ9HKQwBTRYgjKxOCAbfxJlofHnFc/view,4,False
2944,1187,22016,https://drive.google.com/file/d/1jh6SdHHR-4CXdF-MAqVEYa2CzuIkBi3D/view,5,False
2945,1187,22016,https://drive.google.com/file/d/1g_Z3y6FqpsTr92cpecrrF1xJKijbJ5z_/view,6,False
2946,1205,22155,https://drive.google.com/file/d/1pLEw6ghQv1U6GxeZuyaVl3MQqrwys_BD/view,1,True
2947,1205,22155,https://drive.google.com/file/d/1pCpIllItHnEnMVbEMRm5ysHom6kFo0NC/view,2,False
2948,1205,22155,https://drive.google.com/file/d/1kiyrukgUUCS1LnQion5xYt83-J2ccQW-/view,3,False
2949,1205,22155,https://drive.google.com/file/d/1TkiP95EGUQEm0Rbg3U8-TZsljZ7TxcNj/view,4,False
2950,1205,22155,https://drive.google.com/file/d/1Y4QP2PISX3CgvbIvopL09tgtpt0aK3ab/view,5,False
2951,1205,22155,https://drive.google.com/file/d/199iH237B-fbt48aWhkojhwb6iURhgkmC/view,6,False
2952,1214,22103,https://drive.google.com/file/d/1T9zQvbQAfDPkZpCDLEt-zI71TJUxmD-c/view,1,True
2953,1214,22103,https://drive.google.com/file/d/1CD59w-8jjxlJV9vpPjajKBdBEjdV_x57/view,2,False
2954,1214,22103,https://drive.google.com/file/d/1NFIjz15qWEJU3FBQmBQXmfsPI0JM1l7o/view,3,False
2955,1214,22103,https://drive.google.com/file/d/1H0kzxllCE92x3St8sxT7ywqlome6Jgw0/view,4,False
2956,1214,22103,https://drive.google.com/file/d/13G3aB9pWJZvRPfmqQck10l3Ll5h3-xW4/view,5,False
2957,1214,22103,https://drive.google.com/file/d/1p7clk9fwit2slpnzJGfIkHc1_Lanj5SP/view,6,False
2958,1215,22108,https://drive.google.com/file/d/1C1egCzZPqbfBdXOa4q4wfsrVH2PpKkMU/view,1,True
2959,1215,22108,https://drive.google.com/file/d/1a5hZRrxYxpBEI2t7FeIVjqglE2RJnpCX/view,2,False
2960,1215,22108,https://drive.google.com/file/d/19BON1_1FFuNXYM1iw9f09ABYfsy6xS3Q/view,3,False
2961,1215,22108,https://drive.google.com/file/d/1ZtUOUGlc2cq47sFxuYfEddBK59wCXQ2r/view,4,False
2962,1215,22108,https://drive.google.com/file/d/1ah7yCIBs735FQVdqIoXkmanVc3b6H7RZ/view,5,False
2963,1215,22108,https://drive.google.com/file/d/1jrGWz-2g6YpcCGJntfpBecAICr3vRAjm/view,6,False
2964,1216,14866,https://drive.google.com/file/d/1kTB-Kez9149ffCVlAath02JEKhn1tJH_/view,1,True
2965,1216,14866,https://drive.google.com/file/d/1asLzDvtptlGlwT2TtilN2S5S0DPbvgzj/view,2,False
2966,1216,14866,https://drive.google.com/file/d/1IuiUzVw-kuiBBqkb8nw2O-2ug2Fs0vJV/view,3,False
2967,1216,14866,https://drive.google.com/file/d/1I3LRv5UXUW0QuKo-F4ZO1YsNuYBO8vip/view,4,False
2968,1216,14866,https://drive.google.com/file/d/1D5eFbPelfwbx0yZ9Xwa5b4kQpiICQxwS/view,5,False
2969,1216,14866,https://drive.google.com/file/d/1HxjpiO30OcL5HyxpgjSuBENADwKE4Ije/view,6,False
2970,1217,22173,https://drive.google.com/file/d/1YDf5oDttnO7Qb4-SIFUYD7_ibh9CQVOU/view,1,True
2971,1217,22173,https://drive.google.com/file/d/1YbKYWHFh-OMITBbZMOn2lB4USdONQuio/view,2,False
2972,1217,22173,https://drive.google.com/file/d/1q13PNL1V23VV5IWY6dCRGlWQGxzQnFD-/view,3,False
2973,1217,22173,https://drive.google.com/file/d/1bniMo6AVDJ43OgYjvSXQcJuJaDztnphn/view,4,False
2974,1217,22173,https://drive.google.com/file/d/1BODw_soxnDbCPVtXakcw6RYIvqQtmWBv/view,5,False
2975,1218,22191,https://drive.google.com/file/d/1de_-ovsrHNQ8mRUCfRg3k2ujA4E6cI4j/view,1,True
2976,1218,22191,https://drive.google.com/file/d/1TNTwczjbrUKvznnR0xmAOhkLh7Tr3qjA/view,2,False
2977,1218,22191,https://drive.google.com/file/d/1me2ajOgSZBIh_jPigSdxa5yDWf5In9hk/view,3,False
2978,1218,22191,https://drive.google.com/file/d/1z7atIik5JE5AHVtsK807zEHE7Uexd39W/view,4,False
2979,1218,22191,https://drive.google.com/file/d/1iOLPPaKtzs-Jd_S4oDl5Gpg53jQ1TUKd/view,5,False
2980,1219,22206,https://drive.google.com/file/d/1NvalBeJb6HIhiRHhMZwBEFchE-Cd3v1f/view,1,True
2981,1219,22206,https://drive.google.com/file/d/1HD2mQI9Ub3ypID-E23SrMUwp4qzfatv9/view,2,False
2982,1219,22206,https://drive.google.com/file/d/1Sv2LxZwgWNN3VkWv0xmxGdlK-UkKxJZW/view,3,False
2983,1219,22206,https://drive.google.com/file/d/1M_j_ZVJkKsbpQdGjVeYFlV68K62sIXSK/view,4,False
2984,1219,22206,https://drive.google.com/file/d/1TdQCXyHgM8PXnK-FhfALpRf49NsjMDh5/view,5,False
2985,1220,22215,https://drive.google.com/file/d/1ar7x2kTtowPHY3PfTqqpk_eFo7uE4G-h/view,1,True
2986,1220,22215,https://drive.google.com/file/d/1Ui98qH3NErPUNXUktIAOgNtI1fHw58G2/view,2,False
2987,1220,22215,https://drive.google.com/file/d/1jBITE_5-4xETaS4eAk9IqAMgKwM-mldv/view,3,False
2988,1220,22215,https://drive.google.com/file/d/1Dgcdi6cClFoRKgQ81aggXEV10Ywg72Ea/view,4,False
2989,1220,22215,https://drive.google.com/file/d/1R3vbC5qm7A32xC625qf2AH_wntcjz6so/view,5,False
2990,1221,22217,https://drive.google.com/file/d/1lh7sMdeiH_gxp6O6dwPPwymmj4_X0kgI/view,1,True
2991,1221,22217,https://drive.google.com/file/d/1Du8BU0WlEC5dGNq7YqV9wvMHdzCmeqQ1/view,2,False
2992,1221,22217,https://drive.google.com/file/d/1Ok0uc8OE21IWN18-WKA6D0HTFBURP6VC/view,3,False
2993,1221,22217,https://drive.google.com/file/d/1NJHSqpCOR6_77zaACrxstZXAct3JGY8K/view,4,False
2994,1221,22217,https://drive.google.com/file/d/1wDQjLSu4QvXgix-C6TOMqhgEeUXM8Zjf/view,5,False
2995,1228,14644,https://acdn-us.mitiendanube.com/stores/324/065/products/collagen-reedle-shot-100-2ml-1-4a445820a296ac503717588350570364-640-0.webp,1,True
2996,1228,14644,https://acdn-us.mitiendanube.com/stores/324/065/products/collagen-reedle-shot-100-2ml-3-d251b70a526c83500917588350571779-640-0.webp,2,False
2997,1228,14644,https://acdn-us.mitiendanube.com/stores/324/065/products/collagen-reedle-shot-100-2ml-2-ff723e8775c1f2c5fc17588350576347-640-0.webp,3,False
2998,1229,14655,https://acdn-us.mitiendanube.com/stores/324/065/products/reedle-shot-100-2ml-1-60f2a19a487eef7b1317588334741980-640-0.webp,1,True
2999,1230,14656,https://acdn-us.mitiendanube.com/stores/324/065/products/reti-a-reedle-shot-100-2-ml-1-ece8acd40c4420aefc17588343801837-640-0.webp,1,True
3000,1231,14658,https://acdn-us.mitiendanube.com/stores/324/065/products/vita-light-reedle-shot-100-2-ml-1-9752357d43798eb59417588347705741-640-0.webp,1,True
3001,1232,14663,https://acdn-us.mitiendanube.com/stores/324/065/products/reedle-shot-300-2-ml-1-89c9a44a098cf1afec17588340753557-640-0.webp,1,True
3002,1233,8190,https://acdn-us.mitiendanube.com/stores/324/065/products/2003079-01-1-6cf2ebc4efc5c1b5b317858750575464-640-0.webp,1,True
3003,1234,14664,https://acdn-us.mitiendanube.com/stores/324/065/products/collagen-reedle-shot-100-1-cd2ac6c96a5f7709af17588319084037-640-0.webp,1,True
3004,1235,23043,https://acdn-us.mitiendanube.com/stores/324/065/products/8803463012816_1-f2add44a0f4ef8dca517768709814354-640-0.webp,1,True
3005,1236,14667,https://acdn-us.mitiendanube.com/stores/324/065/products/pdrn-essence-100-1-68acff593e261b999e17588328195156-640-0.webp,1,True
3006,1237,23140,https://drive.google.com/file/d/1P4cBHqK40526TDHQ-TuiLVaRVnNupQxC/view,1,True
3007,1237,23140,https://drive.google.com/file/d/1C8qBwknlxSRGuxk7kT_BRVfj0t1VPxV_/view,2,False
3008,1237,23140,https://drive.google.com/file/d/1uD3x0RqnliZLQHTwS_hyaQXjhezRMVu-/view,3,False
3009,1237,23140,https://drive.google.com/file/d/1f4h8RSjJ3dVft-enc_i64qkvPKy_7N9g/view,4,False
3010,1237,23140,https://drive.google.com/file/d/1At_FXYWvp5ztgEksNaP3gvtkJErqNdG-/view,5,False
3011,1237,23140,https://drive.google.com/file/d/1BRZ5RDMjdZp6ix4mDq3rmtKamDLMvBZZ/view,6,False
3012,1238,8188,https://acdn-us.mitiendanube.com/stores/324/065/products/2003080-01-1-7b0c03a9be7dc7498617858740864890-640-0.webp,1,True
3013,1239,23138,https://acdn-us.mitiendanube.com/stores/324/065/products/8803463007515_1-2841390492f4e4ed7a17768710635528-640-0.webp,1,True
3014,1240,7847,https://acdn-us.mitiendanube.com/stores/324/065/products/vt-pdrn-reedle-shot-eye-lifter-cee79b30bee2e90cfd17857621143161-640-0.webp,1,True
3015,1240,7847,https://acdn-us.mitiendanube.com/stores/324/065/products/2003082-02-f968636954a363b81317857621140433-640-0.webp,2,False
3016,1240,7847,https://acdn-us.mitiendanube.com/stores/324/065/products/2003082-03-4d73917a43f2d0fd4d17857621141491-640-0.webp,3,False
3017,1240,7847,https://acdn-us.mitiendanube.com/stores/324/065/products/vt-pdrn-reedle-shot-eye-lifter_2-7c869dbae99c7d162317857621145747-640-0.webp,4,False
3018,1240,7847,https://acdn-us.mitiendanube.com/stores/324/065/products/vt-pdrn-reedle-shot-eye-lifter_3-cbfc9f3cbc94b4536017857621151058-640-0.webp,5,False
3019,1241,22872,https://drive.google.com/file/d/1WGUQ64fN3Qda3BcH-es97jO8pM2jpTPd/view,1,True
3020,1241,22872,https://drive.google.com/file/d/1miD4HIefUNXqaWm99dXvhzD9DWJEwHlW/view,2,False
3021,1241,22872,https://drive.google.com/file/d/1e266HB9hh2HAo57yJ-7EXtlZr1kMHREW/view,3,False
3022,1241,22872,https://drive.google.com/file/d/1t3KItdcu1DiU-SvMk71UrdHuKBMm5x2L/view,4,False
3023,1241,22872,https://drive.google.com/file/d/1V97fjCxiDvvpfynRL5XDTrEmM9ARUL1O/view,5,False
3024,1241,22872,https://drive.google.com/file/d/1SuhH4-Hor1DPDYEIoTQ7TYMh1uYOxFBe/view,6,False
3025,1242,22891,https://drive.google.com/file/d/1uk62R41TNh12bw0n1H2IZ0gjIr2Tj5Sl/view,1,True
3026,1242,22891,https://drive.google.com/file/d/1QNIiFBDDnthYhaMY8heHLUtR8d2pA_zh/view,2,False
3027,1242,22891,https://drive.google.com/file/d/1JlPYeTCkVwWz37uZL6vf8DLVz6nJcq92/view,3,False
3028,1242,22891,https://drive.google.com/file/d/1vw8IsCOIruOaIjOkfivN7z3Xq1SqS2Mq/view,4,False
3029,1242,22891,https://drive.google.com/file/d/1koe0SkjL7-rVjpGqOLsKSLthANUP-HFR/view,5,False
3030,1242,22891,https://drive.google.com/file/d/1SPz7ZJ5eJh9M7I5WoB_aY_mBYo2oBui7/view,6,False
3031,1243,23226,https://acdn-us.mitiendanube.com/stores/324/065/products/8803463007867_1-bd19e5650af09dbe6717768709083236-640-0.webp,1,True
3032,1244,14686,https://acdn-us.mitiendanube.com/stores/324/065/products/red-booster-reedle-shot-1-9893e0f0b87fc7531417588323254759-640-0.webp,1,True
3033,1245,14687,https://acdn-us.mitiendanube.com/stores/324/065/products/reedle-shot-100-1-ed42b06044f5d884db17588300185170-640-0.webp,1,True
3034,1246,14688,https://acdn-us.mitiendanube.com/stores/324/065/products/reedle-shot-300-1-8d3e7ba96f6ece6e2117588303681339-640-0.webp,1,True
3035,1247,14691,https://acdn-us.mitiendanube.com/stores/324/065/products/reedle-shot-50-1-f7d3c4cae7778b556d17588292028444-640-0.webp,1,True
3036,1247,14691,https://acdn-us.mitiendanube.com/stores/324/065/products/reedle-shot-50-2-711b16e0bb6f39ac8017588292029102-640-0.webp,2,False
3037,1247,14691,https://acdn-us.mitiendanube.com/stores/324/065/products/reedle-shot-50-3-5a1d390cb3083fa5d417588292028516-640-0.webp,3,False
3038,1248,14693,https://drive.google.com/file/d/18RFeFhd9_Gfqx8oAujfrFe3_1QenvepU/view,1,True
3039,1249,23141,https://acdn-us.mitiendanube.com/stores/324/065/products/8803463006518-87636c0130c161775d17730795403134-640-0.webp,1,True
3040,1250,23045,https://acdn-us.mitiendanube.com/stores/324/065/products/8803463008567-9ed0142c9d643aa86617730791763357-640-0.webp,1,True
3041,1251,23151,https://drive.google.com/file/d/1nSk803swQHbvdHJ6cVxwOVp32hYTI9Sb/view,1,True
3042,1251,23151,https://drive.google.com/file/d/1lw1cYW5mdLn83ubltYzr44NVPL6J3495/view,2,False
3043,1251,23151,https://drive.google.com/file/d/1TMDwN70yu_aUpDpBEyjjwBaZZRPX66zQ/view,3,False
3044,1251,23151,https://drive.google.com/file/d/1q5Qx_ktqfbQyLHYa9w12VcWlkHVqW_zy/view,4,False
3045,1251,23151,https://drive.google.com/file/d/14LuDSc9OAF8P1jZUFt9qu9a4hUtbzeFC/view,5,False
3046,1251,23151,https://drive.google.com/file/d/1SSbZpg1pS6tOq58IftRaBxTrCblI92h_/view,6,False
3047,1252,23049,https://drive.google.com/file/d/1qy4ZAsd8iba0-p0j5fXnYGS_laRJHRAN/view,1,True
3048,1252,23049,https://drive.google.com/file/d/1vUNbgV0Cw7zU1TpIunlWIrE3cOz5iM7S/view,2,False
3049,1252,23049,https://drive.google.com/file/d/1utPu5CG7Z_LeZbDdHWetW12EUCLJMO9O/view,3,False
3050,1252,23049,https://drive.google.com/file/d/1j9YdBFGs_xeigN7yt0-Tpg4T9P--Lkn9/view,4,False
3051,1253,23047,https://acdn-us.mitiendanube.com/stores/324/065/products/8803463008598-eac78fe487f3e6c4c517730791767036-640-0.webp,1,True
3052,1254,23048,https://acdn-us.mitiendanube.com/stores/324/065/products/8803463009373_1_rose_berry-c49b2c58054193303917768712529692-640-0.webp,1,True
3053,1255,14697,https://acdn-us.mitiendanube.com/stores/324/065/products/reti-a-reedle-shot-100-1-b9c4152fe2f79b235017588308488888-640-0.webp,1,True
3054,1256,8187,https://acdn-us.mitiendanube.com/stores/324/065/products/2003083-01-1-34105e6da48f05fd4517858719607276-640-0.webp,1,True
3055,1257,8552,https://acdn-us.mitiendanube.com/stores/324/065/products/2003084-01-1-fcb3d145e3f9ee319a17858760899455-640-0.webp,1,True
3056,1257,8552,https://acdn-us.mitiendanube.com/stores/324/065/products/2003084-02-1-eff6bee7903756869017858760899357-640-0.webp,2,False
3057,1257,8552,https://acdn-us.mitiendanube.com/stores/324/065/products/2003084-03-1-601dfdf9801b8e315c17858760904561-640-0.webp,3,False
3058,1258,14698,https://acdn-us.mitiendanube.com/stores/324/065/products/vita-light-reedle-shot-100-1-0b316b26537268497217588312913755-640-0.webp,1,True
3059,1259,17070,https://drive.google.com/file/d/1UCsaEgXm6fpPSOgss4kWcOSihzqOyIiW/view,1,True
3060,1260,1451,https://drive.google.com/file/d/1UCsaEgXm6fpPSOgss4kWcOSihzqOyIiW/view,1,True
3061,1261,17068,https://drive.google.com/file/d/1UCsaEgXm6fpPSOgss4kWcOSihzqOyIiW/view,1,True
3062,1269,1474,https://drive.google.com/file/d/1NZaRuRaC9djh3z3UkzQRlVybFT9zAS62/view,1,True
3063,1269,1474,https://drive.google.com/file/d/1NEVuEPOtXpty9Jg-FLXed3hgLv98aiYO/view,2,False
3064,1269,1474,https://drive.google.com/file/d/1iltlKDdc6gXxhr4n9kc8KRBoX3ksd3mq/view,3,False
3065,1270,1242,https://drive.google.com/file/d/1wsVYVi8-8XOTob4xVOxxC_04EID6TyE0/view,1,True
3066,1270,1242,https://drive.google.com/file/d/1bRnpRiu0lvsJOcUVnwqqkI4UY5H9-406/view,2,False
3067,1270,1242,https://drive.google.com/file/d/1Rul9c0X2ji4c8zRvlUqEhzDqk8SmAQDf/view,3,False
3068,1271,1378,https://drive.google.com/file/d/1x3yuq01vx3M5ZfaifIvS3a--n6_mT_8i/view,1,True
3069,1271,1378,https://drive.google.com/file/d/1h9yiRGpTRgrUN23vTeBlhG4e0yR5W5bH/view,2,False
3070,1271,1378,https://drive.google.com/file/d/1Be1UjF1gJOEEYqe0vqxRzSPgDuhLEzri/view,3,False
3071,1272,1312,https://drive.google.com/file/d/1Cf3HxiT_2Ytj7VIxyjAcOIbvispsuuBl/view,1,True
3072,1272,1312,https://drive.google.com/file/d/1k3N7NchlFReNRnZ5B3vCH2RXn5o0ApcI/view,2,False
3073,1272,1312,https://drive.google.com/file/d/1qoPpEizbGY2LnDsml3v8v3zHXWbKCxVR/view,3,False
3074,1273,1322,https://drive.google.com/file/d/1IAX5Q-qdBRdq865KC5Gq0W3I61Izoe4i/view,1,True
3075,1273,1322,https://drive.google.com/file/d/1c130b118DRGxUZF1qnAGrNPMp_KrKJCV/view,2,False
3076,1273,1322,https://drive.google.com/file/d/1Si5caO3aw0Rma9Y-koqmCA_NcOsQ3waG/view,3,False
3077,1274,1395,https://drive.google.com/file/d/11htxUSk_E_fmJekKbSsrKDRpqXwbn-9k/view,1,True
3078,1274,1395,https://drive.google.com/file/d/1q2eiQn2ay0YBDP_mFDsiXH1Jws-SPYyC/view,2,False
3079,1274,1395,https://drive.google.com/file/d/1XWCS1HsuISRpSHlTIGVOBkBv7dfbpBcA/view,3,False
3080,1275,1793,https://drive.google.com/file/d/1ZUgF9WfAlbFmwhIt_GNH_ZzGOy6wlF5y/view,1,True
3081,1275,1793,https://drive.google.com/file/d/1mOAx7gTbsnWttctLz2Z0parhQJq1K3Oj/view,2,False
3082,1276,1842,https://drive.google.com/file/d/1Hx_zRjN_5RrKXcM1GdD6KeIpWDLo1ImO/view,1,True
3083,1276,1842,https://drive.google.com/file/d/1xZuIZqUKrNcah7sGT5Ld1L3kqRge2b1O/view,2,False
3084,1277,1949,https://drive.google.com/file/d/14xibzZSy5XbNb8wDdXsZ8HsNjzUG98tw/view,1,True
3085,1277,1949,https://drive.google.com/file/d/12BIzsJR8UqAdJi5_NZzWnjE-rV8875T8/view,2,False
3086,1278,1495,https://drive.google.com/file/d/189W_4TNfpRPcDHyNVXKepBCbeccevJz4/view,1,True
3087,1278,1495,https://drive.google.com/file/d/1ZmN72b5n3foEFaMqs81buB-Sc3oW4SYC/view,2,False
3088,1278,1495,https://drive.google.com/file/d/1mefpPJfVrC_DytvJZeHkHm7sUYZ5I0Pm/view,3,False
3089,1279,1518,https://drive.google.com/file/d/1_EETFPs2mZQBG1Kpg21brNc-Vn5qkA5U/view,1,True
3090,1279,1518,https://drive.google.com/file/d/1XvUFrq6Z540qDeGCORPGg-Sclcf16SSi/view,2,False
3091,1279,1518,https://drive.google.com/file/d/1df5Cjj84-oK_VVO6eUq328801es1iZdU/view,3,False
3092,1280,1517,https://drive.google.com/file/d/1wyGQSlb7sYiQ5MDAH5h0bfowpjUvtwkI/view,1,True
3093,1280,1517,https://drive.google.com/file/d/1DONkqx_Tp8qQj1MeuElZotfdgcBF0QC0/view,2,False
3094,1281,1762,https://drive.google.com/file/d/1RDHXWao6yIcyF3TO8wQRYxELj5PEcLYT/view,1,True
3095,1281,1762,https://drive.google.com/file/d/1EeOaC-2fAt1HdJ0Dkcl9HxVRZvnlBfC-/view,2,False
3096,1282,1763,https://drive.google.com/file/d/1LiCpMXBGtfLHrK48075EVn60LuK9xime/view,1,True
3097,1282,1763,https://drive.google.com/file/d/10OT-01gLADREagPuCLvxKpSWCVpEtp_l/view,2,False
3098,1283,1667,https://drive.google.com/file/d/1drgrg_Bv9RIqTKoW7nYWkkJE2fD_fCJJ/view,1,True
3099,1283,1667,https://drive.google.com/file/d/1rnTsDFJi5HnC1msJXKOssmfhCbqOg6WS/view,2,False
3100,1283,1667,https://drive.google.com/file/d/1LWWpy2sCHrySGVhBL1SoE-3QCB0iksSX/view,3,False
3101,1284,1668,https://drive.google.com/file/d/13nEQoTEwzJwqC74z2a8FjJp7MIarF5we/view,1,True
3102,1284,1668,https://drive.google.com/file/d/1ybRx-d5LGGDMkfbkgNhIbPefamUh_FCv/view,2,False
3103,1284,1668,https://drive.google.com/file/d/12hWXpTvjXnJ4QnOMFQr9by0kSqPW9Cfh/view,3,False
3104,1285,1581,https://drive.google.com/file/d/15mIj3uUWgsGY-UBFGa5K13DItl5yyCUD/view,1,True
3105,1285,1581,https://drive.google.com/file/d/1eGvaPz08-iTnhT9fkvjI4_3wUNXRdahS/view,2,False
3106,1285,1581,https://drive.google.com/file/d/1WY-tDZLWdzhvhwFf-ol0JBWhP-GFnjGn/view,3,False
3107,1286,1627,https://drive.google.com/file/d/1HEM440tGNXaocVzXF5DN3SqLmag8_f1_/view,1,True
3108,1286,1627,https://drive.google.com/file/d/1SV_x2ppk__UbXyQepCZAAEw25WOW1SfV/view,2,False
3109,1286,1627,https://drive.google.com/file/d/1ftRCJiH8NBpwAK2rEoWqOthXvfWxJCgU/view,3,False
3110,1287,1709,https://drive.google.com/file/d/1MJf1C6xeSwIGJcYG8MQYLOfOYcP4_CqY/view,1,True
3111,1287,1709,https://drive.google.com/file/d/1bf_VoRG_rNFsk0vD3no4t3GNJeyIpC_-/view,2,False
3112,1287,1709,https://drive.google.com/file/d/1L5NULGrhXyvaESvRSkpYd60-mJSimQhB/view,3,False
3113,1288,1710,https://drive.google.com/file/d/19xD8_4N8O53aPBvIzIaeBqSFF-yY32XK/view,1,True
3114,1288,1710,https://drive.google.com/file/d/1inbq0DEqEK68jpGLIj8dHweYB4dnWdlR/view,2,False
3115,1288,1710,https://drive.google.com/file/d/1FrC7m4bdu3vY3WDy0trYbzwVuslrVX9K/view,3,False
3116,1289,1768,https://drive.google.com/file/d/1__8bo79fvw51EEMKRvBiV7SxalMdwM5W/view,1,True
3117,1289,1768,https://drive.google.com/file/d/1KE5Ls_cKXAmsFWRb_zrAneYZpgquvkSD/view,2,False
3118,1290,1769,https://drive.google.com/file/d/1r2NmRXFekPn17WuW6RwTeNcsVoUWZ-ON/view,1,True
3119,1290,1769,https://drive.google.com/file/d/14Mp8ojrVRB0qZScAxoe3gbxOyf1x0pzu/view,2,False
3120,1291,1792,https://drive.google.com/file/d/1P6L-lnjjXbYwEcQCA-qfHbqkCBFFFVLq/view,1,True
3121,1291,1792,https://drive.google.com/file/d/1SLxRaxSCEnK1AWBPvAedbmWLG3AY9ska/view,2,False
3122,1292,1766,https://drive.google.com/file/d/1_5xgeVoapAyET2tYsvuw-Qv_9cIQiSqR/view,1,True
3123,1292,1766,https://drive.google.com/file/d/1fd8rphU27uV5VTyICKDhZunVpMWxwMtD/view,2,False
3124,1292,1766,https://drive.google.com/file/d/1x2Wn71zzgE9Pvl-AAw8Pe56suoEPadk-/view,3,False
3125,1293,1767,https://drive.google.com/file/d/1dcE8nlxEnxuESejbwTlFhiL92qVRlmxX/view,1,True
3126,1293,1767,https://drive.google.com/file/d/1TnXILZHy4CqK3TMp77SC7BCahpSz0a0S/view,2,False
3127,1293,1767,https://drive.google.com/file/d/1T3UY1taDiD-_BTITMob-hNW7SP864vQx/view,3,False
3128,1294,2044,https://drive.google.com/file/d/1f14huoitJbAqnbQDWcs83PgKNpEHxu3z/view,1,True
3129,1294,2044,https://drive.google.com/file/d/1ALcbbxDCLSTPhAC0Wvi52OI7v8nfuOd0/view,2,False
3130,1294,2044,https://drive.google.com/file/d/1NwBxi2vPIbau-lnKACQQbQ59Hn9aWSyT/view,3,False
3131,1294,2044,https://drive.google.com/file/d/1NuiU6SYDbz8Z79a07TiBxVhLHlxLB2JG/view,4,False
3132,1295,1984,https://drive.google.com/file/d/1QpGXx2MY3ZWuJWO1BJe57jBY8Rkg_-zv/view,1,True
3133,1295,1984,https://drive.google.com/file/d/1HgJoH6cvlWhVq-o31dJwOsRuG0jYuBfg/view,2,False
3134,1295,1984,https://drive.google.com/file/d/1RrSPSXUzLRks00parLeTiWH-K-UTVHCW/view,3,False
3135,1295,1984,https://drive.google.com/file/d/1aH_xzxch9_7k9nkw5-2uKrgwQP_feCPO/view,4,False
3136,1296,2041,https://drive.google.com/file/d/1WSN6TOCtoVwsJfHr8k3K4UedUUBKzm1u/view,1,True
3137,1296,2041,https://drive.google.com/file/d/1EVkf7WWtRecou8shvv3FtSgukTB_BL7y/view,2,False
3138,1296,2041,https://drive.google.com/file/d/140Y9JKm7HddU3DyV0Ym1J_QXHREoMhXu/view,3,False
3139,1296,2041,https://drive.google.com/file/d/1fBW9KOT98ssPx4tiXvD1AYF3RXa1gI83/view,4,False
3140,1297,2050,https://drive.google.com/file/d/1k2ztvoBUer_I3eWB4Cd103FvLRXdJRBz/view,1,True
3141,1297,2050,https://drive.google.com/file/d/1gYaDinwqHZ3Q8LNFH4LIRnA15mfPHkW7/view,2,False
3142,1298,1711,https://drive.google.com/file/d/1jmHZCP5fkLF9XYWmDdYo2haEIQCkahwn/view,1,True
3143,1298,1711,https://drive.google.com/file/d/1m3GPIGQNZjGZvHONvB2Zy1ock93Llu1Q/view,2,False
3144,1299,1761,https://drive.google.com/file/d/1smZcRSJCA5YqYjrLM9LAbawKS0J5kRTc/viewhttps://drive.google.com/file/d/10PK_EiwPPEjVs-1UqtFvrZchOe7euXfk/view,1,True
